event_id,event_type,timestamp,source_person_id,target_person_id,phone_id,device_id,ip_id,account_id,location_id,amount,duration_seconds,direction,status,channel,transaction_type
EVT_003908,login,2025-01-01 01:58:22,PER_000024,,PH_000024,DEV_000034,IP_000026,,LOC_000083,,,,completed,web,
EVT_001894,call,2025-01-01 06:17:05,PER_000027,PER_000087,PH_000245,,,,LOC_000097,,251.0,internal,completed,web,
EVT_005375,sms,2025-01-01 08:03:59,PER_000055,PER_000089,PH_000191,,,,LOC_000016,,,outbound,completed,ussd,
EVT_005051,location_ping,2025-01-01 08:44:16,PER_000021,,,DEV_000096,,,LOC_000114,,,,completed,web,
EVT_002092,sms,2025-01-01 08:48:18,PER_000093,PER_000083,PH_000262,,,,LOC_000116,,,inbound,completed,api,
EVT_004968,sms,2025-01-01 08:50:49,PER_000003,PER_000065,PH_000126,,,,LOC_000054,,,outbound,completed,ussd,
EVT_004427,transaction,2025-01-01 10:09:53,PER_000056,PER_000046,,DEV_000071,IP_000063,ACC_000056,LOC_000036,1472.2,,outbound,completed,ussd,p2p
EVT_005025,call,2025-01-01 10:27:40,PER_000045,PER_000090,PH_000273,,,,LOC_000004,,694.0,internal,completed,mobile_app,
EVT_003734,call,2025-01-01 12:21:59,PER_000059,PER_000025,PH_000180,,,,LOC_000095,,343.0,internal,completed,pos,
EVT_006112,sms,2025-01-01 12:58:02,PER_000087,PER_000024,PH_000087,,,,LOC_000099,,,internal,completed,ussd,
EVT_006580,transaction,2025-01-01 13:39:12,PER_000043,PER_000036,,DEV_000001,IP_000001,ACC_000143,LOC_000110,2584.27,,internal,completed,api,payment
EVT_001365,sms,2025-01-01 14:03:11,PER_000073,PER_000071,PH_000116,,,,LOC_000015,,,outbound,completed,mobile_app,
EVT_005654,call,2025-01-01 14:12:56,PER_000016,PER_000042,PH_000016,,,,LOC_000054,,355.0,outbound,completed,ussd,
EVT_003748,call,2025-01-01 15:06:21,PER_000094,PER_000089,PH_000094,,,,LOC_000060,,398.0,inbound,completed,mobile_app,
EVT_002574,call,2025-01-01 15:33:20,PER_000073,PER_000097,PH_000244,,,,LOC_000015,,383.0,inbound,completed,web,
EVT_002321,sms,2025-01-01 16:03:43,PER_000001,PER_000096,PH_000001,,,,LOC_000029,,,internal,completed,atm,
EVT_004100,location_ping,2025-01-01 16:16:52,PER_000027,,,DEV_000042,,,LOC_000097,,,,completed,atm,
EVT_001642,login,2025-01-01 16:32:54,PER_000003,,PH_000221,DEV_000056,IP_000039,,LOC_000054,,,,completed,pos,
EVT_000653,location_ping,2025-01-01 18:31:55,PER_000087,,,DEV_000061,,,LOC_000099,,,,completed,ussd,
EVT_002845,location_ping,2025-01-01 18:56:55,PER_000093,,,DEV_000118,,,LOC_000071,,,,completed,ussd,
EVT_006332,call,2025-01-01 19:03:26,PER_000093,PER_000086,PH_000225,,,,LOC_000071,,558.0,outbound,completed,web,
EVT_001537,location_ping,2025-01-01 19:08:31,PER_000093,,,DEV_000002,,,LOC_000071,,,,completed,mobile_app,
EVT_001314,transaction,2025-01-01 19:51:28,PER_000059,PER_000071,,DEV_000013,IP_000052,ACC_000059,LOC_000071,1662.27,,outbound,completed,pos,p2p
EVT_003417,login,2025-01-01 21:45:34,PER_000084,,PH_000238,DEV_000090,IP_000110,,LOC_000050,,,,completed,atm,
EVT_001478,call,2025-01-01 22:04:12,PER_000027,PER_000042,PH_000027,,,,LOC_000097,,1122.0,outbound,completed,mobile_app,
EVT_002076,transaction,2025-01-02 01:24:27,PER_000018,PER_000042,,DEV_000035,IP_000053,ACC_000018,LOC_000001,1046.87,,internal,completed,atm,p2p
EVT_000581,call,2025-01-02 04:55:59,PER_000027,PER_000085,PH_000027,,,,LOC_000097,,246.0,outbound,completed,pos,
EVT_000729,sms,2025-01-02 05:27:04,PER_000093,PER_000063,PH_000262,,,,LOC_000071,,,inbound,completed,api,
EVT_001311,call,2025-01-02 07:12:46,PER_000013,PER_000100,PH_000013,,,,LOC_000001,,689.0,inbound,completed,atm,
EVT_002341,sms,2025-01-02 09:30:08,PER_000020,PER_000001,PH_000020,,,,LOC_000056,,,internal,completed,mobile_app,
EVT_000916,login,2025-01-02 09:36:03,PER_000001,,PH_000298,DEV_000099,IP_000073,,LOC_000098,,,,completed,api,
EVT_004300,call,2025-01-02 09:55:53,PER_000001,PER_000054,PH_000298,,,,LOC_000051,,1148.0,internal,completed,pos,
EVT_003762,location_ping,2025-01-02 11:55:37,PER_000070,,,DEV_000043,,,LOC_000001,,,,completed,atm,
EVT_002666,sms,2025-01-02 12:42:42,PER_000002,PER_000071,PH_000114,,,,LOC_000032,,,outbound,completed,ussd,
EVT_001221,login,2025-01-02 13:11:36,PER_000075,,PH_000127,DEV_000057,IP_000009,,LOC_000102,,,,completed,mobile_app,
EVT_000359,sms,2025-01-02 13:25:12,PER_000083,PER_000081,PH_000186,,,,LOC_000053,,,internal,completed,mobile_app,
EVT_005256,login,2025-01-02 13:32:41,PER_000062,,PH_000213,DEV_000035,IP_000036,,LOC_000033,,,,completed,mobile_app,
EVT_003438,call,2025-01-02 14:36:32,PER_000018,PER_000087,PH_000018,,,,LOC_000001,,1050.0,outbound,completed,api,
EVT_002193,transaction,2025-01-02 15:30:26,PER_000093,PER_000084,,DEV_000089,IP_000108,ACC_000093,LOC_000071,60242.37,,outbound,completed,mobile_app,payment
EVT_000567,sms,2025-01-02 18:10:36,PER_000027,PER_000050,PH_000027,,,,LOC_000097,,,internal,completed,api,
EVT_001891,call,2025-01-02 18:40:52,PER_000014,PER_000054,PH_000014,,,,LOC_000050,,292.0,inbound,completed,web,
EVT_004440,location_ping,2025-01-02 19:36:39,PER_000087,,,DEV_000089,,,LOC_000099,,,,completed,pos,
EVT_001677,call,2025-01-02 20:38:21,PER_000009,PER_000031,PH_000278,,,,LOC_000107,,202.0,outbound,completed,atm,
EVT_000755,sms,2025-01-02 20:50:14,PER_000027,PER_000012,PH_000027,,,,LOC_000042,,,outbound,completed,web,
EVT_001074,call,2025-01-02 21:15:04,PER_000059,PER_000100,PH_000158,,,,LOC_000071,,967.0,internal,completed,ussd,
EVT_001434,login,2025-01-02 21:35:27,PER_000042,,PH_000042,DEV_000119,IP_000074,,LOC_000034,,,,completed,api,
EVT_001696,sms,2025-01-02 22:23:16,PER_000057,PER_000079,PH_000057,,,,LOC_000030,,,outbound,completed,mobile_app,
EVT_003567,transaction,2025-01-03 01:53:50,PER_000073,PER_000003,,DEV_000074,IP_000033,ACC_000073,LOC_000047,3346.86,,internal,completed,ussd,deposit
EVT_004487,login,2025-01-03 03:43:02,PER_000093,,PH_000093,DEV_000006,IP_000069,,LOC_000071,,,,completed,web,
EVT_007416,call,2025-01-03 05:53:55,PER_000036,PER_000007,PH_000036,,,,LOC_000090,,353.0,internal,completed,atm,
EVT_005917,call,2025-01-03 07:10:09,PER_000039,PER_000007,PH_000039,,,,LOC_000002,,990.0,internal,completed,atm,
EVT_002860,sms,2025-01-03 09:27:04,PER_000019,PER_000089,PH_000019,,,,LOC_000022,,,internal,completed,ussd,
EVT_000324,location_ping,2025-01-03 10:46:06,PER_000022,,,DEV_000118,,,LOC_000047,,,,completed,api,
EVT_004984,transaction,2025-01-03 11:59:25,PER_000018,PER_000027,,DEV_000052,IP_000003,ACC_000118,LOC_000001,136.05,,inbound,completed,mobile_app,deposit
EVT_003496,transaction,2025-01-03 16:41:28,PER_000068,PER_000008,,DEV_000087,IP_000015,ACC_000068,LOC_000081,4220.58,,outbound,completed,api,transfer
EVT_004567,transaction,2025-01-03 16:48:35,PER_000042,PER_000027,,DEV_000062,IP_000041,ACC_000142,LOC_000060,3014.59,,internal,completed,api,transfer
EVT_004889,login,2025-01-03 16:50:16,PER_000047,,PH_000120,DEV_000112,IP_000092,,LOC_000113,,,,completed,mobile_app,
EVT_003729,location_ping,2025-01-03 16:53:37,PER_000025,,,DEV_000088,,,LOC_000007,,,,completed,ussd,
EVT_003849,sms,2025-01-03 17:32:09,PER_000059,PER_000031,PH_000158,,,,LOC_000071,,,internal,completed,api,
EVT_000895,call,2025-01-03 19:20:24,PER_000093,PER_000040,PH_000093,,,,LOC_000023,,1035.0,internal,completed,mobile_app,
EVT_001356,location_ping,2025-01-04 03:18:57,PER_000018,,,DEV_000119,,,LOC_000001,,,,completed,ussd,
EVT_005259,call,2025-01-04 04:34:32,PER_000001,PER_000071,PH_000298,,,,LOC_000029,,506.0,inbound,completed,web,
EVT_004294,sms,2025-01-04 05:39:57,PER_000059,PER_000070,PH_000137,,,,LOC_000032,,,internal,completed,pos,
EVT_002351,transaction,2025-01-04 06:20:52,PER_000016,PER_000042,,DEV_000079,IP_000074,ACC_000116,LOC_000054,140783.6,,outbound,completed,api,transfer
EVT_002692,call,2025-01-04 08:00:56,PER_000062,PER_000046,PH_000213,,,,LOC_000033,,1200.0,inbound,completed,web,
EVT_004809,location_ping,2025-01-04 08:12:14,PER_000050,,,DEV_000063,,,LOC_000058,,,,completed,pos,
EVT_005731,call,2025-01-04 08:30:41,PER_000093,PER_000020,PH_000262,,,,LOC_000071,,1094.0,inbound,completed,mobile_app,
EVT_003569,location_ping,2025-01-04 12:25:47,PER_000071,,,DEV_000108,,,LOC_000099,,,,completed,atm,
EVT_000724,sms,2025-01-04 12:31:53,PER_000069,PER_000004,PH_000173,,,,LOC_000031,,,outbound,completed,ussd,
EVT_000504,transaction,2025-01-04 15:10:52,PER_000050,PER_000002,,DEV_000100,IP_000090,ACC_000150,LOC_000058,226733.81,,inbound,completed,api,payment
EVT_002759,transaction,2025-01-04 16:46:35,PER_000073,PER_000071,,DEV_000073,IP_000037,ACC_000073,LOC_000015,3174.01,,inbound,completed,atm,payment
EVT_004426,transaction,2025-01-04 18:03:15,PER_000002,PER_000087,,DEV_000045,IP_000071,ACC_000102,LOC_000032,198135.71,,internal,completed,api,transfer
EVT_004268,location_ping,2025-01-05 03:01:37,PER_000046,,,DEV_000056,,,LOC_000028,,,,completed,atm,
EVT_007253,sms,2025-01-05 04:35:38,PER_000024,PER_000018,PH_000024,,,,LOC_000083,,,inbound,completed,api,
EVT_006879,sms,2025-01-05 05:56:56,PER_000025,PER_000065,PH_000132,,,,LOC_000007,,,outbound,completed,ussd,
EVT_003733,location_ping,2025-01-05 07:23:37,PER_000001,,,DEV_000086,,,LOC_000099,,,,completed,ussd,
EVT_003055,location_ping,2025-01-05 07:38:34,PER_000050,,,DEV_000065,,,LOC_000111,,,,completed,ussd,
EVT_006542,call,2025-01-05 07:42:02,PER_000008,PER_000029,PH_000008,,,,LOC_000077,,1176.0,outbound,completed,web,
EVT_006251,transaction,2025-01-05 09:27:45,PER_000046,PER_000035,,DEV_000086,IP_000119,ACC_000146,LOC_000028,2186.33,,inbound,completed,web,withdrawal
EVT_007224,location_ping,2025-01-05 10:11:16,PER_000070,,,DEV_000118,,,LOC_000001,,,,completed,web,
EVT_003191,login,2025-01-05 12:03:42,PER_000018,,PH_000018,DEV_000074,IP_000032,,LOC_000001,,,,completed,web,
EVT_001424,login,2025-01-05 12:11:23,PER_000076,,PH_000168,DEV_000001,IP_000001,,LOC_000016,,,,completed,mobile_app,
EVT_000841,call,2025-01-05 12:14:20,PER_000073,PER_000055,PH_000116,,,,LOC_000015,,952.0,internal,completed,atm,
EVT_002052,call,2025-01-05 12:27:04,PER_000085,PER_000064,PH_000085,,,,LOC_000085,,850.0,outbound,completed,mobile_app,
EVT_003815,location_ping,2025-01-05 14:23:25,PER_000027,,,DEV_000017,,,LOC_000097,,,,completed,pos,
EVT_002668,sms,2025-01-05 14:34:14,PER_000027,PER_000050,PH_000027,,,,LOC_000097,,,inbound,completed,pos,
EVT_005901,transaction,2025-01-05 15:00:33,PER_000065,PER_000015,,DEV_000107,IP_000008,ACC_000065,LOC_000072,108.5,,outbound,completed,web,deposit
EVT_006758,call,2025-01-05 15:47:47,PER_000062,PER_000028,PH_000152,,,,LOC_000033,,1058.0,internal,completed,api,
EVT_004629,location_ping,2025-01-05 16:10:21,PER_000018,,,DEV_000024,,,LOC_000001,,,,completed,ussd,
EVT_006339,sms,2025-01-05 16:11:22,PER_000008,PER_000015,PH_000135,,,,LOC_000077,,,internal,completed,web,
EVT_002141,login,2025-01-05 16:51:35,PER_000050,,PH_000248,DEV_000111,IP_000066,,LOC_000058,,,,completed,ussd,
EVT_001981,sms,2025-01-05 16:55:39,PER_000095,PER_000056,PH_000095,,,,LOC_000120,,,outbound,completed,atm,
EVT_006351,sms,2025-01-05 17:19:54,PER_000066,PER_000084,PH_000066,,,,LOC_000049,,,outbound,completed,mobile_app,
EVT_007394,transaction,2025-01-05 17:55:26,PER_000062,PER_000047,,DEV_000118,IP_000001,ACC_000062,LOC_000033,4449.27,,inbound,completed,ussd,payment
EVT_005760,call,2025-01-05 20:22:16,PER_000087,PER_000002,PH_000294,,,,LOC_000099,,855.0,inbound,completed,pos,
EVT_000150,login,2025-01-05 21:11:26,PER_000059,,PH_000180,DEV_000018,IP_000115,,LOC_000071,,,,completed,atm,
EVT_002036,login,2025-01-05 21:29:07,PER_000001,,PH_000298,DEV_000031,IP_000035,,LOC_000004,,,,completed,api,
EVT_002534,location_ping,2025-01-06 08:19:35,PER_000005,,,DEV_000051,,,LOC_000100,,,,completed,mobile_app,
EVT_002201,location_ping,2025-01-06 09:09:55,PER_000027,,,DEV_000026,,,LOC_000097,,,,completed,ussd,
EVT_000767,sms,2025-01-06 09:13:40,PER_000003,PER_000049,PH_000126,,,,LOC_000054,,,internal,completed,api,
EVT_001525,location_ping,2025-01-06 09:56:52,PER_000044,,,DEV_000095,,,LOC_000032,,,,completed,pos,
EVT_000539,transaction,2025-01-06 10:06:24,PER_000029,PER_000030,,DEV_000014,IP_000101,ACC_000029,LOC_000100,3698.72,,inbound,completed,api,p2p
EVT_001869,transaction,2025-01-06 10:13:25,PER_000076,PER_000074,,DEV_000001,IP_000001,ACC_000076,LOC_000015,3165.78,,internal,completed,mobile_app,payment
EVT_000976,call,2025-01-06 11:17:59,PER_000080,PER_000001,PH_000118,,,,LOC_000074,,405.0,outbound,completed,atm,
EVT_001003,login,2025-01-06 11:23:03,PER_000059,,PH_000059,DEV_000015,IP_000068,,LOC_000071,,,,completed,web,
EVT_005295,sms,2025-01-06 12:22:27,PER_000024,PER_000050,PH_000024,,,,LOC_000083,,,outbound,completed,api,
EVT_000991,login,2025-01-06 12:44:38,PER_000085,,PH_000085,DEV_000044,IP_000050,,LOC_000085,,,,completed,pos,
EVT_001018,call,2025-01-06 13:07:21,PER_000073,PER_000081,PH_000162,,,,LOC_000015,,1183.0,internal,completed,ussd,
EVT_000080,call,2025-01-06 13:41:59,PER_000079,PER_000021,PH_000079,,,,LOC_000004,,508.0,inbound,completed,pos,
EVT_001262,login,2025-01-06 14:34:11,PER_000048,,PH_000048,DEV_000104,IP_000004,,LOC_000025,,,,completed,pos,
EVT_002192,location_ping,2025-01-06 15:26:42,PER_000006,,,DEV_000062,,,LOC_000031,,,,completed,pos,
EVT_001490,login,2025-01-06 16:20:10,PER_000066,,PH_000066,DEV_000107,IP_000114,,LOC_000049,,,,completed,mobile_app,
EVT_002129,call,2025-01-06 17:22:36,PER_000016,PER_000050,PH_000016,,,,LOC_000054,,427.0,outbound,completed,pos,
EVT_000260,location_ping,2025-01-06 18:43:00,PER_000041,,,DEV_000002,,,LOC_000068,,,,completed,web,
EVT_002223,location_ping,2025-01-06 22:16:10,PER_000093,,,DEV_000045,,,LOC_000071,,,,completed,web,
EVT_004086,login,2025-01-07 06:42:29,PER_000001,,PH_000001,DEV_000019,IP_000063,,LOC_000029,,,,completed,pos,
EVT_005373,call,2025-01-07 08:46:21,PER_000065,PER_000094,PH_000065,,,,LOC_000072,,593.0,internal,completed,ussd,
EVT_005188,call,2025-01-07 11:01:18,PER_000073,PER_000075,PH_000244,,,,LOC_000015,,220.0,internal,completed,atm,
EVT_000652,sms,2025-01-07 11:42:30,PER_000087,PER_000002,PH_000087,,,,LOC_000099,,,internal,completed,web,
EVT_004927,location_ping,2025-01-07 12:31:30,PER_000073,,,DEV_000085,,,LOC_000015,,,,completed,ussd,
EVT_003503,sms,2025-01-07 13:20:13,PER_000060,PER_000038,PH_000060,,,,LOC_000091,,,outbound,completed,ussd,
EVT_002957,login,2025-01-07 14:27:26,PER_000081,,PH_000202,DEV_000015,IP_000093,,LOC_000084,,,,completed,ussd,
EVT_005376,transaction,2025-01-07 15:29:42,PER_000073,PER_000082,,DEV_000108,IP_000097,ACC_000073,LOC_000015,1763.7,,inbound,completed,ussd,transfer
EVT_006312,login,2025-01-07 16:50:44,PER_000093,,PH_000142,DEV_000044,IP_000040,,LOC_000071,,,,completed,atm,
EVT_001494,transaction,2025-01-07 17:03:00,PER_000058,PER_000028,,DEV_000087,IP_000045,ACC_000058,LOC_000091,4000.39,,outbound,completed,pos,p2p
EVT_000575,sms,2025-01-07 17:38:06,PER_000093,PER_000049,PH_000225,,,,LOC_000071,,,outbound,completed,api,
EVT_001737,location_ping,2025-01-07 18:09:25,PER_000069,,,DEV_000021,,,LOC_000031,,,,completed,pos,
EVT_005619,transaction,2025-01-07 18:37:41,PER_000024,PER_000087,,DEV_000113,IP_000011,ACC_000124,LOC_000083,156295.58,,outbound,completed,web,withdrawal
EVT_003510,sms,2025-01-07 19:55:49,PER_000024,PER_000074,PH_000024,,,,LOC_000083,,,internal,completed,atm,
EVT_000796,location_ping,2025-01-07 22:21:21,PER_000061,,,DEV_000045,,,LOC_000062,,,,completed,api,
EVT_002280,sms,2025-01-07 22:54:06,PER_000087,PER_000042,PH_000087,,,,LOC_000099,,,internal,completed,web,
EVT_006949,location_ping,2025-01-08 03:06:11,PER_000029,,,DEV_000103,,,LOC_000081,,,,completed,atm,
EVT_006331,login,2025-01-08 07:01:35,PER_000085,,PH_000085,DEV_000033,IP_000037,,LOC_000085,,,,completed,ussd,
EVT_002594,login,2025-01-08 08:18:28,PER_000002,,PH_000002,DEV_000088,IP_000016,,LOC_000032,,,,completed,api,
EVT_000764,location_ping,2025-01-08 09:42:25,PER_000047,,,DEV_000108,,,LOC_000113,,,,completed,ussd,
EVT_002506,call,2025-01-08 10:12:43,PER_000001,PER_000097,PH_000298,,,,LOC_000029,,1080.0,inbound,completed,mobile_app,
EVT_004054,login,2025-01-08 10:12:43,PER_000093,,PH_000138,DEV_000022,IP_000014,,LOC_000071,,,,completed,ussd,
EVT_005695,location_ping,2025-01-08 10:25:35,PER_000062,,,DEV_000008,,,LOC_000033,,,,completed,ussd,
EVT_006955,transaction,2025-01-08 12:45:36,PER_000050,PER_000027,,DEV_000053,IP_000090,ACC_000150,LOC_000058,3216.57,,inbound,completed,atm,payment
EVT_004973,transaction,2025-01-08 14:09:43,PER_000066,PER_000039,,DEV_000090,IP_000010,ACC_000066,LOC_000049,434.84,,inbound,completed,web,p2p
EVT_006905,transaction,2025-01-08 14:58:12,PER_000042,PER_000024,,DEV_000106,IP_000006,ACC_000142,LOC_000107,2648.99,,outbound,completed,mobile_app,deposit
EVT_003389,transaction,2025-01-08 15:00:26,PER_000021,PER_000010,,DEV_000068,IP_000049,ACC_000121,LOC_000086,4170.53,,internal,completed,api,payment
EVT_001179,sms,2025-01-08 15:23:48,PER_000067,PER_000001,PH_000200,,,,LOC_000040,,,outbound,completed,mobile_app,
EVT_001354,call,2025-01-08 16:47:50,PER_000016,PER_000002,PH_000016,,,,LOC_000054,,1122.0,internal,completed,web,
EVT_000618,call,2025-01-08 17:01:09,PER_000073,PER_000048,PH_000244,,,,LOC_000015,,510.0,inbound,completed,ussd,
EVT_002841,location_ping,2025-01-08 17:17:28,PER_000087,,,DEV_000038,,,LOC_000099,,,,completed,mobile_app,
EVT_001669,call,2025-01-08 17:36:20,PER_000046,PER_000030,PH_000046,,,,LOC_000028,,315.0,inbound,completed,pos,
EVT_006767,location_ping,2025-01-08 22:41:16,PER_000061,,,DEV_000050,,,LOC_000062,,,,completed,api,
EVT_000703,sms,2025-01-08 23:17:51,PER_000031,PER_000089,PH_000112,,,,LOC_000017,,,outbound,completed,pos,
EVT_002477,location_ping,2025-01-09 07:02:16,PER_000024,,,DEV_000053,,,LOC_000083,,,,completed,atm,
EVT_006844,sms,2025-01-09 07:51:09,PER_000062,PER_000063,PH_000213,,,,LOC_000033,,,outbound,completed,mobile_app,
EVT_001182,location_ping,2025-01-09 08:10:08,PER_000027,,,DEV_000109,,,LOC_000089,,,,completed,api,
EVT_002108,location_ping,2025-01-09 08:47:23,PER_000091,,,DEV_000002,,,LOC_000057,,,,completed,atm,
EVT_001428,transaction,2025-01-09 09:33:48,PER_000053,PER_000088,,DEV_000090,IP_000072,ACC_000053,LOC_000046,2259.76,,internal,completed,web,deposit
EVT_006131,location_ping,2025-01-09 10:22:09,PER_000069,,,DEV_000013,,,LOC_000031,,,,completed,ussd,
EVT_000571,transaction,2025-01-09 10:34:42,PER_000023,PER_000076,,DEV_000093,IP_000096,ACC_000123,LOC_000033,2485.69,,internal,completed,api,p2p
EVT_000990,call,2025-01-09 11:01:18,PER_000025,PER_000016,PH_000025,,,,LOC_000007,,879.0,outbound,completed,pos,
EVT_003031,sms,2025-01-09 11:12:41,PER_000057,PER_000058,PH_000057,,,,LOC_000030,,,inbound,completed,pos,
EVT_000484,call,2025-01-09 11:26:01,PER_000026,PER_000002,PH_000176,,,,LOC_000059,,358.0,internal,completed,web,
EVT_003779,location_ping,2025-01-09 12:00:17,PER_000029,,,DEV_000084,,,LOC_000100,,,,completed,api,
EVT_006771,location_ping,2025-01-09 13:00:10,PER_000093,,,DEV_000015,,,LOC_000071,,,,completed,ussd,
EVT_001460,sms,2025-01-09 13:26:05,PER_000073,PER_000052,PH_000162,,,,LOC_000015,,,outbound,completed,mobile_app,
EVT_007182,transaction,2025-01-09 14:56:25,PER_000042,PER_000024,,DEV_000081,IP_000109,ACC_000142,LOC_000060,341015.28,,internal,completed,pos,transfer
EVT_001495,sms,2025-01-09 14:58:22,PER_000046,PER_000051,PH_000046,,,,LOC_000028,,,inbound,completed,mobile_app,
EVT_003858,location_ping,2025-01-09 15:00:10,PER_000024,,,DEV_000120,,,LOC_000083,,,,completed,ussd,
EVT_004911,login,2025-01-09 16:33:15,PER_000013,,PH_000292,DEV_000006,IP_000022,,LOC_000041,,,,completed,web,
EVT_004798,login,2025-01-09 16:41:04,PER_000094,,PH_000198,DEV_000069,IP_000109,,LOC_000060,,,,completed,api,
EVT_000184,location_ping,2025-01-09 17:33:08,PER_000062,,,DEV_000001,,,LOC_000033,,,,completed,atm,
EVT_000707,transaction,2025-01-09 17:43:54,PER_000027,PER_000047,,DEV_000077,IP_000031,ACC_000127,LOC_000097,1077.85,,inbound,completed,ussd,transfer
EVT_006531,sms,2025-01-09 17:53:40,PER_000093,PER_000022,PH_000225,,,,LOC_000071,,,internal,completed,mobile_app,
EVT_002989,transaction,2025-01-09 18:27:08,PER_000073,PER_000055,,DEV_000050,IP_000057,ACC_000073,LOC_000015,1346.84,,internal,completed,atm,transfer
EVT_001897,location_ping,2025-01-09 18:54:04,PER_000018,,,DEV_000115,,,LOC_000001,,,,completed,api,
EVT_002969,login,2025-01-09 18:58:31,PER_000087,,PH_000294,DEV_000109,IP_000011,,LOC_000099,,,,completed,web,
EVT_004090,location_ping,2025-01-09 19:00:45,PER_000080,,,DEV_000066,,,LOC_000074,,,,completed,web,
EVT_001973,login,2025-01-09 19:20:05,PER_000062,,PH_000213,DEV_000004,IP_000072,,LOC_000033,,,,completed,mobile_app,
EVT_006151,login,2025-01-09 19:30:01,PER_000064,,PH_000101,DEV_000038,IP_000044,,LOC_000020,,,,completed,atm,
EVT_005191,call,2025-01-09 19:34:03,PER_000027,PER_000002,PH_000245,,,,LOC_000035,,444.0,outbound,completed,atm,
EVT_003939,sms,2025-01-09 20:00:07,PER_000016,PER_000002,PH_000016,,,,LOC_000054,,,outbound,completed,atm,
EVT_005858,location_ping,2025-01-09 21:31:16,PER_000027,,,DEV_000052,,,LOC_000097,,,,completed,atm,
EVT_001964,call,2025-01-09 21:39:45,PER_000027,PER_000016,PH_000245,,,,LOC_000097,,954.0,outbound,completed,atm,
EVT_000880,transaction,2025-01-09 23:07:12,PER_000022,PER_000076,,DEV_000117,IP_000065,ACC_000122,LOC_000097,1799.9,,internal,completed,ussd,withdrawal
EVT_000164,transaction,2025-01-10 03:09:03,PER_000025,PER_000070,,DEV_000024,IP_000014,ACC_000125,LOC_000007,1059.16,,inbound,completed,api,transfer
EVT_000421,sms,2025-01-10 03:17:50,PER_000069,PER_000027,PH_000069,,,,LOC_000031,,,internal,completed,ussd,
EVT_003382,sms,2025-01-10 04:18:01,PER_000002,PER_000050,PH_000002,,,,LOC_000032,,,internal,completed,mobile_app,
EVT_005027,call,2025-01-10 05:49:24,PER_000059,PER_000045,PH_000180,,,,LOC_000071,,292.0,inbound,completed,atm,
EVT_003786,sms,2025-01-10 08:03:25,PER_000027,PER_000002,PH_000027,,,,LOC_000061,,,internal,completed,web,
EVT_000344,sms,2025-01-10 09:40:45,PER_000071,PER_000067,PH_000071,,,,LOC_000005,,,inbound,completed,api,
EVT_000636,transaction,2025-01-10 09:41:50,PER_000002,PER_000001,,DEV_000037,IP_000017,ACC_000102,LOC_000032,81590.28,,internal,completed,ussd,transfer
EVT_006333,sms,2025-01-10 10:02:41,PER_000047,PER_000091,PH_000120,,,,LOC_000113,,,inbound,completed,mobile_app,
EVT_003154,location_ping,2025-01-10 11:05:55,PER_000018,,,DEV_000064,,,LOC_000001,,,,completed,ussd,
EVT_006515,transaction,2025-01-10 12:17:24,PER_000059,PER_000066,,DEV_000090,IP_000107,ACC_000059,LOC_000071,2815.25,,inbound,completed,mobile_app,payment
EVT_006621,location_ping,2025-01-10 13:29:23,PER_000073,,,DEV_000084,,,LOC_000015,,,,completed,ussd,
EVT_000116,call,2025-01-10 13:54:32,PER_000016,PER_000087,PH_000016,,,,LOC_000071,,1120.0,internal,completed,atm,
EVT_001707,location_ping,2025-01-10 14:37:05,PER_000050,,,DEV_000029,,,LOC_000058,,,,completed,mobile_app,
EVT_003086,location_ping,2025-01-10 15:12:14,PER_000095,,,DEV_000067,,,LOC_000120,,,,completed,atm,
EVT_002686,login,2025-01-10 15:45:11,PER_000018,,PH_000018,DEV_000079,IP_000080,,LOC_000001,,,,completed,web,
EVT_006308,transaction,2025-01-10 17:25:36,PER_000026,PER_000098,,DEV_000111,IP_000039,ACC_000026,LOC_000059,735.46,,internal,completed,ussd,transfer
EVT_003159,login,2025-01-10 17:50:05,PER_000023,,PH_000234,DEV_000061,IP_000092,,LOC_000117,,,,completed,atm,
EVT_006125,sms,2025-01-10 18:11:56,PER_000062,PER_000044,PH_000213,,,,LOC_000106,,,inbound,completed,atm,
EVT_002170,location_ping,2025-01-10 18:53:49,PER_000045,,,DEV_000001,,,LOC_000004,,,,completed,ussd,
EVT_000740,login,2025-01-11 05:00:47,PER_000093,,PH_000262,DEV_000078,IP_000118,,LOC_000071,,,,completed,ussd,
EVT_007481,login,2025-01-11 06:53:47,PER_000059,,PH_000180,DEV_000037,IP_000091,,LOC_000074,,,,completed,ussd,
EVT_001996,sms,2025-01-11 07:08:51,PER_000064,PER_000034,PH_000101,,,,LOC_000020,,,internal,completed,api,
EVT_002211,login,2025-01-11 08:54:21,PER_000045,,PH_000169,DEV_000001,IP_000001,,LOC_000004,,,,completed,pos,
EVT_007344,call,2025-01-11 09:00:12,PER_000027,PER_000042,PH_000245,,,,LOC_000097,,260.0,internal,completed,mobile_app,
EVT_006639,transaction,2025-01-11 09:08:49,PER_000001,PER_000061,,DEV_000106,IP_000103,ACC_000101,LOC_000029,100568.5,,outbound,completed,pos,payment
EVT_000172,sms,2025-01-11 09:44:24,PER_000057,PER_000046,PH_000057,,,,LOC_000030,,,internal,completed,pos,
EVT_002016,sms,2025-01-11 09:50:54,PER_000056,PER_000031,PH_000253,,,,LOC_000040,,,outbound,completed,atm,
EVT_000349,login,2025-01-11 10:03:55,PER_000093,,PH_000093,DEV_000041,IP_000078,,LOC_000116,,,,completed,pos,
EVT_003469,sms,2025-01-11 10:58:42,PER_000036,PER_000032,PH_000036,,,,LOC_000090,,,internal,completed,atm,
EVT_005824,transaction,2025-01-11 15:30:51,PER_000007,PER_000094,,DEV_000026,IP_000081,ACC_000007,LOC_000059,3863.03,,internal,completed,mobile_app,payment
EVT_007381,location_ping,2025-01-11 15:50:00,PER_000071,,,DEV_000091,,,LOC_000005,,,,completed,atm,
EVT_004313,sms,2025-01-11 16:06:52,PER_000045,PER_000048,PH_000185,,,,LOC_000004,,,outbound,completed,api,
EVT_005365,sms,2025-01-11 16:39:40,PER_000027,PER_000042,PH_000245,,,,LOC_000097,,,internal,completed,web,
EVT_004827,transaction,2025-01-11 20:22:48,PER_000087,PER_000027,,DEV_000075,IP_000104,ACC_000087,LOC_000099,2960.01,,internal,completed,api,p2p
EVT_000736,call,2025-01-11 20:51:24,PER_000093,PER_000012,PH_000142,,,,LOC_000071,,756.0,outbound,completed,ussd,
EVT_005155,login,2025-01-12 04:02:06,PER_000046,,PH_000046,DEV_000071,IP_000038,,LOC_000028,,,,completed,mobile_app,
EVT_005165,call,2025-01-12 05:57:13,PER_000018,PER_000062,PH_000018,,,,LOC_000001,,554.0,inbound,completed,api,
EVT_007173,location_ping,2025-01-12 07:44:57,PER_000024,,,DEV_000012,,,LOC_000083,,,,completed,api,
EVT_000068,sms,2025-01-12 08:37:32,PER_000018,PER_000024,PH_000018,,,,LOC_000001,,,outbound,completed,ussd,
EVT_007272,location_ping,2025-01-12 09:10:23,PER_000053,,,DEV_000085,,,LOC_000046,,,,completed,atm,
EVT_006705,sms,2025-01-12 09:34:01,PER_000034,PER_000039,PH_000128,,,,LOC_000075,,,inbound,completed,mobile_app,
EVT_003425,sms,2025-01-12 09:45:59,PER_000014,PER_000001,PH_000014,,,,LOC_000095,,,outbound,completed,atm,
EVT_004391,sms,2025-01-12 11:24:33,PER_000073,PER_000009,PH_000162,,,,LOC_000015,,,internal,completed,ussd,
EVT_005889,call,2025-01-12 11:29:06,PER_000059,PER_000060,PH_000059,,,,LOC_000071,,636.0,inbound,completed,mobile_app,
EVT_002259,transaction,2025-01-12 12:40:36,PER_000087,PER_000016,,DEV_000021,IP_000008,ACC_000087,LOC_000099,125832.97,,inbound,completed,web,transfer
EVT_001603,call,2025-01-12 13:30:59,PER_000018,PER_000042,PH_000018,,,,LOC_000001,,130.0,internal,completed,pos,
EVT_000522,sms,2025-01-12 13:35:25,PER_000039,PER_000045,PH_000039,,,,LOC_000002,,,outbound,completed,pos,
EVT_003365,login,2025-01-12 14:15:26,PER_000055,,PH_000191,DEV_000104,IP_000079,,LOC_000016,,,,completed,mobile_app,
EVT_000422,login,2025-01-12 14:21:27,PER_000002,,PH_000002,DEV_000054,IP_000004,,LOC_000032,,,,completed,web,
EVT_001442,sms,2025-01-12 15:14:12,PER_000002,PER_000027,PH_000114,,,,LOC_000032,,,inbound,completed,pos,
EVT_006651,login,2025-01-12 16:36:38,PER_000041,,PH_000041,DEV_000017,IP_000111,,LOC_000008,,,,completed,atm,
EVT_003863,location_ping,2025-01-12 18:33:07,PER_000050,,,DEV_000038,,,LOC_000018,,,,completed,ussd,
EVT_001271,login,2025-01-12 18:39:53,PER_000009,,PH_000009,DEV_000012,IP_000039,,LOC_000107,,,,completed,web,
EVT_005495,transaction,2025-01-12 18:42:44,PER_000001,PER_000040,,DEV_000022,IP_000106,ACC_000001,LOC_000029,45820.25,,outbound,completed,atm,transfer
EVT_000804,login,2025-01-12 19:20:39,PER_000094,,PH_000094,DEV_000022,IP_000073,,LOC_000060,,,,completed,atm,
EVT_000529,sms,2025-01-12 19:37:36,PER_000066,PER_000075,PH_000123,,,,LOC_000049,,,inbound,completed,mobile_app,
EVT_001822,transaction,2025-01-12 20:04:27,PER_000055,PER_000028,,DEV_000079,IP_000041,ACC_000055,LOC_000016,3910.69,,internal,completed,pos,withdrawal
EVT_006318,call,2025-01-12 21:08:27,PER_000050,PER_000042,PH_000261,,,,LOC_000058,,377.0,internal,completed,web,
EVT_005126,call,2025-01-13 06:48:53,PER_000080,PER_000098,PH_000080,,,,LOC_000074,,286.0,outbound,completed,web,
EVT_003941,login,2025-01-13 07:42:08,PER_000062,,PH_000152,DEV_000007,IP_000095,,LOC_000033,,,,completed,pos,
EVT_001944,sms,2025-01-13 08:35:23,PER_000077,PER_000054,PH_000271,,,,LOC_000035,,,outbound,completed,mobile_app,
EVT_006615,login,2025-01-13 10:14:19,PER_000097,,PH_000097,DEV_000045,IP_000096,,LOC_000071,,,,completed,web,
EVT_007205,call,2025-01-13 11:07:42,PER_000071,PER_000018,PH_000071,,,,LOC_000005,,240.0,outbound,completed,mobile_app,
EVT_007320,sms,2025-01-13 11:38:03,PER_000087,PER_000002,PH_000294,,,,LOC_000029,,,outbound,completed,ussd,
EVT_001251,location_ping,2025-01-13 11:48:04,PER_000062,,,DEV_000007,,,LOC_000033,,,,completed,web,
EVT_006877,login,2025-01-13 13:37:49,PER_000059,,PH_000059,DEV_000035,IP_000040,,LOC_000071,,,,completed,ussd,
EVT_003962,sms,2025-01-13 16:11:08,PER_000059,PER_000007,PH_000158,,,,LOC_000071,,,inbound,completed,ussd,
EVT_003868,transaction,2025-01-13 16:29:51,PER_000019,PER_000041,,DEV_000068,IP_000109,ACC_000019,LOC_000069,3719.93,,internal,completed,mobile_app,deposit
EVT_003535,login,2025-01-13 18:49:13,PER_000018,,PH_000018,DEV_000099,IP_000013,,LOC_000057,,,,completed,pos,
EVT_002770,transaction,2025-01-13 19:34:05,PER_000001,PER_000059,,DEV_000018,IP_000067,ACC_000101,LOC_000009,2013.58,,internal,completed,pos,p2p
EVT_005975,sms,2025-01-13 19:52:22,PER_000054,PER_000096,PH_000222,,,,LOC_000110,,,outbound,completed,atm,
EVT_000479,login,2025-01-14 06:04:40,PER_000002,,PH_000114,DEV_000049,IP_000044,,LOC_000051,,,,completed,web,
EVT_002302,call,2025-01-14 07:34:38,PER_000001,PER_000053,PH_000298,,,,LOC_000029,,91.0,inbound,completed,mobile_app,
EVT_002203,call,2025-01-14 07:56:10,PER_000042,PER_000018,PH_000042,,,,LOC_000060,,402.0,outbound,completed,ussd,
EVT_003790,call,2025-01-14 08:06:12,PER_000001,PER_000018,PH_000298,,,,LOC_000029,,557.0,outbound,completed,api,
EVT_000388,sms,2025-01-14 09:13:30,PER_000001,PER_000085,PH_000001,,,,LOC_000029,,,outbound,completed,ussd,
EVT_001619,call,2025-01-14 09:29:13,PER_000087,PER_000027,PH_000294,,,,LOC_000099,,1103.0,inbound,completed,api,
EVT_005856,sms,2025-01-14 09:36:31,PER_000001,PER_000057,PH_000298,,,,LOC_000029,,,outbound,completed,pos,
EVT_004638,location_ping,2025-01-14 11:15:54,PER_000087,,,DEV_000033,,,LOC_000099,,,,completed,api,
EVT_007125,transaction,2025-01-14 11:30:23,PER_000071,PER_000050,,DEV_000027,IP_000069,ACC_000071,LOC_000005,2493.55,,outbound,completed,mobile_app,p2p
EVT_005516,location_ping,2025-01-14 16:11:17,PER_000016,,,DEV_000053,,,LOC_000054,,,,completed,mobile_app,
EVT_001258,sms,2025-01-14 16:13:29,PER_000085,PER_000007,PH_000085,,,,LOC_000085,,,outbound,completed,pos,
EVT_003816,call,2025-01-14 16:17:16,PER_000084,PER_000075,PH_000084,,,,LOC_000043,,161.0,outbound,completed,api,
EVT_006427,sms,2025-01-14 16:30:52,PER_000042,PER_000018,PH_000042,,,,LOC_000060,,,outbound,completed,pos,
EVT_003363,transaction,2025-01-14 16:36:57,PER_000001,PER_000045,,DEV_000100,IP_000002,ACC_000101,LOC_000029,3184.89,,inbound,completed,api,withdrawal
EVT_005852,call,2025-01-14 17:27:34,PER_000018,PER_000087,PH_000018,,,,LOC_000001,,60.0,outbound,completed,atm,
EVT_003656,transaction,2025-01-14 17:39:16,PER_000050,PER_000018,,DEV_000073,IP_000063,ACC_000150,LOC_000058,465332.06,,outbound,completed,atm,payment
EVT_006723,login,2025-01-14 19:23:42,PER_000027,,PH_000245,DEV_000097,IP_000118,,LOC_000097,,,,completed,mobile_app,
EVT_007091,call,2025-01-14 22:32:47,PER_000061,PER_000099,PH_000061,,,,LOC_000062,,275.0,outbound,completed,api,
EVT_004006,location_ping,2025-01-15 03:58:14,PER_000088,,,DEV_000057,,,LOC_000060,,,,completed,web,
EVT_003722,login,2025-01-15 05:45:40,PER_000027,,PH_000245,DEV_000001,IP_000081,,LOC_000097,,,,completed,pos,
EVT_002425,login,2025-01-15 12:42:26,PER_000008,,PH_000135,DEV_000079,IP_000033,,LOC_000030,,,,completed,web,
EVT_000514,login,2025-01-15 13:10:59,PER_000014,,PH_000014,DEV_000116,IP_000050,,LOC_000050,,,,completed,atm,
EVT_007027,login,2025-01-15 14:05:46,PER_000043,,PH_000268,DEV_000001,IP_000001,,LOC_000110,,,,completed,mobile_app,
EVT_006581,sms,2025-01-15 14:25:50,PER_000002,PER_000087,PH_000114,,,,LOC_000032,,,internal,completed,web,
EVT_004081,location_ping,2025-01-15 14:27:56,PER_000033,,,DEV_000109,,,LOC_000022,,,,completed,web,
EVT_002260,call,2025-01-15 14:31:45,PER_000042,PER_000018,PH_000199,,,,LOC_000060,,122.0,inbound,completed,ussd,
EVT_005717,login,2025-01-15 15:21:45,PER_000020,,PH_000020,DEV_000095,IP_000095,,LOC_000056,,,,completed,api,
EVT_004417,location_ping,2025-01-15 17:04:28,PER_000009,,,DEV_000090,,,LOC_000107,,,,completed,ussd,
EVT_004606,transaction,2025-01-15 19:44:56,PER_000001,PER_000077,,DEV_000043,IP_000039,ACC_000101,LOC_000029,4157.44,,inbound,completed,ussd,withdrawal
EVT_000762,transaction,2025-01-15 22:39:57,PER_000005,PER_000093,,DEV_000091,IP_000095,ACC_000005,LOC_000017,266.38,,inbound,completed,web,transfer
EVT_004603,location_ping,2025-01-16 05:28:32,PER_000016,,,DEV_000040,,,LOC_000054,,,,completed,pos,
EVT_003626,location_ping,2025-01-16 07:19:13,PER_000024,,,DEV_000033,,,LOC_000083,,,,completed,ussd,
EVT_006451,login,2025-01-16 08:05:35,PER_000022,,PH_000022,DEV_000027,IP_000066,,LOC_000100,,,,completed,mobile_app,
EVT_003019,transaction,2025-01-16 09:53:14,PER_000077,PER_000063,,DEV_000028,IP_000045,ACC_000077,LOC_000035,711.52,,internal,completed,web,withdrawal
EVT_002367,login,2025-01-16 10:59:51,PER_000014,,PH_000014,DEV_000032,IP_000044,,LOC_000067,,,,completed,atm,
EVT_006845,call,2025-01-16 11:02:49,PER_000046,PER_000100,PH_000046,,,,LOC_000028,,18.0,internal,completed,pos,
EVT_005620,location_ping,2025-01-16 11:17:42,PER_000018,,,DEV_000025,,,LOC_000001,,,,completed,atm,
EVT_000628,sms,2025-01-16 13:20:08,PER_000015,PER_000030,PH_000015,,,,LOC_000054,,,outbound,completed,pos,
EVT_003318,call,2025-01-16 13:30:21,PER_000007,PER_000026,PH_000196,,,,LOC_000059,,1196.0,inbound,completed,atm,
EVT_000226,transaction,2025-01-16 14:21:24,PER_000059,PER_000082,,DEV_000074,IP_000078,ACC_000059,LOC_000071,1232.67,,inbound,completed,web,deposit
EVT_005077,location_ping,2025-01-16 15:04:06,PER_000001,,,DEV_000023,,,LOC_000029,,,,completed,api,
EVT_006638,sms,2025-01-16 16:06:10,PER_000016,PER_000027,PH_000016,,,,LOC_000054,,,internal,completed,atm,
EVT_007426,location_ping,2025-01-16 16:39:08,PER_000062,,,DEV_000087,,,LOC_000033,,,,completed,mobile_app,
EVT_007062,call,2025-01-16 17:33:25,PER_000060,PER_000051,PH_000060,,,,LOC_000091,,276.0,outbound,completed,api,
EVT_004937,sms,2025-01-16 17:38:19,PER_000018,PER_000024,PH_000018,,,,LOC_000001,,,outbound,completed,api,
EVT_002550,call,2025-01-16 18:04:11,PER_000002,PER_000047,PH_000114,,,,LOC_000072,,200.0,inbound,completed,web,
EVT_006492,transaction,2025-01-16 18:32:08,PER_000017,PER_000073,,DEV_000107,IP_000028,ACC_000017,LOC_000116,995.35,,outbound,completed,ussd,payment
EVT_007317,location_ping,2025-01-16 19:08:07,PER_000073,,,DEV_000067,,,LOC_000015,,,,completed,web,
EVT_002642,sms,2025-01-16 20:28:38,PER_000002,PER_000016,PH_000114,,,,LOC_000032,,,inbound,completed,api,
EVT_005867,transaction,2025-01-16 21:27:58,PER_000030,PER_000046,,DEV_000120,IP_000033,ACC_000030,LOC_000108,2885.35,,outbound,completed,ussd,payment
EVT_002651,transaction,2025-01-16 21:32:36,PER_000092,PER_000018,,DEV_000037,IP_000053,ACC_000092,LOC_000091,4198.5,,outbound,completed,atm,payment
EVT_007155,sms,2025-01-16 22:03:04,PER_000073,PER_000002,PH_000116,,,,LOC_000015,,,outbound,completed,mobile_app,
EVT_001118,call,2025-01-17 05:48:00,PER_000044,PER_000004,PH_000044,,,,LOC_000032,,181.0,internal,completed,mobile_app,
EVT_001241,transaction,2025-01-17 12:15:03,PER_000029,PER_000016,,DEV_000079,IP_000047,ACC_000129,LOC_000073,1913.0,,inbound,completed,api,deposit
EVT_004011,sms,2025-01-17 12:25:59,PER_000019,PER_000071,PH_000019,,,,LOC_000069,,,internal,completed,ussd,
EVT_000255,location_ping,2025-01-17 13:21:05,PER_000018,,,DEV_000077,,,LOC_000001,,,,completed,pos,
EVT_007012,transaction,2025-01-17 13:49:51,PER_000059,PER_000007,,DEV_000109,IP_000061,ACC_000059,LOC_000071,132594.33,,inbound,completed,pos,transfer
EVT_004977,transaction,2025-01-17 16:05:10,PER_000062,PER_000078,,DEV_000033,IP_000031,ACC_000062,LOC_000068,1982.26,,internal,completed,pos,payment
EVT_004812,transaction,2025-01-17 17:50:03,PER_000024,PER_000018,,DEV_000031,IP_000070,ACC_000024,LOC_000083,861.43,,internal,completed,pos,deposit
EVT_000935,location_ping,2025-01-17 18:08:55,PER_000043,,,DEV_000001,,,LOC_000110,,,,completed,web,
EVT_006149,call,2025-01-17 18:13:35,PER_000073,PER_000020,PH_000073,,,,LOC_000015,,277.0,outbound,completed,atm,
EVT_006668,call,2025-01-17 19:16:01,PER_000060,PER_000088,PH_000060,,,,LOC_000014,,1103.0,outbound,completed,pos,
EVT_002488,transaction,2025-01-17 21:34:07,PER_000053,PER_000009,,DEV_000053,IP_000103,ACC_000053,LOC_000097,3675.87,,outbound,completed,web,deposit
EVT_003123,transaction,2025-01-17 21:42:52,PER_000090,PER_000024,,DEV_000117,IP_000009,ACC_000090,LOC_000027,1030.56,,internal,completed,api,payment
EVT_004543,transaction,2025-01-18 01:12:58,PER_000005,PER_000041,,DEV_000014,IP_000112,ACC_000005,LOC_000100,4047.59,,outbound,completed,atm,payment
EVT_005114,call,2025-01-18 07:28:47,PER_000071,PER_000064,PH_000071,,,,LOC_000005,,867.0,outbound,completed,pos,
EVT_006362,transaction,2025-01-18 07:56:52,PER_000024,PER_000098,,DEV_000084,IP_000064,ACC_000124,LOC_000083,262877.19,,internal,completed,web,deposit
EVT_005175,call,2025-01-18 07:58:37,PER_000062,PER_000017,PH_000152,,,,LOC_000033,,23.0,inbound,completed,api,
EVT_005228,login,2025-01-18 10:11:23,PER_000073,,PH_000244,DEV_000102,IP_000071,,LOC_000015,,,,completed,atm,
EVT_004949,call,2025-01-18 11:57:44,PER_000019,PER_000089,PH_000019,,,,LOC_000069,,472.0,outbound,completed,api,
EVT_005752,transaction,2025-01-18 12:56:14,PER_000100,PER_000065,,DEV_000039,IP_000062,ACC_000100,LOC_000108,837.1,,internal,completed,ussd,deposit
EVT_006745,sms,2025-01-18 13:17:13,PER_000089,PER_000005,PH_000089,,,,LOC_000047,,,outbound,completed,pos,
EVT_004767,call,2025-01-18 14:18:26,PER_000001,PER_000071,PH_000298,,,,LOC_000029,,1092.0,outbound,completed,web,
EVT_003038,call,2025-01-18 14:28:13,PER_000093,PER_000067,PH_000262,,,,LOC_000071,,647.0,outbound,completed,api,
EVT_003120,login,2025-01-18 15:09:47,PER_000022,,PH_000022,DEV_000040,IP_000032,,LOC_000051,,,,completed,api,
EVT_000167,sms,2025-01-18 15:12:29,PER_000057,PER_000096,PH_000057,,,,LOC_000030,,,inbound,completed,api,
EVT_002154,location_ping,2025-01-18 15:17:00,PER_000082,,,DEV_000026,,,LOC_000082,,,,completed,web,
EVT_003801,transaction,2025-01-18 15:17:26,PER_000090,PER_000021,,DEV_000026,IP_000083,ACC_000090,LOC_000027,2494.38,,outbound,completed,atm,deposit
EVT_004752,call,2025-01-18 15:36:01,PER_000087,PER_000050,PH_000087,,,,LOC_000099,,871.0,internal,completed,mobile_app,
EVT_005502,transaction,2025-01-18 16:40:59,PER_000049,PER_000082,,DEV_000002,IP_000002,ACC_000149,LOC_000072,1679.41,,outbound,completed,web,p2p
EVT_001397,sms,2025-01-18 17:12:07,PER_000064,PER_000026,PH_000267,,,,LOC_000020,,,inbound,completed,ussd,
EVT_000739,sms,2025-01-18 17:17:47,PER_000024,PER_000087,PH_000024,,,,LOC_000083,,,outbound,completed,atm,
EVT_006441,login,2025-01-18 18:49:32,PER_000001,,PH_000298,DEV_000116,IP_000117,,LOC_000040,,,,completed,mobile_app,
EVT_006033,location_ping,2025-01-18 19:58:01,PER_000028,,,DEV_000032,,,LOC_000003,,,,completed,mobile_app,
EVT_005642,location_ping,2025-01-18 20:59:56,PER_000073,,,DEV_000031,,,LOC_000015,,,,completed,pos,
EVT_003248,transaction,2025-01-19 01:54:16,PER_000073,PER_000034,,DEV_000048,IP_000024,ACC_000073,LOC_000015,658.3,,internal,completed,atm,p2p
EVT_003752,call,2025-01-19 04:45:44,PER_000013,PER_000055,PH_000013,,,,LOC_000041,,1049.0,outbound,completed,api,
EVT_000738,call,2025-01-19 04:54:01,PER_000032,PER_000098,PH_000165,,,,LOC_000028,,594.0,outbound,completed,web,
EVT_006352,sms,2025-01-19 06:04:54,PER_000016,PER_000042,PH_000016,,,,LOC_000054,,,outbound,completed,pos,
EVT_004223,transaction,2025-01-19 08:39:47,PER_000028,PER_000033,,DEV_000095,IP_000097,ACC_000028,LOC_000003,903.47,,outbound,completed,api,payment
EVT_004317,location_ping,2025-01-19 08:55:29,PER_000050,,,DEV_000077,,,LOC_000058,,,,completed,ussd,
EVT_006434,login,2025-01-19 09:05:26,PER_000043,,PH_000043,DEV_000001,IP_000001,,LOC_000110,,,,completed,api,
EVT_000813,location_ping,2025-01-19 09:48:08,PER_000027,,,DEV_000067,,,LOC_000097,,,,completed,atm,
EVT_003247,login,2025-01-19 09:57:17,PER_000013,,PH_000013,DEV_000049,IP_000106,,LOC_000041,,,,completed,atm,
EVT_003100,login,2025-01-19 13:17:48,PER_000058,,PH_000058,DEV_000074,IP_000054,,LOC_000091,,,,completed,ussd,
EVT_003758,transaction,2025-01-19 13:21:42,PER_000062,PER_000097,,DEV_000028,IP_000098,ACC_000062,LOC_000033,3839.58,,internal,completed,pos,deposit
EVT_002164,location_ping,2025-01-19 13:30:01,PER_000042,,,DEV_000042,,,LOC_000060,,,,completed,api,
EVT_005657,login,2025-01-19 13:33:04,PER_000042,,PH_000199,DEV_000009,IP_000089,,LOC_000101,,,,completed,pos,
EVT_005485,call,2025-01-19 14:46:54,PER_000059,PER_000081,PH_000137,,,,LOC_000071,,379.0,inbound,completed,atm,
EVT_000770,sms,2025-01-19 14:53:37,PER_000087,PER_000027,PH_000087,,,,LOC_000099,,,inbound,completed,api,
EVT_000549,location_ping,2025-01-19 14:59:29,PER_000027,,,DEV_000008,,,LOC_000097,,,,completed,atm,
EVT_001850,login,2025-01-19 15:06:20,PER_000073,,PH_000073,DEV_000033,IP_000041,,LOC_000015,,,,completed,pos,
EVT_001104,call,2025-01-19 16:16:00,PER_000042,PER_000054,PH_000042,,,,LOC_000012,,258.0,outbound,completed,atm,
EVT_007342,location_ping,2025-01-19 17:56:20,PER_000062,,,DEV_000058,,,LOC_000033,,,,completed,api,
EVT_006231,sms,2025-01-19 18:02:22,PER_000001,PER_000061,PH_000001,,,,LOC_000029,,,internal,completed,pos,
EVT_000229,sms,2025-01-19 18:29:24,PER_000017,PER_000093,PH_000017,,,,LOC_000116,,,outbound,completed,ussd,
EVT_005725,login,2025-01-19 19:03:44,PER_000100,,PH_000251,DEV_000060,IP_000109,,LOC_000108,,,,completed,web,
EVT_004945,location_ping,2025-01-20 04:21:12,PER_000062,,,DEV_000070,,,LOC_000033,,,,completed,api,
EVT_005229,sms,2025-01-20 07:20:18,PER_000018,PER_000042,PH_000018,,,,LOC_000001,,,internal,completed,ussd,
EVT_001081,transaction,2025-01-20 07:54:06,PER_000050,PER_000018,,DEV_000090,IP_000034,ACC_000150,LOC_000036,1646.58,,inbound,completed,atm,transfer
EVT_003691,call,2025-01-20 11:24:03,PER_000061,PER_000051,PH_000061,,,,LOC_000062,,1103.0,internal,completed,pos,
EVT_003461,sms,2025-01-20 12:03:06,PER_000027,PER_000042,PH_000245,,,,LOC_000097,,,internal,completed,pos,
EVT_001402,login,2025-01-20 12:06:00,PER_000026,,PH_000176,DEV_000016,IP_000020,,LOC_000059,,,,completed,api,
EVT_005329,transaction,2025-01-20 13:53:00,PER_000065,PER_000037,,DEV_000009,IP_000104,ACC_000065,LOC_000101,2196.02,,internal,completed,api,p2p
EVT_004171,transaction,2025-01-20 14:36:49,PER_000052,PER_000009,,DEV_000026,IP_000115,ACC_000052,LOC_000047,3693.92,,inbound,completed,web,payment
EVT_001336,login,2025-01-20 14:47:27,PER_000070,,PH_000188,DEV_000025,IP_000076,,LOC_000033,,,,completed,atm,
EVT_004805,location_ping,2025-01-20 15:25:28,PER_000016,,,DEV_000039,,,LOC_000054,,,,completed,web,
EVT_005970,transaction,2025-01-20 15:56:39,PER_000011,PER_000060,,DEV_000105,IP_000040,ACC_000011,LOC_000037,1145.39,,outbound,completed,web,payment
EVT_005477,transaction,2025-01-20 18:51:47,PER_000004,PER_000090,,DEV_000101,IP_000014,ACC_000104,LOC_000052,3429.66,,outbound,completed,ussd,payment
EVT_000047,login,2025-01-20 22:25:56,PER_000089,,PH_000282,DEV_000089,IP_000031,,LOC_000047,,,,completed,atm,
EVT_003111,transaction,2025-01-21 04:28:49,PER_000073,PER_000079,,DEV_000021,IP_000075,ACC_000073,LOC_000015,4044.21,,outbound,completed,mobile_app,p2p
EVT_005424,login,2025-01-21 08:37:32,PER_000024,,PH_000024,DEV_000078,IP_000053,,LOC_000083,,,,completed,ussd,
EVT_005001,transaction,2025-01-21 12:03:17,PER_000002,PER_000013,,DEV_000094,IP_000052,ACC_000102,LOC_000032,2610.31,,inbound,completed,web,p2p
EVT_005665,transaction,2025-01-21 12:07:28,PER_000093,PER_000062,,DEV_000080,IP_000082,ACC_000093,LOC_000071,1674.87,,outbound,completed,ussd,withdrawal
EVT_002541,location_ping,2025-01-21 12:25:10,PER_000024,,,DEV_000008,,,LOC_000083,,,,completed,ussd,
EVT_000661,login,2025-01-21 13:13:18,PER_000002,,PH_000002,DEV_000007,IP_000063,,LOC_000032,,,,completed,atm,
EVT_007251,login,2025-01-21 15:11:04,PER_000027,,PH_000245,DEV_000105,IP_000101,,LOC_000097,,,,completed,atm,
EVT_000969,call,2025-01-21 15:12:37,PER_000071,PER_000005,PH_000071,,,,LOC_000005,,768.0,outbound,completed,api,
EVT_000179,location_ping,2025-01-21 17:46:04,PER_000035,,,DEV_000010,,,LOC_000013,,,,completed,api,
EVT_006749,transaction,2025-01-21 18:22:17,PER_000080,PER_000065,,DEV_000053,IP_000093,ACC_000080,LOC_000075,2639.8,,internal,completed,web,p2p
EVT_003212,location_ping,2025-01-21 19:40:49,PER_000059,,,DEV_000118,,,LOC_000071,,,,completed,atm,
EVT_003344,location_ping,2025-01-21 19:44:30,PER_000059,,,DEV_000095,,,LOC_000015,,,,completed,mobile_app,
EVT_003373,transaction,2025-01-21 20:15:04,PER_000054,PER_000014,,DEV_000071,IP_000060,ACC_000054,LOC_000030,445.06,,internal,completed,atm,deposit
EVT_005572,login,2025-01-21 20:51:25,PER_000081,,PH_000202,DEV_000081,IP_000112,,LOC_000084,,,,completed,web,
EVT_003237,location_ping,2025-01-21 20:58:43,PER_000095,,,DEV_000101,,,LOC_000120,,,,completed,mobile_app,
EVT_004419,login,2025-01-21 21:49:55,PER_000040,,PH_000181,DEV_000089,IP_000059,,LOC_000047,,,,completed,mobile_app,
EVT_001270,location_ping,2025-01-22 04:56:27,PER_000030,,,DEV_000034,,,LOC_000108,,,,completed,ussd,
EVT_006566,transaction,2025-01-22 04:59:33,PER_000098,PER_000047,,DEV_000015,IP_000012,ACC_000098,LOC_000097,81.9,,outbound,completed,ussd,withdrawal
EVT_004485,login,2025-01-22 07:24:41,PER_000073,,PH_000244,DEV_000106,IP_000041,,LOC_000015,,,,completed,api,
EVT_002778,sms,2025-01-22 08:17:32,PER_000083,PER_000061,PH_000083,,,,LOC_000053,,,inbound,completed,atm,
EVT_002934,transaction,2025-01-22 09:25:20,PER_000018,PER_000050,,DEV_000082,IP_000092,ACC_000118,LOC_000061,3012.3,,internal,completed,web,transfer
EVT_007011,login,2025-01-22 10:34:12,PER_000056,,PH_000056,DEV_000030,IP_000070,,LOC_000036,,,,completed,mobile_app,
EVT_006692,location_ping,2025-01-22 12:01:20,PER_000077,,,DEV_000019,,,LOC_000035,,,,completed,pos,
EVT_002555,sms,2025-01-22 13:36:55,PER_000021,PER_000100,PH_000103,,,,LOC_000106,,,inbound,completed,mobile_app,
EVT_005199,transaction,2025-01-22 15:55:13,PER_000027,PER_000050,,DEV_000119,IP_000060,ACC_000027,LOC_000097,400342.82,,outbound,completed,api,withdrawal
EVT_004291,location_ping,2025-01-22 17:45:12,PER_000093,,,DEV_000112,,,LOC_000071,,,,completed,ussd,
EVT_005843,sms,2025-01-22 18:43:34,PER_000018,PER_000002,PH_000018,,,,LOC_000001,,,inbound,completed,pos,
EVT_006456,transaction,2025-01-22 19:35:40,PER_000001,PER_000028,,DEV_000045,IP_000008,ACC_000001,LOC_000058,3979.61,,inbound,completed,mobile_app,transfer
EVT_001529,login,2025-01-22 20:36:03,PER_000024,,PH_000024,DEV_000106,IP_000069,,LOC_000092,,,,completed,web,
EVT_001700,transaction,2025-01-22 21:28:56,PER_000053,PER_000007,,DEV_000004,IP_000066,ACC_000053,LOC_000046,1818.47,,inbound,completed,web,withdrawal
EVT_003489,call,2025-01-23 07:10:31,PER_000001,PER_000069,PH_000298,,,,LOC_000106,,965.0,internal,completed,ussd,
EVT_003171,call,2025-01-23 07:35:45,PER_000018,PER_000002,PH_000018,,,,LOC_000001,,867.0,internal,completed,pos,
EVT_007305,transaction,2025-01-23 08:24:16,PER_000073,PER_000050,,DEV_000060,IP_000068,ACC_000073,LOC_000015,37985.56,,outbound,completed,ussd,transfer
EVT_005614,location_ping,2025-01-23 10:15:05,PER_000054,,,DEV_000107,,,LOC_000030,,,,completed,pos,
EVT_006939,location_ping,2025-01-23 11:43:37,PER_000001,,,DEV_000026,,,LOC_000029,,,,completed,pos,
EVT_001067,login,2025-01-23 12:18:21,PER_000069,,PH_000069,DEV_000053,IP_000076,,LOC_000031,,,,completed,pos,
EVT_006932,login,2025-01-23 13:14:35,PER_000031,,PH_000279,DEV_000069,IP_000044,,LOC_000017,,,,completed,api,
EVT_003531,location_ping,2025-01-23 13:57:19,PER_000042,,,DEV_000079,,,LOC_000060,,,,completed,api,
EVT_003830,transaction,2025-01-23 14:09:25,PER_000039,PER_000056,,DEV_000083,IP_000023,ACC_000139,LOC_000002,3846.23,,inbound,completed,api,p2p
EVT_003723,location_ping,2025-01-23 15:31:26,PER_000091,,,DEV_000002,,,LOC_000057,,,,completed,ussd,
EVT_001748,transaction,2025-01-23 16:08:46,PER_000002,PER_000050,,DEV_000083,IP_000082,ACC_000102,LOC_000032,64.11,,internal,completed,web,p2p
EVT_001643,sms,2025-01-23 17:34:00,PER_000003,PER_000087,PH_000221,,,,LOC_000054,,,outbound,completed,mobile_app,
EVT_001330,call,2025-01-23 18:47:23,PER_000050,PER_000087,PH_000261,,,,LOC_000058,,160.0,inbound,completed,web,
EVT_001265,transaction,2025-01-23 19:37:22,PER_000007,PER_000031,,DEV_000016,IP_000034,ACC_000007,LOC_000059,1930.77,,outbound,completed,pos,deposit
EVT_004106,sms,2025-01-23 22:28:19,PER_000087,PER_000077,PH_000294,,,,LOC_000099,,,outbound,completed,api,
EVT_005081,transaction,2025-01-24 05:18:41,PER_000066,PER_000064,,DEV_000031,IP_000046,ACC_000066,LOC_000049,1369.43,,internal,completed,web,p2p
EVT_007336,location_ping,2025-01-24 06:37:49,PER_000073,,,DEV_000116,,,LOC_000015,,,,completed,pos,
EVT_006841,transaction,2025-01-24 07:53:17,PER_000067,PER_000061,,DEV_000109,IP_000044,ACC_000067,LOC_000040,3959.97,,outbound,completed,pos,withdrawal
EVT_000594,login,2025-01-24 08:03:20,PER_000073,,PH_000073,DEV_000040,IP_000002,,LOC_000015,,,,completed,pos,
EVT_004935,call,2025-01-24 09:01:59,PER_000059,PER_000011,PH_000180,,,,LOC_000071,,122.0,outbound,completed,api,
EVT_001796,location_ping,2025-01-24 09:08:42,PER_000075,,,DEV_000001,,,LOC_000102,,,,completed,api,
EVT_005132,sms,2025-01-24 09:38:59,PER_000028,PER_000068,PH_000028,,,,LOC_000003,,,internal,completed,mobile_app,
EVT_003235,transaction,2025-01-24 10:02:02,PER_000057,PER_000040,,DEV_000071,IP_000039,ACC_000057,LOC_000071,2823.48,,outbound,completed,ussd,withdrawal
EVT_003084,transaction,2025-01-24 12:47:48,PER_000059,PER_000022,,DEV_000033,IP_000077,ACC_000059,LOC_000071,1278.49,,internal,completed,mobile_app,withdrawal
EVT_006443,call,2025-01-24 12:53:22,PER_000098,PER_000016,PH_000098,,,,LOC_000096,,463.0,internal,completed,mobile_app,
EVT_001410,login,2025-01-24 15:23:20,PER_000027,,PH_000245,DEV_000073,IP_000010,,LOC_000085,,,,completed,web,
EVT_006839,login,2025-01-24 15:31:22,PER_000080,,PH_000080,DEV_000038,IP_000073,,LOC_000074,,,,completed,atm,
EVT_006757,transaction,2025-01-24 16:11:28,PER_000001,PER_000016,,DEV_000100,IP_000002,ACC_000001,LOC_000029,3753.13,,internal,completed,ussd,deposit
EVT_006711,location_ping,2025-01-24 16:35:22,PER_000059,,,DEV_000089,,,LOC_000071,,,,completed,ussd,
EVT_004676,location_ping,2025-01-24 18:08:35,PER_000077,,,DEV_000036,,,LOC_000035,,,,completed,mobile_app,
EVT_000635,login,2025-01-24 18:17:26,PER_000087,,PH_000087,DEV_000016,IP_000058,,LOC_000099,,,,completed,ussd,
EVT_001150,login,2025-01-24 19:13:14,PER_000018,,PH_000018,DEV_000079,IP_000093,,LOC_000001,,,,completed,api,
EVT_005551,login,2025-01-24 19:44:01,PER_000052,,PH_000105,DEV_000014,IP_000097,,LOC_000071,,,,completed,ussd,
EVT_003753,sms,2025-01-24 21:43:09,PER_000062,PER_000021,PH_000062,,,,LOC_000059,,,outbound,completed,mobile_app,
EVT_000107,location_ping,2025-01-24 21:44:54,PER_000097,,,DEV_000046,,,LOC_000071,,,,completed,api,
EVT_000408,call,2025-01-25 02:48:41,PER_000046,PER_000016,PH_000046,,,,LOC_000028,,1173.0,internal,completed,mobile_app,
EVT_006725,login,2025-01-25 03:40:09,PER_000016,,PH_000016,DEV_000118,IP_000084,,LOC_000054,,,,completed,atm,
EVT_004356,transaction,2025-01-25 05:41:36,PER_000001,PER_000094,,DEV_000041,IP_000016,ACC_000101,LOC_000029,2519.23,,outbound,completed,atm,deposit
EVT_003410,sms,2025-01-25 07:47:41,PER_000084,PER_000051,PH_000238,,,,LOC_000043,,,inbound,completed,atm,
EVT_005513,transaction,2025-01-25 09:52:50,PER_000071,PER_000007,,DEV_000110,IP_000054,ACC_000071,LOC_000005,1846.24,,internal,completed,web,deposit
EVT_004283,transaction,2025-01-25 10:20:24,PER_000093,PER_000007,,DEV_000120,IP_000025,ACC_000093,LOC_000071,112711.77,,internal,completed,mobile_app,payment
EVT_001792,transaction,2025-01-25 10:34:39,PER_000001,PER_000096,,DEV_000004,IP_000078,ACC_000101,LOC_000029,121269.75,,inbound,completed,mobile_app,p2p
EVT_005522,sms,2025-01-25 11:30:42,PER_000052,PER_000088,PH_000105,,,,LOC_000071,,,inbound,completed,pos,
EVT_002911,transaction,2025-01-25 11:54:35,PER_000062,PER_000071,,DEV_000090,IP_000084,ACC_000062,LOC_000070,97412.77,,internal,completed,mobile_app,transfer
EVT_001168,login,2025-01-25 12:10:36,PER_000061,,PH_000061,DEV_000099,IP_000100,,LOC_000062,,,,completed,ussd,
EVT_004192,sms,2025-01-25 13:44:37,PER_000087,PER_000042,PH_000294,,,,LOC_000099,,,outbound,completed,ussd,
EVT_002982,login,2025-01-25 14:15:12,PER_000001,,PH_000001,DEV_000008,IP_000065,,LOC_000029,,,,completed,web,
EVT_007124,location_ping,2025-01-25 15:24:24,PER_000084,,,DEV_000084,,,LOC_000043,,,,completed,ussd,
EVT_000088,location_ping,2025-01-25 15:35:59,PER_000001,,,DEV_000108,,,LOC_000100,,,,completed,mobile_app,
EVT_005421,call,2025-01-25 16:37:17,PER_000023,PER_000031,PH_000023,,,,LOC_000117,,555.0,internal,completed,pos,
EVT_004323,location_ping,2025-01-25 20:16:29,PER_000043,,,DEV_000001,,,LOC_000110,,,,completed,mobile_app,
EVT_004576,transaction,2025-01-26 05:35:00,PER_000018,PER_000061,,DEV_000083,IP_000005,ACC_000018,LOC_000001,215599.45,,outbound,completed,ussd,payment
EVT_001452,location_ping,2025-01-26 06:42:58,PER_000050,,,DEV_000059,,,LOC_000063,,,,completed,atm,
EVT_006025,login,2025-01-26 07:13:51,PER_000015,,PH_000015,DEV_000051,IP_000009,,LOC_000054,,,,completed,atm,
EVT_007143,sms,2025-01-26 07:35:39,PER_000021,PER_000052,PH_000021,,,,LOC_000037,,,inbound,completed,atm,
EVT_006842,transaction,2025-01-26 08:53:33,PER_000022,PER_000020,,DEV_000094,IP_000097,ACC_000022,LOC_000057,1710.04,,inbound,completed,api,transfer
EVT_007314,transaction,2025-01-26 10:05:02,PER_000028,PER_000027,,DEV_000002,IP_000052,ACC_000028,LOC_000003,908.54,,internal,completed,atm,payment
EVT_007244,location_ping,2025-01-26 10:07:48,PER_000002,,,DEV_000063,,,LOC_000032,,,,completed,mobile_app,
EVT_005019,login,2025-01-26 10:09:07,PER_000008,,PH_000008,DEV_000076,IP_000013,,LOC_000077,,,,completed,mobile_app,
EVT_005793,sms,2025-01-26 10:32:51,PER_000045,PER_000002,PH_000169,,,,LOC_000004,,,outbound,completed,pos,
EVT_000190,location_ping,2025-01-26 10:35:25,PER_000087,,,DEV_000011,,,LOC_000099,,,,completed,mobile_app,
EVT_007388,transaction,2025-01-26 12:03:16,PER_000048,PER_000062,,DEV_000111,IP_000020,ACC_000148,LOC_000025,2197.08,,internal,completed,pos,p2p
EVT_001566,call,2025-01-26 13:25:36,PER_000062,PER_000096,PH_000213,,,,LOC_000033,,276.0,internal,completed,api,
EVT_006147,sms,2025-01-26 13:51:26,PER_000003,PER_000100,PH_000221,,,,LOC_000054,,,internal,completed,mobile_app,
EVT_006889,call,2025-01-26 14:12:08,PER_000023,PER_000049,PH_000234,,,,LOC_000117,,1172.0,inbound,completed,web,
EVT_005182,transaction,2025-01-26 15:50:01,PER_000054,PER_000036,,DEV_000106,IP_000021,ACC_000054,LOC_000030,3543.35,,internal,completed,mobile_app,deposit
EVT_001819,transaction,2025-01-26 20:12:25,PER_000030,PER_000070,,DEV_000015,IP_000042,ACC_000130,LOC_000108,3350.29,,internal,completed,ussd,transfer
EVT_002709,login,2025-01-26 21:03:55,PER_000009,,PH_000009,DEV_000018,IP_000064,,LOC_000107,,,,completed,ussd,
EVT_000189,sms,2025-01-26 21:43:46,PER_000024,PER_000059,PH_000024,,,,LOC_000083,,,outbound,completed,mobile_app,
EVT_005605,sms,2025-01-26 22:12:02,PER_000007,PER_000036,PH_000007,,,,LOC_000059,,,internal,completed,web,
EVT_001837,login,2025-01-27 02:07:35,PER_000018,,PH_000018,DEV_000032,IP_000063,,LOC_000001,,,,completed,web,
EVT_003735,sms,2025-01-27 06:58:48,PER_000084,PER_000025,PH_000084,,,,LOC_000070,,,inbound,completed,web,
EVT_001884,transaction,2025-01-27 08:26:38,PER_000028,PER_000086,,DEV_000085,IP_000024,ACC_000128,LOC_000003,1527.05,,inbound,completed,ussd,deposit
EVT_005353,login,2025-01-27 09:05:42,PER_000089,,PH_000282,DEV_000015,IP_000119,,LOC_000039,,,,completed,api,
EVT_003271,call,2025-01-27 09:21:54,PER_000059,PER_000096,PH_000180,,,,LOC_000071,,597.0,outbound,completed,api,
EVT_002322,location_ping,2025-01-27 10:48:43,PER_000074,,,DEV_000062,,,LOC_000106,,,,completed,mobile_app,
EVT_003480,login,2025-01-27 11:31:03,PER_000082,,PH_000149,DEV_000110,IP_000004,,LOC_000082,,,,completed,atm,
EVT_005231,sms,2025-01-27 12:00:40,PER_000019,PER_000010,PH_000019,,,,LOC_000046,,,inbound,completed,pos,
EVT_006688,transaction,2025-01-27 12:15:23,PER_000042,PER_000016,,DEV_000098,IP_000072,ACC_000142,LOC_000033,601.61,,outbound,completed,pos,payment
EVT_005776,sms,2025-01-27 13:34:36,PER_000098,PER_000089,PH_000098,,,,LOC_000007,,,outbound,completed,api,
EVT_006037,call,2025-01-27 13:42:46,PER_000024,PER_000018,PH_000024,,,,LOC_000083,,1200.0,internal,completed,pos,
EVT_001054,sms,2025-01-27 16:00:30,PER_000090,PER_000023,PH_000090,,,,LOC_000027,,,inbound,completed,api,
EVT_006635,transaction,2025-01-27 16:01:13,PER_000059,PER_000057,,DEV_000051,IP_000006,ACC_000059,LOC_000071,94435.93,,inbound,completed,ussd,deposit
EVT_002849,call,2025-01-27 16:50:17,PER_000087,PER_000002,PH_000294,,,,LOC_000099,,183.0,inbound,completed,ussd,
EVT_006379,transaction,2025-01-27 17:47:34,PER_000077,PER_000090,,DEV_000052,IP_000081,ACC_000077,LOC_000035,1111.78,,inbound,completed,mobile_app,p2p
EVT_004584,login,2025-01-27 18:02:29,PER_000084,,PH_000084,DEV_000077,IP_000104,,LOC_000043,,,,completed,api,
EVT_005356,sms,2025-01-27 18:47:40,PER_000094,PER_000041,PH_000198,,,,LOC_000060,,,inbound,completed,web,
EVT_005233,login,2025-01-27 19:15:41,PER_000027,,PH_000027,DEV_000028,IP_000053,,LOC_000097,,,,completed,ussd,
EVT_001773,transaction,2025-01-28 05:08:57,PER_000091,PER_000064,,DEV_000002,IP_000002,ACC_000091,LOC_000057,2285.93,,inbound,completed,pos,deposit
EVT_001759,location_ping,2025-01-28 05:20:46,PER_000087,,,DEV_000016,,,LOC_000099,,,,completed,ussd,
EVT_007321,transaction,2025-01-28 07:24:14,PER_000002,PER_000024,,DEV_000105,IP_000051,ACC_000102,LOC_000032,192771.41,,internal,completed,web,p2p
EVT_002902,location_ping,2025-01-28 07:58:34,PER_000026,,,DEV_000069,,,LOC_000059,,,,completed,api,
EVT_005123,call,2025-01-28 11:40:56,PER_000093,PER_000023,PH_000225,,,,LOC_000071,,991.0,internal,completed,atm,
EVT_000371,login,2025-01-28 13:12:09,PER_000085,,PH_000085,DEV_000030,IP_000024,,LOC_000085,,,,completed,mobile_app,
EVT_006661,sms,2025-01-28 14:36:40,PER_000050,PER_000087,PH_000117,,,,LOC_000058,,,outbound,completed,mobile_app,
EVT_000210,location_ping,2025-01-28 16:44:33,PER_000062,,,DEV_000060,,,LOC_000033,,,,completed,ussd,
EVT_003270,sms,2025-01-28 17:33:43,PER_000061,PER_000059,PH_000061,,,,LOC_000062,,,internal,completed,mobile_app,
EVT_000281,transaction,2025-01-28 18:12:07,PER_000027,PER_000050,,DEV_000064,IP_000023,ACC_000027,LOC_000097,251042.02,,outbound,completed,web,deposit
EVT_002055,location_ping,2025-01-28 18:25:33,PER_000075,,,DEV_000090,,,LOC_000102,,,,completed,api,
EVT_006821,transaction,2025-01-28 21:23:15,PER_000094,PER_000088,,DEV_000017,IP_000119,ACC_000094,LOC_000060,2506.84,,inbound,completed,web,payment
EVT_004872,login,2025-01-28 22:57:32,PER_000048,,PH_000048,DEV_000022,IP_000065,,LOC_000034,,,,completed,web,
EVT_001164,location_ping,2025-01-29 02:39:41,PER_000049,,,DEV_000002,,,LOC_000072,,,,completed,ussd,
EVT_005129,transaction,2025-01-29 06:42:47,PER_000093,PER_000037,,DEV_000072,IP_000093,ACC_000093,LOC_000071,77193.43,,outbound,completed,pos,payment
EVT_004678,location_ping,2025-01-29 08:16:18,PER_000059,,,DEV_000042,,,LOC_000071,,,,completed,pos,
EVT_003793,transaction,2025-01-29 09:57:49,PER_000049,PER_000070,,DEV_000002,IP_000002,ACC_000149,LOC_000072,324.98,,outbound,completed,atm,payment
EVT_007263,transaction,2025-01-29 10:24:48,PER_000020,PER_000028,,DEV_000106,IP_000037,ACC_000120,LOC_000009,4155.87,,inbound,completed,web,deposit
EVT_006225,call,2025-01-29 10:45:31,PER_000051,PER_000072,PH_000246,,,,LOC_000052,,215.0,inbound,completed,web,
EVT_002119,call,2025-01-29 12:12:34,PER_000092,PER_000009,PH_000161,,,,LOC_000091,,369.0,internal,completed,api,
EVT_000377,transaction,2025-01-29 15:47:04,PER_000037,PER_000072,,DEV_000012,IP_000052,ACC_000137,LOC_000101,3837.77,,outbound,completed,pos,transfer
EVT_004200,login,2025-01-29 17:29:03,PER_000050,,PH_000117,DEV_000106,IP_000117,,LOC_000058,,,,completed,api,
EVT_000444,login,2025-01-29 19:19:39,PER_000008,,PH_000135,DEV_000009,IP_000014,,LOC_000077,,,,completed,atm,
EVT_000691,call,2025-01-29 21:01:49,PER_000024,PER_000016,PH_000024,,,,LOC_000083,,787.0,inbound,completed,web,
EVT_007214,sms,2025-01-30 05:47:48,PER_000024,PER_000042,PH_000024,,,,LOC_000083,,,outbound,completed,pos,
EVT_005504,call,2025-01-30 06:54:51,PER_000060,PER_000092,PH_000060,,,,LOC_000014,,57.0,outbound,completed,web,
EVT_001141,sms,2025-01-30 07:04:19,PER_000045,PER_000079,PH_000115,,,,LOC_000082,,,inbound,completed,ussd,
EVT_006389,transaction,2025-01-30 09:01:35,PER_000016,PER_000024,,DEV_000017,IP_000115,ACC_000116,LOC_000054,2183.54,,internal,completed,ussd,withdrawal
EVT_000472,login,2025-01-30 09:23:33,PER_000009,,PH_000009,DEV_000022,IP_000042,,LOC_000107,,,,completed,web,
EVT_005529,transaction,2025-01-30 09:50:35,PER_000073,PER_000026,,DEV_000120,IP_000085,ACC_000073,LOC_000015,2355.88,,outbound,completed,atm,withdrawal
EVT_002353,transaction,2025-01-30 11:44:54,PER_000042,PER_000024,,DEV_000023,IP_000044,ACC_000042,LOC_000060,208492.88,,outbound,completed,web,transfer
EVT_006802,login,2025-01-30 12:21:22,PER_000100,,PH_000251,DEV_000095,IP_000005,,LOC_000108,,,,completed,api,
EVT_000871,login,2025-01-30 12:40:06,PER_000056,,PH_000253,DEV_000108,IP_000093,,LOC_000082,,,,completed,ussd,
EVT_000003,sms,2025-01-30 15:15:05,PER_000050,PER_000015,PH_000261,,,,LOC_000058,,,internal,completed,api,
EVT_001974,sms,2025-01-30 15:56:41,PER_000052,PER_000091,PH_000163,,,,LOC_000109,,,outbound,completed,api,
EVT_005253,sms,2025-01-30 16:30:52,PER_000022,PER_000062,PH_000022,,,,LOC_000084,,,inbound,completed,pos,
EVT_007261,transaction,2025-01-30 17:31:24,PER_000093,PER_000052,,DEV_000032,IP_000090,ACC_000093,LOC_000071,808.16,,inbound,completed,web,p2p
EVT_004442,call,2025-01-30 17:46:40,PER_000018,PER_000016,PH_000018,,,,LOC_000001,,540.0,outbound,completed,web,
EVT_007029,transaction,2025-01-30 18:16:26,PER_000018,PER_000027,,DEV_000062,IP_000010,ACC_000018,LOC_000001,295488.57,,inbound,completed,web,payment
EVT_000424,call,2025-01-30 18:19:24,PER_000024,PER_000016,PH_000024,,,,LOC_000083,,429.0,outbound,completed,web,
EVT_006602,call,2025-01-30 19:05:51,PER_000074,PER_000082,PH_000074,,,,LOC_000106,,958.0,internal,completed,api,
EVT_002411,location_ping,2025-01-30 20:13:52,PER_000005,,,DEV_000065,,,LOC_000100,,,,completed,web,
EVT_003394,transaction,2025-01-30 21:24:37,PER_000073,PER_000034,,DEV_000054,IP_000097,ACC_000073,LOC_000015,3328.2,,inbound,completed,pos,deposit
EVT_007238,sms,2025-01-31 06:29:18,PER_000057,PER_000039,PH_000270,,,,LOC_000030,,,inbound,completed,api,
EVT_007085,call,2025-01-31 07:53:55,PER_000073,PER_000012,PH_000073,,,,LOC_000015,,186.0,outbound,completed,mobile_app,
EVT_007471,sms,2025-01-31 09:08:44,PER_000055,PER_000086,PH_000191,,,,LOC_000016,,,internal,completed,atm,
EVT_004943,call,2025-01-31 10:16:19,PER_000061,PER_000076,PH_000061,,,,LOC_000062,,883.0,inbound,completed,pos,
EVT_004229,transaction,2025-01-31 10:41:14,PER_000050,PER_000041,,DEV_000034,IP_000013,ACC_000050,LOC_000058,1692.03,,outbound,completed,mobile_app,payment
EVT_005493,call,2025-01-31 11:04:02,PER_000018,PER_000050,PH_000018,,,,LOC_000001,,85.0,outbound,completed,api,
EVT_004513,location_ping,2025-01-31 11:42:44,PER_000062,,,DEV_000071,,,LOC_000033,,,,completed,api,
EVT_000171,call,2025-01-31 13:22:41,PER_000098,PER_000020,PH_000098,,,,LOC_000096,,726.0,internal,completed,ussd,
EVT_006958,sms,2025-01-31 13:41:27,PER_000059,PER_000016,PH_000059,,,,LOC_000071,,,outbound,completed,atm,
EVT_007092,location_ping,2025-01-31 14:37:17,PER_000042,,,DEV_000020,,,LOC_000092,,,,completed,atm,
EVT_004401,location_ping,2025-01-31 14:50:57,PER_000022,,,DEV_000100,,,LOC_000107,,,,completed,ussd,
EVT_003320,login,2025-01-31 15:49:48,PER_000091,,PH_000296,DEV_000002,IP_000002,,LOC_000057,,,,completed,web,
EVT_005802,login,2025-01-31 16:07:12,PER_000016,,PH_000016,DEV_000065,IP_000069,,LOC_000054,,,,completed,web,
EVT_007071,sms,2025-01-31 19:13:31,PER_000083,PER_000069,PH_000186,,,,LOC_000053,,,inbound,completed,api,
EVT_006965,transaction,2025-01-31 19:15:50,PER_000042,PER_000072,,DEV_000113,IP_000056,ACC_000042,LOC_000060,3609.33,,outbound,completed,atm,payment
EVT_001548,call,2025-01-31 19:39:30,PER_000083,PER_000093,PH_000203,,,,LOC_000053,,968.0,internal,completed,atm,
EVT_006104,location_ping,2025-01-31 21:30:50,PER_000056,,,DEV_000110,,,LOC_000036,,,,completed,web,
EVT_005870,sms,2025-02-01 03:27:54,PER_000062,PER_000099,PH_000062,,,,LOC_000033,,,inbound,completed,web,
EVT_005041,location_ping,2025-02-01 03:49:22,PER_000047,,,DEV_000062,,,LOC_000113,,,,completed,ussd,
EVT_003334,transaction,2025-02-01 03:49:27,PER_000042,PER_000018,,DEV_000043,IP_000092,ACC_000042,LOC_000060,404850.2,,internal,completed,pos,transfer
EVT_001874,call,2025-02-01 10:04:55,PER_000027,PER_000042,PH_000027,,,,LOC_000012,,36.0,inbound,completed,web,
EVT_004711,transaction,2025-02-01 10:39:24,PER_000057,PER_000070,,DEV_000034,IP_000089,ACC_000057,LOC_000030,435.91,,internal,completed,ussd,payment
EVT_002717,sms,2025-02-01 10:44:24,PER_000079,PER_000033,PH_000079,,,,LOC_000004,,,outbound,completed,pos,
EVT_007258,login,2025-02-01 12:33:50,PER_000064,,PH_000101,DEV_000077,IP_000047,,LOC_000020,,,,completed,mobile_app,
EVT_002384,sms,2025-02-01 12:36:28,PER_000018,PER_000024,PH_000018,,,,LOC_000001,,,inbound,completed,web,
EVT_001475,location_ping,2025-02-01 14:03:28,PER_000093,,,DEV_000069,,,LOC_000071,,,,completed,pos,
EVT_005815,login,2025-02-01 15:05:21,PER_000077,,PH_000271,DEV_000119,IP_000020,,LOC_000081,,,,completed,pos,
EVT_006881,location_ping,2025-02-01 18:08:45,PER_000048,,,DEV_000059,,,LOC_000025,,,,completed,mobile_app,
EVT_001858,location_ping,2025-02-01 18:39:58,PER_000024,,,DEV_000054,,,LOC_000083,,,,completed,atm,
EVT_006792,location_ping,2025-02-01 19:17:17,PER_000082,,,DEV_000001,,,LOC_000115,,,,completed,web,
EVT_006083,transaction,2025-02-01 21:03:33,PER_000019,PER_000095,,DEV_000087,IP_000078,ACC_000019,LOC_000045,1141.59,,outbound,completed,web,withdrawal
EVT_004914,login,2025-02-01 21:05:13,PER_000095,,PH_000095,DEV_000009,IP_000075,,LOC_000120,,,,completed,pos,
EVT_005207,location_ping,2025-02-01 21:30:55,PER_000006,,,DEV_000073,,,LOC_000060,,,,completed,mobile_app,
EVT_003885,transaction,2025-02-01 23:09:39,PER_000018,PER_000100,,DEV_000105,IP_000114,ACC_000018,LOC_000001,368224.79,,internal,completed,pos,p2p
EVT_002771,sms,2025-02-02 02:18:36,PER_000025,PER_000079,PH_000132,,,,LOC_000007,,,outbound,completed,mobile_app,
EVT_004203,transaction,2025-02-02 05:11:43,PER_000016,PER_000050,,DEV_000026,IP_000073,ACC_000116,LOC_000054,3477.26,,outbound,completed,ussd,deposit
EVT_006245,transaction,2025-02-02 05:33:20,PER_000062,PER_000098,,DEV_000009,IP_000086,ACC_000062,LOC_000033,4383.24,,inbound,completed,api,transfer
EVT_007446,location_ping,2025-02-02 06:07:06,PER_000010,,,DEV_000075,,,LOC_000034,,,,completed,atm,
EVT_006314,location_ping,2025-02-02 10:17:45,PER_000062,,,DEV_000011,,,LOC_000086,,,,completed,web,
EVT_005680,transaction,2025-02-02 12:27:50,PER_000016,PER_000027,,DEV_000075,IP_000064,ACC_000016,LOC_000054,634.14,,outbound,completed,mobile_app,transfer
EVT_004713,location_ping,2025-02-02 13:05:50,PER_000002,,,DEV_000003,,,LOC_000032,,,,completed,pos,
EVT_005481,transaction,2025-02-02 13:26:19,PER_000027,PER_000016,,DEV_000067,IP_000069,ACC_000027,LOC_000097,1145.88,,outbound,completed,pos,transfer
EVT_000135,call,2025-02-02 14:16:14,PER_000056,PER_000048,PH_000056,,,,LOC_000052,,1082.0,internal,completed,ussd,
EVT_005458,login,2025-02-02 14:59:19,PER_000070,,PH_000188,DEV_000109,IP_000027,,LOC_000001,,,,completed,pos,
EVT_004695,call,2025-02-02 15:07:28,PER_000089,PER_000042,PH_000282,,,,LOC_000047,,522.0,inbound,completed,atm,
EVT_000119,sms,2025-02-02 15:16:23,PER_000073,PER_000030,PH_000073,,,,LOC_000015,,,outbound,completed,pos,
EVT_006353,call,2025-02-02 16:38:55,PER_000050,PER_000024,PH_000050,,,,LOC_000058,,1157.0,inbound,completed,ussd,
EVT_005062,transaction,2025-02-02 17:00:33,PER_000047,PER_000069,,DEV_000082,IP_000105,ACC_000047,LOC_000113,1241.4,,internal,completed,web,payment
EVT_006512,transaction,2025-02-02 18:49:23,PER_000077,PER_000021,,DEV_000046,IP_000076,ACC_000077,LOC_000119,2853.24,,outbound,completed,web,p2p
EVT_001439,transaction,2025-02-02 19:29:16,PER_000057,PER_000025,,DEV_000039,IP_000027,ACC_000057,LOC_000030,4263.41,,internal,completed,mobile_app,deposit
EVT_003943,call,2025-02-02 20:13:22,PER_000040,PER_000002,PH_000181,,,,LOC_000047,,358.0,inbound,completed,pos,
EVT_003831,location_ping,2025-02-02 20:56:05,PER_000036,,,DEV_000043,,,LOC_000090,,,,completed,api,
EVT_002301,sms,2025-02-03 05:44:41,PER_000045,PER_000073,PH_000108,,,,LOC_000004,,,outbound,completed,pos,
EVT_003464,login,2025-02-03 07:55:07,PER_000087,,PH_000294,DEV_000012,IP_000028,,LOC_000099,,,,completed,mobile_app,
EVT_004235,sms,2025-02-03 11:11:55,PER_000042,PER_000007,PH_000042,,,,LOC_000060,,,inbound,completed,web,
EVT_005116,location_ping,2025-02-03 11:42:11,PER_000029,,,DEV_000018,,,LOC_000100,,,,completed,web,
EVT_005280,login,2025-02-03 11:46:38,PER_000019,,PH_000019,DEV_000019,IP_000052,,LOC_000069,,,,completed,ussd,
EVT_003664,transaction,2025-02-03 12:00:13,PER_000073,PER_000010,,DEV_000040,IP_000009,ACC_000073,LOC_000086,645.38,,internal,completed,mobile_app,payment
EVT_005007,login,2025-02-03 13:06:49,PER_000050,,PH_000248,DEV_000120,IP_000045,,LOC_000058,,,,completed,web,
EVT_002876,transaction,2025-02-03 13:43:17,PER_000068,PER_000021,,DEV_000019,IP_000114,ACC_000068,LOC_000081,2203.05,,inbound,completed,mobile_app,transfer
EVT_001275,login,2025-02-03 14:49:33,PER_000061,,PH_000061,DEV_000090,IP_000034,,LOC_000062,,,,completed,api,
EVT_006619,location_ping,2025-02-03 15:19:12,PER_000023,,,DEV_000019,,,LOC_000034,,,,completed,ussd,
EVT_006233,location_ping,2025-02-03 15:42:29,PER_000095,,,DEV_000040,,,LOC_000120,,,,completed,mobile_app,
EVT_005288,transaction,2025-02-03 17:18:10,PER_000023,PER_000099,,DEV_000113,IP_000013,ACC_000023,LOC_000117,314.43,,inbound,completed,web,withdrawal
EVT_005553,login,2025-02-03 20:25:15,PER_000018,,PH_000018,DEV_000006,IP_000044,,LOC_000001,,,,completed,ussd,
EVT_003686,login,2025-02-03 22:01:31,PER_000036,,PH_000036,DEV_000045,IP_000024,,LOC_000090,,,,completed,atm,
EVT_006366,login,2025-02-03 22:37:37,PER_000008,,PH_000008,DEV_000047,IP_000062,,LOC_000077,,,,completed,pos,
EVT_005140,call,2025-02-04 06:26:21,PER_000025,PER_000091,PH_000132,,,,LOC_000007,,200.0,internal,completed,pos,
EVT_001953,location_ping,2025-02-04 11:37:22,PER_000042,,,DEV_000042,,,LOC_000060,,,,completed,mobile_app,
EVT_005279,location_ping,2025-02-04 11:45:18,PER_000027,,,DEV_000045,,,LOC_000101,,,,completed,ussd,
EVT_002583,call,2025-02-04 11:57:29,PER_000042,PER_000088,PH_000042,,,,LOC_000060,,703.0,inbound,completed,mobile_app,
EVT_007417,sms,2025-02-04 12:01:32,PER_000073,PER_000028,PH_000175,,,,LOC_000015,,,inbound,completed,mobile_app,
EVT_002823,sms,2025-02-04 13:16:12,PER_000073,PER_000082,PH_000162,,,,LOC_000073,,,inbound,completed,api,
EVT_003654,login,2025-02-04 13:33:25,PER_000073,,PH_000116,DEV_000053,IP_000053,,LOC_000015,,,,completed,ussd,
EVT_002737,login,2025-02-04 14:24:32,PER_000062,,PH_000062,DEV_000116,IP_000078,,LOC_000033,,,,completed,api,
EVT_004950,location_ping,2025-02-04 14:39:14,PER_000087,,,DEV_000110,,,LOC_000099,,,,completed,atm,
EVT_002678,transaction,2025-02-04 14:54:47,PER_000062,PER_000017,,DEV_000082,IP_000096,ACC_000062,LOC_000033,1198.89,,internal,completed,atm,deposit
EVT_001005,sms,2025-02-04 15:30:32,PER_000066,PER_000010,PH_000125,,,,LOC_000049,,,outbound,completed,atm,
EVT_005923,sms,2025-02-04 16:31:18,PER_000073,PER_000087,PH_000073,,,,LOC_000073,,,internal,completed,mobile_app,
EVT_004794,sms,2025-02-04 16:38:52,PER_000071,PER_000039,PH_000071,,,,LOC_000005,,,outbound,completed,api,
EVT_002215,login,2025-02-04 17:13:33,PER_000018,,PH_000018,DEV_000120,IP_000053,,LOC_000001,,,,completed,pos,
EVT_005494,call,2025-02-04 17:38:40,PER_000074,PER_000094,PH_000274,,,,LOC_000106,,267.0,internal,completed,atm,
EVT_002427,login,2025-02-04 19:34:26,PER_000084,,PH_000238,DEV_000084,IP_000021,,LOC_000043,,,,completed,atm,
EVT_002385,call,2025-02-04 20:21:43,PER_000060,PER_000014,PH_000060,,,,LOC_000014,,648.0,inbound,completed,mobile_app,
EVT_007221,sms,2025-02-04 20:53:33,PER_000042,PER_000087,PH_000042,,,,LOC_000044,,,inbound,completed,atm,
EVT_001017,call,2025-02-05 00:17:06,PER_000007,PER_000072,PH_000211,,,,LOC_000088,,96.0,outbound,completed,pos,
EVT_005839,login,2025-02-05 05:14:27,PER_000059,,PH_000137,DEV_000106,IP_000111,,LOC_000048,,,,completed,pos,
EVT_004383,login,2025-02-05 05:43:59,PER_000049,,PH_000197,DEV_000002,IP_000002,,LOC_000072,,,,completed,mobile_app,
EVT_003445,sms,2025-02-05 07:42:32,PER_000001,PER_000090,PH_000001,,,,LOC_000029,,,inbound,completed,pos,
EVT_004754,location_ping,2025-02-05 08:25:09,PER_000091,,,DEV_000002,,,LOC_000057,,,,completed,atm,
EVT_000009,login,2025-02-05 10:56:29,PER_000006,,PH_000121,DEV_000100,IP_000109,,LOC_000060,,,,completed,ussd,
EVT_002104,call,2025-02-05 11:03:47,PER_000093,PER_000032,PH_000142,,,,LOC_000071,,1042.0,outbound,completed,web,
EVT_005757,call,2025-02-05 12:14:56,PER_000016,PER_000042,PH_000016,,,,LOC_000014,,941.0,outbound,completed,pos,
EVT_004647,transaction,2025-02-05 14:51:31,PER_000022,PER_000056,,DEV_000118,IP_000101,ACC_000122,LOC_000006,917.93,,inbound,completed,api,p2p
EVT_004315,location_ping,2025-02-05 15:00:39,PER_000087,,,DEV_000063,,,LOC_000099,,,,completed,web,
EVT_006941,location_ping,2025-02-05 15:22:34,PER_000052,,,DEV_000020,,,LOC_000071,,,,completed,web,
EVT_007396,location_ping,2025-02-05 16:39:03,PER_000093,,,DEV_000106,,,LOC_000071,,,,completed,web,
EVT_004535,location_ping,2025-02-05 17:53:44,PER_000093,,,DEV_000101,,,LOC_000071,,,,completed,mobile_app,
EVT_003141,sms,2025-02-05 18:06:26,PER_000014,PER_000091,PH_000014,,,,LOC_000050,,,internal,completed,mobile_app,
EVT_002198,location_ping,2025-02-05 18:47:55,PER_000016,,,DEV_000072,,,LOC_000054,,,,completed,ussd,
EVT_002627,transaction,2025-02-05 20:03:56,PER_000074,PER_000012,,DEV_000023,IP_000081,ACC_000074,LOC_000106,3074.05,,internal,completed,pos,transfer
EVT_006409,login,2025-02-05 20:30:27,PER_000062,,PH_000062,DEV_000052,IP_000073,,LOC_000033,,,,completed,mobile_app,
EVT_002481,login,2025-02-05 21:04:26,PER_000090,,PH_000090,DEV_000016,IP_000014,,LOC_000027,,,,completed,web,
EVT_000430,location_ping,2025-02-05 21:19:05,PER_000093,,,DEV_000090,,,LOC_000071,,,,completed,atm,
EVT_006004,location_ping,2025-02-06 04:51:40,PER_000067,,,DEV_000081,,,LOC_000040,,,,completed,web,
EVT_002767,sms,2025-02-06 05:05:19,PER_000087,PER_000016,PH_000087,,,,LOC_000065,,,outbound,completed,pos,
EVT_004760,transaction,2025-02-06 07:40:01,PER_000073,PER_000098,,DEV_000058,IP_000045,ACC_000073,LOC_000015,1846.46,,inbound,completed,pos,p2p
EVT_002693,call,2025-02-06 10:11:05,PER_000073,PER_000091,PH_000244,,,,LOC_000015,,429.0,internal,completed,api,
EVT_005781,transaction,2025-02-06 11:54:14,PER_000089,PER_000011,,DEV_000114,IP_000099,ACC_000089,LOC_000047,3507.15,,inbound,completed,pos,withdrawal
EVT_002979,login,2025-02-06 14:19:08,PER_000027,,PH_000245,DEV_000096,IP_000022,,LOC_000097,,,,completed,ussd,
EVT_003630,location_ping,2025-02-06 15:00:43,PER_000018,,,DEV_000086,,,LOC_000001,,,,completed,pos,
EVT_007058,transaction,2025-02-06 15:08:20,PER_000073,PER_000041,,DEV_000044,IP_000061,ACC_000073,LOC_000118,229.35,,outbound,completed,mobile_app,deposit
EVT_007291,location_ping,2025-02-06 17:41:35,PER_000007,,,DEV_000030,,,LOC_000059,,,,completed,api,
EVT_005196,login,2025-02-06 17:56:18,PER_000024,,PH_000024,DEV_000106,IP_000090,,LOC_000083,,,,completed,mobile_app,
EVT_000708,login,2025-02-06 18:41:27,PER_000042,,PH_000199,DEV_000019,IP_000004,,LOC_000060,,,,completed,atm,
EVT_002444,location_ping,2025-02-06 20:44:10,PER_000018,,,DEV_000070,,,LOC_000001,,,,completed,pos,
EVT_005951,login,2025-02-06 21:24:04,PER_000097,,PH_000097,DEV_000016,IP_000084,,LOC_000059,,,,completed,ussd,
EVT_005669,sms,2025-02-07 04:41:37,PER_000071,PER_000091,PH_000071,,,,LOC_000005,,,inbound,completed,web,
EVT_006336,login,2025-02-07 10:52:33,PER_000066,,PH_000125,DEV_000082,IP_000085,,LOC_000049,,,,completed,web,
EVT_005646,call,2025-02-07 12:34:26,PER_000073,PER_000077,PH_000244,,,,LOC_000015,,251.0,internal,completed,mobile_app,
EVT_005746,login,2025-02-07 12:57:39,PER_000059,,PH_000137,DEV_000081,IP_000002,,LOC_000071,,,,completed,web,
EVT_002915,sms,2025-02-07 12:59:12,PER_000059,PER_000032,PH_000180,,,,LOC_000071,,,outbound,completed,atm,
EVT_006240,sms,2025-02-07 13:13:33,PER_000030,PER_000057,PH_000030,,,,LOC_000108,,,inbound,completed,mobile_app,
EVT_000905,transaction,2025-02-07 13:45:13,PER_000092,PER_000064,,DEV_000074,IP_000082,ACC_000092,LOC_000091,4160.54,,outbound,completed,pos,transfer
EVT_005141,location_ping,2025-02-07 15:26:25,PER_000048,,,DEV_000043,,,LOC_000025,,,,completed,mobile_app,
EVT_004756,login,2025-02-07 16:37:29,PER_000021,,PH_000103,DEV_000096,IP_000051,,LOC_000086,,,,completed,atm,
EVT_001060,sms,2025-02-07 17:18:49,PER_000017,PER_000044,PH_000017,,,,LOC_000116,,,internal,completed,web,
EVT_005578,call,2025-02-07 22:21:05,PER_000027,PER_000051,PH_000245,,,,LOC_000103,,316.0,internal,completed,atm,
EVT_006511,transaction,2025-02-08 05:29:53,PER_000001,PER_000038,,DEV_000017,IP_000017,ACC_000001,LOC_000069,1246.95,,inbound,completed,pos,withdrawal
EVT_003295,transaction,2025-02-08 07:07:26,PER_000020,PER_000037,,DEV_000035,IP_000098,ACC_000020,LOC_000056,3765.43,,internal,completed,api,transfer
EVT_003558,call,2025-02-08 07:13:42,PER_000093,PER_000058,PH_000093,,,,LOC_000071,,168.0,outbound,completed,atm,
EVT_003515,location_ping,2025-02-08 08:45:15,PER_000001,,,DEV_000104,,,LOC_000029,,,,completed,pos,
EVT_000643,call,2025-02-08 09:31:03,PER_000027,PER_000050,PH_000027,,,,LOC_000097,,442.0,inbound,completed,web,
EVT_002185,sms,2025-02-08 11:16:40,PER_000059,PER_000086,PH_000137,,,,LOC_000071,,,outbound,completed,web,
EVT_002180,call,2025-02-08 11:17:12,PER_000079,PER_000007,PH_000079,,,,LOC_000004,,479.0,inbound,completed,api,
EVT_007140,login,2025-02-08 13:26:04,PER_000042,,PH_000199,DEV_000002,IP_000019,,LOC_000060,,,,completed,pos,
EVT_004238,sms,2025-02-08 13:48:30,PER_000051,PER_000062,PH_000246,,,,LOC_000052,,,inbound,completed,web,
EVT_001758,transaction,2025-02-08 14:13:15,PER_000062,PER_000077,,DEV_000040,IP_000057,ACC_000062,LOC_000033,110001.18,,inbound,completed,pos,deposit
EVT_004717,login,2025-02-08 14:29:19,PER_000087,,PH_000087,DEV_000053,IP_000119,,LOC_000099,,,,completed,pos,
EVT_006373,location_ping,2025-02-08 15:31:51,PER_000034,,,DEV_000109,,,LOC_000075,,,,completed,web,
EVT_003550,location_ping,2025-02-08 15:43:59,PER_000010,,,DEV_000103,,,LOC_000034,,,,completed,atm,
EVT_000977,transaction,2025-02-08 17:17:26,PER_000095,PER_000084,,DEV_000039,IP_000099,ACC_000095,LOC_000039,4186.61,,inbound,completed,mobile_app,payment
EVT_002190,call,2025-02-08 20:16:42,PER_000022,PER_000068,PH_000022,,,,LOC_000035,,242.0,outbound,completed,web,
EVT_000726,sms,2025-02-08 21:20:10,PER_000011,PER_000066,PH_000174,,,,LOC_000063,,,outbound,completed,atm,
EVT_002396,login,2025-02-08 21:41:33,PER_000059,,PH_000180,DEV_000005,IP_000043,,LOC_000071,,,,completed,pos,
EVT_001382,sms,2025-02-09 05:05:45,PER_000005,PER_000048,PH_000005,,,,LOC_000035,,,inbound,completed,atm,
EVT_006341,call,2025-02-09 05:13:32,PER_000057,PER_000026,PH_000270,,,,LOC_000030,,833.0,inbound,completed,atm,
EVT_000711,call,2025-02-09 05:59:14,PER_000084,PER_000073,PH_000238,,,,LOC_000043,,120.0,internal,completed,web,
EVT_002115,transaction,2025-02-09 06:32:43,PER_000059,PER_000025,,DEV_000019,IP_000046,ACC_000059,LOC_000071,1581.44,,inbound,completed,pos,p2p
EVT_002684,location_ping,2025-02-09 06:47:52,PER_000093,,,DEV_000006,,,LOC_000071,,,,completed,ussd,
EVT_006894,transaction,2025-02-09 08:25:41,PER_000020,PER_000038,,DEV_000083,IP_000059,ACC_000120,LOC_000069,2706.92,,inbound,completed,mobile_app,p2p
EVT_002175,call,2025-02-09 11:29:22,PER_000013,PER_000080,PH_000013,,,,LOC_000041,,87.0,internal,completed,pos,
EVT_004141,login,2025-02-09 12:14:43,PER_000059,,PH_000059,DEV_000009,IP_000037,,LOC_000071,,,,completed,atm,
EVT_005603,location_ping,2025-02-09 12:15:31,PER_000095,,,DEV_000087,,,LOC_000006,,,,completed,atm,
EVT_000695,call,2025-02-09 14:16:34,PER_000085,PER_000027,PH_000085,,,,LOC_000110,,634.0,inbound,completed,mobile_app,
EVT_004082,transaction,2025-02-09 14:42:08,PER_000059,PER_000004,,DEV_000047,IP_000076,ACC_000059,LOC_000071,2710.04,,inbound,completed,atm,withdrawal
EVT_003449,sms,2025-02-09 15:18:52,PER_000087,PER_000002,PH_000294,,,,LOC_000035,,,internal,completed,pos,
EVT_003304,sms,2025-02-09 15:42:51,PER_000062,PER_000091,PH_000152,,,,LOC_000033,,,internal,completed,web,
EVT_005297,sms,2025-02-09 15:52:07,PER_000095,PER_000010,PH_000095,,,,LOC_000071,,,internal,completed,mobile_app,
EVT_007026,call,2025-02-09 16:48:17,PER_000062,PER_000018,PH_000152,,,,LOC_000033,,125.0,inbound,completed,atm,
EVT_003921,location_ping,2025-02-09 16:51:12,PER_000087,,,DEV_000003,,,LOC_000099,,,,completed,web,
EVT_001828,sms,2025-02-09 17:32:42,PER_000018,PER_000042,PH_000018,,,,LOC_000013,,,inbound,completed,mobile_app,
EVT_002057,sms,2025-02-09 19:30:39,PER_000016,PER_000044,PH_000016,,,,LOC_000054,,,outbound,completed,ussd,
EVT_001411,call,2025-02-09 19:36:49,PER_000062,PER_000088,PH_000152,,,,LOC_000033,,1195.0,outbound,completed,api,
EVT_000609,sms,2025-02-09 20:46:42,PER_000077,PER_000075,PH_000077,,,,LOC_000035,,,outbound,completed,pos,
EVT_001423,login,2025-02-10 02:07:56,PER_000087,,PH_000294,DEV_000018,IP_000073,,LOC_000099,,,,completed,mobile_app,
EVT_000042,transaction,2025-02-10 04:25:57,PER_000061,PER_000093,,DEV_000065,IP_000074,ACC_000061,LOC_000062,4375.16,,outbound,completed,pos,withdrawal
EVT_005065,location_ping,2025-02-10 04:51:53,PER_000073,,,DEV_000002,,,LOC_000015,,,,completed,mobile_app,
EVT_000234,location_ping,2025-02-10 06:59:48,PER_000086,,,DEV_000073,,,LOC_000012,,,,completed,api,
EVT_000961,login,2025-02-10 07:23:29,PER_000002,,PH_000002,DEV_000058,IP_000081,,LOC_000032,,,,completed,ussd,
EVT_000819,location_ping,2025-02-10 07:51:03,PER_000095,,,DEV_000073,,,LOC_000120,,,,completed,api,
EVT_007212,transaction,2025-02-10 09:32:30,PER_000001,PER_000028,,DEV_000096,IP_000109,ACC_000101,LOC_000060,2616.95,,inbound,completed,ussd,withdrawal
EVT_003008,location_ping,2025-02-10 10:27:16,PER_000042,,,DEV_000031,,,LOC_000060,,,,completed,atm,
EVT_004542,login,2025-02-10 10:58:33,PER_000001,,PH_000001,DEV_000020,IP_000023,,LOC_000029,,,,completed,ussd,
EVT_000587,sms,2025-02-10 11:15:04,PER_000062,PER_000002,PH_000213,,,,LOC_000033,,,inbound,completed,mobile_app,
EVT_001280,login,2025-02-10 11:27:43,PER_000016,,PH_000016,DEV_000030,IP_000107,,LOC_000054,,,,completed,atm,
EVT_000178,login,2025-02-10 13:29:51,PER_000059,,PH_000059,DEV_000047,IP_000072,,LOC_000071,,,,completed,api,
EVT_007243,login,2025-02-10 13:49:51,PER_000001,,PH_000001,DEV_000023,IP_000090,,LOC_000029,,,,completed,api,
EVT_003822,call,2025-02-10 13:58:45,PER_000016,PER_000087,PH_000016,,,,LOC_000054,,409.0,internal,completed,atm,
EVT_003337,location_ping,2025-02-10 14:52:46,PER_000096,,,DEV_000034,,,LOC_000107,,,,completed,atm,
EVT_006946,call,2025-02-10 15:36:45,PER_000079,PER_000054,PH_000079,,,,LOC_000004,,760.0,inbound,completed,mobile_app,
EVT_006439,location_ping,2025-02-10 17:02:11,PER_000027,,,DEV_000029,,,LOC_000097,,,,completed,mobile_app,
EVT_006654,call,2025-02-10 17:14:52,PER_000042,PER_000024,PH_000042,,,,LOC_000099,,945.0,inbound,completed,api,
EVT_004278,location_ping,2025-02-10 18:20:27,PER_000031,,,DEV_000042,,,LOC_000017,,,,completed,atm,
EVT_001528,location_ping,2025-02-10 19:00:15,PER_000059,,,DEV_000110,,,LOC_000071,,,,completed,api,
EVT_006636,login,2025-02-11 04:00:26,PER_000087,,PH_000294,DEV_000025,IP_000100,,LOC_000032,,,,completed,pos,
EVT_001991,login,2025-02-11 04:41:07,PER_000093,,PH_000142,DEV_000068,IP_000055,,LOC_000071,,,,completed,api,
EVT_005265,location_ping,2025-02-11 07:06:33,PER_000067,,,DEV_000013,,,LOC_000040,,,,completed,api,
EVT_003761,call,2025-02-11 10:33:00,PER_000060,PER_000014,PH_000060,,,,LOC_000014,,120.0,inbound,completed,mobile_app,
EVT_006584,transaction,2025-02-11 10:47:52,PER_000001,PER_000026,,DEV_000037,IP_000102,ACC_000001,LOC_000029,413.86,,inbound,completed,web,transfer
EVT_007099,call,2025-02-11 11:42:10,PER_000011,PER_000076,PH_000011,,,,LOC_000063,,71.0,outbound,completed,api,
EVT_004332,sms,2025-02-11 13:47:00,PER_000008,PER_000012,PH_000008,,,,LOC_000077,,,internal,completed,api,
EVT_005687,call,2025-02-11 13:58:46,PER_000062,PER_000018,PH_000213,,,,LOC_000076,,291.0,outbound,completed,api,
EVT_007392,call,2025-02-11 15:42:14,PER_000036,PER_000052,PH_000036,,,,LOC_000090,,25.0,inbound,completed,mobile_app,
EVT_006048,transaction,2025-02-11 16:54:57,PER_000073,PER_000009,,DEV_000100,IP_000024,ACC_000073,LOC_000015,3560.54,,inbound,completed,api,transfer
EVT_007202,login,2025-02-11 17:20:15,PER_000073,,PH_000162,DEV_000093,IP_000041,,LOC_000015,,,,completed,api,
EVT_007458,location_ping,2025-02-11 18:18:14,PER_000046,,,DEV_000118,,,LOC_000028,,,,completed,api,
EVT_004886,transaction,2025-02-11 19:40:35,PER_000030,PER_000088,,DEV_000091,IP_000107,ACC_000030,LOC_000108,2867.3,,outbound,completed,atm,transfer
EVT_004816,location_ping,2025-02-11 20:06:21,PER_000002,,,DEV_000094,,,LOC_000032,,,,completed,atm,
EVT_004734,transaction,2025-02-11 21:26:12,PER_000057,PER_000071,,DEV_000052,IP_000055,ACC_000057,LOC_000030,73.41,,internal,completed,pos,deposit
EVT_000862,location_ping,2025-02-12 02:55:32,PER_000050,,,DEV_000051,,,LOC_000058,,,,completed,api,
EVT_004190,login,2025-02-12 05:49:09,PER_000016,,PH_000016,DEV_000083,IP_000077,,LOC_000054,,,,completed,api,
EVT_004720,sms,2025-02-12 07:10:57,PER_000001,PER_000053,PH_000001,,,,LOC_000029,,,outbound,completed,pos,
EVT_006044,login,2025-02-12 08:13:25,PER_000059,,PH_000137,DEV_000062,IP_000091,,LOC_000071,,,,completed,web,
EVT_007485,transaction,2025-02-12 08:24:55,PER_000073,PER_000050,,DEV_000102,IP_000011,ACC_000073,LOC_000015,3628.88,,inbound,completed,api,payment
EVT_000822,login,2025-02-12 10:30:12,PER_000016,,PH_000016,DEV_000070,IP_000076,,LOC_000054,,,,completed,atm,
EVT_006361,login,2025-02-12 10:46:25,PER_000062,,PH_000062,DEV_000043,IP_000084,,LOC_000033,,,,completed,pos,
EVT_000911,sms,2025-02-12 10:48:44,PER_000073,PER_000009,PH_000116,,,,LOC_000015,,,inbound,completed,mobile_app,
EVT_004506,login,2025-02-12 11:11:30,PER_000073,,PH_000244,DEV_000030,IP_000011,,LOC_000015,,,,completed,pos,
EVT_003834,transaction,2025-02-12 12:45:44,PER_000029,PER_000030,,DEV_000096,IP_000098,ACC_000029,LOC_000059,2535.24,,outbound,completed,ussd,transfer
EVT_000381,location_ping,2025-02-12 13:18:29,PER_000068,,,DEV_000011,,,LOC_000081,,,,completed,mobile_app,
EVT_007256,location_ping,2025-02-12 14:09:56,PER_000042,,,DEV_000102,,,LOC_000060,,,,completed,ussd,
EVT_003798,location_ping,2025-02-12 15:12:32,PER_000026,,,DEV_000023,,,LOC_000059,,,,completed,ussd,
EVT_003835,login,2025-02-12 15:53:45,PER_000056,,PH_000253,DEV_000083,IP_000021,,LOC_000036,,,,completed,mobile_app,
EVT_003460,location_ping,2025-02-12 16:00:03,PER_000002,,,DEV_000056,,,LOC_000032,,,,completed,ussd,
EVT_005627,call,2025-02-12 16:25:21,PER_000085,PER_000051,PH_000085,,,,LOC_000085,,725.0,inbound,completed,atm,
EVT_006936,login,2025-02-12 17:12:14,PER_000027,,PH_000245,DEV_000011,IP_000067,,LOC_000097,,,,completed,web,
EVT_005879,call,2025-02-12 19:34:22,PER_000010,PER_000047,PH_000212,,,,LOC_000034,,1010.0,internal,completed,atm,
EVT_004500,location_ping,2025-02-13 06:18:03,PER_000066,,,DEV_000051,,,LOC_000115,,,,completed,mobile_app,
EVT_001718,location_ping,2025-02-13 07:09:08,PER_000024,,,DEV_000002,,,LOC_000038,,,,completed,atm,
EVT_002188,transaction,2025-02-13 07:13:24,PER_000069,PER_000058,,DEV_000066,IP_000003,ACC_000069,LOC_000031,464.7,,internal,completed,mobile_app,p2p
EVT_000403,call,2025-02-13 07:21:20,PER_000067,PER_000052,PH_000067,,,,LOC_000040,,324.0,internal,completed,api,
EVT_005880,location_ping,2025-02-13 07:44:57,PER_000029,,,DEV_000013,,,LOC_000100,,,,completed,ussd,
EVT_005894,transaction,2025-02-13 08:47:38,PER_000022,PER_000087,,DEV_000012,IP_000045,ACC_000122,LOC_000055,3872.08,,outbound,completed,atm,p2p
EVT_006273,transaction,2025-02-13 11:34:33,PER_000031,PER_000015,,DEV_000112,IP_000081,ACC_000131,LOC_000017,1691.47,,inbound,completed,api,transfer
EVT_003179,login,2025-02-13 11:42:36,PER_000004,,PH_000297,DEV_000005,IP_000062,,LOC_000051,,,,completed,api,
EVT_005910,transaction,2025-02-13 13:38:24,PER_000085,PER_000018,,DEV_000104,IP_000014,ACC_000085,LOC_000085,144.98,,inbound,completed,atm,p2p
EVT_001546,sms,2025-02-13 14:39:02,PER_000022,PER_000094,PH_000022,,,,LOC_000001,,,inbound,completed,atm,
EVT_002465,login,2025-02-13 15:00:54,PER_000009,,PH_000009,DEV_000089,IP_000071,,LOC_000107,,,,completed,ussd,
EVT_000699,transaction,2025-02-13 17:03:17,PER_000050,PER_000051,,DEV_000003,IP_000111,ACC_000150,LOC_000058,342269.91,,outbound,completed,web,withdrawal
EVT_004612,call,2025-02-13 17:29:40,PER_000050,PER_000023,PH_000261,,,,LOC_000058,,905.0,outbound,completed,mobile_app,
EVT_002779,location_ping,2025-02-13 19:41:47,PER_000050,,,DEV_000107,,,LOC_000058,,,,completed,ussd,
EVT_005983,login,2025-02-14 03:53:02,PER_000009,,PH_000009,DEV_000019,IP_000120,,LOC_000107,,,,completed,web,
EVT_003981,transaction,2025-02-14 05:05:37,PER_000093,PER_000076,,DEV_000117,IP_000052,ACC_000093,LOC_000071,3034.7,,outbound,completed,api,withdrawal
EVT_000287,sms,2025-02-14 06:26:54,PER_000071,PER_000067,PH_000071,,,,LOC_000005,,,outbound,completed,atm,
EVT_004545,location_ping,2025-02-14 09:22:41,PER_000096,,,DEV_000052,,,LOC_000107,,,,completed,pos,
EVT_004343,sms,2025-02-14 11:02:56,PER_000073,PER_000044,PH_000175,,,,LOC_000015,,,internal,completed,mobile_app,
EVT_002629,login,2025-02-14 11:16:16,PER_000003,,PH_000003,DEV_000114,IP_000042,,LOC_000048,,,,completed,atm,
EVT_004109,sms,2025-02-14 12:33:38,PER_000029,PER_000037,PH_000029,,,,LOC_000100,,,internal,completed,atm,
EVT_004244,location_ping,2025-02-14 13:31:24,PER_000084,,,DEV_000096,,,LOC_000043,,,,completed,pos,
EVT_001386,location_ping,2025-02-14 13:52:21,PER_000027,,,DEV_000098,,,LOC_000097,,,,completed,atm,
EVT_003264,transaction,2025-02-14 14:55:20,PER_000024,PER_000002,,DEV_000087,IP_000049,ACC_000124,LOC_000083,1599.18,,outbound,completed,pos,withdrawal
EVT_000262,call,2025-02-14 15:54:38,PER_000091,PER_000017,PH_000235,,,,LOC_000090,,618.0,inbound,completed,mobile_app,
EVT_000200,sms,2025-02-14 17:46:24,PER_000050,PER_000042,PH_000117,,,,LOC_000058,,,internal,completed,atm,
EVT_005671,call,2025-02-14 18:05:55,PER_000025,PER_000029,PH_000132,,,,LOC_000007,,576.0,inbound,completed,pos,
EVT_006420,call,2025-02-14 18:17:04,PER_000059,PER_000015,PH_000137,,,,LOC_000071,,1095.0,inbound,completed,web,
EVT_001592,sms,2025-02-14 19:21:50,PER_000015,PER_000083,PH_000015,,,,LOC_000054,,,internal,completed,atm,
EVT_005085,location_ping,2025-02-14 20:16:29,PER_000046,,,DEV_000086,,,LOC_000028,,,,completed,mobile_app,
EVT_005023,location_ping,2025-02-14 20:40:19,PER_000055,,,DEV_000104,,,LOC_000016,,,,completed,ussd,
EVT_006013,location_ping,2025-02-14 21:09:37,PER_000093,,,DEV_000055,,,LOC_000071,,,,completed,mobile_app,
EVT_000137,sms,2025-02-14 21:17:49,PER_000002,PER_000050,PH_000114,,,,LOC_000032,,,internal,completed,api,
EVT_001811,transaction,2025-02-15 08:35:56,PER_000081,PER_000070,,DEV_000020,IP_000119,ACC_000081,LOC_000084,3672.42,,internal,completed,web,withdrawal
EVT_002300,transaction,2025-02-15 10:11:52,PER_000079,PER_000082,,DEV_000039,IP_000010,ACC_000079,LOC_000004,1928.42,,outbound,completed,web,withdrawal
EVT_002611,location_ping,2025-02-15 11:21:57,PER_000093,,,DEV_000029,,,LOC_000071,,,,completed,ussd,
EVT_001146,location_ping,2025-02-15 11:52:55,PER_000050,,,DEV_000050,,,LOC_000058,,,,completed,api,
EVT_003860,call,2025-02-15 12:01:24,PER_000053,PER_000056,PH_000220,,,,LOC_000046,,650.0,internal,completed,mobile_app,
EVT_006463,call,2025-02-15 12:32:47,PER_000041,PER_000057,PH_000041,,,,LOC_000026,,352.0,outbound,completed,web,
EVT_005606,sms,2025-02-15 12:53:23,PER_000001,PER_000026,PH_000001,,,,LOC_000029,,,internal,completed,ussd,
EVT_005722,location_ping,2025-02-15 13:45:05,PER_000091,,,DEV_000002,,,LOC_000057,,,,completed,ussd,
EVT_006115,call,2025-02-15 14:22:54,PER_000070,PER_000027,PH_000070,,,,LOC_000001,,1106.0,internal,completed,atm,
EVT_007250,location_ping,2025-02-15 15:43:12,PER_000027,,,DEV_000119,,,LOC_000097,,,,completed,atm,
EVT_001584,call,2025-02-15 15:46:56,PER_000001,PER_000097,PH_000001,,,,LOC_000029,,155.0,inbound,completed,api,
EVT_003134,login,2025-02-15 17:25:17,PER_000062,,PH_000213,DEV_000049,IP_000010,,LOC_000033,,,,completed,api,
EVT_003898,sms,2025-02-15 19:02:06,PER_000096,PER_000021,PH_000146,,,,LOC_000107,,,outbound,completed,ussd,
EVT_004668,call,2025-02-15 20:47:08,PER_000002,PER_000016,PH_000114,,,,LOC_000032,,656.0,outbound,completed,ussd,
EVT_000639,sms,2025-02-15 22:12:46,PER_000029,PER_000049,PH_000029,,,,LOC_000100,,,outbound,completed,web,
EVT_001648,transaction,2025-02-16 04:10:56,PER_000062,PER_000076,,DEV_000057,IP_000100,ACC_000062,LOC_000033,615.53,,inbound,completed,pos,p2p
EVT_003385,sms,2025-02-16 05:52:14,PER_000087,PER_000042,PH_000087,,,,LOC_000089,,,inbound,completed,pos,
EVT_004902,login,2025-02-16 06:34:55,PER_000027,,PH_000027,DEV_000093,IP_000026,,LOC_000097,,,,completed,web,
EVT_006775,location_ping,2025-02-16 09:15:23,PER_000018,,,DEV_000101,,,LOC_000012,,,,completed,api,
EVT_004410,call,2025-02-16 09:37:28,PER_000002,PER_000050,PH_000002,,,,LOC_000032,,760.0,outbound,completed,atm,
EVT_000881,call,2025-02-16 09:45:38,PER_000026,PER_000086,PH_000176,,,,LOC_000059,,827.0,inbound,completed,ussd,
EVT_006608,location_ping,2025-02-16 10:27:32,PER_000093,,,DEV_000117,,,LOC_000071,,,,completed,pos,
EVT_003188,call,2025-02-16 12:13:47,PER_000065,PER_000085,PH_000159,,,,LOC_000089,,519.0,inbound,completed,api,
EVT_001970,location_ping,2025-02-16 13:52:16,PER_000061,,,DEV_000032,,,LOC_000050,,,,completed,atm,
EVT_002839,transaction,2025-02-16 14:32:28,PER_000055,PER_000081,,DEV_000084,IP_000075,ACC_000055,LOC_000016,2135.1,,outbound,completed,atm,payment
EVT_006832,login,2025-02-16 14:48:52,PER_000016,,PH_000016,DEV_000054,IP_000068,,LOC_000054,,,,completed,api,
EVT_004327,transaction,2025-02-16 14:50:04,PER_000073,PER_000079,,DEV_000110,IP_000012,ACC_000073,LOC_000015,4401.49,,inbound,completed,pos,transfer
EVT_003027,location_ping,2025-02-16 15:44:23,PER_000005,,,DEV_000093,,,LOC_000100,,,,completed,mobile_app,
EVT_002813,login,2025-02-16 18:50:54,PER_000032,,PH_000102,DEV_000076,IP_000117,,LOC_000028,,,,completed,api,
EVT_007022,transaction,2025-02-16 19:42:54,PER_000079,PER_000054,,DEV_000084,IP_000119,ACC_000079,LOC_000004,2603.13,,inbound,completed,web,withdrawal
EVT_000941,call,2025-02-16 20:00:27,PER_000024,PER_000016,PH_000024,,,,LOC_000083,,409.0,internal,completed,api,
EVT_006717,transaction,2025-02-17 01:33:17,PER_000074,PER_000038,,DEV_000056,IP_000092,ACC_000074,LOC_000006,1526.62,,outbound,completed,atm,deposit
EVT_005569,login,2025-02-17 03:23:39,PER_000016,,PH_000016,DEV_000084,IP_000070,,LOC_000102,,,,completed,mobile_app,
EVT_001699,location_ping,2025-02-17 07:21:00,PER_000084,,,DEV_000058,,,LOC_000043,,,,completed,web,
EVT_000693,sms,2025-02-17 09:37:00,PER_000031,PER_000030,PH_000112,,,,LOC_000002,,,outbound,completed,api,
EVT_000186,transaction,2025-02-17 10:36:25,PER_000027,PER_000016,,DEV_000093,IP_000042,ACC_000127,LOC_000097,442.71,,internal,completed,api,p2p
EVT_000373,transaction,2025-02-17 14:13:55,PER_000016,PER_000087,,DEV_000096,IP_000066,ACC_000116,LOC_000054,4372.75,,internal,completed,api,withdrawal
EVT_004626,call,2025-02-17 14:31:58,PER_000002,PER_000050,PH_000002,,,,LOC_000032,,552.0,outbound,completed,web,
EVT_004078,login,2025-02-17 14:58:42,PER_000004,,PH_000289,DEV_000076,IP_000036,,LOC_000052,,,,completed,atm,
EVT_005545,location_ping,2025-02-17 15:30:31,PER_000059,,,DEV_000063,,,LOC_000076,,,,completed,atm,
EVT_005285,login,2025-02-17 16:01:53,PER_000073,,PH_000073,DEV_000005,IP_000056,,LOC_000015,,,,completed,api,
EVT_000380,login,2025-02-17 16:02:32,PER_000056,,PH_000253,DEV_000060,IP_000087,,LOC_000036,,,,completed,api,
EVT_006766,transaction,2025-02-17 16:57:59,PER_000073,PER_000099,,DEV_000033,IP_000029,ACC_000073,LOC_000105,729.27,,inbound,completed,api,p2p
EVT_006179,location_ping,2025-02-17 17:17:52,PER_000094,,,DEV_000040,,,LOC_000060,,,,completed,pos,
EVT_002579,sms,2025-02-17 18:13:31,PER_000019,PER_000081,PH_000019,,,,LOC_000103,,,internal,completed,api,
EVT_002794,call,2025-02-17 19:32:27,PER_000059,PER_000100,PH_000158,,,,LOC_000071,,791.0,inbound,completed,atm,
EVT_006203,login,2025-02-17 22:28:59,PER_000042,,PH_000199,DEV_000071,IP_000101,,LOC_000060,,,,completed,atm,
EVT_002048,location_ping,2025-02-18 05:05:34,PER_000018,,,DEV_000022,,,LOC_000001,,,,completed,web,
EVT_004818,transaction,2025-02-18 07:11:59,PER_000051,PER_000056,,DEV_000088,IP_000082,ACC_000051,LOC_000115,3618.28,,inbound,completed,web,deposit
EVT_006141,call,2025-02-18 08:10:46,PER_000024,PER_000077,PH_000024,,,,LOC_000083,,934.0,internal,completed,ussd,
EVT_002464,sms,2025-02-18 08:28:09,PER_000090,PER_000030,PH_000090,,,,LOC_000027,,,internal,completed,atm,
EVT_005759,sms,2025-02-18 10:09:27,PER_000032,PER_000043,PH_000032,,,,LOC_000028,,,inbound,completed,web,
EVT_002608,call,2025-02-18 11:04:05,PER_000001,PER_000030,PH_000001,,,,LOC_000029,,422.0,internal,completed,mobile_app,
EVT_001361,location_ping,2025-02-18 11:27:06,PER_000062,,,DEV_000065,,,LOC_000033,,,,completed,atm,
EVT_007107,call,2025-02-18 11:41:09,PER_000087,PER_000018,PH_000087,,,,LOC_000119,,972.0,internal,completed,pos,
EVT_006685,transaction,2025-02-18 16:00:15,PER_000024,PER_000002,,DEV_000048,IP_000046,ACC_000124,LOC_000083,70.06,,outbound,completed,pos,transfer
EVT_004769,transaction,2025-02-18 16:29:05,PER_000027,PER_000087,,DEV_000064,IP_000028,ACC_000027,LOC_000097,3761.96,,internal,completed,api,payment
EVT_000018,sms,2025-02-18 16:29:06,PER_000071,PER_000018,PH_000071,,,,LOC_000005,,,inbound,completed,pos,
EVT_007235,location_ping,2025-02-18 16:42:05,PER_000024,,,DEV_000104,,,LOC_000083,,,,completed,web,
EVT_007410,location_ping,2025-02-18 17:18:04,PER_000062,,,DEV_000069,,,LOC_000097,,,,completed,atm,
EVT_003052,transaction,2025-02-18 18:44:47,PER_000090,PER_000040,,DEV_000030,IP_000058,ACC_000090,LOC_000027,4376.94,,inbound,completed,atm,deposit
EVT_000760,transaction,2025-02-18 18:58:23,PER_000062,PER_000033,,DEV_000118,IP_000002,ACC_000062,LOC_000033,4480.88,,internal,completed,atm,payment
EVT_000651,call,2025-02-18 20:11:32,PER_000027,PER_000081,PH_000245,,,,LOC_000097,,356.0,outbound,completed,api,
EVT_007105,transaction,2025-02-18 20:41:21,PER_000091,PER_000008,,DEV_000002,IP_000002,ACC_000091,LOC_000057,3336.34,,internal,completed,api,withdrawal
EVT_003016,call,2025-02-18 20:41:59,PER_000016,PER_000087,PH_000016,,,,LOC_000054,,816.0,internal,completed,mobile_app,
EVT_002702,location_ping,2025-02-18 22:31:47,PER_000042,,,DEV_000089,,,LOC_000060,,,,completed,api,
EVT_006330,transaction,2025-02-19 04:27:33,PER_000073,PER_000055,,DEV_000037,IP_000089,ACC_000073,LOC_000015,4197.2,,inbound,completed,ussd,transfer
EVT_002938,call,2025-02-19 04:30:02,PER_000050,PER_000087,PH_000050,,,,LOC_000058,,97.0,inbound,completed,pos,
EVT_000896,transaction,2025-02-19 04:55:43,PER_000024,PER_000078,,DEV_000074,IP_000023,ACC_000124,LOC_000083,2011.3,,internal,completed,mobile_app,withdrawal
EVT_003409,login,2025-02-19 05:47:00,PER_000059,,PH_000059,DEV_000020,IP_000046,,LOC_000071,,,,completed,web,
EVT_004866,transaction,2025-02-19 06:07:30,PER_000050,PER_000016,,DEV_000115,IP_000016,ACC_000150,LOC_000115,1405.33,,internal,completed,ussd,transfer
EVT_006239,location_ping,2025-02-19 07:07:53,PER_000062,,,DEV_000120,,,LOC_000033,,,,completed,ussd,
EVT_006852,login,2025-02-19 07:50:37,PER_000062,,PH_000213,DEV_000052,IP_000016,,LOC_000033,,,,completed,api,
EVT_002610,login,2025-02-19 12:51:59,PER_000093,,PH_000225,DEV_000100,IP_000105,,LOC_000071,,,,completed,api,
EVT_003102,location_ping,2025-02-19 12:59:03,PER_000070,,,DEV_000111,,,LOC_000001,,,,completed,web,
EVT_000038,sms,2025-02-19 14:01:13,PER_000062,PER_000022,PH_000213,,,,LOC_000033,,,inbound,completed,atm,
EVT_004845,sms,2025-02-19 16:03:14,PER_000062,PER_000064,PH_000213,,,,LOC_000039,,,internal,completed,api,
EVT_005273,transaction,2025-02-19 16:25:59,PER_000027,PER_000024,,DEV_000099,IP_000097,ACC_000127,LOC_000097,163671.37,,outbound,completed,pos,transfer
EVT_000763,transaction,2025-02-19 16:54:34,PER_000008,PER_000037,,DEV_000084,IP_000079,ACC_000008,LOC_000077,4077.18,,inbound,completed,api,withdrawal
EVT_004669,login,2025-02-19 17:37:55,PER_000073,,PH_000162,DEV_000114,IP_000017,,LOC_000015,,,,completed,web,
EVT_006134,call,2025-02-19 18:26:17,PER_000100,PER_000088,PH_000251,,,,LOC_000108,,79.0,inbound,completed,api,
EVT_003690,sms,2025-02-19 19:25:31,PER_000085,PER_000018,PH_000085,,,,LOC_000085,,,inbound,completed,api,
EVT_001502,sms,2025-02-19 19:54:52,PER_000042,PER_000070,PH_000042,,,,LOC_000060,,,inbound,completed,mobile_app,
EVT_006896,sms,2025-02-19 20:19:29,PER_000001,PER_000049,PH_000298,,,,LOC_000029,,,inbound,completed,web,
EVT_004243,login,2025-02-19 20:43:56,PER_000087,,PH_000294,DEV_000016,IP_000023,,LOC_000099,,,,completed,ussd,
EVT_006045,transaction,2025-02-19 20:57:50,PER_000059,PER_000015,,DEV_000031,IP_000103,ACC_000059,LOC_000071,1068.84,,inbound,completed,atm,payment
EVT_004514,location_ping,2025-02-19 21:46:54,PER_000027,,,DEV_000065,,,LOC_000097,,,,completed,atm,
EVT_007360,call,2025-02-19 22:43:52,PER_000042,PER_000050,PH_000042,,,,LOC_000060,,1140.0,outbound,completed,mobile_app,
EVT_005846,login,2025-02-20 03:20:11,PER_000024,,PH_000024,DEV_000058,IP_000031,,LOC_000090,,,,completed,mobile_app,
EVT_006862,location_ping,2025-02-20 05:35:09,PER_000050,,,DEV_000099,,,LOC_000058,,,,completed,ussd,
EVT_005701,transaction,2025-02-20 07:20:48,PER_000064,PER_000085,,DEV_000115,IP_000003,ACC_000064,LOC_000020,2607.33,,inbound,completed,pos,deposit
EVT_005584,transaction,2025-02-20 08:00:58,PER_000001,PER_000055,,DEV_000109,IP_000096,ACC_000101,LOC_000029,1277.56,,internal,completed,atm,payment
EVT_000876,transaction,2025-02-20 08:18:58,PER_000004,PER_000054,,DEV_000094,IP_000059,ACC_000104,LOC_000052,4381.5,,inbound,completed,api,deposit
EVT_006676,location_ping,2025-02-20 08:53:45,PER_000073,,,DEV_000098,,,LOC_000015,,,,completed,web,
EVT_006323,transaction,2025-02-20 09:13:04,PER_000062,PER_000042,,DEV_000095,IP_000049,ACC_000062,LOC_000061,1144.83,,outbound,completed,web,p2p
EVT_003173,login,2025-02-20 09:40:44,PER_000051,,PH_000051,DEV_000085,IP_000066,,LOC_000052,,,,completed,atm,
EVT_002032,call,2025-02-20 10:15:34,PER_000018,PER_000016,PH_000018,,,,LOC_000001,,418.0,internal,completed,ussd,
EVT_004005,sms,2025-02-20 13:54:11,PER_000018,PER_000016,PH_000018,,,,LOC_000001,,,outbound,completed,ussd,
EVT_002171,location_ping,2025-02-20 14:41:26,PER_000047,,,DEV_000006,,,LOC_000113,,,,completed,web,
EVT_000331,call,2025-02-20 14:47:03,PER_000018,PER_000065,PH_000018,,,,LOC_000001,,212.0,internal,completed,ussd,
EVT_004194,sms,2025-02-20 15:49:57,PER_000031,PER_000011,PH_000031,,,,LOC_000017,,,outbound,completed,web,
EVT_004226,call,2025-02-20 16:18:55,PER_000062,PER_000078,PH_000062,,,,LOC_000033,,125.0,internal,completed,api,
EVT_005144,transaction,2025-02-20 16:35:42,PER_000062,PER_000002,,DEV_000035,IP_000110,ACC_000062,LOC_000033,3639.34,,internal,completed,atm,withdrawal
EVT_006072,location_ping,2025-02-20 18:18:33,PER_000093,,,DEV_000070,,,LOC_000071,,,,completed,atm,
EVT_003547,login,2025-02-20 19:18:38,PER_000001,,PH_000001,DEV_000118,IP_000027,,LOC_000029,,,,completed,pos,
EVT_004064,call,2025-02-20 19:23:37,PER_000042,PER_000018,PH_000042,,,,LOC_000060,,650.0,outbound,completed,pos,
EVT_001119,login,2025-02-20 19:28:50,PER_000059,,PH_000158,DEV_000008,IP_000101,,LOC_000071,,,,completed,atm,
EVT_007175,transaction,2025-02-20 19:35:59,PER_000087,PER_000050,,DEV_000026,IP_000068,ACC_000087,LOC_000099,1868.73,,outbound,completed,web,payment
EVT_004339,transaction,2025-02-20 21:16:08,PER_000042,PER_000054,,DEV_000081,IP_000018,ACC_000142,LOC_000060,204368.54,,outbound,completed,api,transfer
EVT_000615,location_ping,2025-02-21 09:40:28,PER_000080,,,DEV_000086,,,LOC_000074,,,,completed,pos,
EVT_001864,call,2025-02-21 10:25:57,PER_000065,PER_000067,PH_000065,,,,LOC_000072,,441.0,inbound,completed,web,
EVT_005549,location_ping,2025-02-21 10:35:30,PER_000024,,,DEV_000078,,,LOC_000083,,,,completed,ussd,
EVT_001514,call,2025-02-21 11:32:36,PER_000066,PER_000014,PH_000123,,,,LOC_000049,,1031.0,inbound,completed,atm,
EVT_001451,sms,2025-02-21 13:08:05,PER_000010,PER_000013,PH_000010,,,,LOC_000006,,,internal,completed,mobile_app,
EVT_006934,sms,2025-02-21 13:56:29,PER_000018,PER_000002,PH_000018,,,,LOC_000001,,,inbound,completed,web,
EVT_000509,transaction,2025-02-21 14:00:29,PER_000062,PER_000091,,DEV_000093,IP_000107,ACC_000062,LOC_000033,3385.21,,internal,completed,web,deposit
EVT_004540,sms,2025-02-21 14:23:55,PER_000059,PER_000051,PH_000180,,,,LOC_000071,,,outbound,completed,ussd,
EVT_002248,call,2025-02-21 14:43:21,PER_000081,PER_000019,PH_000202,,,,LOC_000084,,826.0,outbound,completed,mobile_app,
EVT_000277,sms,2025-02-21 14:50:54,PER_000002,PER_000027,PH_000002,,,,LOC_000032,,,outbound,completed,web,
EVT_001816,sms,2025-02-21 16:20:21,PER_000085,PER_000044,PH_000085,,,,LOC_000085,,,inbound,completed,web,
EVT_004418,sms,2025-02-21 16:44:34,PER_000087,PER_000050,PH_000087,,,,LOC_000099,,,outbound,completed,api,
EVT_003486,call,2025-02-21 18:26:51,PER_000093,PER_000046,PH_000093,,,,LOC_000071,,1127.0,inbound,completed,atm,
EVT_001481,location_ping,2025-02-21 18:54:41,PER_000069,,,DEV_000032,,,LOC_000031,,,,completed,pos,
EVT_006807,transaction,2025-02-21 20:27:58,PER_000062,PER_000087,,DEV_000096,IP_000078,ACC_000062,LOC_000033,3033.02,,internal,completed,mobile_app,transfer
EVT_000481,location_ping,2025-02-21 21:11:18,PER_000001,,,DEV_000069,,,LOC_000029,,,,completed,api,
EVT_003565,location_ping,2025-02-21 21:37:20,PER_000024,,,DEV_000090,,,LOC_000083,,,,completed,atm,
EVT_006303,location_ping,2025-02-22 02:59:26,PER_000016,,,DEV_000065,,,LOC_000054,,,,completed,mobile_app,
EVT_007431,sms,2025-02-22 04:41:57,PER_000024,PER_000018,PH_000024,,,,LOC_000083,,,internal,completed,mobile_app,
EVT_004976,call,2025-02-22 08:10:04,PER_000062,PER_000057,PH_000213,,,,LOC_000097,,834.0,outbound,completed,atm,
EVT_003784,call,2025-02-22 09:29:51,PER_000042,PER_000018,PH_000199,,,,LOC_000060,,94.0,internal,completed,atm,
EVT_003760,location_ping,2025-02-22 09:42:12,PER_000093,,,DEV_000114,,,LOC_000071,,,,completed,ussd,
EVT_003407,location_ping,2025-02-22 10:10:43,PER_000087,,,DEV_000045,,,LOC_000099,,,,completed,api,
EVT_001503,sms,2025-02-22 10:10:44,PER_000042,PER_000078,PH_000042,,,,LOC_000060,,,outbound,completed,api,
EVT_004782,location_ping,2025-02-22 11:17:38,PER_000024,,,DEV_000010,,,LOC_000083,,,,completed,web,
EVT_000237,location_ping,2025-02-22 11:25:52,PER_000017,,,DEV_000042,,,LOC_000116,,,,completed,ussd,
EVT_002650,login,2025-02-22 11:43:51,PER_000087,,PH_000294,DEV_000002,IP_000106,,LOC_000099,,,,completed,atm,
EVT_002293,call,2025-02-22 11:52:37,PER_000096,PER_000079,PH_000096,,,,LOC_000087,,637.0,outbound,completed,ussd,
EVT_004480,call,2025-02-22 12:14:53,PER_000057,PER_000015,PH_000270,,,,LOC_000030,,254.0,outbound,completed,pos,
EVT_005437,call,2025-02-22 14:27:08,PER_000092,PER_000045,PH_000161,,,,LOC_000065,,258.0,outbound,completed,atm,
EVT_006031,location_ping,2025-02-22 14:51:54,PER_000042,,,DEV_000087,,,LOC_000060,,,,completed,api,
EVT_006018,call,2025-02-22 16:18:27,PER_000050,PER_000064,PH_000050,,,,LOC_000070,,1072.0,internal,completed,api,
EVT_004257,location_ping,2025-02-22 16:58:24,PER_000050,,,DEV_000024,,,LOC_000058,,,,completed,web,
EVT_005186,location_ping,2025-02-22 17:25:58,PER_000062,,,DEV_000098,,,LOC_000028,,,,completed,mobile_app,
EVT_006882,transaction,2025-02-22 20:48:01,PER_000020,PER_000070,,DEV_000056,IP_000039,ACC_000020,LOC_000056,1462.09,,internal,completed,ussd,p2p
EVT_004788,location_ping,2025-02-22 21:58:17,PER_000042,,,DEV_000082,,,LOC_000068,,,,completed,api,
EVT_002747,sms,2025-02-22 22:22:25,PER_000018,PER_000070,PH_000018,,,,LOC_000001,,,internal,completed,atm,
EVT_002338,login,2025-02-23 02:06:10,PER_000060,,PH_000060,DEV_000072,IP_000038,,LOC_000014,,,,completed,web,
EVT_002295,location_ping,2025-02-23 02:07:54,PER_000001,,,DEV_000040,,,LOC_000090,,,,completed,api,
EVT_001818,sms,2025-02-23 03:04:19,PER_000069,PER_000009,PH_000173,,,,LOC_000031,,,outbound,completed,api,
EVT_000747,call,2025-02-23 04:27:44,PER_000094,PER_000010,PH_000198,,,,LOC_000060,,355.0,outbound,completed,api,
EVT_007164,login,2025-02-23 08:33:13,PER_000001,,PH_000298,DEV_000101,IP_000045,,LOC_000029,,,,completed,pos,
EVT_003852,login,2025-02-23 11:01:21,PER_000017,,PH_000017,DEV_000100,IP_000083,,LOC_000116,,,,completed,pos,
EVT_000282,call,2025-02-23 13:47:03,PER_000087,PER_000023,PH_000087,,,,LOC_000099,,925.0,outbound,completed,web,
EVT_006674,location_ping,2025-02-23 13:49:13,PER_000042,,,DEV_000089,,,LOC_000060,,,,completed,web,
EVT_003823,login,2025-02-23 14:41:54,PER_000002,,PH_000114,DEV_000042,IP_000002,,LOC_000112,,,,completed,pos,
EVT_000104,login,2025-02-23 15:13:34,PER_000028,,PH_000028,DEV_000083,IP_000105,,LOC_000003,,,,completed,mobile_app,
EVT_001231,login,2025-02-23 18:08:58,PER_000073,,PH_000116,DEV_000006,IP_000016,,LOC_000015,,,,completed,api,
EVT_006320,sms,2025-02-23 19:43:43,PER_000093,PER_000077,PH_000138,,,,LOC_000071,,,outbound,completed,web,
EVT_006795,call,2025-02-23 20:57:04,PER_000002,PER_000027,PH_000114,,,,LOC_000018,,132.0,outbound,completed,api,
EVT_000089,sms,2025-02-23 21:24:42,PER_000094,PER_000077,PH_000198,,,,LOC_000060,,,internal,completed,ussd,
EVT_005456,sms,2025-02-24 03:00:03,PER_000073,PER_000003,PH_000162,,,,LOC_000015,,,outbound,completed,atm,
EVT_006662,call,2025-02-24 04:50:42,PER_000098,PER_000026,PH_000098,,,,LOC_000096,,520.0,outbound,completed,pos,
EVT_001000,location_ping,2025-02-24 07:26:30,PER_000048,,,DEV_000036,,,LOC_000025,,,,completed,web,
EVT_002060,transaction,2025-02-24 10:28:51,PER_000062,PER_000035,,DEV_000107,IP_000077,ACC_000062,LOC_000033,3906.39,,internal,completed,web,deposit
EVT_007186,login,2025-02-24 10:59:44,PER_000027,,PH_000245,DEV_000006,IP_000023,,LOC_000015,,,,completed,mobile_app,
EVT_002890,login,2025-02-24 11:03:38,PER_000041,,PH_000041,DEV_000025,IP_000070,,LOC_000028,,,,completed,web,
EVT_005490,location_ping,2025-02-24 12:08:14,PER_000050,,,DEV_000042,,,LOC_000058,,,,completed,atm,
EVT_005618,transaction,2025-02-24 13:39:58,PER_000058,PER_000034,,DEV_000082,IP_000109,ACC_000058,LOC_000091,1736.5,,outbound,completed,ussd,payment
EVT_004388,call,2025-02-24 13:44:07,PER_000046,PER_000031,PH_000046,,,,LOC_000032,,952.0,internal,completed,ussd,
EVT_002479,sms,2025-02-24 14:29:21,PER_000073,PER_000045,PH_000116,,,,LOC_000015,,,inbound,completed,web,
EVT_001988,location_ping,2025-02-24 15:08:20,PER_000073,,,DEV_000080,,,LOC_000015,,,,completed,pos,
EVT_001917,call,2025-02-24 15:36:15,PER_000093,PER_000083,PH_000138,,,,LOC_000071,,141.0,outbound,completed,pos,
EVT_007401,sms,2025-02-24 15:40:38,PER_000051,PER_000065,PH_000275,,,,LOC_000052,,,outbound,completed,mobile_app,
EVT_004892,location_ping,2025-02-24 15:50:43,PER_000007,,,DEV_000029,,,LOC_000059,,,,completed,api,
EVT_007390,login,2025-02-24 16:31:40,PER_000093,,PH_000225,DEV_000085,IP_000070,,LOC_000045,,,,completed,pos,
EVT_002881,login,2025-02-24 18:21:57,PER_000053,,PH_000259,DEV_000032,IP_000075,,LOC_000046,,,,completed,ussd,
EVT_002307,login,2025-02-24 20:36:45,PER_000001,,PH_000298,DEV_000107,IP_000007,,LOC_000029,,,,completed,web,
EVT_001086,location_ping,2025-02-24 21:16:10,PER_000052,,,DEV_000072,,,LOC_000071,,,,completed,mobile_app,
EVT_003302,transaction,2025-02-24 22:44:43,PER_000002,PER_000087,,DEV_000082,IP_000037,ACC_000102,LOC_000032,165273.08,,outbound,completed,pos,withdrawal
EVT_003625,login,2025-02-25 05:46:00,PER_000016,,PH_000016,DEV_000057,IP_000093,,LOC_000054,,,,completed,mobile_app,
EVT_001110,login,2025-02-25 08:05:48,PER_000059,,PH_000137,DEV_000028,IP_000010,,LOC_000071,,,,completed,pos,
EVT_006814,location_ping,2025-02-25 08:21:29,PER_000003,,,DEV_000089,,,LOC_000048,,,,completed,pos,
EVT_000220,call,2025-02-25 08:36:46,PER_000079,PER_000082,PH_000079,,,,LOC_000004,,1091.0,inbound,completed,atm,
EVT_000241,location_ping,2025-02-25 09:43:52,PER_000009,,,DEV_000042,,,LOC_000107,,,,completed,mobile_app,
EVT_004555,location_ping,2025-02-25 10:08:32,PER_000062,,,DEV_000117,,,LOC_000033,,,,completed,web,
EVT_000265,login,2025-02-25 11:09:34,PER_000023,,PH_000234,DEV_000028,IP_000079,,LOC_000092,,,,completed,atm,
EVT_002359,call,2025-02-25 11:56:22,PER_000087,PER_000016,PH_000087,,,,LOC_000099,,784.0,internal,completed,api,
EVT_006413,login,2025-02-25 12:38:06,PER_000055,,PH_000191,DEV_000037,IP_000023,,LOC_000066,,,,completed,api,
EVT_003463,sms,2025-02-25 13:26:25,PER_000026,PER_000049,PH_000176,,,,LOC_000059,,,outbound,completed,pos,
EVT_002743,call,2025-02-25 13:28:19,PER_000021,PER_000006,PH_000021,,,,LOC_000086,,1045.0,internal,completed,pos,
EVT_004920,call,2025-02-25 13:32:29,PER_000018,PER_000087,PH_000018,,,,LOC_000001,,992.0,internal,completed,ussd,
EVT_004504,transaction,2025-02-25 13:35:19,PER_000087,PER_000016,,DEV_000052,IP_000095,ACC_000087,LOC_000059,4317.26,,outbound,completed,web,payment
EVT_006173,sms,2025-02-25 16:02:16,PER_000011,PER_000057,PH_000255,,,,LOC_000063,,,inbound,completed,api,
EVT_006105,location_ping,2025-02-25 16:07:17,PER_000002,,,DEV_000015,,,LOC_000032,,,,completed,web,
EVT_005653,location_ping,2025-02-25 16:11:39,PER_000093,,,DEV_000068,,,LOC_000071,,,,completed,pos,
EVT_006606,sms,2025-02-25 17:18:46,PER_000027,PER_000032,PH_000027,,,,LOC_000097,,,outbound,completed,atm,
EVT_005099,sms,2025-02-25 19:29:08,PER_000001,PER_000025,PH_000001,,,,LOC_000029,,,outbound,completed,mobile_app,
EVT_006550,transaction,2025-02-25 19:57:58,PER_000018,PER_000024,,DEV_000065,IP_000091,ACC_000018,LOC_000001,2256.88,,outbound,completed,mobile_app,withdrawal
EVT_005622,location_ping,2025-02-25 20:23:26,PER_000042,,,DEV_000039,,,LOC_000060,,,,completed,api,
EVT_003485,transaction,2025-02-25 21:55:43,PER_000027,PER_000071,,DEV_000065,IP_000118,ACC_000127,LOC_000097,1807.97,,internal,completed,api,withdrawal
EVT_003009,call,2025-02-26 03:31:24,PER_000092,PER_000027,PH_000092,,,,LOC_000091,,514.0,inbound,completed,ussd,
EVT_002762,transaction,2025-02-26 04:58:47,PER_000027,PER_000002,,DEV_000077,IP_000053,ACC_000127,LOC_000097,3632.99,,internal,completed,web,withdrawal
EVT_003279,sms,2025-02-26 06:51:48,PER_000024,PER_000027,PH_000024,,,,LOC_000083,,,inbound,completed,atm,
EVT_007307,sms,2025-02-26 07:13:43,PER_000070,PER_000089,PH_000227,,,,LOC_000001,,,outbound,completed,atm,
EVT_005563,transaction,2025-02-26 12:51:54,PER_000018,PER_000027,,DEV_000046,IP_000104,ACC_000118,LOC_000001,87615.42,,internal,completed,mobile_app,p2p
EVT_001279,call,2025-02-26 15:07:39,PER_000085,PER_000018,PH_000085,,,,LOC_000032,,106.0,inbound,completed,api,
EVT_002951,location_ping,2025-02-26 15:07:58,PER_000018,,,DEV_000035,,,LOC_000001,,,,completed,mobile_app,
EVT_000649,sms,2025-02-26 15:14:07,PER_000001,PER_000008,PH_000001,,,,LOC_000029,,,inbound,completed,web,
EVT_006393,transaction,2025-02-26 15:40:52,PER_000044,PER_000092,,DEV_000057,IP_000068,ACC_000144,LOC_000032,1753.79,,inbound,completed,atm,deposit
EVT_005876,transaction,2025-02-26 16:58:02,PER_000004,PER_000024,,DEV_000026,IP_000029,ACC_000104,LOC_000052,4222.87,,inbound,completed,ussd,deposit
EVT_004587,login,2025-02-26 17:04:21,PER_000008,,PH_000135,DEV_000019,IP_000110,,LOC_000077,,,,completed,api,
EVT_000244,transaction,2025-02-26 17:55:18,PER_000093,PER_000004,,DEV_000056,IP_000090,ACC_000093,LOC_000071,2459.86,,inbound,completed,api,payment
EVT_005823,call,2025-02-26 18:10:53,PER_000066,PER_000001,PH_000066,,,,LOC_000049,,723.0,inbound,completed,api,
EVT_003403,transaction,2025-02-26 22:45:47,PER_000073,PER_000069,,DEV_000001,IP_000116,ACC_000073,LOC_000071,1664.24,,outbound,completed,atm,p2p
EVT_004841,login,2025-02-27 02:40:23,PER_000093,,PH_000225,DEV_000113,IP_000083,,LOC_000112,,,,completed,api,
EVT_005554,call,2025-02-27 03:30:22,PER_000079,PER_000022,PH_000079,,,,LOC_000004,,65.0,inbound,completed,atm,
EVT_002475,transaction,2025-02-27 06:13:39,PER_000046,PER_000100,,DEV_000115,IP_000074,ACC_000146,LOC_000028,3880.76,,inbound,completed,mobile_app,p2p
EVT_005202,login,2025-02-27 06:44:08,PER_000062,,PH_000062,DEV_000044,IP_000092,,LOC_000033,,,,completed,atm,
EVT_001517,call,2025-02-27 09:03:34,PER_000004,PER_000078,PH_000297,,,,LOC_000052,,712.0,outbound,completed,ussd,
EVT_002466,call,2025-02-27 11:15:46,PER_000042,PER_000016,PH_000042,,,,LOC_000060,,768.0,internal,completed,atm,
EVT_007165,login,2025-02-27 12:00:30,PER_000036,,PH_000036,DEV_000105,IP_000031,,LOC_000090,,,,completed,atm,
EVT_001139,login,2025-02-27 13:35:08,PER_000043,,PH_000295,DEV_000001,IP_000001,,LOC_000110,,,,completed,pos,
EVT_001497,call,2025-02-27 14:40:48,PER_000005,PER_000028,PH_000005,,,,LOC_000100,,635.0,inbound,completed,atm,
EVT_007188,sms,2025-02-27 14:43:50,PER_000093,PER_000079,PH_000138,,,,LOC_000071,,,inbound,completed,pos,
EVT_006801,login,2025-02-27 15:05:17,PER_000001,,PH_000298,DEV_000119,IP_000060,,LOC_000029,,,,completed,web,
EVT_002347,location_ping,2025-02-27 15:55:26,PER_000004,,,DEV_000051,,,LOC_000052,,,,completed,pos,
EVT_006148,location_ping,2025-02-27 17:13:16,PER_000018,,,DEV_000066,,,LOC_000111,,,,completed,mobile_app,
EVT_001392,call,2025-02-27 17:31:12,PER_000064,PER_000084,PH_000101,,,,LOC_000020,,317.0,inbound,completed,pos,
EVT_004556,location_ping,2025-02-27 17:32:13,PER_000059,,,DEV_000035,,,LOC_000071,,,,completed,ussd,
EVT_005935,sms,2025-02-27 18:43:58,PER_000016,PER_000024,PH_000016,,,,LOC_000054,,,outbound,completed,atm,
EVT_003887,call,2025-02-27 19:22:28,PER_000087,PER_000016,PH_000294,,,,LOC_000099,,841.0,outbound,completed,pos,
EVT_006502,location_ping,2025-02-27 20:26:06,PER_000062,,,DEV_000025,,,LOC_000072,,,,completed,ussd,
EVT_003561,call,2025-02-27 21:25:45,PER_000047,PER_000024,PH_000120,,,,LOC_000113,,788.0,inbound,completed,ussd,
EVT_006207,sms,2025-02-28 03:24:18,PER_000042,PER_000085,PH_000042,,,,LOC_000060,,,internal,completed,web,
EVT_001083,transaction,2025-02-28 06:06:16,PER_000013,PER_000100,,DEV_000041,IP_000114,ACC_000013,LOC_000041,1053.36,,internal,completed,mobile_app,transfer
EVT_003574,login,2025-02-28 13:43:58,PER_000018,,PH_000018,DEV_000038,IP_000044,,LOC_000001,,,,completed,atm,
EVT_006978,location_ping,2025-02-28 14:59:55,PER_000001,,,DEV_000104,,,LOC_000029,,,,completed,web,
EVT_003581,location_ping,2025-02-28 16:28:12,PER_000018,,,DEV_000028,,,LOC_000001,,,,completed,web,
EVT_001976,location_ping,2025-02-28 17:46:00,PER_000073,,,DEV_000110,,,LOC_000015,,,,completed,api,
EVT_002049,location_ping,2025-02-28 18:28:44,PER_000016,,,DEV_000084,,,LOC_000054,,,,completed,pos,
EVT_004408,sms,2025-02-28 19:45:05,PER_000001,PER_000091,PH_000298,,,,LOC_000029,,,internal,completed,web,
EVT_006437,sms,2025-03-01 06:41:21,PER_000093,PER_000040,PH_000262,,,,LOC_000071,,,internal,completed,web,
EVT_006496,login,2025-03-01 08:52:54,PER_000029,,PH_000029,DEV_000031,IP_000079,,LOC_000100,,,,completed,mobile_app,
EVT_005511,call,2025-03-01 09:15:52,PER_000059,PER_000088,PH_000180,,,,LOC_000071,,959.0,inbound,completed,ussd,
EVT_000909,call,2025-03-01 10:10:57,PER_000010,PER_000064,PH_000010,,,,LOC_000034,,830.0,inbound,completed,api,
EVT_003395,call,2025-03-01 10:19:35,PER_000073,PER_000072,PH_000073,,,,LOC_000003,,1037.0,internal,completed,web,
EVT_004959,transaction,2025-03-01 11:39:28,PER_000093,PER_000087,,DEV_000069,IP_000094,ACC_000093,LOC_000071,550.8,,inbound,completed,pos,p2p
EVT_001938,transaction,2025-03-01 11:55:33,PER_000018,PER_000050,,DEV_000059,IP_000004,ACC_000018,LOC_000001,258377.34,,internal,completed,ussd,withdrawal
EVT_004105,transaction,2025-03-01 12:10:20,PER_000021,PER_000099,,DEV_000092,IP_000027,ACC_000021,LOC_000086,2144.51,,outbound,completed,web,deposit
EVT_007187,login,2025-03-01 13:39:05,PER_000061,,PH_000061,DEV_000013,IP_000055,,LOC_000062,,,,completed,web,
EVT_002333,sms,2025-03-01 14:26:11,PER_000060,PER_000094,PH_000060,,,,LOC_000014,,,inbound,completed,mobile_app,
EVT_004639,location_ping,2025-03-01 16:52:38,PER_000024,,,DEV_000098,,,LOC_000083,,,,completed,mobile_app,
EVT_004023,sms,2025-03-01 17:13:09,PER_000018,PER_000027,PH_000018,,,,LOC_000001,,,internal,completed,atm,
EVT_004570,login,2025-03-01 17:22:11,PER_000017,,PH_000017,DEV_000001,IP_000042,,LOC_000116,,,,completed,api,
EVT_007078,login,2025-03-01 18:08:15,PER_000050,,PH_000050,DEV_000028,IP_000091,,LOC_000058,,,,completed,ussd,
EVT_003423,call,2025-03-01 18:12:21,PER_000042,PER_000024,PH_000042,,,,LOC_000060,,722.0,internal,completed,pos,
EVT_003305,call,2025-03-01 18:33:20,PER_000002,PER_000042,PH_000114,,,,LOC_000032,,1171.0,outbound,completed,atm,
EVT_003452,sms,2025-03-01 20:38:39,PER_000050,PER_000027,PH_000248,,,,LOC_000058,,,inbound,completed,atm,
EVT_004274,call,2025-03-01 20:59:27,PER_000087,PER_000050,PH_000087,,,,LOC_000099,,66.0,outbound,completed,web,
EVT_000272,login,2025-03-02 06:13:51,PER_000001,,PH_000298,DEV_000087,IP_000112,,LOC_000029,,,,completed,mobile_app,
EVT_003502,sms,2025-03-02 06:19:44,PER_000055,PER_000064,PH_000055,,,,LOC_000016,,,outbound,completed,atm,
EVT_002643,call,2025-03-02 10:09:55,PER_000018,PER_000079,PH_000018,,,,LOC_000001,,425.0,outbound,completed,atm,
EVT_004650,call,2025-03-02 10:10:21,PER_000024,PER_000050,PH_000024,,,,LOC_000083,,967.0,outbound,completed,ussd,
EVT_003905,sms,2025-03-02 11:06:08,PER_000087,PER_000028,PH_000087,,,,LOC_000099,,,outbound,completed,ussd,
EVT_004520,sms,2025-03-02 11:17:52,PER_000002,PER_000016,PH_000114,,,,LOC_000032,,,internal,completed,mobile_app,
EVT_001689,sms,2025-03-02 11:44:29,PER_000018,PER_000050,PH_000018,,,,LOC_000001,,,internal,completed,pos,
EVT_003724,sms,2025-03-02 13:11:29,PER_000093,PER_000056,PH_000093,,,,LOC_000071,,,inbound,completed,ussd,
EVT_002424,login,2025-03-02 15:58:56,PER_000042,,PH_000042,DEV_000047,IP_000053,,LOC_000060,,,,completed,mobile_app,
EVT_001749,location_ping,2025-03-02 18:10:03,PER_000002,,,DEV_000082,,,LOC_000032,,,,completed,web,
EVT_005787,transaction,2025-03-02 18:46:39,PER_000085,PER_000046,,DEV_000026,IP_000007,ACC_000085,LOC_000085,170.03,,outbound,completed,atm,p2p
EVT_006592,sms,2025-03-03 05:17:11,PER_000027,PER_000050,PH_000027,,,,LOC_000097,,,inbound,completed,pos,
EVT_003811,sms,2025-03-03 06:02:38,PER_000035,PER_000009,PH_000166,,,,LOC_000069,,,internal,completed,mobile_app,
EVT_006528,sms,2025-03-03 06:09:17,PER_000062,PER_000002,PH_000062,,,,LOC_000033,,,inbound,completed,web,
EVT_005211,location_ping,2025-03-03 06:49:22,PER_000069,,,DEV_000048,,,LOC_000031,,,,completed,web,
EVT_004393,location_ping,2025-03-03 08:18:57,PER_000024,,,DEV_000075,,,LOC_000083,,,,completed,web,
EVT_004085,call,2025-03-03 09:46:14,PER_000088,PER_000030,PH_000088,,,,LOC_000060,,496.0,inbound,completed,web,
EVT_003490,transaction,2025-03-03 11:40:08,PER_000001,PER_000043,,DEV_000066,IP_000115,ACC_000001,LOC_000101,27.54,,outbound,completed,pos,transfer
EVT_000276,call,2025-03-03 12:17:09,PER_000043,PER_000098,PH_000206,,,,LOC_000110,,913.0,outbound,completed,ussd,
EVT_007168,login,2025-03-03 14:28:22,PER_000037,,PH_000037,DEV_000054,IP_000116,,LOC_000101,,,,completed,mobile_app,
EVT_005347,sms,2025-03-03 15:13:36,PER_000024,PER_000050,PH_000024,,,,LOC_000108,,,outbound,completed,ussd,
EVT_001962,login,2025-03-03 15:43:37,PER_000092,,PH_000161,DEV_000014,IP_000049,,LOC_000091,,,,completed,pos,
EVT_007376,login,2025-03-03 15:52:46,PER_000098,,PH_000098,DEV_000079,IP_000051,,LOC_000025,,,,completed,ussd,
EVT_004172,sms,2025-03-03 16:55:51,PER_000098,PER_000048,PH_000098,,,,LOC_000096,,,internal,completed,api,
EVT_001396,sms,2025-03-03 17:27:01,PER_000087,PER_000016,PH_000087,,,,LOC_000099,,,internal,completed,ussd,
EVT_003004,transaction,2025-03-03 17:44:26,PER_000042,PER_000002,,DEV_000027,IP_000076,ACC_000142,LOC_000060,225437.31,,outbound,completed,mobile_app,withdrawal
EVT_003145,login,2025-03-03 17:48:26,PER_000042,,PH_000199,DEV_000046,IP_000063,,LOC_000060,,,,completed,atm,
EVT_002552,transaction,2025-03-03 20:36:06,PER_000062,PER_000087,,DEV_000104,IP_000076,ACC_000062,LOC_000033,2264.97,,inbound,completed,ussd,p2p
EVT_006774,sms,2025-03-04 04:51:02,PER_000002,PER_000024,PH_000002,,,,LOC_000032,,,inbound,completed,ussd,
EVT_007163,login,2025-03-04 05:59:42,PER_000001,,PH_000001,DEV_000054,IP_000089,,LOC_000029,,,,completed,api,
EVT_005344,location_ping,2025-03-04 06:14:02,PER_000092,,,DEV_000108,,,LOC_000091,,,,completed,atm,
EVT_003929,call,2025-03-04 06:26:29,PER_000029,PER_000076,PH_000029,,,,LOC_000100,,468.0,outbound,completed,mobile_app,
EVT_002325,transaction,2025-03-04 06:30:24,PER_000051,PER_000009,,DEV_000107,IP_000004,ACC_000051,LOC_000052,2739.86,,outbound,completed,atm,payment
EVT_004558,location_ping,2025-03-04 08:15:46,PER_000042,,,DEV_000047,,,LOC_000032,,,,completed,atm,
EVT_004213,transaction,2025-03-04 09:14:50,PER_000025,PER_000044,,DEV_000025,IP_000026,ACC_000125,LOC_000007,4462.89,,inbound,completed,api,deposit
EVT_006183,login,2025-03-04 11:02:08,PER_000016,,PH_000016,DEV_000014,IP_000116,,LOC_000063,,,,completed,web,
EVT_003355,login,2025-03-04 11:27:08,PER_000093,,PH_000262,DEV_000074,IP_000058,,LOC_000071,,,,completed,pos,
EVT_004667,call,2025-03-04 15:54:05,PER_000001,PER_000005,PH_000001,,,,LOC_000029,,153.0,internal,completed,atm,
EVT_005900,login,2025-03-04 16:07:21,PER_000060,,PH_000060,DEV_000069,IP_000094,,LOC_000014,,,,completed,api,
EVT_000478,location_ping,2025-03-04 16:23:04,PER_000053,,,DEV_000065,,,LOC_000046,,,,completed,mobile_app,
EVT_005345,transaction,2025-03-04 16:37:12,PER_000008,PER_000054,,DEV_000001,IP_000104,ACC_000108,LOC_000077,4357.93,,inbound,completed,web,transfer
EVT_006551,location_ping,2025-03-04 16:48:15,PER_000001,,,DEV_000023,,,LOC_000029,,,,completed,api,
EVT_000532,transaction,2025-03-04 17:02:08,PER_000073,PER_000075,,DEV_000084,IP_000021,ACC_000073,LOC_000015,1645.56,,outbound,completed,web,transfer
EVT_004181,sms,2025-03-04 19:01:00,PER_000036,PER_000015,PH_000139,,,,LOC_000090,,,inbound,completed,pos,
EVT_003587,location_ping,2025-03-04 19:55:53,PER_000016,,,DEV_000100,,,LOC_000054,,,,completed,mobile_app,
EVT_005977,sms,2025-03-04 21:01:46,PER_000073,PER_000074,PH_000175,,,,LOC_000048,,,outbound,completed,atm,
EVT_003824,sms,2025-03-04 21:54:44,PER_000045,PER_000005,PH_000210,,,,LOC_000004,,,outbound,completed,web,
EVT_002497,location_ping,2025-03-05 04:42:13,PER_000074,,,DEV_000118,,,LOC_000049,,,,completed,atm,
EVT_006755,call,2025-03-05 05:06:39,PER_000018,PER_000024,PH_000018,,,,LOC_000001,,293.0,internal,completed,ussd,
EVT_007121,transaction,2025-03-05 05:08:24,PER_000050,PER_000002,,DEV_000076,IP_000053,ACC_000050,LOC_000058,100886.82,,internal,completed,mobile_app,withdrawal
EVT_005224,login,2025-03-05 07:41:44,PER_000025,,PH_000025,DEV_000047,IP_000003,,LOC_000007,,,,completed,mobile_app,
EVT_001031,location_ping,2025-03-05 09:49:29,PER_000023,,,DEV_000093,,,LOC_000117,,,,completed,mobile_app,
EVT_002795,location_ping,2025-03-05 10:10:29,PER_000013,,,DEV_000077,,,LOC_000041,,,,completed,mobile_app,
EVT_004187,sms,2025-03-05 10:21:05,PER_000073,PER_000044,PH_000175,,,,LOC_000015,,,internal,completed,pos,
EVT_004569,login,2025-03-05 11:16:39,PER_000087,,PH_000294,DEV_000071,IP_000119,,LOC_000099,,,,completed,ussd,
EVT_002081,login,2025-03-05 11:51:35,PER_000027,,PH_000027,DEV_000001,IP_000005,,LOC_000097,,,,completed,ussd,
EVT_006327,call,2025-03-05 12:57:58,PER_000042,PER_000002,PH_000199,,,,LOC_000060,,928.0,internal,completed,pos,
EVT_004537,login,2025-03-05 14:07:45,PER_000050,,PH_000261,DEV_000097,IP_000099,,LOC_000058,,,,completed,ussd,
EVT_002323,location_ping,2025-03-05 14:31:43,PER_000062,,,DEV_000081,,,LOC_000047,,,,completed,atm,
EVT_005364,location_ping,2025-03-05 15:10:25,PER_000019,,,DEV_000041,,,LOC_000069,,,,completed,atm,
EVT_003109,sms,2025-03-05 15:33:20,PER_000050,PER_000024,PH_000261,,,,LOC_000058,,,inbound,completed,ussd,
EVT_001126,location_ping,2025-03-05 15:56:35,PER_000033,,,DEV_000034,,,LOC_000083,,,,completed,mobile_app,
EVT_007219,sms,2025-03-05 17:40:03,PER_000001,PER_000046,PH_000001,,,,LOC_000029,,,internal,completed,mobile_app,
EVT_001990,transaction,2025-03-05 22:49:28,PER_000001,PER_000015,,DEV_000043,IP_000062,ACC_000001,LOC_000029,1588.87,,internal,completed,mobile_app,deposit
EVT_005684,call,2025-03-06 04:47:24,PER_000073,PER_000066,PH_000175,,,,LOC_000015,,1043.0,inbound,completed,atm,
EVT_000494,sms,2025-03-06 05:05:11,PER_000019,PER_000077,PH_000019,,,,LOC_000069,,,inbound,completed,pos,
EVT_003667,login,2025-03-06 11:53:34,PER_000044,,PH_000250,DEV_000104,IP_000096,,LOC_000032,,,,completed,ussd,
EVT_001591,sms,2025-03-06 12:15:20,PER_000039,PER_000035,PH_000039,,,,LOC_000002,,,inbound,completed,api,
EVT_005192,call,2025-03-06 12:46:44,PER_000036,PER_000079,PH_000139,,,,LOC_000090,,1163.0,internal,completed,web,
EVT_002023,location_ping,2025-03-06 13:24:57,PER_000060,,,DEV_000104,,,LOC_000014,,,,completed,mobile_app,
EVT_000694,call,2025-03-06 13:28:11,PER_000010,PER_000038,PH_000010,,,,LOC_000017,,995.0,inbound,completed,ussd,
EVT_000406,login,2025-03-06 13:33:34,PER_000062,,PH_000152,DEV_000028,IP_000012,,LOC_000033,,,,completed,api,
EVT_000320,transaction,2025-03-06 14:13:08,PER_000059,PER_000011,,DEV_000089,IP_000098,ACC_000059,LOC_000071,29099.09,,inbound,completed,pos,transfer
EVT_004208,sms,2025-03-06 14:26:08,PER_000041,PER_000040,PH_000041,,,,LOC_000022,,,outbound,completed,ussd,
EVT_006929,login,2025-03-06 14:41:05,PER_000093,,PH_000093,DEV_000029,IP_000084,,LOC_000071,,,,completed,web,
EVT_004864,login,2025-03-06 14:46:55,PER_000073,,PH_000073,DEV_000039,IP_000022,,LOC_000015,,,,completed,api,
EVT_004718,transaction,2025-03-06 14:55:00,PER_000096,PER_000088,,DEV_000016,IP_000028,ACC_000096,LOC_000107,2045.11,,outbound,completed,ussd,withdrawal
EVT_000447,location_ping,2025-03-06 15:40:32,PER_000025,,,DEV_000046,,,LOC_000007,,,,completed,pos,
EVT_001325,sms,2025-03-06 15:54:55,PER_000093,PER_000047,PH_000225,,,,LOC_000007,,,internal,completed,web,
EVT_001923,call,2025-03-06 16:01:50,PER_000054,PER_000075,PH_000054,,,,LOC_000030,,166.0,inbound,completed,web,
EVT_007293,call,2025-03-06 17:04:48,PER_000014,PER_000085,PH_000014,,,,LOC_000050,,1050.0,inbound,completed,web,
EVT_004868,transaction,2025-03-06 17:51:03,PER_000001,PER_000099,,DEV_000062,IP_000027,ACC_000001,LOC_000107,1501.61,,internal,completed,pos,p2p
EVT_004898,sms,2025-03-06 19:30:03,PER_000024,PER_000018,PH_000024,,,,LOC_000083,,,inbound,completed,api,
EVT_006402,transaction,2025-03-06 19:51:03,PER_000049,PER_000060,,DEV_000002,IP_000002,ACC_000149,LOC_000072,1600.55,,outbound,completed,pos,withdrawal
EVT_004804,login,2025-03-06 20:21:11,PER_000073,,PH_000175,DEV_000076,IP_000025,,LOC_000015,,,,completed,atm,
EVT_000843,call,2025-03-07 06:34:22,PER_000093,PER_000009,PH_000142,,,,LOC_000071,,349.0,inbound,completed,mobile_app,
EVT_001965,sms,2025-03-07 06:53:05,PER_000089,PER_000075,PH_000089,,,,LOC_000091,,,inbound,completed,web,
EVT_005415,transaction,2025-03-07 07:02:25,PER_000024,PER_000050,,DEV_000094,IP_000068,ACC_000024,LOC_000083,4101.4,,internal,completed,atm,deposit
EVT_003317,call,2025-03-07 08:37:09,PER_000055,PER_000011,PH_000055,,,,LOC_000016,,505.0,outbound,completed,api,
EVT_000448,call,2025-03-07 10:19:37,PER_000002,PER_000050,PH_000114,,,,LOC_000032,,717.0,internal,completed,atm,
EVT_001860,login,2025-03-07 11:48:40,PER_000090,,PH_000090,DEV_000096,IP_000032,,LOC_000027,,,,completed,api,
EVT_000112,transaction,2025-03-07 12:42:41,PER_000043,PER_000031,,DEV_000001,IP_000001,ACC_000143,LOC_000110,2036.15,,inbound,completed,mobile_app,payment
EVT_003014,transaction,2025-03-07 13:43:46,PER_000027,PER_000018,,DEV_000011,IP_000015,ACC_000027,LOC_000097,1940.26,,internal,completed,mobile_app,transfer
EVT_003432,call,2025-03-07 14:12:00,PER_000098,PER_000036,PH_000098,,,,LOC_000096,,1076.0,internal,completed,mobile_app,
EVT_005868,sms,2025-03-07 14:36:31,PER_000027,PER_000050,PH_000027,,,,LOC_000016,,,outbound,completed,mobile_app,
EVT_001235,login,2025-03-07 15:01:53,PER_000062,,PH_000213,DEV_000025,IP_000090,,LOC_000045,,,,completed,api,
EVT_003474,call,2025-03-07 16:32:08,PER_000017,PER_000056,PH_000017,,,,LOC_000007,,1071.0,inbound,completed,mobile_app,
EVT_005418,location_ping,2025-03-07 16:39:13,PER_000052,,,DEV_000004,,,LOC_000071,,,,completed,web,
EVT_002798,transaction,2025-03-07 17:11:04,PER_000002,PER_000041,,DEV_000021,IP_000083,ACC_000102,LOC_000032,1654.44,,internal,completed,pos,withdrawal
EVT_005242,transaction,2025-03-07 19:09:56,PER_000016,PER_000087,,DEV_000034,IP_000042,ACC_000016,LOC_000054,398033.27,,internal,completed,ussd,payment
EVT_001545,location_ping,2025-03-07 20:25:08,PER_000024,,,DEV_000034,,,LOC_000119,,,,completed,atm,
EVT_002707,call,2025-03-07 20:59:53,PER_000053,PER_000082,PH_000259,,,,LOC_000046,,55.0,internal,completed,pos,
EVT_006185,call,2025-03-07 21:02:31,PER_000073,PER_000031,PH_000244,,,,LOC_000015,,480.0,internal,completed,pos,
EVT_005337,call,2025-03-07 21:34:36,PER_000002,PER_000018,PH_000114,,,,LOC_000013,,597.0,outbound,completed,atm,
EVT_003672,transaction,2025-03-07 21:35:01,PER_000027,PER_000018,,DEV_000008,IP_000075,ACC_000027,LOC_000097,4204.38,,outbound,completed,api,transfer
EVT_006710,sms,2025-03-08 05:58:53,PER_000001,PER_000058,PH_000298,,,,LOC_000029,,,outbound,completed,api,
EVT_000395,login,2025-03-08 08:11:12,PER_000016,,PH_000016,DEV_000078,IP_000063,,LOC_000054,,,,completed,pos,
EVT_001144,transaction,2025-03-08 10:33:34,PER_000001,PER_000054,,DEV_000107,IP_000047,ACC_000001,LOC_000029,1937.58,,outbound,completed,atm,payment
EVT_004963,call,2025-03-08 10:38:09,PER_000016,PER_000050,PH_000016,,,,LOC_000071,,679.0,internal,completed,api,
EVT_001589,sms,2025-03-08 11:17:04,PER_000052,PER_000081,PH_000105,,,,LOC_000071,,,internal,completed,atm,
EVT_003481,login,2025-03-08 12:24:42,PER_000082,,PH_000082,DEV_000024,IP_000057,,LOC_000082,,,,completed,atm,
EVT_007176,sms,2025-03-08 13:23:34,PER_000092,PER_000015,PH_000161,,,,LOC_000027,,,internal,completed,pos,
EVT_003818,call,2025-03-08 14:04:03,PER_000062,PER_000059,PH_000062,,,,LOC_000033,,74.0,outbound,completed,mobile_app,
EVT_003482,sms,2025-03-08 14:27:21,PER_000098,PER_000058,PH_000098,,,,LOC_000096,,,inbound,completed,web,
EVT_003776,login,2025-03-08 14:41:12,PER_000013,,PH_000292,DEV_000119,IP_000065,,LOC_000041,,,,completed,api,
EVT_000595,transaction,2025-03-08 14:44:43,PER_000050,PER_000024,,DEV_000065,IP_000104,ACC_000050,LOC_000058,182.78,,inbound,completed,pos,p2p
EVT_006298,sms,2025-03-08 16:24:38,PER_000016,PER_000024,PH_000016,,,,LOC_000054,,,internal,completed,web,
EVT_003977,transaction,2025-03-08 16:29:37,PER_000042,PER_000050,,DEV_000008,IP_000017,ACC_000042,LOC_000039,2762.77,,inbound,completed,api,transfer
EVT_004772,login,2025-03-08 16:29:56,PER_000058,,PH_000058,DEV_000113,IP_000022,,LOC_000091,,,,completed,ussd,
EVT_003165,sms,2025-03-08 17:41:40,PER_000062,PER_000007,PH_000062,,,,LOC_000033,,,internal,completed,pos,
EVT_002869,login,2025-03-08 18:16:55,PER_000095,,PH_000095,DEV_000120,IP_000078,,LOC_000120,,,,completed,pos,
EVT_003281,transaction,2025-03-08 18:48:24,PER_000073,PER_000052,,DEV_000030,IP_000015,ACC_000073,LOC_000015,25975.2,,internal,completed,web,withdrawal
EVT_004848,location_ping,2025-03-08 20:39:09,PER_000076,,,DEV_000001,,,LOC_000016,,,,completed,pos,
EVT_000221,transaction,2025-03-08 20:39:36,PER_000080,PER_000064,,DEV_000064,IP_000104,ACC_000080,LOC_000030,22.09,,inbound,completed,api,withdrawal
EVT_002428,call,2025-03-08 21:40:04,PER_000016,PER_000050,PH_000016,,,,LOC_000054,,112.0,internal,completed,pos,
EVT_000806,transaction,2025-03-09 06:18:04,PER_000059,PER_000004,,DEV_000074,IP_000060,ACC_000059,LOC_000071,4378.03,,inbound,completed,ussd,withdrawal
EVT_002573,login,2025-03-09 07:13:05,PER_000062,,PH_000213,DEV_000019,IP_000042,,LOC_000033,,,,completed,mobile_app,
EVT_004080,location_ping,2025-03-09 07:56:08,PER_000075,,,DEV_000077,,,LOC_000102,,,,completed,pos,
EVT_001756,call,2025-03-09 10:12:22,PER_000052,PER_000009,PH_000105,,,,LOC_000071,,23.0,internal,completed,mobile_app,
EVT_005926,transaction,2025-03-09 12:42:24,PER_000073,PER_000055,,DEV_000027,IP_000065,ACC_000073,LOC_000015,52813.54,,outbound,completed,ussd,transfer
EVT_004147,sms,2025-03-09 14:23:40,PER_000093,PER_000087,PH_000225,,,,LOC_000071,,,outbound,completed,pos,
EVT_006906,call,2025-03-09 16:55:56,PER_000042,PER_000016,PH_000199,,,,LOC_000060,,649.0,internal,completed,ussd,
EVT_001681,login,2025-03-09 17:43:56,PER_000050,,PH_000261,DEV_000097,IP_000030,,LOC_000058,,,,completed,web,
EVT_004759,call,2025-03-09 18:13:14,PER_000026,PER_000015,PH_000176,,,,LOC_000059,,369.0,inbound,completed,pos,
EVT_000558,call,2025-03-09 19:25:02,PER_000030,PER_000037,PH_000030,,,,LOC_000108,,119.0,outbound,completed,mobile_app,
EVT_001416,sms,2025-03-09 22:28:41,PER_000093,PER_000050,PH_000093,,,,LOC_000071,,,inbound,completed,pos,
EVT_007108,transaction,2025-03-10 04:17:38,PER_000054,PER_000093,,DEV_000039,IP_000116,ACC_000054,LOC_000030,3649.19,,internal,completed,web,withdrawal
EVT_005461,login,2025-03-10 05:03:06,PER_000030,,PH_000030,DEV_000038,IP_000019,,LOC_000108,,,,completed,ussd,
EVT_005674,login,2025-03-10 05:18:52,PER_000005,,PH_000005,DEV_000098,IP_000092,,LOC_000100,,,,completed,ussd,
EVT_002235,sms,2025-03-10 08:25:31,PER_000018,PER_000050,PH_000018,,,,LOC_000001,,,outbound,completed,pos,
EVT_006027,login,2025-03-10 09:17:17,PER_000083,,PH_000203,DEV_000111,IP_000057,,LOC_000053,,,,completed,ussd,
EVT_002135,login,2025-03-10 11:14:32,PER_000046,,PH_000046,DEV_000068,IP_000066,,LOC_000028,,,,completed,pos,
EVT_004123,login,2025-03-10 11:21:52,PER_000024,,PH_000024,DEV_000012,IP_000018,,LOC_000083,,,,completed,mobile_app,
EVT_003772,sms,2025-03-10 11:31:44,PER_000073,PER_000008,PH_000116,,,,LOC_000015,,,outbound,completed,web,
EVT_002398,transaction,2025-03-10 12:35:43,PER_000023,PER_000048,,DEV_000048,IP_000087,ACC_000123,LOC_000117,2601.95,,outbound,completed,pos,transfer
EVT_004802,login,2025-03-10 12:49:01,PER_000002,,PH_000114,DEV_000098,IP_000069,,LOC_000032,,,,completed,atm,
EVT_003160,sms,2025-03-10 13:20:13,PER_000027,PER_000042,PH_000027,,,,LOC_000097,,,inbound,completed,pos,
EVT_004239,location_ping,2025-03-10 14:05:45,PER_000062,,,DEV_000115,,,LOC_000033,,,,completed,web,
EVT_004000,sms,2025-03-10 14:42:00,PER_000001,PER_000060,PH_000001,,,,LOC_000029,,,internal,completed,web,
EVT_007032,call,2025-03-10 15:46:48,PER_000073,PER_000025,PH_000162,,,,LOC_000015,,294.0,internal,completed,web,
EVT_004619,call,2025-03-10 16:51:48,PER_000027,PER_000016,PH_000027,,,,LOC_000089,,46.0,inbound,completed,mobile_app,
EVT_005257,login,2025-03-10 17:05:52,PER_000073,,PH_000073,DEV_000073,IP_000088,,LOC_000015,,,,completed,web,
EVT_005635,sms,2025-03-10 17:10:59,PER_000042,PER_000002,PH_000042,,,,LOC_000060,,,outbound,completed,web,
EVT_005098,transaction,2025-03-10 17:11:39,PER_000001,PER_000005,,DEV_000004,IP_000081,ACC_000001,LOC_000029,3649.42,,inbound,completed,pos,withdrawal
EVT_006160,transaction,2025-03-10 17:40:57,PER_000016,PER_000087,,DEV_000063,IP_000076,ACC_000016,LOC_000054,81043.59,,outbound,completed,atm,p2p
EVT_002802,sms,2025-03-10 19:12:22,PER_000024,PER_000042,PH_000024,,,,LOC_000083,,,internal,completed,api,
EVT_002598,login,2025-03-10 19:27:16,PER_000034,,PH_000167,DEV_000102,IP_000028,,LOC_000075,,,,completed,web,
EVT_006825,sms,2025-03-10 20:44:59,PER_000062,PER_000053,PH_000213,,,,LOC_000033,,,outbound,completed,pos,
EVT_005971,transaction,2025-03-11 03:38:14,PER_000059,PER_000023,,DEV_000060,IP_000052,ACC_000059,LOC_000071,824.84,,outbound,completed,api,deposit
EVT_001433,call,2025-03-11 04:49:07,PER_000046,PER_000027,PH_000046,,,,LOC_000068,,817.0,internal,completed,api,
EVT_000050,login,2025-03-11 04:49:54,PER_000093,,PH_000262,DEV_000113,IP_000073,,LOC_000071,,,,completed,mobile_app,
EVT_000246,login,2025-03-11 07:05:08,PER_000073,,PH_000175,DEV_000111,IP_000059,,LOC_000015,,,,completed,pos,
EVT_001554,sms,2025-03-11 08:21:51,PER_000073,PER_000074,PH_000073,,,,LOC_000015,,,outbound,completed,pos,
EVT_002819,call,2025-03-11 09:45:55,PER_000045,PER_000017,PH_000249,,,,LOC_000004,,708.0,inbound,completed,api,
EVT_001116,location_ping,2025-03-11 09:52:11,PER_000042,,,DEV_000055,,,LOC_000060,,,,completed,mobile_app,
EVT_004477,call,2025-03-11 11:43:42,PER_000059,PER_000011,PH_000137,,,,LOC_000071,,436.0,internal,completed,mobile_app,
EVT_004613,transaction,2025-03-11 11:52:28,PER_000062,PER_000001,,DEV_000086,IP_000108,ACC_000062,LOC_000033,65536.93,,outbound,completed,api,transfer
EVT_001080,location_ping,2025-03-11 13:30:31,PER_000015,,,DEV_000016,,,LOC_000054,,,,completed,api,
EVT_006364,sms,2025-03-11 13:42:22,PER_000049,PER_000006,PH_000276,,,,LOC_000072,,,outbound,completed,mobile_app,
EVT_002820,location_ping,2025-03-11 14:28:49,PER_000022,,,DEV_000063,,,LOC_000024,,,,completed,mobile_app,
EVT_000498,transaction,2025-03-11 15:45:30,PER_000010,PER_000027,,DEV_000118,IP_000025,ACC_000010,LOC_000034,2219.17,,internal,completed,ussd,deposit
EVT_001920,sms,2025-03-11 15:47:14,PER_000094,PER_000011,PH_000198,,,,LOC_000060,,,outbound,completed,ussd,
EVT_004706,login,2025-03-11 16:21:32,PER_000068,,PH_000208,DEV_000023,IP_000110,,LOC_000081,,,,completed,mobile_app,
EVT_002157,login,2025-03-11 17:03:40,PER_000018,,PH_000018,DEV_000096,IP_000027,,LOC_000110,,,,completed,atm,
EVT_003789,transaction,2025-03-11 17:09:16,PER_000043,PER_000096,,DEV_000001,IP_000001,ACC_000043,LOC_000110,1053.01,,outbound,completed,mobile_app,withdrawal
EVT_002366,login,2025-03-11 17:24:40,PER_000096,,PH_000146,DEV_000037,IP_000084,,LOC_000107,,,,completed,pos,
EVT_000211,location_ping,2025-03-11 18:25:26,PER_000093,,,DEV_000058,,,LOC_000071,,,,completed,api,
EVT_005120,location_ping,2025-03-11 20:24:42,PER_000001,,,DEV_000008,,,LOC_000029,,,,completed,ussd,
EVT_004366,login,2025-03-12 06:02:43,PER_000016,,PH_000016,DEV_000042,IP_000030,,LOC_000054,,,,completed,web,
EVT_007281,login,2025-03-12 06:08:10,PER_000060,,PH_000060,DEV_000034,IP_000098,,LOC_000014,,,,completed,web,
EVT_006438,login,2025-03-12 06:42:52,PER_000087,,PH_000294,DEV_000015,IP_000070,,LOC_000099,,,,completed,api,
EVT_004917,login,2025-03-12 07:29:25,PER_000090,,PH_000090,DEV_000102,IP_000105,,LOC_000027,,,,completed,pos,
EVT_000662,transaction,2025-03-12 09:22:56,PER_000007,PER_000038,,DEV_000086,IP_000099,ACC_000007,LOC_000092,1952.75,,outbound,completed,atm,withdrawal
EVT_007436,location_ping,2025-03-12 10:35:58,PER_000073,,,DEV_000094,,,LOC_000015,,,,completed,atm,
EVT_007131,location_ping,2025-03-12 10:58:48,PER_000015,,,DEV_000108,,,LOC_000054,,,,completed,atm,
EVT_004559,login,2025-03-12 11:45:19,PER_000093,,PH_000142,DEV_000090,IP_000107,,LOC_000071,,,,completed,api,
EVT_004972,sms,2025-03-12 13:06:08,PER_000062,PER_000087,PH_000062,,,,LOC_000033,,,inbound,completed,atm,
EVT_001752,location_ping,2025-03-12 16:02:20,PER_000081,,,DEV_000096,,,LOC_000084,,,,completed,atm,
EVT_005726,login,2025-03-12 16:44:12,PER_000042,,PH_000199,DEV_000064,IP_000054,,LOC_000109,,,,completed,api,
EVT_000062,sms,2025-03-12 17:12:21,PER_000002,PER_000042,PH_000114,,,,LOC_000032,,,inbound,completed,pos,
EVT_003456,login,2025-03-12 18:09:22,PER_000068,,PH_000208,DEV_000055,IP_000084,,LOC_000081,,,,completed,pos,
EVT_007020,call,2025-03-12 19:15:03,PER_000079,PER_000056,PH_000079,,,,LOC_000004,,628.0,inbound,completed,web,
EVT_006699,location_ping,2025-03-12 19:38:39,PER_000068,,,DEV_000082,,,LOC_000064,,,,completed,pos,
EVT_000075,call,2025-03-12 19:42:41,PER_000001,PER_000023,PH_000298,,,,LOC_000035,,778.0,outbound,completed,api,
EVT_005177,login,2025-03-12 21:51:31,PER_000062,,PH_000213,DEV_000027,IP_000009,,LOC_000033,,,,completed,web,
EVT_004470,transaction,2025-03-13 07:43:59,PER_000093,PER_000006,,DEV_000023,IP_000059,ACC_000093,LOC_000071,427.84,,internal,completed,api,transfer
EVT_004871,location_ping,2025-03-13 10:12:21,PER_000041,,,DEV_000056,,,LOC_000040,,,,completed,api,
EVT_001755,login,2025-03-13 11:19:34,PER_000014,,PH_000014,DEV_000004,IP_000058,,LOC_000050,,,,completed,api,
EVT_002749,call,2025-03-13 11:20:15,PER_000018,PER_000098,PH_000018,,,,LOC_000001,,985.0,inbound,completed,web,
EVT_003062,sms,2025-03-13 11:32:48,PER_000059,PER_000091,PH_000059,,,,LOC_000071,,,internal,completed,mobile_app,
EVT_002569,login,2025-03-13 11:33:40,PER_000037,,PH_000233,DEV_000016,IP_000061,,LOC_000101,,,,completed,pos,
EVT_004280,call,2025-03-13 11:33:54,PER_000084,PER_000063,PH_000224,,,,LOC_000043,,784.0,outbound,completed,mobile_app,
EVT_000585,transaction,2025-03-13 12:18:29,PER_000062,PER_000019,,DEV_000120,IP_000117,ACC_000062,LOC_000033,111972.59,,outbound,completed,mobile_app,withdrawal
EVT_005721,login,2025-03-13 12:33:44,PER_000045,,PH_000169,DEV_000001,IP_000001,,LOC_000025,,,,completed,mobile_app,
EVT_006301,login,2025-03-13 12:56:15,PER_000016,,PH_000016,DEV_000042,IP_000083,,LOC_000054,,,,completed,atm,
EVT_004971,sms,2025-03-13 13:44:22,PER_000059,PER_000068,PH_000158,,,,LOC_000071,,,inbound,completed,web,
EVT_003053,transaction,2025-03-13 14:46:26,PER_000018,PER_000042,,DEV_000091,IP_000015,ACC_000118,LOC_000098,2151.31,,outbound,completed,web,deposit
EVT_001960,transaction,2025-03-13 16:20:08,PER_000093,PER_000089,,DEV_000084,IP_000065,ACC_000093,LOC_000071,387.0,,outbound,completed,ussd,transfer
EVT_003466,transaction,2025-03-13 16:58:27,PER_000050,PER_000018,,DEV_000109,IP_000041,ACC_000050,LOC_000058,478367.22,,internal,completed,pos,deposit
EVT_006927,sms,2025-03-13 17:56:05,PER_000026,PER_000046,PH_000026,,,,LOC_000059,,,outbound,completed,mobile_app,
EVT_000667,call,2025-03-13 19:39:58,PER_000054,PER_000039,PH_000054,,,,LOC_000030,,615.0,internal,completed,ussd,
EVT_003082,transaction,2025-03-13 20:07:54,PER_000093,PER_000057,,DEV_000071,IP_000001,ACC_000093,LOC_000021,145607.57,,internal,completed,pos,payment
EVT_000249,call,2025-03-14 01:46:46,PER_000089,PER_000068,PH_000282,,,,LOC_000047,,517.0,outbound,completed,ussd,
EVT_007276,sms,2025-03-14 03:07:17,PER_000011,PER_000065,PH_000255,,,,LOC_000024,,,internal,completed,api,
EVT_003135,sms,2025-03-14 03:08:54,PER_000032,PER_000088,PH_000102,,,,LOC_000028,,,internal,completed,api,
EVT_001961,transaction,2025-03-14 05:12:18,PER_000059,PER_000088,,DEV_000063,IP_000028,ACC_000059,LOC_000071,436.3,,inbound,completed,api,payment
EVT_005884,login,2025-03-14 05:23:14,PER_000093,,PH_000262,DEV_000046,IP_000119,,LOC_000071,,,,completed,atm,
EVT_002800,transaction,2025-03-14 05:26:50,PER_000040,PER_000091,,DEV_000069,IP_000036,ACC_000140,LOC_000047,4370.95,,inbound,completed,pos,p2p
EVT_006334,call,2025-03-14 06:34:07,PER_000018,PER_000002,PH_000018,,,,LOC_000001,,1121.0,outbound,completed,ussd,
EVT_001993,call,2025-03-14 06:37:12,PER_000083,PER_000003,PH_000083,,,,LOC_000053,,1053.0,outbound,completed,web,
EVT_001499,login,2025-03-14 06:50:49,PER_000001,,PH_000001,DEV_000015,IP_000042,,LOC_000029,,,,completed,pos,
EVT_006923,transaction,2025-03-14 07:39:43,PER_000062,PER_000008,,DEV_000016,IP_000023,ACC_000062,LOC_000031,26494.18,,outbound,completed,web,deposit
EVT_005566,transaction,2025-03-14 08:50:38,PER_000027,PER_000061,,DEV_000063,IP_000019,ACC_000127,LOC_000097,1152.99,,outbound,completed,mobile_app,withdrawal
EVT_005206,call,2025-03-14 10:12:57,PER_000049,PER_000089,PH_000190,,,,LOC_000072,,996.0,outbound,completed,atm,
EVT_001155,transaction,2025-03-14 10:49:27,PER_000029,PER_000053,,DEV_000053,IP_000080,ACC_000029,LOC_000061,2065.46,,inbound,completed,mobile_app,transfer
EVT_003495,location_ping,2025-03-14 13:49:31,PER_000001,,,DEV_000086,,,LOC_000029,,,,completed,mobile_app,
EVT_005692,login,2025-03-14 13:49:46,PER_000096,,PH_000146,DEV_000052,IP_000056,,LOC_000107,,,,completed,api,
EVT_006590,transaction,2025-03-14 14:01:23,PER_000062,PER_000023,,DEV_000105,IP_000026,ACC_000062,LOC_000033,2525.84,,inbound,completed,atm,transfer
EVT_004392,login,2025-03-14 14:03:11,PER_000093,,PH_000262,DEV_000066,IP_000011,,LOC_000071,,,,completed,web,
EVT_002009,call,2025-03-14 14:15:42,PER_000013,PER_000047,PH_000013,,,,LOC_000041,,556.0,inbound,completed,mobile_app,
EVT_005205,location_ping,2025-03-14 14:21:20,PER_000042,,,DEV_000066,,,LOC_000060,,,,completed,ussd,
EVT_000031,login,2025-03-14 15:21:47,PER_000016,,PH_000016,DEV_000031,IP_000045,,LOC_000054,,,,completed,web,
EVT_006669,sms,2025-03-14 15:33:19,PER_000075,PER_000005,PH_000075,,,,LOC_000102,,,inbound,completed,ussd,
EVT_003699,login,2025-03-14 16:52:40,PER_000016,,PH_000016,DEV_000007,IP_000025,,LOC_000054,,,,completed,web,
EVT_000849,call,2025-03-14 16:54:15,PER_000042,PER_000002,PH_000042,,,,LOC_000060,,444.0,outbound,completed,web,
EVT_004763,call,2025-03-14 17:04:42,PER_000003,PER_000078,PH_000221,,,,LOC_000054,,727.0,internal,completed,api,
EVT_001851,location_ping,2025-03-14 20:08:08,PER_000027,,,DEV_000036,,,LOC_000030,,,,completed,ussd,
EVT_003370,location_ping,2025-03-14 21:13:03,PER_000093,,,DEV_000086,,,LOC_000071,,,,completed,mobile_app,
EVT_001341,call,2025-03-14 22:21:51,PER_000088,PER_000038,PH_000088,,,,LOC_000060,,63.0,outbound,completed,mobile_app,
EVT_003543,location_ping,2025-03-14 23:04:24,PER_000018,,,DEV_000075,,,LOC_000001,,,,completed,api,
EVT_006776,login,2025-03-15 04:29:17,PER_000066,,PH_000066,DEV_000078,IP_000025,,LOC_000049,,,,completed,pos,
EVT_001624,sms,2025-03-15 05:30:04,PER_000049,PER_000092,PH_000154,,,,LOC_000072,,,inbound,completed,ussd,
EVT_004071,transaction,2025-03-15 08:08:35,PER_000077,PER_000093,,DEV_000084,IP_000087,ACC_000077,LOC_000035,309.86,,internal,completed,web,transfer
EVT_004129,sms,2025-03-15 08:18:46,PER_000043,PER_000098,PH_000133,,,,LOC_000110,,,inbound,completed,pos,
EVT_001877,transaction,2025-03-15 09:07:54,PER_000032,PER_000100,,DEV_000034,IP_000065,ACC_000132,LOC_000028,954.74,,outbound,completed,atm,transfer
EVT_006742,location_ping,2025-03-15 09:10:16,PER_000087,,,DEV_000094,,,LOC_000099,,,,completed,pos,
EVT_002567,transaction,2025-03-15 12:42:39,PER_000011,PER_000086,,DEV_000038,IP_000080,ACC_000111,LOC_000063,818.45,,inbound,completed,api,payment
EVT_000943,transaction,2025-03-15 12:56:34,PER_000059,PER_000075,,DEV_000090,IP_000016,ACC_000059,LOC_000071,3764.64,,outbound,completed,atm,withdrawal
EVT_001550,transaction,2025-03-15 13:11:18,PER_000073,PER_000002,,DEV_000107,IP_000114,ACC_000073,LOC_000015,246.51,,outbound,completed,web,p2p
EVT_001043,transaction,2025-03-15 14:09:48,PER_000057,PER_000026,,DEV_000079,IP_000050,ACC_000057,LOC_000030,69.33,,outbound,completed,web,deposit
EVT_000576,transaction,2025-03-15 14:40:38,PER_000001,PER_000003,,DEV_000102,IP_000014,ACC_000101,LOC_000011,4017.37,,outbound,completed,mobile_app,payment
EVT_006917,call,2025-03-15 15:30:08,PER_000001,PER_000041,PH_000001,,,,LOC_000029,,1154.0,internal,completed,mobile_app,
EVT_000852,call,2025-03-15 16:58:26,PER_000073,PER_000006,PH_000244,,,,LOC_000015,,471.0,inbound,completed,web,
EVT_003788,sms,2025-03-15 17:13:10,PER_000014,PER_000072,PH_000014,,,,LOC_000050,,,outbound,completed,api,
EVT_006066,sms,2025-03-15 17:17:43,PER_000050,PER_000087,PH_000117,,,,LOC_000058,,,internal,completed,atm,
EVT_004826,location_ping,2025-03-15 20:25:48,PER_000016,,,DEV_000086,,,LOC_000054,,,,completed,api,
EVT_005594,sms,2025-03-15 20:26:19,PER_000027,PER_000002,PH_000245,,,,LOC_000097,,,inbound,completed,web,
EVT_003470,sms,2025-03-16 01:37:44,PER_000030,PER_000041,PH_000229,,,,LOC_000118,,,internal,completed,pos,
EVT_006071,call,2025-03-16 07:49:12,PER_000066,PER_000019,PH_000123,,,,LOC_000049,,47.0,internal,completed,api,
EVT_001558,call,2025-03-16 07:52:14,PER_000050,PER_000018,PH_000117,,,,LOC_000058,,310.0,outbound,completed,pos,
EVT_005304,call,2025-03-16 09:36:02,PER_000061,PER_000064,PH_000239,,,,LOC_000082,,1146.0,internal,completed,atm,
EVT_006856,login,2025-03-16 10:14:24,PER_000016,,PH_000016,DEV_000027,IP_000017,,LOC_000054,,,,completed,web,
EVT_000829,transaction,2025-03-16 10:19:21,PER_000039,PER_000095,,DEV_000107,IP_000096,ACC_000139,LOC_000002,3435.69,,internal,completed,pos,payment
EVT_006176,sms,2025-03-16 11:09:28,PER_000011,PER_000094,PH_000174,,,,LOC_000063,,,internal,completed,atm,
EVT_001610,transaction,2025-03-16 12:24:04,PER_000073,PER_000001,,DEV_000119,IP_000002,ACC_000073,LOC_000015,4019.15,,internal,completed,web,p2p
EVT_003278,login,2025-03-16 14:06:40,PER_000015,,PH_000015,DEV_000102,IP_000030,,LOC_000091,,,,completed,ussd,
EVT_000582,transaction,2025-03-16 15:05:20,PER_000094,PER_000017,,DEV_000099,IP_000050,ACC_000094,LOC_000060,2713.82,,inbound,completed,pos,payment
EVT_006534,call,2025-03-16 15:16:33,PER_000030,PER_000032,PH_000242,,,,LOC_000078,,662.0,inbound,completed,web,
EVT_006171,sms,2025-03-16 15:59:34,PER_000016,PER_000002,PH_000016,,,,LOC_000054,,,inbound,completed,atm,
EVT_001276,location_ping,2025-03-16 17:06:17,PER_000060,,,DEV_000057,,,LOC_000014,,,,completed,web,
EVT_005035,location_ping,2025-03-16 18:16:44,PER_000002,,,DEV_000039,,,LOC_000032,,,,completed,atm,
EVT_007389,location_ping,2025-03-16 18:36:25,PER_000073,,,DEV_000079,,,LOC_000115,,,,completed,mobile_app,
EVT_005432,sms,2025-03-16 18:55:06,PER_000004,PER_000016,PH_000297,,,,LOC_000052,,,inbound,completed,ussd,
EVT_005811,transaction,2025-03-16 19:04:28,PER_000016,PER_000042,,DEV_000007,IP_000009,ACC_000116,LOC_000054,268282.91,,internal,completed,mobile_app,withdrawal
EVT_005318,call,2025-03-16 19:25:57,PER_000027,PER_000050,PH_000027,,,,LOC_000020,,361.0,outbound,completed,pos,
EVT_002290,call,2025-03-16 21:10:51,PER_000018,PER_000090,PH_000018,,,,LOC_000001,,960.0,outbound,completed,web,
EVT_002254,transaction,2025-03-16 21:28:32,PER_000062,PER_000064,,DEV_000108,IP_000095,ACC_000062,LOC_000033,56073.04,,outbound,completed,api,deposit
EVT_004025,location_ping,2025-03-17 00:09:21,PER_000085,,,DEV_000030,,,LOC_000085,,,,completed,pos,
EVT_005976,login,2025-03-17 03:48:34,PER_000058,,PH_000058,DEV_000057,IP_000011,,LOC_000091,,,,completed,ussd,
EVT_001711,location_ping,2025-03-17 07:07:22,PER_000066,,,DEV_000073,,,LOC_000049,,,,completed,atm,
EVT_003675,login,2025-03-17 07:56:32,PER_000093,,PH_000142,DEV_000078,IP_000064,,LOC_000071,,,,completed,atm,
EVT_001399,sms,2025-03-17 08:10:09,PER_000024,PER_000087,PH_000024,,,,LOC_000078,,,outbound,completed,ussd,
EVT_001893,location_ping,2025-03-17 08:11:11,PER_000059,,,DEV_000037,,,LOC_000071,,,,completed,mobile_app,
EVT_004272,call,2025-03-17 08:31:00,PER_000002,PER_000087,PH_000114,,,,LOC_000032,,909.0,inbound,completed,ussd,
EVT_002395,location_ping,2025-03-17 12:57:25,PER_000018,,,DEV_000091,,,LOC_000001,,,,completed,pos,
EVT_000646,call,2025-03-17 13:29:56,PER_000074,PER_000014,PH_000074,,,,LOC_000106,,1102.0,inbound,completed,web,
EVT_002514,transaction,2025-03-17 13:41:09,PER_000093,PER_000035,,DEV_000052,IP_000096,ACC_000093,LOC_000071,120007.04,,inbound,completed,mobile_app,p2p
EVT_006701,call,2025-03-17 14:11:00,PER_000042,PER_000016,PH_000199,,,,LOC_000060,,927.0,internal,completed,atm,
EVT_001526,transaction,2025-03-17 14:35:55,PER_000048,PER_000056,,DEV_000075,IP_000027,ACC_000048,LOC_000025,3354.14,,outbound,completed,atm,deposit
EVT_000242,call,2025-03-17 14:42:09,PER_000082,PER_000058,PH_000170,,,,LOC_000082,,628.0,inbound,completed,api,
EVT_003529,sms,2025-03-17 16:17:15,PER_000020,PER_000034,PH_000020,,,,LOC_000056,,,inbound,completed,api,
EVT_007380,call,2025-03-17 20:19:54,PER_000032,PER_000055,PH_000165,,,,LOC_000094,,1193.0,inbound,completed,mobile_app,
EVT_004577,transaction,2025-03-17 22:18:24,PER_000070,PER_000002,,DEV_000066,IP_000115,ACC_000070,LOC_000001,2442.98,,internal,completed,mobile_app,transfer
EVT_002748,sms,2025-03-17 22:56:46,PER_000094,PER_000096,PH_000198,,,,LOC_000060,,,internal,completed,web,
EVT_000950,login,2025-03-18 04:17:21,PER_000073,,PH_000116,DEV_000003,IP_000064,,LOC_000015,,,,completed,ussd,
EVT_001455,transaction,2025-03-18 05:09:07,PER_000062,PER_000049,,DEV_000049,IP_000087,ACC_000062,LOC_000033,877.72,,internal,completed,atm,payment
EVT_006976,transaction,2025-03-18 06:52:19,PER_000018,PER_000024,,DEV_000115,IP_000076,ACC_000118,LOC_000085,132739.23,,inbound,completed,web,p2p
EVT_007444,transaction,2025-03-18 06:55:54,PER_000042,PER_000018,,DEV_000087,IP_000084,ACC_000042,LOC_000060,952.22,,inbound,completed,mobile_app,payment
EVT_002746,sms,2025-03-18 09:46:07,PER_000062,PER_000073,PH_000213,,,,LOC_000033,,,internal,completed,web,
EVT_001576,transaction,2025-03-18 10:01:12,PER_000093,PER_000082,,DEV_000104,IP_000109,ACC_000093,LOC_000071,1858.85,,inbound,completed,mobile_app,withdrawal
EVT_004913,transaction,2025-03-18 11:45:51,PER_000062,PER_000054,,DEV_000107,IP_000053,ACC_000062,LOC_000033,4014.29,,internal,completed,ussd,p2p
EVT_000932,login,2025-03-18 13:07:59,PER_000087,,PH_000087,DEV_000082,IP_000042,,LOC_000099,,,,completed,web,
EVT_003683,call,2025-03-18 13:19:40,PER_000018,PER_000087,PH_000018,,,,LOC_000001,,1005.0,internal,completed,web,
EVT_006182,location_ping,2025-03-18 13:28:44,PER_000052,,,DEV_000037,,,LOC_000071,,,,completed,web,
EVT_002436,sms,2025-03-18 14:00:32,PER_000093,PER_000062,PH_000225,,,,LOC_000071,,,internal,completed,web,
EVT_001161,location_ping,2025-03-18 14:15:37,PER_000052,,,DEV_000109,,,LOC_000071,,,,completed,web,
EVT_000128,login,2025-03-18 14:38:06,PER_000065,,PH_000065,DEV_000061,IP_000116,,LOC_000069,,,,completed,ussd,
EVT_004682,sms,2025-03-18 15:14:10,PER_000028,PER_000065,PH_000028,,,,LOC_000003,,,inbound,completed,web,
EVT_006442,location_ping,2025-03-18 15:35:10,PER_000073,,,DEV_000046,,,LOC_000015,,,,completed,web,
EVT_007170,login,2025-03-18 17:56:28,PER_000050,,PH_000050,DEV_000067,IP_000042,,LOC_000058,,,,completed,ussd,
EVT_000073,login,2025-03-18 18:05:49,PER_000086,,PH_000086,DEV_000093,IP_000093,,LOC_000083,,,,completed,mobile_app,
EVT_005663,sms,2025-03-18 18:17:01,PER_000068,PER_000018,PH_000068,,,,LOC_000081,,,internal,completed,api,
EVT_006266,sms,2025-03-18 19:42:56,PER_000098,PER_000018,PH_000098,,,,LOC_000096,,,inbound,completed,api,
EVT_002575,transaction,2025-03-18 20:00:40,PER_000001,PER_000048,,DEV_000043,IP_000026,ACC_000001,LOC_000029,1870.48,,internal,completed,web,deposit
EVT_005840,sms,2025-03-18 22:08:08,PER_000002,PER_000018,PH_000114,,,,LOC_000032,,,outbound,completed,pos,
EVT_002680,transaction,2025-03-19 03:05:43,PER_000001,PER_000067,,DEV_000057,IP_000033,ACC_000101,LOC_000029,35352.76,,outbound,completed,atm,transfer
EVT_002318,location_ping,2025-03-19 06:23:20,PER_000051,,,DEV_000078,,,LOC_000052,,,,completed,ussd,
EVT_001941,sms,2025-03-19 07:01:52,PER_000001,PER_000008,PH_000298,,,,LOC_000029,,,internal,completed,atm,
EVT_001712,login,2025-03-19 09:12:08,PER_000052,,PH_000052,DEV_000055,IP_000005,,LOC_000071,,,,completed,pos,
EVT_004621,login,2025-03-19 09:22:12,PER_000075,,PH_000287,DEV_000058,IP_000107,,LOC_000102,,,,completed,web,
EVT_001805,call,2025-03-19 09:56:10,PER_000075,PER_000030,PH_000287,,,,LOC_000102,,573.0,inbound,completed,pos,
EVT_005704,sms,2025-03-19 10:27:43,PER_000059,PER_000043,PH_000180,,,,LOC_000071,,,inbound,completed,mobile_app,
EVT_007034,sms,2025-03-19 10:35:14,PER_000083,PER_000001,PH_000083,,,,LOC_000053,,,internal,completed,atm,
EVT_006429,login,2025-03-19 14:07:18,PER_000050,,PH_000248,DEV_000094,IP_000073,,LOC_000058,,,,completed,ussd,
EVT_000927,sms,2025-03-19 14:13:19,PER_000042,PER_000048,PH_000199,,,,LOC_000060,,,outbound,completed,api,
EVT_001461,sms,2025-03-19 14:37:18,PER_000074,PER_000015,PH_000074,,,,LOC_000106,,,internal,completed,mobile_app,
EVT_006812,login,2025-03-19 15:22:36,PER_000024,,PH_000024,DEV_000059,IP_000029,,LOC_000083,,,,completed,atm,
EVT_001549,login,2025-03-19 15:47:24,PER_000093,,PH_000142,DEV_000111,IP_000120,,LOC_000071,,,,completed,mobile_app,
EVT_001925,sms,2025-03-19 17:12:43,PER_000024,PER_000042,PH_000024,,,,LOC_000049,,,internal,completed,api,
EVT_003605,sms,2025-03-19 19:37:47,PER_000073,PER_000026,PH_000244,,,,LOC_000015,,,outbound,completed,api,
EVT_001956,call,2025-03-19 19:50:32,PER_000026,PER_000045,PH_000026,,,,LOC_000059,,1162.0,inbound,completed,pos,
EVT_004335,transaction,2025-03-19 20:23:55,PER_000017,PER_000038,,DEV_000005,IP_000080,ACC_000017,LOC_000089,4340.66,,inbound,completed,mobile_app,withdrawal
EVT_001453,location_ping,2025-03-19 21:22:06,PER_000059,,,DEV_000089,,,LOC_000071,,,,completed,api,
EVT_002247,location_ping,2025-03-20 07:59:02,PER_000062,,,DEV_000053,,,LOC_000033,,,,completed,web,
EVT_001334,call,2025-03-20 09:22:49,PER_000062,PER_000073,PH_000213,,,,LOC_000033,,622.0,inbound,completed,web,
EVT_000400,call,2025-03-20 09:41:23,PER_000064,PER_000043,PH_000101,,,,LOC_000020,,517.0,outbound,completed,pos,
EVT_003426,sms,2025-03-20 10:30:26,PER_000024,PER_000016,PH_000024,,,,LOC_000083,,,inbound,completed,ussd,
EVT_006070,call,2025-03-20 10:40:32,PER_000050,PER_000042,PH_000050,,,,LOC_000058,,893.0,outbound,completed,web,
EVT_007351,location_ping,2025-03-20 12:15:11,PER_000004,,,DEV_000112,,,LOC_000052,,,,completed,atm,
EVT_000469,sms,2025-03-20 12:21:36,PER_000001,PER_000082,PH_000298,,,,LOC_000029,,,outbound,completed,pos,
EVT_006123,login,2025-03-20 12:34:24,PER_000001,,PH_000298,DEV_000018,IP_000013,,LOC_000029,,,,completed,pos,
EVT_000113,location_ping,2025-03-20 12:36:36,PER_000040,,,DEV_000104,,,LOC_000047,,,,completed,atm,
EVT_006152,transaction,2025-03-20 12:54:07,PER_000087,PER_000002,,DEV_000098,IP_000063,ACC_000087,LOC_000099,1140.21,,outbound,completed,atm,p2p
EVT_001804,login,2025-03-20 14:15:08,PER_000002,,PH_000114,DEV_000093,IP_000019,,LOC_000032,,,,completed,web,
EVT_004124,login,2025-03-20 16:14:28,PER_000059,,PH_000059,DEV_000047,IP_000005,,LOC_000071,,,,completed,api,
EVT_004157,sms,2025-03-20 17:00:09,PER_000088,PER_000003,PH_000088,,,,LOC_000060,,,outbound,completed,api,
EVT_006548,transaction,2025-03-20 17:11:57,PER_000066,PER_000004,,DEV_000003,IP_000002,ACC_000066,LOC_000049,4334.86,,outbound,completed,mobile_app,transfer
EVT_006948,transaction,2025-03-20 18:32:49,PER_000093,PER_000011,,DEV_000023,IP_000051,ACC_000093,LOC_000071,117711.0,,outbound,completed,ussd,transfer
EVT_000556,location_ping,2025-03-20 20:46:32,PER_000032,,,DEV_000032,,,LOC_000090,,,,completed,mobile_app,
EVT_004724,call,2025-03-20 22:18:30,PER_000065,PER_000081,PH_000159,,,,LOC_000085,,437.0,internal,completed,pos,
EVT_001924,call,2025-03-21 05:08:15,PER_000080,PER_000009,PH_000080,,,,LOC_000074,,890.0,inbound,completed,api,
EVT_004004,transaction,2025-03-21 05:18:38,PER_000026,PER_000014,,DEV_000020,IP_000056,ACC_000026,LOC_000059,3191.29,,inbound,completed,pos,deposit
EVT_003797,location_ping,2025-03-21 06:04:17,PER_000025,,,DEV_000022,,,LOC_000007,,,,completed,mobile_app,
EVT_006234,transaction,2025-03-21 07:42:06,PER_000029,PER_000042,,DEV_000007,IP_000019,ACC_000029,LOC_000100,1390.22,,inbound,completed,mobile_app,payment
EVT_001601,login,2025-03-21 10:48:22,PER_000014,,PH_000014,DEV_000093,IP_000065,,LOC_000050,,,,completed,api,
EVT_006080,location_ping,2025-03-21 10:52:45,PER_000087,,,DEV_000062,,,LOC_000099,,,,completed,pos,
EVT_001238,call,2025-03-21 13:01:09,PER_000034,PER_000063,PH_000034,,,,LOC_000075,,1156.0,outbound,completed,pos,
EVT_007377,login,2025-03-21 13:45:50,PER_000073,,PH_000116,DEV_000092,IP_000106,,LOC_000015,,,,completed,pos,
EVT_000015,call,2025-03-21 14:06:10,PER_000075,PER_000058,PH_000287,,,,LOC_000102,,646.0,inbound,completed,mobile_app,
EVT_002237,location_ping,2025-03-21 14:35:46,PER_000001,,,DEV_000017,,,LOC_000029,,,,completed,ussd,
EVT_006142,login,2025-03-21 15:43:18,PER_000015,,PH_000015,DEV_000035,IP_000045,,LOC_000054,,,,completed,pos,
EVT_006292,sms,2025-03-21 17:21:23,PER_000093,PER_000011,PH_000138,,,,LOC_000071,,,outbound,completed,ussd,
EVT_005906,call,2025-03-21 18:00:39,PER_000042,PER_000087,PH_000199,,,,LOC_000060,,36.0,outbound,completed,api,
EVT_007290,sms,2025-03-21 21:16:00,PER_000039,PER_000045,PH_000039,,,,LOC_000002,,,outbound,completed,web,
EVT_002828,call,2025-03-22 04:48:07,PER_000073,PER_000067,PH_000244,,,,LOC_000015,,677.0,internal,completed,mobile_app,
EVT_002809,login,2025-03-22 04:55:23,PER_000004,,PH_000289,DEV_000104,IP_000046,,LOC_000052,,,,completed,web,
EVT_004714,location_ping,2025-03-22 07:46:26,PER_000016,,,DEV_000062,,,LOC_000054,,,,completed,ussd,
EVT_002990,login,2025-03-22 08:06:59,PER_000062,,PH_000152,DEV_000037,IP_000072,,LOC_000033,,,,completed,atm,
EVT_007319,transaction,2025-03-22 08:18:01,PER_000001,PER_000068,,DEV_000064,IP_000037,ACC_000101,LOC_000029,1349.01,,outbound,completed,ussd,payment
EVT_004326,login,2025-03-22 08:29:16,PER_000080,,PH_000080,DEV_000090,IP_000041,,LOC_000074,,,,completed,api,
EVT_003081,sms,2025-03-22 09:00:52,PER_000093,PER_000024,PH_000262,,,,LOC_000071,,,outbound,completed,api,
EVT_004481,transaction,2025-03-22 11:24:51,PER_000017,PER_000039,,DEV_000077,IP_000093,ACC_000117,LOC_000074,1300.91,,inbound,completed,atm,p2p
EVT_003289,call,2025-03-22 15:18:44,PER_000027,PER_000041,PH_000245,,,,LOC_000097,,432.0,internal,completed,web,
EVT_007210,sms,2025-03-22 15:58:11,PER_000052,PER_000042,PH_000163,,,,LOC_000071,,,inbound,completed,atm,
EVT_000477,sms,2025-03-22 16:17:56,PER_000006,PER_000082,PH_000243,,,,LOC_000060,,,outbound,completed,api,
EVT_002272,login,2025-03-22 16:52:00,PER_000059,,PH_000059,DEV_000087,IP_000086,,LOC_000071,,,,completed,api,
EVT_006494,login,2025-03-22 18:04:34,PER_000087,,PH_000087,DEV_000046,IP_000063,,LOC_000099,,,,completed,pos,
EVT_003116,call,2025-03-22 18:22:24,PER_000033,PER_000008,PH_000033,,,,LOC_000053,,1027.0,inbound,completed,api,
EVT_000928,location_ping,2025-03-23 03:57:56,PER_000016,,,DEV_000021,,,LOC_000054,,,,completed,ussd,
EVT_000814,transaction,2025-03-23 06:36:40,PER_000027,PER_000050,,DEV_000087,IP_000038,ACC_000027,LOC_000097,3868.28,,outbound,completed,api,withdrawal
EVT_004125,transaction,2025-03-23 07:55:09,PER_000023,PER_000075,,DEV_000042,IP_000037,ACC_000123,LOC_000117,2231.99,,internal,completed,api,deposit
EVT_007248,call,2025-03-23 08:43:00,PER_000010,PER_000077,PH_000010,,,,LOC_000034,,794.0,outbound,completed,atm,
EVT_006951,location_ping,2025-03-23 08:49:04,PER_000030,,,DEV_000020,,,LOC_000108,,,,completed,api,
EVT_004712,login,2025-03-23 09:39:08,PER_000097,,PH_000097,DEV_000098,IP_000064,,LOC_000071,,,,completed,pos,
EVT_005145,transaction,2025-03-23 10:01:49,PER_000093,PER_000060,,DEV_000051,IP_000089,ACC_000093,LOC_000071,2445.58,,outbound,completed,ussd,p2p
EVT_003377,login,2025-03-23 10:22:02,PER_000016,,PH_000016,DEV_000046,IP_000026,,LOC_000054,,,,completed,ussd,
EVT_006406,location_ping,2025-03-23 10:49:45,PER_000050,,,DEV_000061,,,LOC_000058,,,,completed,atm,
EVT_006506,call,2025-03-23 12:34:50,PER_000027,PER_000042,PH_000027,,,,LOC_000097,,452.0,inbound,completed,pos,
EVT_004461,sms,2025-03-23 13:51:56,PER_000002,PER_000016,PH_000002,,,,LOC_000032,,,outbound,completed,web,
EVT_005604,transaction,2025-03-23 15:04:41,PER_000030,PER_000065,,DEV_000008,IP_000044,ACC_000130,LOC_000108,2484.53,,inbound,completed,pos,p2p
EVT_006489,transaction,2025-03-23 17:31:16,PER_000016,PER_000050,,DEV_000065,IP_000073,ACC_000016,LOC_000054,435703.34,,inbound,completed,ussd,deposit
EVT_004058,sms,2025-03-23 20:22:06,PER_000002,PER_000027,PH_000114,,,,LOC_000032,,,inbound,completed,mobile_app,
EVT_001952,sms,2025-03-23 20:26:04,PER_000024,PER_000002,PH_000024,,,,LOC_000069,,,inbound,completed,mobile_app,
EVT_004755,transaction,2025-03-24 07:22:03,PER_000093,PER_000099,,DEV_000020,IP_000018,ACC_000093,LOC_000071,4440.55,,inbound,completed,mobile_app,withdrawal
EVT_003310,sms,2025-03-24 10:13:15,PER_000071,PER_000011,PH_000071,,,,LOC_000005,,,outbound,completed,atm,
EVT_001287,login,2025-03-24 10:54:11,PER_000002,,PH_000002,DEV_000023,IP_000020,,LOC_000032,,,,completed,pos,
EVT_000302,sms,2025-03-24 12:15:07,PER_000089,PER_000006,PH_000282,,,,LOC_000047,,,outbound,completed,mobile_app,
EVT_004642,login,2025-03-24 13:04:30,PER_000082,,PH_000170,DEV_000097,IP_000051,,LOC_000082,,,,completed,api,
EVT_006826,transaction,2025-03-24 14:00:25,PER_000002,PER_000016,,DEV_000080,IP_000083,ACC_000002,LOC_000032,302852.43,,internal,completed,pos,transfer
EVT_003800,transaction,2025-03-24 14:11:37,PER_000062,PER_000020,,DEV_000104,IP_000048,ACC_000062,LOC_000033,113279.02,,internal,completed,web,p2p
EVT_006827,call,2025-03-24 14:50:45,PER_000016,PER_000002,PH_000016,,,,LOC_000054,,836.0,outbound,completed,ussd,
EVT_005873,login,2025-03-24 17:54:10,PER_000085,,PH_000085,DEV_000105,IP_000093,,LOC_000085,,,,completed,mobile_app,
EVT_005472,call,2025-03-25 04:58:10,PER_000093,PER_000049,PH_000262,,,,LOC_000071,,867.0,outbound,completed,api,
EVT_004444,call,2025-03-25 05:07:28,PER_000024,PER_000042,PH_000024,,,,LOC_000083,,412.0,inbound,completed,web,
EVT_000053,call,2025-03-25 05:54:36,PER_000050,PER_000016,PH_000117,,,,LOC_000058,,56.0,internal,completed,pos,
EVT_005747,login,2025-03-25 08:38:52,PER_000093,,PH_000225,DEV_000066,IP_000108,,LOC_000082,,,,completed,ussd,
EVT_002252,login,2025-03-25 08:47:19,PER_000022,,PH_000022,DEV_000094,IP_000100,,LOC_000052,,,,completed,atm,
EVT_005677,sms,2025-03-25 08:53:10,PER_000073,PER_000025,PH_000175,,,,LOC_000015,,,internal,completed,api,
EVT_000983,location_ping,2025-03-25 09:23:42,PER_000087,,,DEV_000093,,,LOC_000099,,,,completed,api,
EVT_006167,call,2025-03-25 09:32:56,PER_000071,PER_000082,PH_000071,,,,LOC_000005,,179.0,outbound,completed,api,
EVT_003582,location_ping,2025-03-25 09:51:37,PER_000098,,,DEV_000084,,,LOC_000096,,,,completed,web,
EVT_006910,transaction,2025-03-25 09:57:12,PER_000073,PER_000020,,DEV_000078,IP_000032,ACC_000073,LOC_000015,2531.28,,inbound,completed,web,p2p
EVT_002404,login,2025-03-25 10:43:48,PER_000073,,PH_000116,DEV_000091,IP_000088,,LOC_000015,,,,completed,web,
EVT_000034,sms,2025-03-25 12:28:04,PER_000074,PER_000005,PH_000274,,,,LOC_000010,,,outbound,completed,atm,
EVT_005676,transaction,2025-03-25 12:31:20,PER_000010,PER_000091,,DEV_000060,IP_000082,ACC_000010,LOC_000055,174.26,,outbound,completed,web,withdrawal
EVT_007044,sms,2025-03-25 13:05:35,PER_000033,PER_000040,PH_000033,,,,LOC_000022,,,inbound,completed,web,
EVT_006960,location_ping,2025-03-25 13:30:26,PER_000073,,,DEV_000070,,,LOC_000015,,,,completed,web,
EVT_006696,sms,2025-03-26 06:26:09,PER_000018,PER_000016,PH_000018,,,,LOC_000001,,,internal,completed,api,
EVT_000544,call,2025-03-26 08:36:03,PER_000059,PER_000011,PH_000158,,,,LOC_000071,,1056.0,inbound,completed,web,
EVT_004869,sms,2025-03-26 09:55:47,PER_000059,PER_000068,PH_000158,,,,LOC_000071,,,inbound,completed,mobile_app,
EVT_002461,call,2025-03-26 10:39:05,PER_000020,PER_000091,PH_000020,,,,LOC_000056,,640.0,internal,completed,atm,
EVT_000999,call,2025-03-26 11:08:08,PER_000015,PER_000096,PH_000015,,,,LOC_000054,,1090.0,outbound,completed,pos,
EVT_006647,call,2025-03-26 12:40:03,PER_000073,PER_000097,PH_000073,,,,LOC_000015,,645.0,internal,completed,atm,
EVT_000122,login,2025-03-26 14:14:04,PER_000059,,PH_000158,DEV_000028,IP_000020,,LOC_000071,,,,completed,ussd,
EVT_001836,location_ping,2025-03-26 17:13:15,PER_000002,,,DEV_000009,,,LOC_000117,,,,completed,atm,
EVT_005905,call,2025-03-26 18:30:50,PER_000062,PER_000099,PH_000152,,,,LOC_000033,,418.0,outbound,completed,mobile_app,
EVT_005512,location_ping,2025-03-26 18:36:54,PER_000068,,,DEV_000008,,,LOC_000058,,,,completed,pos,
EVT_005712,call,2025-03-26 18:55:27,PER_000037,PER_000055,PH_000233,,,,LOC_000101,,859.0,inbound,completed,atm,
EVT_007153,location_ping,2025-03-26 19:35:48,PER_000079,,,DEV_000113,,,LOC_000004,,,,completed,atm,
EVT_003251,transaction,2025-03-26 20:19:57,PER_000050,PER_000024,,DEV_000001,IP_000091,ACC_000150,LOC_000058,3804.19,,outbound,completed,api,deposit
EVT_007184,login,2025-03-26 20:40:20,PER_000050,,PH_000261,DEV_000072,IP_000028,,LOC_000058,,,,completed,api,
EVT_003935,transaction,2025-03-27 03:39:27,PER_000042,PER_000050,,DEV_000018,IP_000018,ACC_000042,LOC_000060,389638.36,,internal,completed,mobile_app,deposit
EVT_001645,call,2025-03-27 06:15:22,PER_000018,PER_000016,PH_000018,,,,LOC_000001,,478.0,outbound,completed,web,
EVT_002916,call,2025-03-27 06:31:02,PER_000023,PER_000025,PH_000023,,,,LOC_000117,,389.0,outbound,completed,web,
EVT_001227,location_ping,2025-03-27 10:49:59,PER_000059,,,DEV_000085,,,LOC_000071,,,,completed,pos,
EVT_005558,sms,2025-03-27 13:14:42,PER_000062,PER_000064,PH_000152,,,,LOC_000033,,,outbound,completed,pos,
EVT_006657,login,2025-03-27 13:38:28,PER_000050,,PH_000117,DEV_000047,IP_000093,,LOC_000058,,,,completed,atm,
EVT_002922,sms,2025-03-27 14:07:24,PER_000023,PER_000087,PH_000023,,,,LOC_000117,,,outbound,completed,api,
EVT_004574,call,2025-03-27 16:20:05,PER_000075,PER_000003,PH_000075,,,,LOC_000102,,293.0,internal,completed,ussd,
EVT_007363,transaction,2025-03-27 17:02:32,PER_000095,PER_000093,,DEV_000094,IP_000105,ACC_000095,LOC_000120,501.77,,internal,completed,ussd,deposit
EVT_005448,call,2025-03-27 18:00:50,PER_000056,PER_000041,PH_000056,,,,LOC_000036,,112.0,internal,completed,web,
EVT_002604,transaction,2025-03-27 18:04:39,PER_000074,PER_000032,,DEV_000074,IP_000097,ACC_000074,LOC_000027,1524.0,,outbound,completed,pos,payment
EVT_006867,location_ping,2025-03-27 18:59:11,PER_000024,,,DEV_000068,,,LOC_000083,,,,completed,web,
EVT_003286,location_ping,2025-03-27 21:12:23,PER_000062,,,DEV_000057,,,LOC_000033,,,,completed,atm,
EVT_001030,login,2025-03-27 21:15:01,PER_000087,,PH_000087,DEV_000078,IP_000092,,LOC_000099,,,,completed,web,
EVT_002950,transaction,2025-03-27 22:48:52,PER_000062,PER_000011,,DEV_000071,IP_000069,ACC_000062,LOC_000033,38707.58,,inbound,completed,api,payment
EVT_004355,call,2025-03-28 03:22:45,PER_000022,PER_000072,PH_000022,,,,LOC_000083,,1063.0,internal,completed,web,
EVT_004212,login,2025-03-28 05:30:06,PER_000016,,PH_000016,DEV_000033,IP_000069,,LOC_000054,,,,completed,ussd,
EVT_003660,location_ping,2025-03-28 06:56:13,PER_000001,,,DEV_000012,,,LOC_000029,,,,completed,atm,
EVT_003540,sms,2025-03-28 08:09:00,PER_000050,PER_000042,PH_000117,,,,LOC_000058,,,inbound,completed,api,
EVT_006374,location_ping,2025-03-28 08:20:03,PER_000096,,,DEV_000103,,,LOC_000107,,,,completed,web,
EVT_006954,sms,2025-03-28 08:34:36,PER_000062,PER_000075,PH_000152,,,,LOC_000033,,,outbound,completed,mobile_app,
EVT_005788,location_ping,2025-03-28 09:40:01,PER_000062,,,DEV_000117,,,LOC_000026,,,,completed,ussd,
EVT_005341,sms,2025-03-28 10:41:58,PER_000002,PER_000012,PH_000002,,,,LOC_000032,,,outbound,completed,web,
EVT_001674,call,2025-03-28 11:18:35,PER_000018,PER_000024,PH_000018,,,,LOC_000001,,565.0,outbound,completed,mobile_app,
EVT_006884,transaction,2025-03-28 13:07:18,PER_000093,PER_000053,,DEV_000010,IP_000118,ACC_000093,LOC_000071,2088.8,,inbound,completed,api,deposit
EVT_007422,transaction,2025-03-28 13:14:24,PER_000042,PER_000024,,DEV_000026,IP_000058,ACC_000142,LOC_000060,2417.34,,inbound,completed,web,payment
EVT_000020,call,2025-03-28 13:59:36,PER_000073,PER_000056,PH_000175,,,,LOC_000015,,454.0,inbound,completed,mobile_app,
EVT_006950,call,2025-03-28 15:36:28,PER_000026,PER_000031,PH_000176,,,,LOC_000059,,110.0,inbound,completed,api,
EVT_004725,login,2025-03-28 15:38:47,PER_000001,,PH_000298,DEV_000007,IP_000079,,LOC_000061,,,,completed,atm,
EVT_006655,transaction,2025-03-28 16:14:20,PER_000033,PER_000049,,DEV_000017,IP_000075,ACC_000133,LOC_000022,1272.3,,inbound,completed,atm,withdrawal
EVT_002657,call,2025-03-28 16:49:28,PER_000044,PER_000057,PH_000250,,,,LOC_000032,,328.0,outbound,completed,web,
EVT_006082,transaction,2025-03-28 17:05:51,PER_000016,PER_000018,,DEV_000109,IP_000110,ACC_000116,LOC_000044,198908.31,,internal,completed,api,transfer
EVT_003778,sms,2025-03-28 17:16:02,PER_000087,PER_000094,PH_000294,,,,LOC_000099,,,outbound,completed,pos,
EVT_003437,location_ping,2025-03-28 18:18:29,PER_000075,,,DEV_000007,,,LOC_000102,,,,completed,ussd,
EVT_005911,sms,2025-03-28 18:42:46,PER_000018,PER_000042,PH_000018,,,,LOC_000001,,,inbound,completed,ussd,
EVT_006265,sms,2025-03-28 18:54:33,PER_000001,PER_000065,PH_000001,,,,LOC_000029,,,internal,completed,pos,
EVT_006349,location_ping,2025-03-28 19:42:02,PER_000070,,,DEV_000033,,,LOC_000001,,,,completed,ussd,
EVT_000513,login,2025-03-28 19:57:28,PER_000071,,PH_000071,DEV_000062,IP_000085,,LOC_000005,,,,completed,mobile_app,
EVT_002909,login,2025-03-28 20:32:52,PER_000066,,PH_000125,DEV_000050,IP_000097,,LOC_000079,,,,completed,mobile_app,
EVT_004371,transaction,2025-03-28 21:11:32,PER_000062,PER_000098,,DEV_000018,IP_000028,ACC_000062,LOC_000088,3267.42,,inbound,completed,mobile_app,p2p
EVT_006715,login,2025-03-29 05:09:38,PER_000086,,PH_000086,DEV_000111,IP_000099,,LOC_000012,,,,completed,atm,
EVT_005851,transaction,2025-03-29 05:10:31,PER_000016,PER_000042,,DEV_000015,IP_000002,ACC_000116,LOC_000054,3438.44,,inbound,completed,atm,transfer
EVT_002761,transaction,2025-03-29 07:10:57,PER_000042,PER_000018,,DEV_000013,IP_000026,ACC_000042,LOC_000060,194128.83,,inbound,completed,api,p2p
EVT_006178,sms,2025-03-29 07:39:30,PER_000090,PER_000045,PH_000090,,,,LOC_000004,,,inbound,completed,ussd,
EVT_006287,transaction,2025-03-29 09:45:46,PER_000001,PER_000089,,DEV_000007,IP_000094,ACC_000101,LOC_000029,1422.0,,inbound,completed,ussd,transfer
EVT_006090,transaction,2025-03-29 10:07:05,PER_000016,PER_000042,,DEV_000016,IP_000061,ACC_000116,LOC_000054,420.78,,internal,completed,atm,payment
EVT_003775,call,2025-03-29 11:21:09,PER_000064,PER_000013,PH_000111,,,,LOC_000020,,481.0,internal,completed,api,
EVT_004721,sms,2025-03-29 12:45:20,PER_000073,PER_000098,PH_000073,,,,LOC_000015,,,internal,completed,mobile_app,
EVT_002513,transaction,2025-03-29 14:59:23,PER_000033,PER_000058,,DEV_000031,IP_000002,ACC_000033,LOC_000060,1033.54,,outbound,completed,atm,payment
EVT_005602,location_ping,2025-03-29 15:02:03,PER_000086,,,DEV_000025,,,LOC_000012,,,,completed,atm,
EVT_006137,transaction,2025-03-29 15:43:20,PER_000009,PER_000004,,DEV_000077,IP_000104,ACC_000009,LOC_000107,2544.97,,internal,completed,ussd,payment
EVT_003319,call,2025-03-29 16:13:08,PER_000027,PER_000017,PH_000027,,,,LOC_000072,,1087.0,outbound,completed,pos,
EVT_005346,sms,2025-03-29 19:18:07,PER_000059,PER_000029,PH_000137,,,,LOC_000071,,,outbound,completed,web,
EVT_001555,login,2025-03-29 21:10:05,PER_000002,,PH_000002,DEV_000027,IP_000070,,LOC_000032,,,,completed,api,
EVT_006457,location_ping,2025-03-30 05:21:44,PER_000100,,,DEV_000055,,,LOC_000108,,,,completed,atm,
EVT_004328,transaction,2025-03-30 05:27:02,PER_000062,PER_000006,,DEV_000017,IP_000070,ACC_000062,LOC_000033,2089.31,,inbound,completed,ussd,withdrawal
EVT_004675,location_ping,2025-03-30 05:36:57,PER_000006,,,DEV_000003,,,LOC_000093,,,,completed,atm,
EVT_005486,login,2025-03-30 07:39:32,PER_000073,,PH_000116,DEV_000054,IP_000100,,LOC_000015,,,,completed,atm,
EVT_002074,location_ping,2025-03-30 08:49:10,PER_000055,,,DEV_000030,,,LOC_000016,,,,completed,atm,
EVT_000664,transaction,2025-03-30 10:36:27,PER_000077,PER_000088,,DEV_000103,IP_000075,ACC_000077,LOC_000035,1882.16,,inbound,completed,mobile_app,withdrawal
EVT_004672,call,2025-03-30 12:24:39,PER_000087,PER_000081,PH_000294,,,,LOC_000099,,284.0,internal,completed,pos,
EVT_004552,call,2025-03-30 14:27:49,PER_000075,PER_000036,PH_000127,,,,LOC_000102,,1163.0,internal,completed,api,
EVT_006984,call,2025-03-30 15:12:12,PER_000093,PER_000091,PH_000225,,,,LOC_000071,,1178.0,internal,completed,web,
EVT_003255,location_ping,2025-03-30 18:44:00,PER_000062,,,DEV_000021,,,LOC_000033,,,,completed,mobile_app,
EVT_002787,call,2025-03-30 19:18:25,PER_000009,PER_000015,PH_000278,,,,LOC_000107,,209.0,inbound,completed,web,
EVT_006087,transaction,2025-03-30 21:11:14,PER_000017,PER_000038,,DEV_000059,IP_000084,ACC_000117,LOC_000116,4313.71,,outbound,completed,api,transfer
EVT_004731,sms,2025-03-31 02:21:39,PER_000007,PER_000033,PH_000211,,,,LOC_000024,,,outbound,completed,pos,
EVT_004882,sms,2025-03-31 04:06:23,PER_000050,PER_000042,PH_000117,,,,LOC_000042,,,outbound,completed,mobile_app,
EVT_007115,location_ping,2025-03-31 04:14:18,PER_000062,,,DEV_000054,,,LOC_000033,,,,completed,mobile_app,
EVT_005156,call,2025-03-31 08:14:33,PER_000081,PER_000099,PH_000202,,,,LOC_000084,,620.0,outbound,completed,ussd,
EVT_003697,location_ping,2025-03-31 09:01:50,PER_000093,,,DEV_000109,,,LOC_000071,,,,completed,pos,
EVT_005343,sms,2025-03-31 11:49:55,PER_000093,PER_000099,PH_000093,,,,LOC_000071,,,inbound,completed,atm,
EVT_006003,login,2025-03-31 12:11:43,PER_000045,,PH_000169,DEV_000001,IP_000001,,LOC_000004,,,,completed,web,
EVT_006613,location_ping,2025-03-31 14:24:27,PER_000067,,,DEV_000115,,,LOC_000040,,,,completed,api,
EVT_000454,transaction,2025-03-31 15:21:54,PER_000024,PER_000016,,DEV_000003,IP_000023,ACC_000124,LOC_000003,3984.28,,outbound,completed,api,payment
EVT_004199,sms,2025-03-31 15:56:23,PER_000059,PER_000029,PH_000137,,,,LOC_000071,,,internal,completed,pos,
EVT_002078,transaction,2025-03-31 16:18:15,PER_000047,PER_000095,,DEV_000050,IP_000080,ACC_000047,LOC_000113,1221.41,,outbound,completed,atm,payment
EVT_005933,call,2025-03-31 21:33:04,PER_000002,PER_000050,PH_000002,,,,LOC_000032,,121.0,outbound,completed,web,
EVT_002004,location_ping,2025-03-31 22:34:17,PER_000001,,,DEV_000060,,,LOC_000029,,,,completed,mobile_app,
EVT_006313,transaction,2025-04-01 06:58:14,PER_000016,PER_000042,,DEV_000010,IP_000040,ACC_000116,LOC_000054,2504.21,,outbound,completed,atm,withdrawal
EVT_003345,transaction,2025-04-01 07:43:42,PER_000050,PER_000027,,DEV_000048,IP_000073,ACC_000150,LOC_000058,83721.39,,outbound,completed,atm,transfer
EVT_004361,location_ping,2025-04-01 09:01:36,PER_000056,,,DEV_000071,,,LOC_000036,,,,completed,atm,
EVT_002696,transaction,2025-04-01 09:25:43,PER_000018,PER_000050,,DEV_000081,IP_000119,ACC_000118,LOC_000001,1381.07,,outbound,completed,ussd,withdrawal
EVT_004037,login,2025-04-01 09:39:36,PER_000027,,PH_000027,DEV_000091,IP_000045,,LOC_000097,,,,completed,mobile_app,
EVT_003185,login,2025-04-01 09:55:58,PER_000093,,PH_000225,DEV_000043,IP_000051,,LOC_000071,,,,completed,ussd,
EVT_000030,sms,2025-04-01 12:46:00,PER_000027,PER_000075,PH_000245,,,,LOC_000097,,,internal,completed,atm,
EVT_006194,transaction,2025-04-01 12:52:19,PER_000024,PER_000018,,DEV_000068,IP_000112,ACC_000124,LOC_000083,397538.47,,inbound,completed,web,withdrawal
EVT_004253,login,2025-04-01 13:09:51,PER_000055,,PH_000191,DEV_000063,IP_000057,,LOC_000016,,,,completed,ussd,
EVT_000769,sms,2025-04-01 13:18:16,PER_000035,PER_000091,PH_000166,,,,LOC_000046,,,inbound,completed,ussd,
EVT_000906,transaction,2025-04-01 13:24:52,PER_000059,PER_000030,,DEV_000118,IP_000108,ACC_000059,LOC_000071,1172.96,,internal,completed,mobile_app,withdrawal
EVT_004183,location_ping,2025-04-01 13:54:50,PER_000056,,,DEV_000031,,,LOC_000036,,,,completed,api,
EVT_001213,login,2025-04-01 14:50:11,PER_000086,,PH_000231,DEV_000062,IP_000060,,LOC_000012,,,,completed,atm,
EVT_003545,login,2025-04-01 15:20:40,PER_000084,,PH_000084,DEV_000088,IP_000075,,LOC_000043,,,,completed,web,
EVT_003990,login,2025-04-01 15:31:52,PER_000037,,PH_000037,DEV_000075,IP_000023,,LOC_000101,,,,completed,api,
EVT_003056,call,2025-04-01 17:48:31,PER_000042,PER_000024,PH_000042,,,,LOC_000060,,430.0,inbound,completed,atm,
EVT_000434,login,2025-04-01 17:53:49,PER_000046,,PH_000046,DEV_000016,IP_000060,,LOC_000057,,,,completed,web,
EVT_000802,sms,2025-04-01 18:25:18,PER_000087,PER_000050,PH_000294,,,,LOC_000099,,,inbound,completed,web,
EVT_003036,location_ping,2025-04-01 20:27:53,PER_000018,,,DEV_000017,,,LOC_000100,,,,completed,ussd,
EVT_003492,sms,2025-04-02 06:25:58,PER_000050,PER_000027,PH_000261,,,,LOC_000058,,,outbound,completed,atm,
EVT_000600,call,2025-04-02 09:45:49,PER_000016,PER_000027,PH_000016,,,,LOC_000054,,1179.0,outbound,completed,mobile_app,
EVT_006645,location_ping,2025-04-02 10:39:06,PER_000018,,,DEV_000057,,,LOC_000030,,,,completed,web,
EVT_007434,sms,2025-04-02 10:48:03,PER_000062,PER_000041,PH_000213,,,,LOC_000115,,,outbound,completed,pos,
EVT_005149,location_ping,2025-04-02 12:01:12,PER_000073,,,DEV_000120,,,LOC_000015,,,,completed,ussd,
EVT_001108,call,2025-04-02 12:12:52,PER_000030,PER_000027,PH_000030,,,,LOC_000108,,290.0,outbound,completed,pos,
EVT_006704,transaction,2025-04-02 12:25:56,PER_000074,PER_000060,,DEV_000052,IP_000025,ACC_000074,LOC_000106,423.78,,inbound,completed,web,withdrawal
EVT_002118,location_ping,2025-04-02 14:13:34,PER_000042,,,DEV_000110,,,LOC_000060,,,,completed,ussd,
EVT_007133,location_ping,2025-04-02 14:19:30,PER_000068,,,DEV_000084,,,LOC_000081,,,,completed,pos,
EVT_004568,login,2025-04-02 14:22:50,PER_000073,,PH_000073,DEV_000014,IP_000091,,LOC_000024,,,,completed,web,
EVT_003688,sms,2025-04-02 15:05:21,PER_000093,PER_000021,PH_000262,,,,LOC_000071,,,inbound,completed,pos,
EVT_002088,transaction,2025-04-02 16:50:35,PER_000018,PER_000027,,DEV_000116,IP_000043,ACC_000118,LOC_000001,424192.76,,outbound,completed,web,deposit
EVT_005201,login,2025-04-02 17:05:21,PER_000089,,PH_000089,DEV_000076,IP_000036,,LOC_000047,,,,completed,pos,
EVT_004623,transaction,2025-04-02 17:08:14,PER_000024,PER_000059,,DEV_000052,IP_000050,ACC_000124,LOC_000083,3838.59,,internal,completed,mobile_app,withdrawal
EVT_000368,location_ping,2025-04-02 17:16:10,PER_000002,,,DEV_000120,,,LOC_000032,,,,completed,atm,
EVT_002356,sms,2025-04-02 17:38:57,PER_000040,PER_000029,PH_000181,,,,LOC_000047,,,internal,completed,atm,
EVT_006579,sms,2025-04-02 20:44:10,PER_000087,PER_000024,PH_000087,,,,LOC_000099,,,internal,completed,ussd,
EVT_005044,location_ping,2025-04-02 21:44:56,PER_000062,,,DEV_000033,,,LOC_000033,,,,completed,api,
EVT_001388,transaction,2025-04-03 06:24:07,PER_000016,PER_000038,,DEV_000086,IP_000034,ACC_000016,LOC_000054,203277.63,,inbound,completed,mobile_app,transfer
EVT_003176,call,2025-04-03 08:41:13,PER_000062,PER_000033,PH_000062,,,,LOC_000033,,779.0,inbound,completed,pos,
EVT_002288,call,2025-04-03 12:13:37,PER_000093,PER_000017,PH_000225,,,,LOC_000071,,83.0,internal,completed,pos,
EVT_000626,sms,2025-04-03 12:19:00,PER_000058,PER_000023,PH_000058,,,,LOC_000091,,,internal,completed,ussd,
EVT_004652,login,2025-04-03 13:01:56,PER_000097,,PH_000097,DEV_000048,IP_000041,,LOC_000071,,,,completed,pos,
EVT_003313,transaction,2025-04-03 14:58:50,PER_000087,PER_000018,,DEV_000002,IP_000078,ACC_000087,LOC_000099,1185.15,,internal,completed,pos,withdrawal
EVT_003174,login,2025-04-04 01:17:10,PER_000066,,PH_000125,DEV_000023,IP_000062,,LOC_000093,,,,completed,api,
EVT_001267,login,2025-04-04 06:18:40,PER_000085,,PH_000085,DEV_000114,IP_000078,,LOC_000085,,,,completed,atm,
EVT_002010,login,2025-04-04 07:51:42,PER_000073,,PH_000162,DEV_000015,IP_000089,,LOC_000015,,,,completed,pos,
EVT_002674,location_ping,2025-04-04 07:53:08,PER_000016,,,DEV_000032,,,LOC_000054,,,,completed,ussd,
EVT_000505,login,2025-04-04 08:32:07,PER_000026,,PH_000176,DEV_000073,IP_000105,,LOC_000059,,,,completed,web,
EVT_004715,sms,2025-04-04 09:11:20,PER_000007,PER_000009,PH_000211,,,,LOC_000059,,,outbound,completed,api,
EVT_005109,call,2025-04-04 09:29:23,PER_000027,PER_000050,PH_000245,,,,LOC_000023,,57.0,inbound,completed,ussd,
EVT_005702,location_ping,2025-04-04 10:06:19,PER_000100,,,DEV_000073,,,LOC_000108,,,,completed,atm,
EVT_004566,transaction,2025-04-04 11:48:22,PER_000050,PER_000027,,DEV_000081,IP_000017,ACC_000150,LOC_000058,1260.74,,internal,completed,atm,p2p
EVT_005711,call,2025-04-04 11:59:45,PER_000077,PER_000009,PH_000077,,,,LOC_000035,,290.0,outbound,completed,atm,
EVT_005240,transaction,2025-04-04 12:53:56,PER_000062,PER_000034,,DEV_000004,IP_000102,ACC_000062,LOC_000072,70238.34,,internal,completed,api,withdrawal
EVT_001636,login,2025-04-04 13:16:58,PER_000050,,PH_000248,DEV_000049,IP_000074,,LOC_000111,,,,completed,pos,
EVT_001931,login,2025-04-04 14:17:20,PER_000059,,PH_000158,DEV_000029,IP_000104,,LOC_000071,,,,completed,atm,
EVT_005601,location_ping,2025-04-04 14:21:45,PER_000036,,,DEV_000103,,,LOC_000090,,,,completed,atm,
EVT_001722,location_ping,2025-04-04 15:14:21,PER_000008,,,DEV_000004,,,LOC_000055,,,,completed,ussd,
EVT_000719,sms,2025-04-04 16:46:49,PER_000090,PER_000076,PH_000090,,,,LOC_000027,,,internal,completed,atm,
EVT_000384,sms,2025-04-04 16:53:25,PER_000060,PER_000006,PH_000060,,,,LOC_000014,,,inbound,completed,api,
EVT_004996,call,2025-04-04 19:01:21,PER_000041,PER_000034,PH_000041,,,,LOC_000065,,1005.0,internal,completed,web,
EVT_004471,call,2025-04-04 19:48:04,PER_000059,PER_000044,PH_000059,,,,LOC_000071,,586.0,internal,completed,pos,
EVT_005500,login,2025-04-05 03:19:59,PER_000024,,PH_000024,DEV_000079,IP_000080,,LOC_000083,,,,completed,mobile_app,
EVT_007129,transaction,2025-04-05 09:17:16,PER_000006,PER_000083,,DEV_000106,IP_000052,ACC_000006,LOC_000060,1925.06,,internal,completed,atm,transfer
EVT_000573,login,2025-04-05 09:52:55,PER_000059,,PH_000137,DEV_000025,IP_000073,,LOC_000024,,,,completed,api,
EVT_005407,login,2025-04-05 11:07:54,PER_000042,,PH_000042,DEV_000034,IP_000105,,LOC_000060,,,,completed,pos,
EVT_003996,sms,2025-04-05 12:57:09,PER_000062,PER_000014,PH_000152,,,,LOC_000033,,,inbound,completed,web,
EVT_006885,transaction,2025-04-05 15:10:58,PER_000092,PER_000097,,DEV_000101,IP_000036,ACC_000092,LOC_000091,3114.41,,outbound,completed,atm,payment
EVT_007101,sms,2025-04-05 18:46:33,PER_000077,PER_000021,PH_000077,,,,LOC_000035,,,inbound,completed,atm,
EVT_002877,sms,2025-04-05 19:32:03,PER_000024,PER_000083,PH_000024,,,,LOC_000083,,,outbound,completed,atm,
EVT_001992,location_ping,2025-04-05 20:16:17,PER_000001,,,DEV_000067,,,LOC_000029,,,,completed,pos,
EVT_001500,sms,2025-04-05 20:54:11,PER_000073,PER_000016,PH_000244,,,,LOC_000015,,,internal,completed,api,
EVT_006564,transaction,2025-04-06 03:20:58,PER_000042,PER_000024,,DEV_000001,IP_000105,ACC_000042,LOC_000060,476.17,,inbound,completed,api,payment
EVT_002474,login,2025-04-06 04:09:33,PER_000074,,PH_000274,DEV_000117,IP_000070,,LOC_000106,,,,completed,ussd,
EVT_005874,transaction,2025-04-06 06:47:13,PER_000057,PER_000072,,DEV_000098,IP_000084,ACC_000057,LOC_000030,2358.42,,internal,completed,web,transfer
EVT_000550,transaction,2025-04-06 08:25:22,PER_000002,PER_000027,,DEV_000026,IP_000011,ACC_000002,LOC_000032,1136.85,,outbound,completed,pos,withdrawal
EVT_003162,transaction,2025-04-06 10:05:06,PER_000068,PER_000037,,DEV_000056,IP_000005,ACC_000068,LOC_000081,2627.22,,internal,completed,mobile_app,withdrawal
EVT_002923,transaction,2025-04-06 10:45:28,PER_000018,PER_000024,,DEV_000084,IP_000112,ACC_000018,LOC_000012,2544.54,,outbound,completed,mobile_app,transfer
EVT_002960,call,2025-04-06 10:58:30,PER_000098,PER_000022,PH_000098,,,,LOC_000096,,138.0,outbound,completed,web,
EVT_001533,location_ping,2025-04-06 11:22:22,PER_000087,,,DEV_000013,,,LOC_000099,,,,completed,api,
EVT_003674,sms,2025-04-06 11:47:39,PER_000098,PER_000021,PH_000098,,,,LOC_000096,,,inbound,completed,api,
EVT_006809,location_ping,2025-04-06 13:03:30,PER_000087,,,DEV_000094,,,LOC_000064,,,,completed,atm,
EVT_001742,sms,2025-04-06 13:42:07,PER_000050,PER_000042,PH_000261,,,,LOC_000058,,,outbound,completed,api,
EVT_006168,location_ping,2025-04-06 13:53:31,PER_000089,,,DEV_000083,,,LOC_000047,,,,completed,atm,
EVT_003743,call,2025-04-06 14:29:38,PER_000018,PER_000042,PH_000018,,,,LOC_000011,,262.0,internal,completed,web,
EVT_002932,location_ping,2025-04-06 14:36:01,PER_000018,,,DEV_000109,,,LOC_000001,,,,completed,atm,
EVT_006038,transaction,2025-04-06 14:37:38,PER_000001,PER_000100,,DEV_000019,IP_000029,ACC_000001,LOC_000029,1170.7,,inbound,completed,api,withdrawal
EVT_005962,location_ping,2025-04-06 14:49:13,PER_000042,,,DEV_000065,,,LOC_000060,,,,completed,atm,
EVT_006617,transaction,2025-04-06 16:02:37,PER_000093,PER_000068,,DEV_000049,IP_000090,ACC_000093,LOC_000063,131580.93,,inbound,completed,pos,deposit
EVT_004663,location_ping,2025-04-06 16:49:56,PER_000084,,,DEV_000039,,,LOC_000049,,,,completed,pos,
EVT_003322,location_ping,2025-04-06 17:08:24,PER_000095,,,DEV_000067,,,LOC_000120,,,,completed,atm,
EVT_004578,call,2025-04-06 17:08:41,PER_000062,PER_000067,PH_000152,,,,LOC_000033,,950.0,internal,completed,ussd,
EVT_006005,location_ping,2025-04-06 17:24:03,PER_000041,,,DEV_000096,,,LOC_000094,,,,completed,pos,
EVT_001381,login,2025-04-06 18:56:23,PER_000037,,PH_000037,DEV_000047,IP_000069,,LOC_000101,,,,completed,atm,
EVT_003997,sms,2025-04-06 19:36:59,PER_000075,PER_000057,PH_000281,,,,LOC_000102,,,inbound,completed,pos,
EVT_003988,call,2025-04-06 21:51:09,PER_000002,PER_000024,PH_000002,,,,LOC_000032,,978.0,inbound,completed,web,
EVT_001263,sms,2025-04-07 03:24:36,PER_000016,PER_000042,PH_000016,,,,LOC_000066,,,internal,completed,pos,
EVT_002875,transaction,2025-04-07 03:46:08,PER_000018,PER_000024,,DEV_000087,IP_000069,ACC_000018,LOC_000002,457481.89,,outbound,completed,mobile_app,payment
EVT_000912,location_ping,2025-04-07 06:49:13,PER_000006,,,DEV_000041,,,LOC_000044,,,,completed,atm,
EVT_002113,call,2025-04-07 07:20:38,PER_000017,PER_000035,PH_000017,,,,LOC_000029,,477.0,inbound,completed,ussd,
EVT_003375,transaction,2025-04-07 12:35:43,PER_000093,PER_000027,,DEV_000046,IP_000113,ACC_000093,LOC_000068,114938.28,,inbound,completed,ussd,payment
EVT_000131,transaction,2025-04-07 14:00:45,PER_000050,PER_000002,,DEV_000067,IP_000001,ACC_000150,LOC_000058,137685.33,,inbound,completed,api,payment
EVT_000781,login,2025-04-07 14:02:13,PER_000018,,PH_000018,DEV_000056,IP_000012,,LOC_000001,,,,completed,mobile_app,
EVT_004585,transaction,2025-04-07 15:14:25,PER_000030,PER_000029,,DEV_000080,IP_000020,ACC_000030,LOC_000108,1206.69,,outbound,completed,pos,withdrawal
EVT_001360,sms,2025-04-07 16:27:44,PER_000002,PER_000014,PH_000002,,,,LOC_000032,,,internal,completed,pos,
EVT_006335,transaction,2025-04-07 16:29:19,PER_000091,PER_000014,,DEV_000002,IP_000002,ACC_000091,LOC_000057,1210.2,,inbound,completed,mobile_app,payment
EVT_002694,transaction,2025-04-07 16:36:51,PER_000031,PER_000030,,DEV_000118,IP_000030,ACC_000031,LOC_000017,1279.21,,inbound,completed,atm,p2p
EVT_004165,call,2025-04-07 16:57:46,PER_000083,PER_000004,PH_000203,,,,LOC_000053,,866.0,inbound,completed,mobile_app,
EVT_006165,call,2025-04-07 17:02:50,PER_000065,PER_000087,PH_000065,,,,LOC_000072,,593.0,internal,completed,mobile_app,
EVT_007287,transaction,2025-04-07 17:34:25,PER_000059,PER_000015,,DEV_000057,IP_000099,ACC_000059,LOC_000071,4491.94,,outbound,completed,mobile_app,p2p
EVT_003374,call,2025-04-07 17:52:14,PER_000059,PER_000074,PH_000059,,,,LOC_000088,,534.0,internal,completed,pos,
EVT_001015,call,2025-04-07 19:51:59,PER_000001,PER_000034,PH_000298,,,,LOC_000029,,559.0,outbound,completed,pos,
EVT_003579,call,2025-04-07 20:16:47,PER_000085,PER_000012,PH_000085,,,,LOC_000085,,627.0,inbound,completed,ussd,
EVT_000245,sms,2025-04-07 20:35:24,PER_000061,PER_000047,PH_000239,,,,LOC_000062,,,internal,completed,web,
EVT_006933,sms,2025-04-07 20:52:24,PER_000059,PER_000004,PH_000180,,,,LOC_000071,,,internal,completed,pos,
EVT_001815,sms,2025-04-08 04:21:22,PER_000094,PER_000089,PH_000198,,,,LOC_000060,,,outbound,completed,api,
EVT_005193,call,2025-04-08 06:50:06,PER_000042,PER_000087,PH_000042,,,,LOC_000060,,1183.0,inbound,completed,api,
EVT_003944,login,2025-04-08 08:13:36,PER_000091,,PH_000235,DEV_000002,IP_000002,,LOC_000057,,,,completed,web,
EVT_000036,sms,2025-04-08 08:26:44,PER_000062,PER_000072,PH_000213,,,,LOC_000033,,,outbound,completed,atm,
EVT_007464,sms,2025-04-08 08:56:22,PER_000083,PER_000015,PH_000203,,,,LOC_000053,,,internal,completed,atm,
EVT_000908,transaction,2025-04-08 09:52:49,PER_000049,PER_000064,,DEV_000002,IP_000002,ACC_000049,LOC_000072,593.06,,outbound,completed,pos,payment
EVT_003312,call,2025-04-08 10:17:50,PER_000034,PER_000023,PH_000128,,,,LOC_000075,,1022.0,inbound,completed,mobile_app,
EVT_007190,location_ping,2025-04-08 10:52:00,PER_000059,,,DEV_000070,,,LOC_000071,,,,completed,api,
EVT_006119,location_ping,2025-04-08 11:48:43,PER_000053,,,DEV_000007,,,LOC_000046,,,,completed,ussd,
EVT_000065,location_ping,2025-04-08 15:01:43,PER_000042,,,DEV_000081,,,LOC_000060,,,,completed,atm,
EVT_003143,location_ping,2025-04-08 16:25:49,PER_000073,,,DEV_000007,,,LOC_000015,,,,completed,ussd,
EVT_005355,login,2025-04-08 16:27:49,PER_000018,,PH_000018,DEV_000019,IP_000083,,LOC_000001,,,,completed,mobile_app,
EVT_005982,transaction,2025-04-08 16:44:17,PER_000087,PER_000042,,DEV_000024,IP_000069,ACC_000087,LOC_000099,131115.07,,internal,completed,ussd,p2p
EVT_005575,location_ping,2025-04-08 19:20:00,PER_000027,,,DEV_000019,,,LOC_000097,,,,completed,mobile_app,
EVT_000659,transaction,2025-04-08 20:02:37,PER_000036,PER_000068,,DEV_000107,IP_000079,ACC_000036,LOC_000090,1308.51,,internal,completed,pos,deposit
EVT_004424,location_ping,2025-04-08 21:48:00,PER_000073,,,DEV_000027,,,LOC_000015,,,,completed,ussd,
EVT_001958,login,2025-04-08 21:58:00,PER_000093,,PH_000262,DEV_000118,IP_000073,,LOC_000071,,,,completed,api,
EVT_001939,sms,2025-04-09 04:28:41,PER_000019,PER_000095,PH_000019,,,,LOC_000069,,,inbound,completed,api,
EVT_007075,transaction,2025-04-09 06:25:40,PER_000002,PER_000018,,DEV_000091,IP_000042,ACC_000002,LOC_000032,350032.35,,internal,completed,mobile_app,deposit
EVT_001785,login,2025-04-09 08:56:43,PER_000073,,PH_000244,DEV_000031,IP_000001,,LOC_000015,,,,completed,pos,
EVT_002815,login,2025-04-09 09:46:06,PER_000023,,PH_000234,DEV_000091,IP_000112,,LOC_000117,,,,completed,api,
EVT_006855,transaction,2025-04-09 11:56:23,PER_000073,PER_000092,,DEV_000064,IP_000011,ACC_000073,LOC_000015,34694.46,,internal,completed,web,p2p
EVT_001228,location_ping,2025-04-09 12:03:39,PER_000095,,,DEV_000117,,,LOC_000011,,,,completed,mobile_app,
EVT_007387,call,2025-04-09 12:21:26,PER_000097,PER_000089,PH_000097,,,,LOC_000071,,1022.0,internal,completed,pos,
EVT_001131,transaction,2025-04-09 12:55:58,PER_000024,PER_000050,,DEV_000061,IP_000049,ACC_000124,LOC_000083,3669.03,,inbound,completed,atm,p2p
EVT_001732,login,2025-04-09 13:16:02,PER_000062,,PH_000213,DEV_000105,IP_000010,,LOC_000033,,,,completed,atm,
EVT_002933,call,2025-04-09 14:16:01,PER_000059,PER_000055,PH_000137,,,,LOC_000071,,95.0,internal,completed,ussd,
EVT_006583,sms,2025-04-09 14:17:54,PER_000018,PER_000032,PH_000018,,,,LOC_000001,,,inbound,completed,mobile_app,
EVT_006727,location_ping,2025-04-09 15:28:53,PER_000021,,,DEV_000106,,,LOC_000086,,,,completed,api,
EVT_001691,login,2025-04-09 15:51:37,PER_000002,,PH_000002,DEV_000099,IP_000108,,LOC_000032,,,,completed,ussd,
EVT_002205,call,2025-04-09 17:02:22,PER_000090,PER_000053,PH_000090,,,,LOC_000027,,797.0,internal,completed,atm,
EVT_003444,sms,2025-04-09 17:16:26,PER_000069,PER_000041,PH_000217,,,,LOC_000082,,,inbound,completed,mobile_app,
EVT_006847,transaction,2025-04-09 17:49:19,PER_000076,PER_000057,,DEV_000001,IP_000001,ACC_000076,LOC_000016,4186.05,,outbound,completed,api,withdrawal
EVT_005153,sms,2025-04-09 20:06:50,PER_000002,PER_000099,PH_000114,,,,LOC_000032,,,internal,completed,ussd,
EVT_006522,call,2025-04-09 20:28:54,PER_000073,PER_000044,PH_000175,,,,LOC_000015,,554.0,outbound,completed,api,
EVT_006860,transaction,2025-04-09 20:30:30,PER_000070,PER_000017,,DEV_000010,IP_000066,ACC_000070,LOC_000001,4374.5,,outbound,completed,api,p2p
EVT_002075,location_ping,2025-04-09 20:38:43,PER_000081,,,DEV_000107,,,LOC_000084,,,,completed,atm,
EVT_006851,transaction,2025-04-09 22:02:32,PER_000095,PER_000074,,DEV_000032,IP_000082,ACC_000095,LOC_000054,3875.67,,inbound,completed,api,payment
EVT_001196,call,2025-04-10 05:19:40,PER_000029,PER_000081,PH_000029,,,,LOC_000015,,1006.0,internal,completed,pos,
EVT_001044,location_ping,2025-04-10 05:26:51,PER_000073,,,DEV_000055,,,LOC_000027,,,,completed,web,
EVT_007423,call,2025-04-10 10:54:33,PER_000064,PER_000062,PH_000101,,,,LOC_000020,,1080.0,internal,completed,pos,
EVT_003588,transaction,2025-04-10 11:00:27,PER_000006,PER_000064,,DEV_000114,IP_000002,ACC_000006,LOC_000060,1313.45,,internal,completed,mobile_app,p2p
EVT_000922,location_ping,2025-04-10 11:55:46,PER_000024,,,DEV_000116,,,LOC_000083,,,,completed,atm,
EVT_006276,call,2025-04-10 12:09:22,PER_000029,PER_000030,PH_000029,,,,LOC_000100,,37.0,outbound,completed,pos,
EVT_006768,login,2025-04-10 12:19:40,PER_000087,,PH_000294,DEV_000017,IP_000114,,LOC_000099,,,,completed,mobile_app,
EVT_001705,login,2025-04-10 12:43:57,PER_000023,,PH_000234,DEV_000036,IP_000035,,LOC_000117,,,,completed,ussd,
EVT_000592,login,2025-04-10 13:17:06,PER_000083,,PH_000083,DEV_000010,IP_000047,,LOC_000053,,,,completed,atm,
EVT_003436,login,2025-04-10 13:33:03,PER_000059,,PH_000137,DEV_000026,IP_000025,,LOC_000071,,,,completed,web,
EVT_001607,transaction,2025-04-10 13:51:49,PER_000086,PER_000018,,DEV_000113,IP_000051,ACC_000086,LOC_000012,185.66,,inbound,completed,web,p2p
EVT_006175,sms,2025-04-10 14:28:02,PER_000052,PER_000085,PH_000052,,,,LOC_000071,,,internal,completed,api,
EVT_001635,login,2025-04-10 14:28:56,PER_000011,,PH_000011,DEV_000114,IP_000044,,LOC_000038,,,,completed,ussd,
EVT_003511,call,2025-04-10 15:54:48,PER_000003,PER_000029,PH_000126,,,,LOC_000054,,685.0,outbound,completed,web,
EVT_001192,sms,2025-04-10 16:34:57,PER_000051,PER_000075,PH_000051,,,,LOC_000052,,,internal,completed,api,
EVT_007383,transaction,2025-04-10 18:59:43,PER_000042,PER_000027,,DEV_000025,IP_000020,ACC_000142,LOC_000060,286859.93,,inbound,completed,web,deposit
EVT_001728,login,2025-04-10 20:13:29,PER_000067,,PH_000067,DEV_000025,IP_000039,,LOC_000040,,,,completed,atm,
EVT_002122,transaction,2025-04-11 05:54:03,PER_000042,PER_000043,,DEV_000005,IP_000025,ACC_000042,LOC_000060,409.46,,outbound,completed,atm,payment
EVT_002943,login,2025-04-11 09:45:38,PER_000052,,PH_000163,DEV_000040,IP_000099,,LOC_000071,,,,completed,atm,
EVT_006572,transaction,2025-04-11 11:57:40,PER_000001,PER_000089,,DEV_000033,IP_000036,ACC_000001,LOC_000029,28261.95,,outbound,completed,pos,withdrawal
EVT_007362,transaction,2025-04-11 14:39:29,PER_000027,PER_000024,,DEV_000111,IP_000011,ACC_000027,LOC_000097,2496.14,,internal,completed,api,payment
EVT_001597,transaction,2025-04-11 14:42:47,PER_000062,PER_000036,,DEV_000103,IP_000093,ACC_000062,LOC_000033,101412.6,,outbound,completed,web,payment
EVT_002636,location_ping,2025-04-11 14:51:00,PER_000027,,,DEV_000033,,,LOC_000097,,,,completed,pos,
EVT_002626,login,2025-04-11 14:52:50,PER_000018,,PH_000018,DEV_000034,IP_000015,,LOC_000001,,,,completed,web,
EVT_006868,sms,2025-04-11 15:17:43,PER_000062,PER_000069,PH_000152,,,,LOC_000033,,,internal,completed,web,
EVT_006576,call,2025-04-11 16:09:00,PER_000073,PER_000001,PH_000116,,,,LOC_000015,,648.0,inbound,completed,web,
EVT_001456,location_ping,2025-04-11 17:12:18,PER_000002,,,DEV_000039,,,LOC_000032,,,,completed,ussd,
EVT_005778,call,2025-04-11 17:45:55,PER_000027,PER_000042,PH_000245,,,,LOC_000097,,802.0,outbound,completed,atm,
EVT_005908,login,2025-04-11 20:34:26,PER_000016,,PH_000016,DEV_000005,IP_000012,,LOC_000054,,,,completed,web,
EVT_003224,transaction,2025-04-11 22:47:25,PER_000001,PER_000045,,DEV_000019,IP_000056,ACC_000001,LOC_000048,3591.81,,inbound,completed,web,transfer
EVT_006280,sms,2025-04-12 04:44:31,PER_000027,PER_000018,PH_000245,,,,LOC_000097,,,inbound,completed,atm,
EVT_000071,login,2025-04-12 09:38:12,PER_000016,,PH_000016,DEV_000107,IP_000067,,LOC_000054,,,,completed,pos,
EVT_000608,sms,2025-04-12 12:22:26,PER_000027,PER_000042,PH_000027,,,,LOC_000074,,,outbound,completed,pos,
EVT_007257,transaction,2025-04-12 13:12:07,PER_000055,PER_000016,,DEV_000105,IP_000048,ACC_000055,LOC_000016,3455.12,,internal,completed,mobile_app,transfer
EVT_002449,transaction,2025-04-12 13:20:25,PER_000087,PER_000016,,DEV_000063,IP_000022,ACC_000087,LOC_000099,2975.33,,inbound,completed,atm,deposit
EVT_003979,transaction,2025-04-12 14:31:29,PER_000001,PER_000006,,DEV_000080,IP_000085,ACC_000101,LOC_000029,76694.19,,inbound,completed,web,transfer
EVT_000361,transaction,2025-04-12 17:05:26,PER_000042,PER_000024,,DEV_000107,IP_000114,ACC_000042,LOC_000060,4082.2,,internal,completed,web,p2p
EVT_004510,login,2025-04-12 17:07:16,PER_000089,,PH_000089,DEV_000065,IP_000081,,LOC_000013,,,,completed,ussd,
EVT_006135,sms,2025-04-12 18:31:04,PER_000093,PER_000080,PH_000262,,,,LOC_000071,,,internal,completed,mobile_app,
EVT_007226,location_ping,2025-04-12 19:05:35,PER_000050,,,DEV_000076,,,LOC_000058,,,,completed,mobile_app,
EVT_000283,login,2025-04-12 20:47:43,PER_000042,,PH_000199,DEV_000030,IP_000100,,LOC_000060,,,,completed,web,
EVT_002796,transaction,2025-04-12 21:46:53,PER_000087,PER_000024,,DEV_000038,IP_000004,ACC_000087,LOC_000099,3027.82,,inbound,completed,mobile_app,transfer
EVT_005834,login,2025-04-12 22:03:02,PER_000059,,PH_000180,DEV_000031,IP_000051,,LOC_000071,,,,completed,atm,
EVT_000322,location_ping,2025-04-13 08:11:42,PER_000027,,,DEV_000004,,,LOC_000097,,,,completed,atm,
EVT_000091,sms,2025-04-13 10:13:39,PER_000071,PER_000093,PH_000071,,,,LOC_000084,,,internal,completed,mobile_app,
EVT_005903,location_ping,2025-04-13 10:29:14,PER_000024,,,DEV_000016,,,LOC_000083,,,,completed,atm,
EVT_006597,location_ping,2025-04-13 10:42:13,PER_000001,,,DEV_000067,,,LOC_000029,,,,completed,ussd,
EVT_005753,transaction,2025-04-13 10:46:30,PER_000020,PER_000062,,DEV_000100,IP_000024,ACC_000020,LOC_000056,1306.14,,outbound,completed,pos,payment
EVT_000682,location_ping,2025-04-13 11:12:16,PER_000093,,,DEV_000057,,,LOC_000071,,,,completed,api,
EVT_001384,transaction,2025-04-13 13:23:15,PER_000082,PER_000056,,DEV_000073,IP_000061,ACC_000082,LOC_000082,1729.65,,internal,completed,api,p2p
EVT_004040,location_ping,2025-04-13 14:50:03,PER_000027,,,DEV_000038,,,LOC_000097,,,,completed,pos,
EVT_004032,call,2025-04-13 16:23:16,PER_000060,PER_000061,PH_000060,,,,LOC_000014,,919.0,internal,completed,pos,
EVT_005586,transaction,2025-04-13 19:04:38,PER_000062,PER_000095,,DEV_000081,IP_000036,ACC_000062,LOC_000033,1084.17,,inbound,completed,mobile_app,deposit
EVT_004825,login,2025-04-13 19:08:00,PER_000068,,PH_000208,DEV_000009,IP_000069,,LOC_000052,,,,completed,ussd,
EVT_007245,call,2025-04-13 19:16:42,PER_000076,PER_000027,PH_000219,,,,LOC_000016,,853.0,inbound,completed,pos,
EVT_004166,transaction,2025-04-14 08:35:35,PER_000027,PER_000016,,DEV_000032,IP_000040,ACC_000127,LOC_000097,3643.62,,inbound,completed,mobile_app,payment
EVT_005468,call,2025-04-14 09:26:53,PER_000027,PER_000087,PH_000245,,,,LOC_000097,,255.0,internal,completed,atm,
EVT_006124,call,2025-04-14 11:11:46,PER_000002,PER_000047,PH_000114,,,,LOC_000032,,1058.0,inbound,completed,web,
EVT_006163,login,2025-04-14 12:05:04,PER_000001,,PH_000298,DEV_000108,IP_000087,,LOC_000029,,,,completed,pos,
EVT_006806,call,2025-04-14 14:10:22,PER_000024,PER_000016,PH_000024,,,,LOC_000083,,651.0,internal,completed,api,
EVT_000818,sms,2025-04-14 14:23:42,PER_000068,PER_000005,PH_000208,,,,LOC_000081,,,internal,completed,atm,
EVT_005428,location_ping,2025-04-14 15:06:49,PER_000093,,,DEV_000045,,,LOC_000071,,,,completed,ussd,
EVT_007008,call,2025-04-14 16:27:59,PER_000040,PER_000004,PH_000040,,,,LOC_000047,,1020.0,outbound,completed,ussd,
EVT_002846,call,2025-04-14 16:57:58,PER_000027,PER_000087,PH_000027,,,,LOC_000097,,1070.0,outbound,completed,mobile_app,
EVT_004908,transaction,2025-04-14 18:23:48,PER_000054,PER_000030,,DEV_000015,IP_000024,ACC_000054,LOC_000030,284.3,,outbound,completed,mobile_app,payment
EVT_002690,sms,2025-04-14 18:25:05,PER_000023,PER_000054,PH_000234,,,,LOC_000117,,,inbound,completed,mobile_app,
EVT_005577,sms,2025-04-14 20:10:15,PER_000100,PER_000077,PH_000251,,,,LOC_000108,,,internal,completed,api,
EVT_005325,location_ping,2025-04-14 21:07:56,PER_000087,,,DEV_000057,,,LOC_000099,,,,completed,pos,
EVT_007025,call,2025-04-15 05:13:16,PER_000029,PER_000009,PH_000029,,,,LOC_000100,,1001.0,internal,completed,web,
EVT_002533,sms,2025-04-15 05:18:58,PER_000024,PER_000018,PH_000024,,,,LOC_000083,,,outbound,completed,web,
EVT_007325,login,2025-04-15 08:17:20,PER_000087,,PH_000294,DEV_000106,IP_000021,,LOC_000099,,,,completed,atm,
EVT_005682,login,2025-04-15 08:53:16,PER_000050,,PH_000117,DEV_000071,IP_000108,,LOC_000058,,,,completed,pos,
EVT_002492,login,2025-04-15 09:17:19,PER_000001,,PH_000298,DEV_000075,IP_000085,,LOC_000029,,,,completed,atm,
EVT_006226,sms,2025-04-15 09:57:32,PER_000059,PER_000018,PH_000059,,,,LOC_000071,,,internal,completed,atm,
EVT_003847,transaction,2025-04-15 10:49:50,PER_000061,PER_000042,,DEV_000114,IP_000041,ACC_000061,LOC_000062,920.7,,inbound,completed,api,deposit
EVT_005434,location_ping,2025-04-15 11:44:10,PER_000053,,,DEV_000095,,,LOC_000046,,,,completed,ussd,
EVT_000621,transaction,2025-04-15 12:05:05,PER_000021,PER_000004,,DEV_000002,IP_000081,ACC_000021,LOC_000086,2579.5,,internal,completed,api,transfer
EVT_001095,transaction,2025-04-15 12:26:07,PER_000068,PER_000037,,DEV_000037,IP_000036,ACC_000068,LOC_000081,307.85,,inbound,completed,web,p2p
EVT_005519,sms,2025-04-15 13:05:15,PER_000006,PER_000059,PH_000243,,,,LOC_000060,,,inbound,completed,web,
EVT_004858,location_ping,2025-04-15 15:19:48,PER_000093,,,DEV_000033,,,LOC_000071,,,,completed,atm,
EVT_004127,sms,2025-04-15 15:28:10,PER_000027,PER_000034,PH_000245,,,,LOC_000097,,,outbound,completed,mobile_app,
EVT_002949,transaction,2025-04-15 16:17:55,PER_000084,PER_000038,,DEV_000011,IP_000010,ACC_000084,LOC_000043,1329.23,,internal,completed,atm,deposit
EVT_004862,login,2025-04-15 17:06:03,PER_000093,,PH_000225,DEV_000098,IP_000021,,LOC_000071,,,,completed,atm,
EVT_002980,sms,2025-04-15 17:16:56,PER_000073,PER_000053,PH_000073,,,,LOC_000015,,,inbound,completed,mobile_app,
EVT_004237,call,2025-04-15 19:19:52,PER_000028,PER_000083,PH_000028,,,,LOC_000057,,1187.0,internal,completed,web,
EVT_003736,sms,2025-04-15 19:55:45,PER_000022,PER_000077,PH_000022,,,,LOC_000022,,,inbound,completed,web,
EVT_001134,sms,2025-04-15 19:58:13,PER_000062,PER_000027,PH_000152,,,,LOC_000033,,,outbound,completed,api,
EVT_003013,login,2025-04-15 21:01:13,PER_000018,,PH_000018,DEV_000040,IP_000099,,LOC_000001,,,,completed,atm,
EVT_003476,transaction,2025-04-15 22:58:16,PER_000059,PER_000036,,DEV_000092,IP_000112,ACC_000059,LOC_000071,985.8,,outbound,completed,ussd,payment
EVT_001868,login,2025-04-16 06:58:52,PER_000045,,PH_000144,DEV_000001,IP_000001,,LOC_000004,,,,completed,api,
EVT_003178,call,2025-04-16 07:42:04,PER_000042,PER_000050,PH_000199,,,,LOC_000060,,388.0,outbound,completed,pos,
EVT_001670,call,2025-04-16 09:55:56,PER_000087,PER_000024,PH_000087,,,,LOC_000099,,628.0,inbound,completed,web,
EVT_005872,login,2025-04-16 09:59:25,PER_000062,,PH_000213,DEV_000038,IP_000019,,LOC_000033,,,,completed,atm,
EVT_001339,sms,2025-04-16 12:36:11,PER_000050,PER_000002,PH_000050,,,,LOC_000042,,,outbound,completed,web,
EVT_003628,location_ping,2025-04-16 13:39:50,PER_000096,,,DEV_000087,,,LOC_000107,,,,completed,atm,
EVT_000986,sms,2025-04-16 13:52:44,PER_000074,PER_000051,PH_000074,,,,LOC_000070,,,internal,completed,web,
EVT_004473,call,2025-04-16 14:11:10,PER_000002,PER_000057,PH_000002,,,,LOC_000032,,602.0,internal,completed,pos,
EVT_001738,location_ping,2025-04-16 14:55:13,PER_000091,,,DEV_000002,,,LOC_000057,,,,completed,pos,
EVT_002151,location_ping,2025-04-16 18:22:47,PER_000007,,,DEV_000105,,,LOC_000059,,,,completed,pos,
EVT_004523,sms,2025-04-16 18:58:25,PER_000096,PER_000043,PH_000146,,,,LOC_000081,,,outbound,completed,ussd,
EVT_007043,location_ping,2025-04-16 19:32:39,PER_000001,,,DEV_000034,,,LOC_000029,,,,completed,web,
EVT_004618,call,2025-04-17 02:08:10,PER_000027,PER_000087,PH_000027,,,,LOC_000097,,699.0,internal,completed,web,
EVT_001826,login,2025-04-17 05:19:18,PER_000004,,PH_000289,DEV_000109,IP_000061,,LOC_000052,,,,completed,api,
EVT_002191,location_ping,2025-04-17 06:58:24,PER_000018,,,DEV_000026,,,LOC_000051,,,,completed,atm,
EVT_002966,location_ping,2025-04-17 07:24:28,PER_000077,,,DEV_000003,,,LOC_000035,,,,completed,web,
EVT_001971,call,2025-04-17 11:05:31,PER_000020,PER_000090,PH_000020,,,,LOC_000056,,305.0,internal,completed,mobile_app,
EVT_002586,transaction,2025-04-17 14:04:43,PER_000073,PER_000028,,DEV_000072,IP_000047,ACC_000073,LOC_000015,107083.37,,outbound,completed,api,payment
EVT_003742,transaction,2025-04-17 15:01:44,PER_000087,PER_000027,,DEV_000012,IP_000035,ACC_000087,LOC_000113,264546.56,,internal,completed,api,deposit
EVT_003280,sms,2025-04-17 15:20:11,PER_000093,PER_000001,PH_000225,,,,LOC_000071,,,outbound,completed,ussd,
EVT_000072,login,2025-04-17 15:44:59,PER_000093,,PH_000225,DEV_000043,IP_000031,,LOC_000071,,,,completed,web,
EVT_005761,transaction,2025-04-17 16:39:15,PER_000016,PER_000050,,DEV_000019,IP_000113,ACC_000016,LOC_000054,248908.63,,outbound,completed,ussd,payment
EVT_003424,call,2025-04-17 17:55:39,PER_000062,PER_000097,PH_000213,,,,LOC_000033,,204.0,inbound,completed,web,
EVT_004735,login,2025-04-17 18:29:46,PER_000005,,PH_000005,DEV_000022,IP_000080,,LOC_000100,,,,completed,atm,
EVT_001834,call,2025-04-17 18:46:28,PER_000002,PER_000072,PH_000002,,,,LOC_000032,,207.0,outbound,completed,api,
EVT_006769,call,2025-04-17 20:44:43,PER_000066,PER_000013,PH_000066,,,,LOC_000049,,1003.0,internal,completed,mobile_app,
EVT_004059,call,2025-04-17 21:13:19,PER_000018,PER_000050,PH_000018,,,,LOC_000120,,341.0,inbound,completed,atm,
EVT_002606,call,2025-04-17 22:53:49,PER_000050,PER_000024,PH_000248,,,,LOC_000058,,1136.0,outbound,completed,ussd,
EVT_004815,location_ping,2025-04-18 03:05:32,PER_000018,,,DEV_000014,,,LOC_000001,,,,completed,mobile_app,
EVT_000467,login,2025-04-18 08:28:28,PER_000055,,PH_000055,DEV_000048,IP_000018,,LOC_000016,,,,completed,api,
EVT_001915,location_ping,2025-04-18 08:30:54,PER_000049,,,DEV_000002,,,LOC_000072,,,,completed,mobile_app,
EVT_002630,location_ping,2025-04-18 08:54:21,PER_000068,,,DEV_000104,,,LOC_000081,,,,completed,api,
EVT_002345,call,2025-04-18 09:26:00,PER_000002,PER_000019,PH_000002,,,,LOC_000032,,487.0,internal,completed,api,
EVT_002905,transaction,2025-04-18 09:33:26,PER_000082,PER_000065,,DEV_000113,IP_000088,ACC_000082,LOC_000003,2613.08,,inbound,completed,ussd,deposit
EVT_005178,call,2025-04-18 12:28:18,PER_000018,PER_000095,PH_000018,,,,LOC_000001,,424.0,inbound,completed,api,
EVT_005697,transaction,2025-04-18 14:09:11,PER_000081,PER_000094,,DEV_000002,IP_000021,ACC_000081,LOC_000084,1285.31,,internal,completed,pos,withdrawal
EVT_007082,transaction,2025-04-18 16:02:47,PER_000024,PER_000100,,DEV_000058,IP_000099,ACC_000024,LOC_000083,343402.27,,internal,completed,web,payment
EVT_006395,transaction,2025-04-18 18:12:20,PER_000018,PER_000042,,DEV_000012,IP_000112,ACC_000018,LOC_000001,3206.8,,inbound,completed,pos,p2p
EVT_003950,sms,2025-04-18 19:25:55,PER_000027,PER_000087,PH_000245,,,,LOC_000097,,,internal,completed,api,
EVT_004333,transaction,2025-04-18 19:41:49,PER_000064,PER_000089,,DEV_000023,IP_000010,ACC_000064,LOC_000020,1309.02,,outbound,completed,ussd,deposit
EVT_000750,login,2025-04-18 19:59:21,PER_000061,,PH_000061,DEV_000022,IP_000068,,LOC_000062,,,,completed,pos,
EVT_000436,location_ping,2025-04-18 20:00:12,PER_000073,,,DEV_000015,,,LOC_000015,,,,completed,pos,
EVT_000256,sms,2025-04-18 21:36:46,PER_000087,PER_000007,PH_000294,,,,LOC_000099,,,inbound,completed,pos,
EVT_004170,sms,2025-04-19 03:04:22,PER_000073,PER_000032,PH_000244,,,,LOC_000015,,,inbound,completed,ussd,
EVT_004962,transaction,2025-04-19 05:05:25,PER_000093,PER_000015,,DEV_000049,IP_000104,ACC_000093,LOC_000071,3398.47,,internal,completed,ussd,deposit
EVT_000049,login,2025-04-19 06:58:52,PER_000025,,PH_000132,DEV_000095,IP_000063,,LOC_000007,,,,completed,ussd,
EVT_004224,call,2025-04-19 07:05:42,PER_000018,PER_000027,PH_000018,,,,LOC_000001,,561.0,internal,completed,web,
EVT_000110,transaction,2025-04-19 07:26:57,PER_000059,PER_000084,,DEV_000021,IP_000024,ACC_000059,LOC_000071,124957.51,,outbound,completed,atm,transfer
EVT_003240,transaction,2025-04-19 10:37:58,PER_000034,PER_000092,,DEV_000003,IP_000035,ACC_000134,LOC_000075,1367.64,,inbound,completed,mobile_app,transfer
EVT_006878,location_ping,2025-04-19 11:05:43,PER_000042,,,DEV_000001,,,LOC_000060,,,,completed,api,
EVT_000815,call,2025-04-19 16:37:19,PER_000024,PER_000002,PH_000024,,,,LOC_000083,,334.0,inbound,completed,mobile_app,
EVT_005289,sms,2025-04-19 17:34:29,PER_000093,PER_000027,PH_000093,,,,LOC_000071,,,internal,completed,mobile_app,
EVT_005002,transaction,2025-04-19 18:37:40,PER_000083,PER_000085,,DEV_000011,IP_000044,ACC_000083,LOC_000053,770.99,,inbound,completed,atm,transfer
EVT_005946,login,2025-04-19 19:58:47,PER_000042,,PH_000042,DEV_000101,IP_000051,,LOC_000060,,,,completed,mobile_app,
EVT_003256,location_ping,2025-04-19 20:31:33,PER_000018,,,DEV_000094,,,LOC_000001,,,,completed,pos,
EVT_003472,location_ping,2025-04-19 21:42:49,PER_000095,,,DEV_000014,,,LOC_000120,,,,completed,api,
EVT_003358,login,2025-04-19 21:50:57,PER_000062,,PH_000213,DEV_000076,IP_000084,,LOC_000033,,,,completed,api,
EVT_006288,location_ping,2025-04-19 23:57:54,PER_000076,,,DEV_000001,,,LOC_000016,,,,completed,ussd,
EVT_000486,sms,2025-04-20 06:06:22,PER_000016,PER_000002,PH_000016,,,,LOC_000054,,,outbound,completed,pos,
EVT_005397,login,2025-04-20 06:35:44,PER_000068,,PH_000068,DEV_000120,IP_000034,,LOC_000081,,,,completed,atm,
EVT_004633,sms,2025-04-20 07:41:45,PER_000019,PER_000036,PH_000019,,,,LOC_000069,,,inbound,completed,api,
EVT_002538,login,2025-04-20 07:44:14,PER_000033,,PH_000033,DEV_000099,IP_000071,,LOC_000022,,,,completed,api,
EVT_002899,transaction,2025-04-20 08:03:11,PER_000050,PER_000024,,DEV_000070,IP_000010,ACC_000050,LOC_000058,561.54,,outbound,completed,mobile_app,p2p
EVT_004104,location_ping,2025-04-20 09:31:31,PER_000024,,,DEV_000115,,,LOC_000083,,,,completed,atm,
EVT_005039,location_ping,2025-04-20 11:59:43,PER_000068,,,DEV_000078,,,LOC_000081,,,,completed,ussd,
EVT_004983,login,2025-04-20 12:09:15,PER_000087,,PH_000294,DEV_000021,IP_000033,,LOC_000099,,,,completed,api,
EVT_004811,sms,2025-04-20 12:42:17,PER_000002,PER_000016,PH_000002,,,,LOC_000032,,,inbound,completed,ussd,
EVT_005658,sms,2025-04-20 12:49:27,PER_000070,PER_000068,PH_000070,,,,LOC_000001,,,inbound,completed,api,
EVT_000606,login,2025-04-20 13:03:13,PER_000056,,PH_000056,DEV_000098,IP_000088,,LOC_000036,,,,completed,api,
EVT_004729,location_ping,2025-04-20 14:44:16,PER_000042,,,DEV_000120,,,LOC_000060,,,,completed,pos,
EVT_001217,location_ping,2025-04-20 15:47:26,PER_000073,,,DEV_000013,,,LOC_000015,,,,completed,api,
EVT_002792,call,2025-04-20 16:40:49,PER_000087,PER_000050,PH_000087,,,,LOC_000099,,1039.0,internal,completed,ussd,
EVT_003387,login,2025-04-20 17:29:13,PER_000090,,PH_000090,DEV_000107,IP_000077,,LOC_000027,,,,completed,api,
EVT_006532,transaction,2025-04-20 18:36:33,PER_000021,PER_000026,,DEV_000038,IP_000041,ACC_000021,LOC_000086,1739.94,,outbound,completed,web,withdrawal
EVT_004136,transaction,2025-04-20 19:24:33,PER_000008,PER_000023,,DEV_000042,IP_000052,ACC_000108,LOC_000077,1485.2,,internal,completed,pos,p2p
EVT_001236,call,2025-04-20 21:45:42,PER_000009,PER_000074,PH_000278,,,,LOC_000107,,944.0,outbound,completed,web,
EVT_001344,transaction,2025-04-20 21:55:46,PER_000001,PER_000025,,DEV_000103,IP_000084,ACC_000101,LOC_000029,211.56,,inbound,completed,ussd,transfer
EVT_002138,call,2025-04-20 22:32:01,PER_000079,PER_000027,PH_000079,,,,LOC_000067,,518.0,inbound,completed,ussd,
EVT_002505,location_ping,2025-04-21 04:53:36,PER_000027,,,DEV_000059,,,LOC_000097,,,,completed,api,
EVT_007154,login,2025-04-21 06:54:36,PER_000050,,PH_000117,DEV_000095,IP_000013,,LOC_000058,,,,completed,ussd,
EVT_003094,transaction,2025-04-21 07:37:15,PER_000001,PER_000048,,DEV_000052,IP_000003,ACC_000001,LOC_000029,1690.0,,inbound,completed,api,payment
EVT_002924,location_ping,2025-04-21 08:10:56,PER_000022,,,DEV_000064,,,LOC_000013,,,,completed,api,
EVT_004205,location_ping,2025-04-21 10:45:43,PER_000016,,,DEV_000062,,,LOC_000054,,,,completed,ussd,
EVT_001378,transaction,2025-04-21 13:50:26,PER_000059,PER_000087,,DEV_000118,IP_000107,ACC_000059,LOC_000072,469.83,,inbound,completed,api,deposit
EVT_002765,sms,2025-04-21 15:40:52,PER_000087,PER_000016,PH_000087,,,,LOC_000099,,,internal,completed,atm,
EVT_002001,login,2025-04-21 17:27:25,PER_000054,,PH_000222,DEV_000067,IP_000041,,LOC_000030,,,,completed,api,
EVT_006793,sms,2025-04-21 18:21:39,PER_000076,PER_000090,PH_000143,,,,LOC_000016,,,internal,completed,mobile_app,
EVT_002084,call,2025-04-21 18:51:33,PER_000011,PER_000035,PH_000255,,,,LOC_000063,,872.0,inbound,completed,pos,
EVT_001747,call,2025-04-21 18:58:24,PER_000087,PER_000002,PH_000294,,,,LOC_000099,,825.0,inbound,completed,web,
EVT_002719,location_ping,2025-04-21 21:02:20,PER_000062,,,DEV_000051,,,LOC_000033,,,,completed,api,
EVT_005956,location_ping,2025-04-22 04:04:58,PER_000088,,,DEV_000020,,,LOC_000060,,,,completed,pos,
EVT_001216,login,2025-04-22 05:59:36,PER_000026,,PH_000026,DEV_000108,IP_000119,,LOC_000059,,,,completed,mobile_app,
EVT_000974,transaction,2025-04-22 06:32:01,PER_000073,PER_000040,,DEV_000028,IP_000107,ACC_000073,LOC_000027,2068.61,,internal,completed,pos,payment
EVT_006824,location_ping,2025-04-22 07:00:47,PER_000087,,,DEV_000119,,,LOC_000099,,,,completed,pos,
EVT_003643,login,2025-04-22 11:29:05,PER_000050,,PH_000261,DEV_000061,IP_000041,,LOC_000058,,,,completed,ussd,
EVT_003696,sms,2025-04-22 11:49:02,PER_000041,PER_000070,PH_000041,,,,LOC_000025,,,outbound,completed,atm,
EVT_006325,sms,2025-04-22 11:56:26,PER_000016,PER_000027,PH_000016,,,,LOC_000054,,,inbound,completed,ussd,
EVT_000290,login,2025-04-22 12:08:22,PER_000002,,PH_000114,DEV_000031,IP_000083,,LOC_000032,,,,completed,api,
EVT_006380,login,2025-04-22 12:32:23,PER_000001,,PH_000001,DEV_000041,IP_000104,,LOC_000029,,,,completed,mobile_app,
EVT_006833,login,2025-04-22 12:58:59,PER_000022,,PH_000022,DEV_000089,IP_000075,,LOC_000084,,,,completed,atm,
EVT_003840,location_ping,2025-04-22 13:02:26,PER_000007,,,DEV_000080,,,LOC_000059,,,,completed,api,
EVT_004688,call,2025-04-22 15:31:16,PER_000026,PER_000067,PH_000176,,,,LOC_000059,,470.0,inbound,completed,pos,
EVT_003045,location_ping,2025-04-22 15:34:29,PER_000061,,,DEV_000038,,,LOC_000062,,,,completed,web,
EVT_001470,location_ping,2025-04-22 15:50:07,PER_000027,,,DEV_000094,,,LOC_000097,,,,completed,ussd,
EVT_004425,transaction,2025-04-22 16:08:52,PER_000070,PER_000016,,DEV_000089,IP_000001,ACC_000070,LOC_000001,2550.09,,internal,completed,mobile_app,p2p
EVT_002525,location_ping,2025-04-22 16:43:13,PER_000087,,,DEV_000089,,,LOC_000099,,,,completed,web,
EVT_005520,call,2025-04-22 16:52:30,PER_000046,PER_000013,PH_000046,,,,LOC_000028,,1069.0,internal,completed,atm,
EVT_003181,call,2025-04-22 17:09:22,PER_000032,PER_000098,PH_000032,,,,LOC_000028,,1104.0,inbound,completed,atm,
EVT_001687,transaction,2025-04-22 17:32:48,PER_000056,PER_000043,,DEV_000050,IP_000061,ACC_000056,LOC_000036,3138.24,,inbound,completed,mobile_app,withdrawal
EVT_004847,location_ping,2025-04-22 18:47:31,PER_000090,,,DEV_000091,,,LOC_000027,,,,completed,web,
EVT_003819,call,2025-04-22 20:05:23,PER_000048,PER_000095,PH_000172,,,,LOC_000025,,926.0,inbound,completed,web,
EVT_006162,sms,2025-04-22 23:59:14,PER_000002,PER_000033,PH_000002,,,,LOC_000046,,,inbound,completed,api,
EVT_001021,sms,2025-04-23 03:17:06,PER_000018,PER_000050,PH_000018,,,,LOC_000001,,,outbound,completed,mobile_app,
EVT_003150,location_ping,2025-04-23 03:23:17,PER_000005,,,DEV_000108,,,LOC_000100,,,,completed,atm,
EVT_006733,sms,2025-04-23 08:21:49,PER_000073,PER_000079,PH_000073,,,,LOC_000015,,,outbound,completed,ussd,
EVT_002708,location_ping,2025-04-23 08:27:53,PER_000004,,,DEV_000076,,,LOC_000052,,,,completed,ussd,
EVT_000025,call,2025-04-23 11:36:54,PER_000095,PER_000050,PH_000095,,,,LOC_000120,,749.0,inbound,completed,ussd,
EVT_003097,location_ping,2025-04-23 14:00:13,PER_000030,,,DEV_000098,,,LOC_000108,,,,completed,mobile_app,
EVT_001472,call,2025-04-23 14:56:27,PER_000002,PER_000016,PH_000002,,,,LOC_000032,,345.0,internal,completed,mobile_app,
EVT_006808,location_ping,2025-04-23 14:59:55,PER_000054,,,DEV_000074,,,LOC_000030,,,,completed,atm,
EVT_003202,sms,2025-04-23 15:14:19,PER_000042,PER_000058,PH_000199,,,,LOC_000026,,,internal,completed,pos,
EVT_006691,location_ping,2025-04-23 15:16:33,PER_000083,,,DEV_000038,,,LOC_000053,,,,completed,api,
EVT_005423,transaction,2025-04-23 15:36:14,PER_000060,PER_000086,,DEV_000099,IP_000049,ACC_000060,LOC_000014,3879.91,,outbound,completed,pos,transfer
EVT_001583,sms,2025-04-23 16:03:16,PER_000093,PER_000055,PH_000225,,,,LOC_000071,,,internal,completed,mobile_app,
EVT_004615,transaction,2025-04-23 16:14:07,PER_000092,PER_000099,,DEV_000044,IP_000052,ACC_000092,LOC_000091,812.01,,inbound,completed,mobile_app,payment
EVT_004486,transaction,2025-04-23 16:47:42,PER_000073,PER_000093,,DEV_000045,IP_000053,ACC_000073,LOC_000015,34663.4,,outbound,completed,atm,withdrawal
EVT_000126,sms,2025-04-23 16:53:26,PER_000062,PER_000078,PH_000062,,,,LOC_000033,,,inbound,completed,ussd,
EVT_000284,login,2025-04-23 17:04:30,PER_000026,,PH_000176,DEV_000007,IP_000114,,LOC_000059,,,,completed,ussd,
EVT_005371,login,2025-04-23 18:00:54,PER_000077,,PH_000271,DEV_000079,IP_000110,,LOC_000035,,,,completed,atm,
EVT_006232,sms,2025-04-23 19:52:07,PER_000059,PER_000053,PH_000180,,,,LOC_000071,,,inbound,completed,ussd,
EVT_002893,sms,2025-04-23 21:11:45,PER_000050,PER_000024,PH_000248,,,,LOC_000068,,,outbound,completed,atm,
EVT_005435,sms,2025-04-23 21:31:07,PER_000066,PER_000004,PH_000123,,,,LOC_000026,,,internal,completed,mobile_app,
EVT_005225,call,2025-04-23 21:54:23,PER_000018,PER_000087,PH_000018,,,,LOC_000080,,184.0,inbound,completed,api,
EVT_001171,call,2025-04-23 23:48:27,PER_000073,PER_000031,PH_000244,,,,LOC_000015,,721.0,internal,completed,ussd,
EVT_004322,login,2025-04-24 02:53:27,PER_000024,,PH_000024,DEV_000008,IP_000034,,LOC_000083,,,,completed,api,
EVT_004834,sms,2025-04-24 05:54:23,PER_000093,PER_000073,PH_000262,,,,LOC_000071,,,internal,completed,ussd,
EVT_000060,call,2025-04-24 09:22:14,PER_000042,PER_000018,PH_000199,,,,LOC_000060,,964.0,inbound,completed,ussd,
EVT_004168,call,2025-04-24 11:53:44,PER_000020,PER_000080,PH_000020,,,,LOC_000056,,827.0,internal,completed,pos,
EVT_002978,transaction,2025-04-24 14:53:44,PER_000061,PER_000071,,DEV_000009,IP_000091,ACC_000061,LOC_000062,3178.87,,inbound,completed,ussd,payment
EVT_002722,location_ping,2025-04-24 16:05:28,PER_000018,,,DEV_000066,,,LOC_000002,,,,completed,mobile_app,
EVT_006908,login,2025-04-24 16:14:37,PER_000045,,PH_000122,DEV_000001,IP_000001,,LOC_000004,,,,completed,pos,
EVT_006247,location_ping,2025-04-24 17:53:06,PER_000018,,,DEV_000075,,,LOC_000067,,,,completed,api,
EVT_004918,login,2025-04-24 18:02:02,PER_000097,,PH_000097,DEV_000076,IP_000068,,LOC_000071,,,,completed,mobile_app,
EVT_001741,transaction,2025-04-24 18:05:05,PER_000093,PER_000026,,DEV_000104,IP_000050,ACC_000093,LOC_000071,2530.53,,internal,completed,atm,deposit
EVT_002330,transaction,2025-04-24 18:14:02,PER_000010,PER_000056,,DEV_000004,IP_000078,ACC_000010,LOC_000034,3786.49,,inbound,completed,pos,transfer
EVT_006079,location_ping,2025-04-24 19:25:19,PER_000094,,,DEV_000062,,,LOC_000060,,,,completed,api,
EVT_001890,call,2025-04-24 20:00:52,PER_000027,PER_000050,PH_000245,,,,LOC_000097,,926.0,internal,completed,api,
EVT_007074,call,2025-04-25 03:05:10,PER_000042,PER_000050,PH_000199,,,,LOC_000060,,191.0,internal,completed,mobile_app,
EVT_006998,sms,2025-04-25 05:26:55,PER_000025,PER_000022,PH_000025,,,,LOC_000007,,,outbound,completed,web,
EVT_003718,sms,2025-04-25 08:06:55,PER_000073,PER_000024,PH_000162,,,,LOC_000015,,,inbound,completed,ussd,
EVT_000397,location_ping,2025-04-25 08:31:16,PER_000016,,,DEV_000101,,,LOC_000054,,,,completed,ussd,
EVT_007117,login,2025-04-25 08:52:40,PER_000073,,PH_000073,DEV_000092,IP_000115,,LOC_000086,,,,completed,web,
EVT_007088,call,2025-04-25 09:02:52,PER_000024,PER_000055,PH_000024,,,,LOC_000083,,1150.0,inbound,completed,ussd,
EVT_000686,call,2025-04-25 09:52:18,PER_000043,PER_000033,PH_000205,,,,LOC_000110,,168.0,inbound,completed,mobile_app,
EVT_003851,transaction,2025-04-25 10:50:37,PER_000002,PER_000050,,DEV_000092,IP_000010,ACC_000102,LOC_000019,3108.83,,internal,completed,mobile_app,withdrawal
EVT_002963,login,2025-04-25 10:53:31,PER_000002,,PH_000002,DEV_000032,IP_000091,,LOC_000032,,,,completed,atm,
EVT_005672,transaction,2025-04-25 11:07:13,PER_000027,PER_000042,,DEV_000112,IP_000096,ACC_000127,LOC_000010,430757.34,,inbound,completed,mobile_app,p2p
EVT_000603,call,2025-04-25 14:24:55,PER_000073,PER_000060,PH_000073,,,,LOC_000015,,190.0,outbound,completed,pos,
EVT_007048,sms,2025-04-25 14:55:38,PER_000095,PER_000065,PH_000095,,,,LOC_000056,,,inbound,completed,pos,
EVT_004830,transaction,2025-04-25 14:58:05,PER_000087,PER_000002,,DEV_000004,IP_000040,ACC_000087,LOC_000099,1624.08,,outbound,completed,web,withdrawal
EVT_004502,location_ping,2025-04-25 15:47:46,PER_000015,,,DEV_000025,,,LOC_000054,,,,completed,ussd,
EVT_002698,sms,2025-04-25 16:26:12,PER_000042,PER_000002,PH_000199,,,,LOC_000060,,,inbound,completed,mobile_app,
EVT_003708,call,2025-04-25 16:46:10,PER_000073,PER_000087,PH_000116,,,,LOC_000015,,49.0,internal,completed,api,
EVT_005667,location_ping,2025-04-25 17:50:19,PER_000074,,,DEV_000083,,,LOC_000106,,,,completed,mobile_app,
EVT_001162,login,2025-04-25 18:00:00,PER_000022,,PH_000022,DEV_000077,IP_000051,,LOC_000009,,,,completed,web,
EVT_005139,sms,2025-04-25 18:28:22,PER_000027,PER_000018,PH_000245,,,,LOC_000016,,,outbound,completed,pos,
EVT_004014,call,2025-04-25 19:26:29,PER_000056,PER_000090,PH_000253,,,,LOC_000036,,667.0,outbound,completed,pos,
EVT_005590,login,2025-04-25 19:47:01,PER_000092,,PH_000161,DEV_000026,IP_000060,,LOC_000091,,,,completed,api,
EVT_005101,login,2025-04-26 06:20:31,PER_000001,,PH_000001,DEV_000082,IP_000028,,LOC_000029,,,,completed,ussd,
EVT_005441,location_ping,2025-04-26 06:21:42,PER_000006,,,DEV_000115,,,LOC_000060,,,,completed,api,
EVT_004227,sms,2025-04-26 07:40:45,PER_000076,PER_000074,PH_000168,,,,LOC_000016,,,internal,completed,api,
EVT_000864,location_ping,2025-04-26 07:53:59,PER_000059,,,DEV_000070,,,LOC_000036,,,,completed,web,
EVT_000867,call,2025-04-26 08:17:08,PER_000042,PER_000016,PH_000042,,,,LOC_000060,,255.0,outbound,completed,atm,
EVT_003810,transaction,2025-04-26 09:08:26,PER_000062,PER_000083,,DEV_000038,IP_000029,ACC_000062,LOC_000090,43669.64,,outbound,completed,api,payment
EVT_006069,transaction,2025-04-26 09:25:03,PER_000059,PER_000054,,DEV_000038,IP_000064,ACC_000059,LOC_000071,117551.07,,inbound,completed,api,deposit
EVT_007274,location_ping,2025-04-26 09:58:12,PER_000087,,,DEV_000083,,,LOC_000099,,,,completed,api,
EVT_006804,location_ping,2025-04-26 10:08:16,PER_000018,,,DEV_000004,,,LOC_000001,,,,completed,web,
EVT_000642,login,2025-04-26 12:05:16,PER_000042,,PH_000199,DEV_000092,IP_000011,,LOC_000060,,,,completed,mobile_app,
EVT_003700,login,2025-04-26 12:43:15,PER_000023,,PH_000023,DEV_000070,IP_000099,,LOC_000117,,,,completed,api,
EVT_006887,call,2025-04-26 17:22:25,PER_000050,PER_000027,PH_000261,,,,LOC_000058,,995.0,outbound,completed,atm,
EVT_006096,sms,2025-04-26 18:53:30,PER_000001,PER_000077,PH_000001,,,,LOC_000029,,,internal,completed,mobile_app,
EVT_001726,transaction,2025-04-26 19:04:42,PER_000018,PER_000050,,DEV_000109,IP_000052,ACC_000018,LOC_000001,143671.1,,inbound,completed,pos,payment
EVT_004114,login,2025-04-26 20:07:24,PER_000011,,PH_000011,DEV_000029,IP_000018,,LOC_000063,,,,completed,web,
EVT_006924,sms,2025-04-26 20:51:09,PER_000073,PER_000037,PH_000244,,,,LOC_000036,,,inbound,completed,web,
EVT_007149,location_ping,2025-04-27 09:14:31,PER_000050,,,DEV_000086,,,LOC_000058,,,,completed,web,
EVT_001853,sms,2025-04-27 09:41:11,PER_000016,PER_000042,PH_000016,,,,LOC_000054,,,internal,completed,api,
EVT_005210,location_ping,2025-04-27 10:36:16,PER_000024,,,DEV_000116,,,LOC_000083,,,,completed,api,
EVT_002621,transaction,2025-04-27 10:41:39,PER_000050,PER_000002,,DEV_000057,IP_000104,ACC_000150,LOC_000058,167976.69,,inbound,completed,web,p2p
EVT_000820,sms,2025-04-27 10:44:45,PER_000084,PER_000059,PH_000084,,,,LOC_000043,,,internal,completed,web,
EVT_005709,call,2025-04-27 10:57:38,PER_000085,PER_000007,PH_000085,,,,LOC_000085,,1081.0,outbound,completed,pos,
EVT_001078,call,2025-04-27 12:53:42,PER_000096,PER_000064,PH_000146,,,,LOC_000107,,942.0,outbound,completed,web,
EVT_001995,sms,2025-04-27 13:54:12,PER_000018,PER_000016,PH_000018,,,,LOC_000001,,,outbound,completed,web,
EVT_001292,transaction,2025-04-27 16:27:22,PER_000087,PER_000042,,DEV_000111,IP_000097,ACC_000087,LOC_000099,182214.48,,internal,completed,atm,withdrawal
EVT_002046,login,2025-04-27 17:44:53,PER_000024,,PH_000024,DEV_000098,IP_000045,,LOC_000083,,,,completed,mobile_app,
EVT_002437,location_ping,2025-04-27 17:52:14,PER_000059,,,DEV_000082,,,LOC_000071,,,,completed,api,
EVT_005499,location_ping,2025-04-27 18:50:18,PER_000062,,,DEV_000093,,,LOC_000009,,,,completed,mobile_app,
EVT_001580,login,2025-04-27 20:50:58,PER_000018,,PH_000018,DEV_000082,IP_000025,,LOC_000001,,,,completed,mobile_app,
EVT_002327,location_ping,2025-04-27 21:42:11,PER_000009,,,DEV_000018,,,LOC_000082,,,,completed,pos,
EVT_003049,call,2025-04-27 23:03:58,PER_000018,PER_000027,PH_000018,,,,LOC_000001,,395.0,internal,completed,ussd,
EVT_004807,sms,2025-04-28 02:29:15,PER_000035,PER_000045,PH_000035,,,,LOC_000017,,,internal,completed,atm,
EVT_007208,transaction,2025-04-28 06:56:15,PER_000010,PER_000066,,DEV_000002,IP_000014,ACC_000010,LOC_000034,1986.53,,outbound,completed,ussd,withdrawal
EVT_007180,login,2025-04-28 11:09:52,PER_000031,,PH_000279,DEV_000061,IP_000102,,LOC_000017,,,,completed,web,
EVT_000543,location_ping,2025-04-28 11:19:40,PER_000050,,,DEV_000040,,,LOC_000058,,,,completed,api,
EVT_003260,transaction,2025-04-28 11:25:41,PER_000001,PER_000056,,DEV_000083,IP_000065,ACC_000001,LOC_000029,4060.21,,outbound,completed,web,transfer
EVT_002821,sms,2025-04-28 11:52:40,PER_000027,PER_000060,PH_000027,,,,LOC_000097,,,outbound,completed,ussd,
EVT_005056,sms,2025-04-28 12:03:30,PER_000077,PER_000030,PH_000077,,,,LOC_000035,,,internal,completed,ussd,
EVT_005245,location_ping,2025-04-28 13:11:35,PER_000016,,,DEV_000003,,,LOC_000054,,,,completed,api,
EVT_002992,sms,2025-04-28 13:47:51,PER_000002,PER_000024,PH_000002,,,,LOC_000032,,,outbound,completed,ussd,
EVT_005517,login,2025-04-28 14:02:36,PER_000073,,PH_000073,DEV_000043,IP_000116,,LOC_000015,,,,completed,mobile_app,
EVT_003331,call,2025-04-28 14:31:31,PER_000033,PER_000081,PH_000033,,,,LOC_000022,,447.0,internal,completed,api,
EVT_003213,login,2025-04-28 16:24:20,PER_000016,,PH_000016,DEV_000037,IP_000005,,LOC_000054,,,,completed,web,
EVT_004699,call,2025-04-28 16:32:54,PER_000025,PER_000002,PH_000025,,,,LOC_000007,,465.0,inbound,completed,mobile_app,
EVT_005637,transaction,2025-04-28 16:37:21,PER_000001,PER_000041,,DEV_000097,IP_000091,ACC_000001,LOC_000036,3755.1,,internal,completed,atm,transfer
EVT_000492,call,2025-04-28 16:54:46,PER_000097,PER_000043,PH_000097,,,,LOC_000086,,470.0,internal,completed,mobile_app,
EVT_004784,sms,2025-04-28 18:04:58,PER_000049,PER_000064,PH_000190,,,,LOC_000072,,,inbound,completed,api,
EVT_003676,sms,2025-04-28 18:38:15,PER_000070,PER_000079,PH_000227,,,,LOC_000001,,,internal,completed,ussd,
EVT_006465,transaction,2025-04-29 05:16:08,PER_000073,PER_000044,,DEV_000065,IP_000019,ACC_000073,LOC_000015,63291.07,,inbound,completed,ussd,transfer
EVT_005422,location_ping,2025-04-29 07:00:56,PER_000076,,,DEV_000001,,,LOC_000016,,,,completed,ussd,
EVT_003647,login,2025-04-29 07:36:58,PER_000067,,PH_000067,DEV_000039,IP_000016,,LOC_000040,,,,completed,web,
EVT_002600,transaction,2025-04-29 08:06:11,PER_000070,PER_000026,,DEV_000084,IP_000118,ACC_000070,LOC_000001,2608.58,,internal,completed,atm,deposit
EVT_002256,transaction,2025-04-29 08:43:36,PER_000024,PER_000002,,DEV_000041,IP_000110,ACC_000024,LOC_000083,3104.67,,internal,completed,api,withdrawal
EVT_007463,login,2025-04-29 09:05:34,PER_000075,,PH_000287,DEV_000082,IP_000015,,LOC_000102,,,,completed,ussd,
EVT_003064,call,2025-04-29 11:22:25,PER_000002,PER_000018,PH_000002,,,,LOC_000032,,635.0,internal,completed,atm,
EVT_006687,transaction,2025-04-29 13:58:09,PER_000080,PER_000004,,DEV_000026,IP_000006,ACC_000080,LOC_000074,3462.57,,outbound,completed,mobile_app,p2p
EVT_001142,sms,2025-04-29 14:25:33,PER_000062,PER_000063,PH_000152,,,,LOC_000033,,,outbound,completed,pos,
EVT_001346,call,2025-04-29 15:42:48,PER_000083,PER_000009,PH_000083,,,,LOC_000080,,39.0,inbound,completed,mobile_app,
EVT_005440,location_ping,2025-04-29 16:43:45,PER_000059,,,DEV_000099,,,LOC_000071,,,,completed,mobile_app,
EVT_005864,login,2025-04-29 16:54:35,PER_000093,,PH_000142,DEV_000029,IP_000018,,LOC_000071,,,,completed,pos,
EVT_004048,sms,2025-04-29 17:32:44,PER_000085,PER_000034,PH_000085,,,,LOC_000085,,,internal,completed,atm,
EVT_001437,transaction,2025-04-29 18:42:28,PER_000003,PER_000093,,DEV_000054,IP_000065,ACC_000103,LOC_000054,2491.48,,outbound,completed,ussd,transfer
EVT_003521,call,2025-04-29 19:03:12,PER_000001,PER_000012,PH_000298,,,,LOC_000029,,1158.0,internal,completed,atm,
EVT_003947,transaction,2025-04-29 19:13:07,PER_000011,PER_000054,,DEV_000056,IP_000052,ACC_000111,LOC_000063,2197.24,,inbound,completed,atm,p2p
EVT_001916,call,2025-04-29 19:37:10,PER_000028,PER_000066,PH_000028,,,,LOC_000003,,871.0,outbound,completed,mobile_app,
EVT_003207,login,2025-04-29 21:24:27,PER_000062,,PH_000152,DEV_000027,IP_000079,,LOC_000033,,,,completed,ussd,
EVT_004947,sms,2025-04-29 21:32:00,PER_000064,PER_000004,PH_000111,,,,LOC_000020,,,outbound,completed,mobile_app,
EVT_005125,transaction,2025-04-29 23:28:11,PER_000001,PER_000047,,DEV_000045,IP_000050,ACC_000001,LOC_000064,2466.84,,inbound,completed,mobile_app,withdrawal
EVT_001375,login,2025-04-30 02:44:25,PER_000006,,PH_000006,DEV_000011,IP_000074,,LOC_000060,,,,completed,web,
EVT_002519,sms,2025-04-30 06:56:48,PER_000059,PER_000026,PH_000059,,,,LOC_000071,,,inbound,completed,atm,
EVT_005509,location_ping,2025-04-30 07:12:17,PER_000059,,,DEV_000011,,,LOC_000074,,,,completed,api,
EVT_005348,login,2025-04-30 08:20:02,PER_000018,,PH_000018,DEV_000018,IP_000013,,LOC_000001,,,,completed,ussd,
EVT_002310,sms,2025-04-30 08:23:15,PER_000004,PER_000001,PH_000004,,,,LOC_000052,,,inbound,completed,pos,
EVT_000193,call,2025-04-30 09:12:43,PER_000057,PER_000048,PH_000057,,,,LOC_000030,,317.0,outbound,completed,web,
EVT_001614,transaction,2025-04-30 09:19:35,PER_000079,PER_000012,,DEV_000001,IP_000042,ACC_000079,LOC_000004,1179.2,,inbound,completed,atm,payment
EVT_001441,location_ping,2025-04-30 11:00:08,PER_000018,,,DEV_000018,,,LOC_000001,,,,completed,web,
EVT_001459,login,2025-04-30 11:17:11,PER_000042,,PH_000199,DEV_000118,IP_000064,,LOC_000060,,,,completed,mobile_app,
EVT_006358,location_ping,2025-04-30 11:45:16,PER_000016,,,DEV_000090,,,LOC_000054,,,,completed,ussd,
EVT_004636,transaction,2025-04-30 12:57:34,PER_000011,PER_000018,,DEV_000052,IP_000101,ACC_000111,LOC_000063,3304.12,,outbound,completed,web,withdrawal
EVT_000418,login,2025-04-30 13:57:25,PER_000053,,PH_000220,DEV_000070,IP_000006,,LOC_000046,,,,completed,api,
EVT_000890,transaction,2025-04-30 15:36:51,PER_000027,PER_000054,,DEV_000099,IP_000070,ACC_000127,LOC_000079,3489.17,,internal,completed,web,deposit
EVT_006599,login,2025-04-30 15:40:10,PER_000001,,PH_000001,DEV_000067,IP_000076,,LOC_000029,,,,completed,api,
EVT_003455,login,2025-04-30 16:35:26,PER_000018,,PH_000018,DEV_000031,IP_000079,,LOC_000001,,,,completed,ussd,
EVT_000011,call,2025-04-30 18:34:22,PER_000073,PER_000083,PH_000073,,,,LOC_000015,,227.0,inbound,completed,api,
EVT_004397,login,2025-04-30 19:08:15,PER_000015,,PH_000015,DEV_000026,IP_000063,,LOC_000095,,,,completed,atm,
EVT_007318,location_ping,2025-04-30 20:36:19,PER_000014,,,DEV_000100,,,LOC_000050,,,,completed,api,
EVT_007120,login,2025-04-30 20:37:23,PER_000073,,PH_000244,DEV_000080,IP_000037,,LOC_000067,,,,completed,api,
EVT_004246,sms,2025-05-01 00:00:10,PER_000038,PER_000091,PH_000038,,,,LOC_000085,,,inbound,completed,web,
EVT_003652,login,2025-05-01 00:00:55,PER_000099,,PH_000288,DEV_000046,IP_000004,,LOC_000044,,,,completed,api,
EVT_007332,sms,2025-05-01 00:01:55,PER_000038,PER_000068,PH_000038,,,,LOC_000085,,,outbound,completed,web,
EVT_007147,location_ping,2025-05-01 00:02:35,PER_000099,,,DEV_000076,,,LOC_000044,,,,completed,api,
EVT_000578,sms,2025-05-01 00:02:38,PER_000099,PER_000029,PH_000099,,,,LOC_000044,,,inbound,completed,api,
EVT_003913,call,2025-05-01 00:06:30,PER_000038,PER_000076,PH_000038,,,,LOC_000085,,3.0,internal,completed,mobile_app,
EVT_002334,location_ping,2025-05-01 00:14:39,PER_000038,,,DEV_000080,,,LOC_000085,,,,completed,ussd,
EVT_002518,call,2025-05-01 00:15:05,PER_000099,PER_000070,PH_000254,,,,LOC_000044,,17.0,outbound,completed,web,
EVT_002783,login,2025-05-01 00:18:25,PER_000099,,PH_000194,DEV_000007,IP_000095,,LOC_000010,,,,completed,atm,
EVT_003882,location_ping,2025-05-01 00:24:24,PER_000038,,,DEV_000072,,,LOC_000085,,,,completed,api,
EVT_004854,call,2025-05-01 00:25:31,PER_000038,PER_000052,PH_000038,,,,LOC_000085,,8.0,outbound,completed,ussd,
EVT_000147,call,2025-05-01 00:25:49,PER_000099,PER_000087,PH_000194,,,,LOC_000044,,8.0,inbound,completed,ussd,
EVT_005708,login,2025-05-01 00:25:51,PER_000099,,PH_000254,DEV_000035,IP_000040,,LOC_000044,,,,completed,ussd,
EVT_001527,login,2025-05-01 00:25:58,PER_000038,,PH_000038,DEV_000025,IP_000017,,LOC_000085,,,,completed,api,
EVT_004173,sms,2025-05-01 00:33:03,PER_000038,PER_000005,PH_000038,,,,LOC_000085,,,internal,completed,web,
EVT_001753,location_ping,2025-05-01 00:35:35,PER_000038,,,DEV_000092,,,LOC_000085,,,,completed,atm,
EVT_007391,location_ping,2025-05-01 00:44:23,PER_000099,,,DEV_000022,,,LOC_000044,,,,completed,pos,
EVT_000198,location_ping,2025-05-01 00:46:56,PER_000099,,,DEV_000032,,,LOC_000044,,,,completed,pos,
EVT_001082,login,2025-05-01 00:49:39,PER_000099,,PH_000099,DEV_000037,IP_000042,,LOC_000044,,,,completed,mobile_app,
EVT_006270,sms,2025-05-01 00:50:33,PER_000099,PER_000018,PH_000194,,,,LOC_000044,,,internal,completed,pos,
EVT_004900,location_ping,2025-05-01 00:52:08,PER_000099,,,DEV_000096,,,LOC_000044,,,,completed,api,
EVT_005446,sms,2025-05-01 00:52:12,PER_000099,PER_000067,PH_000254,,,,LOC_000044,,,internal,completed,ussd,
EVT_003434,call,2025-05-01 00:52:58,PER_000099,PER_000040,PH_000194,,,,LOC_000055,,17.0,inbound,completed,ussd,
EVT_006468,location_ping,2025-05-01 00:53:10,PER_000038,,,DEV_000059,,,LOC_000085,,,,completed,api,
EVT_001830,transaction,2025-05-01 00:56:25,PER_000099,PER_000095,,DEV_000076,IP_000104,ACC_000099,LOC_000044,4370.35,,internal,completed,atm,withdrawal
EVT_004710,login,2025-05-01 00:58:02,PER_000099,,PH_000254,DEV_000025,IP_000090,,LOC_000118,,,,completed,api,
EVT_006103,transaction,2025-05-01 01:01:02,PER_000099,PER_000060,,DEV_000016,IP_000033,ACC_000099,LOC_000044,2111.83,,inbound,completed,ussd,p2p
EVT_006259,transaction,2025-05-01 01:05:48,PER_000099,PER_000007,,DEV_000009,IP_000001,ACC_000099,LOC_000044,2693.36,,inbound,completed,ussd,payment
EVT_001887,call,2025-05-01 01:06:54,PER_000038,PER_000049,PH_000038,,,,LOC_000085,,15.0,internal,completed,atm,
EVT_001672,login,2025-05-01 01:09:07,PER_000099,,PH_000288,DEV_000110,IP_000089,,LOC_000044,,,,completed,ussd,
EVT_000663,sms,2025-05-01 01:10:12,PER_000038,PER_000062,PH_000038,,,,LOC_000085,,,inbound,completed,web,
EVT_006665,login,2025-05-01 01:10:51,PER_000099,,PH_000254,DEV_000054,IP_000074,,LOC_000044,,,,completed,mobile_app,
EVT_006109,login,2025-05-01 01:21:07,PER_000038,,PH_000038,DEV_000079,IP_000017,,LOC_000085,,,,completed,web,
EVT_005765,sms,2025-05-01 01:21:22,PER_000038,PER_000002,PH_000038,,,,LOC_000067,,,outbound,completed,ussd,
EVT_001511,login,2025-05-01 01:21:46,PER_000038,,PH_000038,DEV_000065,IP_000069,,LOC_000085,,,,completed,ussd,
EVT_004398,call,2025-05-01 01:22:16,PER_000038,PER_000032,PH_000038,,,,LOC_000085,,11.0,inbound,completed,api,
EVT_006424,location_ping,2025-05-01 01:27:40,PER_000038,,,DEV_000103,,,LOC_000085,,,,completed,pos,
EVT_003069,login,2025-05-01 01:31:29,PER_000038,,PH_000038,DEV_000061,IP_000021,,LOC_000020,,,,completed,ussd,
EVT_002848,login,2025-05-01 01:36:04,PER_000038,,PH_000038,DEV_000064,IP_000035,,LOC_000085,,,,completed,atm,
EVT_002593,location_ping,2025-05-01 01:38:22,PER_000099,,,DEV_000028,,,LOC_000044,,,,completed,mobile_app,
EVT_005022,sms,2025-05-01 01:40:49,PER_000038,PER_000006,PH_000038,,,,LOC_000085,,,outbound,completed,pos,
EVT_007327,login,2025-05-01 01:41:47,PER_000099,,PH_000288,DEV_000041,IP_000113,,LOC_000044,,,,completed,api,
EVT_005079,login,2025-05-01 01:44:08,PER_000038,,PH_000038,DEV_000070,IP_000106,,LOC_000085,,,,completed,web,
EVT_005996,location_ping,2025-05-01 01:44:18,PER_000038,,,DEV_000054,,,LOC_000085,,,,completed,atm,
EVT_004405,login,2025-05-01 01:47:11,PER_000099,,PH_000194,DEV_000058,IP_000013,,LOC_000044,,,,completed,mobile_app,
EVT_002194,location_ping,2025-05-01 01:47:45,PER_000099,,,DEV_000014,,,LOC_000044,,,,completed,mobile_app,
EVT_001679,login,2025-05-01 01:49:01,PER_000099,,PH_000254,DEV_000063,IP_000109,,LOC_000044,,,,completed,atm,
EVT_007177,transaction,2025-05-01 02:06:46,PER_000099,PER_000047,,DEV_000116,IP_000089,ACC_000099,LOC_000044,2840.57,,outbound,completed,mobile_app,deposit
EVT_007016,sms,2025-05-01 02:09:07,PER_000099,PER_000044,PH_000254,,,,LOC_000044,,,outbound,completed,mobile_app,
EVT_001302,location_ping,2025-05-01 02:13:05,PER_000038,,,DEV_000041,,,LOC_000085,,,,completed,web,
EVT_000507,call,2025-05-01 02:13:22,PER_000038,PER_000035,PH_000038,,,,LOC_000085,,15.0,outbound,completed,ussd,
EVT_001353,location_ping,2025-05-01 02:13:34,PER_000038,,,DEV_000085,,,LOC_000085,,,,completed,mobile_app,
EVT_004592,transaction,2025-05-01 02:22:07,PER_000099,PER_000058,,DEV_000045,IP_000037,ACC_000099,LOC_000044,1224.69,,outbound,completed,ussd,withdrawal
EVT_003040,login,2025-05-01 02:27:51,PER_000099,,PH_000194,DEV_000019,IP_000014,,LOC_000045,,,,completed,atm,
EVT_003104,login,2025-05-01 02:29:19,PER_000099,,PH_000288,DEV_000119,IP_000074,,LOC_000044,,,,completed,ussd,
EVT_003263,sms,2025-05-01 02:37:12,PER_000099,PER_000015,PH_000254,,,,LOC_000044,,,outbound,completed,ussd,
EVT_000625,login,2025-05-01 02:40:43,PER_000038,,PH_000038,DEV_000081,IP_000010,,LOC_000085,,,,completed,pos,
EVT_000374,login,2025-05-01 02:47:50,PER_000038,,PH_000038,DEV_000099,IP_000064,,LOC_000004,,,,completed,atm,
EVT_000253,location_ping,2025-05-01 02:47:54,PER_000038,,,DEV_000033,,,LOC_000085,,,,completed,atm,
EVT_003982,call,2025-05-01 02:48:04,PER_000038,PER_000064,PH_000038,,,,LOC_000085,,17.0,internal,completed,mobile_app,
EVT_005828,login,2025-05-01 02:49:56,PER_000099,,PH_000194,DEV_000107,IP_000072,,LOC_000044,,,,completed,mobile_app,
EVT_003970,sms,2025-05-01 02:56:06,PER_000099,PER_000035,PH_000194,,,,LOC_000044,,,outbound,completed,pos,
EVT_000433,location_ping,2025-05-01 02:57:16,PER_000099,,,DEV_000069,,,LOC_000044,,,,completed,atm,
EVT_004093,call,2025-05-01 02:58:28,PER_000038,PER_000082,PH_000038,,,,LOC_000085,,12.0,inbound,completed,ussd,
EVT_004146,call,2025-05-01 03:04:14,PER_000099,PER_000006,PH_000099,,,,LOC_000044,,17.0,outbound,completed,web,
EVT_002091,call,2025-05-01 03:04:46,PER_000038,PER_000003,PH_000038,,,,LOC_000085,,13.0,inbound,completed,ussd,
EVT_005100,transaction,2025-05-01 03:04:52,PER_000038,PER_000088,,DEV_000060,IP_000059,ACC_000138,LOC_000085,4321.54,,internal,completed,web,withdrawal
EVT_006574,call,2025-05-01 03:10:58,PER_000038,PER_000039,PH_000038,,,,LOC_000085,,11.0,inbound,completed,ussd,
EVT_006907,transaction,2025-05-01 03:18:02,PER_000038,PER_000008,,DEV_000110,IP_000017,ACC_000038,LOC_000085,408.73,,internal,completed,web,transfer
EVT_002262,location_ping,2025-05-01 03:19:04,PER_000038,,,DEV_000106,,,LOC_000045,,,,completed,api,
EVT_005094,location_ping,2025-05-01 03:19:17,PER_000038,,,DEV_000049,,,LOC_000085,,,,completed,web,
EVT_004211,call,2025-05-01 03:22:47,PER_000099,PER_000067,PH_000194,,,,LOC_000044,,15.0,outbound,completed,atm,
EVT_006716,sms,2025-05-01 03:24:01,PER_000099,PER_000017,PH_000194,,,,LOC_000044,,,outbound,completed,atm,
EVT_005998,sms,2025-05-01 03:30:42,PER_000099,PER_000058,PH_000288,,,,LOC_000044,,,internal,completed,mobile_app,
EVT_000620,sms,2025-05-01 03:37:31,PER_000099,PER_000091,PH_000194,,,,LOC_000044,,,inbound,completed,api,
EVT_002417,location_ping,2025-05-01 03:42:46,PER_000099,,,DEV_000009,,,LOC_000044,,,,completed,api,
EVT_007497,location_ping,2025-05-01 03:43:03,PER_000099,,,DEV_000108,,,LOC_000044,,,,completed,pos,
EVT_007193,sms,2025-05-01 03:43:39,PER_000099,PER_000064,PH_000194,,,,LOC_000101,,,inbound,completed,web,
EVT_001861,transaction,2025-05-01 03:45:34,PER_000038,PER_000045,,DEV_000011,IP_000021,ACC_000138,LOC_000090,4191.52,,outbound,completed,pos,p2p
EVT_006811,location_ping,2025-05-01 03:48:35,PER_000099,,,DEV_000059,,,LOC_000044,,,,completed,mobile_app,
EVT_006989,call,2025-05-01 03:50:22,PER_000099,PER_000067,PH_000254,,,,LOC_000044,,15.0,outbound,completed,mobile_app,
EVT_003544,login,2025-05-01 03:51:08,PER_000099,,PH_000099,DEV_000032,IP_000054,,LOC_000044,,,,completed,atm,
EVT_001210,location_ping,2025-05-01 03:51:15,PER_000038,,,DEV_000025,,,LOC_000085,,,,completed,ussd,
EVT_005352,call,2025-05-01 03:51:47,PER_000038,PER_000078,PH_000038,,,,LOC_000085,,6.0,internal,completed,mobile_app,
EVT_001132,sms,2025-05-01 03:58:02,PER_000038,PER_000049,PH_000038,,,,LOC_000085,,,inbound,completed,atm,
EVT_005247,login,2025-05-01 03:58:24,PER_000038,,PH_000038,DEV_000116,IP_000086,,LOC_000085,,,,completed,atm,
EVT_004541,login,2025-05-01 04:02:55,PER_000038,,PH_000038,DEV_000035,IP_000101,,LOC_000085,,,,completed,ussd,
EVT_005796,sms,2025-05-01 04:04:11,PER_000099,PER_000094,PH_000254,,,,LOC_000044,,,inbound,completed,pos,
EVT_001260,sms,2025-05-01 04:04:34,PER_000099,PER_000011,PH_000288,,,,LOC_000066,,,outbound,completed,web,
EVT_001524,location_ping,2025-05-01 04:09:12,PER_000099,,,DEV_000074,,,LOC_000044,,,,completed,web,
EVT_005198,login,2025-05-01 04:12:19,PER_000038,,PH_000038,DEV_000064,IP_000031,,LOC_000085,,,,completed,web,
EVT_000369,transaction,2025-05-01 04:15:14,PER_000038,PER_000042,,DEV_000017,IP_000064,ACC_000138,LOC_000085,2764.0,,inbound,completed,pos,deposit
EVT_004063,transaction,2025-05-01 04:16:55,PER_000038,PER_000073,,DEV_000111,IP_000047,ACC_000038,LOC_000085,1869.81,,internal,completed,ussd,p2p
EVT_006756,login,2025-05-01 04:20:37,PER_000038,,PH_000038,DEV_000048,IP_000073,,LOC_000085,,,,completed,ussd,
EVT_000725,call,2025-05-01 04:22:00,PER_000038,PER_000058,PH_000038,,,,LOC_000036,,6.0,internal,completed,api,
EVT_002738,transaction,2025-05-01 04:26:10,PER_000099,PER_000025,,DEV_000087,IP_000026,ACC_000099,LOC_000044,2337.73,,outbound,completed,api,withdrawal
EVT_003047,login,2025-05-01 04:27:24,PER_000038,,PH_000038,DEV_000120,IP_000040,,LOC_000085,,,,completed,web,
EVT_001293,sms,2025-05-01 04:29:35,PER_000099,PER_000086,PH_000194,,,,LOC_000044,,,outbound,completed,atm,
EVT_002239,transaction,2025-05-01 04:32:49,PER_000099,PER_000010,,DEV_000108,IP_000028,ACC_000099,LOC_000044,4069.61,,outbound,completed,ussd,transfer
EVT_006974,location_ping,2025-05-01 04:38:02,PER_000001,,,DEV_000007,,,LOC_000029,,,,completed,atm,
EVT_006554,login,2025-05-01 04:38:20,PER_000038,,PH_000038,DEV_000050,IP_000015,,LOC_000019,,,,completed,atm,
EVT_002246,login,2025-05-01 04:38:24,PER_000099,,PH_000254,DEV_000113,IP_000022,,LOC_000044,,,,completed,api,
EVT_001290,location_ping,2025-05-01 04:39:17,PER_000099,,,DEV_000112,,,LOC_000044,,,,completed,atm,
EVT_006474,login,2025-05-01 04:40:20,PER_000038,,PH_000038,DEV_000090,IP_000036,,LOC_000085,,,,completed,web,
EVT_002829,call,2025-05-01 04:47:03,PER_000099,PER_000031,PH_000194,,,,LOC_000044,,17.0,internal,completed,ussd,
EVT_002524,transaction,2025-05-01 04:50:04,PER_000038,PER_000069,,DEV_000082,IP_000103,ACC_000038,LOC_000085,2117.34,,internal,completed,pos,p2p
EVT_005885,sms,2025-05-01 04:52:13,PER_000099,PER_000033,PH_000194,,,,LOC_000044,,,inbound,completed,mobile_app,
EVT_002560,location_ping,2025-05-01 04:56:20,PER_000099,,,DEV_000055,,,LOC_000044,,,,completed,atm,
EVT_001979,sms,2025-05-01 04:59:30,PER_000038,PER_000088,PH_000038,,,,LOC_000111,,,inbound,completed,ussd,
EVT_001744,location_ping,2025-05-01 05:00:33,PER_000038,,,DEV_000011,,,LOC_000085,,,,completed,api,
EVT_006304,call,2025-05-01 05:03:16,PER_000099,PER_000079,PH_000288,,,,LOC_000067,,13.0,outbound,completed,api,
EVT_007488,login,2025-05-01 05:03:17,PER_000099,,PH_000288,DEV_000058,IP_000075,,LOC_000028,,,,completed,atm,
EVT_000835,call,2025-05-01 05:06:51,PER_000038,PER_000100,PH_000038,,,,LOC_000047,,9.0,internal,completed,pos,
EVT_006377,sms,2025-05-01 05:07:15,PER_000038,PER_000091,PH_000038,,,,LOC_000085,,,outbound,completed,mobile_app,
EVT_004982,sms,2025-05-01 05:08:48,PER_000038,PER_000034,PH_000038,,,,LOC_000093,,,internal,completed,atm,
EVT_004466,login,2025-05-01 05:09:29,PER_000099,,PH_000288,DEV_000014,IP_000116,,LOC_000044,,,,completed,api,
EVT_001454,sms,2025-05-01 05:10:25,PER_000038,PER_000065,PH_000038,,,,LOC_000085,,,outbound,completed,pos,
EVT_005855,transaction,2025-05-01 05:16:22,PER_000099,PER_000009,,DEV_000021,IP_000050,ACC_000099,LOC_000044,459.1,,inbound,completed,pos,withdrawal
EVT_000093,login,2025-05-01 05:17:28,PER_000038,,PH_000038,DEV_000086,IP_000008,,LOC_000085,,,,completed,mobile_app,
EVT_001160,call,2025-05-01 05:18:19,PER_000099,PER_000100,PH_000194,,,,LOC_000044,,9.0,inbound,completed,web,
EVT_005790,transaction,2025-05-01 05:22:21,PER_000099,PER_000094,,DEV_000100,IP_000094,ACC_000099,LOC_000044,2750.79,,inbound,completed,api,payment
EVT_000301,call,2025-05-01 05:24:03,PER_000099,PER_000046,PH_000254,,,,LOC_000044,,8.0,outbound,completed,atm,
EVT_001579,call,2025-05-01 05:26:07,PER_000099,PER_000051,PH_000194,,,,LOC_000044,,11.0,inbound,completed,web,
EVT_003096,transaction,2025-05-01 05:26:31,PER_000099,PER_000034,,DEV_000032,IP_000044,ACC_000099,LOC_000044,3737.39,,outbound,completed,atm,p2p
EVT_004056,call,2025-05-01 05:28:04,PER_000038,PER_000098,PH_000038,,,,LOC_000085,,14.0,inbound,completed,pos,
EVT_000786,call,2025-05-01 05:28:31,PER_000099,PER_000001,PH_000254,,,,LOC_000044,,17.0,internal,completed,ussd,
EVT_002162,call,2025-05-01 05:34:37,PER_000099,PER_000074,PH_000254,,,,LOC_000044,,9.0,inbound,completed,mobile_app,
EVT_003961,transaction,2025-05-01 05:40:48,PER_000099,PER_000084,,DEV_000040,IP_000117,ACC_000099,LOC_000044,1978.38,,inbound,completed,api,withdrawal
EVT_006252,sms,2025-05-01 05:43:03,PER_000099,PER_000074,PH_000099,,,,LOC_000044,,,inbound,completed,atm,
EVT_000006,transaction,2025-05-01 05:43:38,PER_000038,PER_000033,,DEV_000115,IP_000074,ACC_000038,LOC_000085,3866.22,,outbound,completed,ussd,transfer
EVT_003405,location_ping,2025-05-01 05:48:02,PER_000038,,,DEV_000071,,,LOC_000085,,,,completed,web,
EVT_003611,login,2025-05-01 05:49:13,PER_000038,,PH_000038,DEV_000117,IP_000089,,LOC_000085,,,,completed,web,
EVT_005953,sms,2025-05-01 05:49:58,PER_000099,PER_000031,PH_000194,,,,LOC_000044,,,inbound,completed,atm,
EVT_004117,login,2025-05-01 05:55:43,PER_000038,,PH_000038,DEV_000038,IP_000084,,LOC_000085,,,,completed,web,
EVT_000315,transaction,2025-05-01 05:55:44,PER_000038,PER_000076,,DEV_000019,IP_000041,ACC_000138,LOC_000018,1237.93,,outbound,completed,atm,transfer
EVT_007242,login,2025-05-01 06:04:51,PER_000099,,PH_000288,DEV_000084,IP_000034,,LOC_000044,,,,completed,api,
EVT_006790,call,2025-05-01 06:08:18,PER_000099,PER_000052,PH_000099,,,,LOC_000078,,12.0,internal,completed,mobile_app,
EVT_005270,transaction,2025-05-01 06:11:39,PER_000038,PER_000052,,DEV_000095,IP_000088,ACC_000138,LOC_000085,4488.17,,internal,completed,web,payment
EVT_001659,location_ping,2025-05-01 06:15:17,PER_000038,,,DEV_000090,,,LOC_000085,,,,completed,mobile_app,
EVT_005596,transaction,2025-05-01 06:16:46,PER_000038,PER_000016,,DEV_000070,IP_000040,ACC_000038,LOC_000069,3145.88,,internal,completed,ussd,withdrawal
EVT_003817,location_ping,2025-05-01 06:17:53,PER_000038,,,DEV_000037,,,LOC_000085,,,,completed,pos,
EVT_001701,location_ping,2025-05-01 06:19:47,PER_000099,,,DEV_000107,,,LOC_000044,,,,completed,web,
EVT_001247,login,2025-05-01 06:22:15,PER_000038,,PH_000038,DEV_000091,IP_000026,,LOC_000085,,,,completed,pos,
EVT_000980,login,2025-05-01 06:22:20,PER_000099,,PH_000099,DEV_000074,IP_000115,,LOC_000044,,,,completed,atm,
EVT_004330,transaction,2025-05-01 06:24:20,PER_000099,PER_000077,,DEV_000080,IP_000057,ACC_000099,LOC_000044,743.33,,inbound,completed,atm,transfer
EVT_003771,login,2025-05-01 06:31:20,PER_000038,,PH_000038,DEV_000035,IP_000099,,LOC_000085,,,,completed,atm,
EVT_006694,sms,2025-05-01 06:32:30,PER_000038,PER_000070,PH_000038,,,,LOC_000085,,,inbound,completed,mobile_app,
EVT_002037,call,2025-05-01 06:33:52,PER_000099,PER_000028,PH_000288,,,,LOC_000044,,5.0,internal,completed,web,
EVT_004496,sms,2025-05-01 06:34:11,PER_000038,PER_000019,PH_000038,,,,LOC_000085,,,outbound,completed,pos,
EVT_000156,sms,2025-05-01 06:42:16,PER_000001,PER_000097,PH_000001,,,,LOC_000029,,,inbound,completed,web,
EVT_002822,location_ping,2025-05-01 06:48:44,PER_000099,,,DEV_000106,,,LOC_000044,,,,completed,mobile_app,
EVT_005791,sms,2025-05-01 06:52:28,PER_000038,PER_000025,PH_000038,,,,LOC_000085,,,internal,completed,web,
EVT_005980,transaction,2025-05-01 06:53:34,PER_000099,PER_000062,,DEV_000021,IP_000035,ACC_000099,LOC_000044,127.19,,outbound,completed,ussd,deposit
EVT_000464,transaction,2025-05-01 06:56:27,PER_000099,PER_000091,,DEV_000110,IP_000097,ACC_000099,LOC_000044,3527.33,,inbound,completed,atm,deposit
EVT_000512,location_ping,2025-05-01 07:06:09,PER_000038,,,DEV_000112,,,LOC_000085,,,,completed,web,
EVT_000523,transaction,2025-05-01 07:06:11,PER_000099,PER_000090,,DEV_000013,IP_000017,ACC_000099,LOC_000044,2067.03,,outbound,completed,ussd,deposit
EVT_001510,sms,2025-05-01 07:06:29,PER_000038,PER_000016,PH_000038,,,,LOC_000085,,,internal,completed,mobile_app,
EVT_006630,sms,2025-05-01 07:10:02,PER_000099,PER_000044,PH_000288,,,,LOC_000044,,,outbound,completed,pos,
EVT_003759,call,2025-05-01 07:12:09,PER_000099,PER_000069,PH_000288,,,,LOC_000044,,11.0,inbound,completed,atm,
EVT_003846,call,2025-05-01 07:12:10,PER_000099,PER_000075,PH_000099,,,,LOC_000044,,14.0,inbound,completed,pos,
EVT_001169,sms,2025-05-01 07:13:29,PER_000038,PER_000026,PH_000038,,,,LOC_000041,,,internal,completed,atm,
EVT_000879,login,2025-05-01 07:21:36,PER_000038,,PH_000038,DEV_000110,IP_000091,,LOC_000085,,,,completed,pos,
EVT_005054,location_ping,2025-05-01 07:31:06,PER_000038,,,DEV_000003,,,LOC_000085,,,,completed,mobile_app,
EVT_004182,transaction,2025-05-01 07:36:00,PER_000099,PER_000073,,DEV_000093,IP_000045,ACC_000099,LOC_000044,4201.8,,inbound,completed,ussd,payment
EVT_006223,transaction,2025-05-01 07:36:10,PER_000038,PER_000023,,DEV_000056,IP_000082,ACC_000038,LOC_000085,498.4,,internal,completed,mobile_app,p2p
EVT_006102,transaction,2025-05-01 07:36:14,PER_000038,PER_000070,,DEV_000117,IP_000007,ACC_000038,LOC_000085,4245.15,,outbound,completed,web,deposit
EVT_006295,call,2025-05-01 07:36:17,PER_000038,PER_000041,PH_000038,,,,LOC_000085,,18.0,internal,completed,api,
EVT_003769,login,2025-05-01 07:38:06,PER_000038,,PH_000038,DEV_000101,IP_000067,,LOC_000085,,,,completed,atm,
EVT_007312,location_ping,2025-05-01 07:39:39,PER_000046,,,DEV_000018,,,LOC_000028,,,,completed,ussd,
EVT_004321,sms,2025-05-01 07:40:56,PER_000099,PER_000007,PH_000099,,,,LOC_000044,,,inbound,completed,mobile_app,
EVT_003201,location_ping,2025-05-01 07:43:26,PER_000038,,,DEV_000069,,,LOC_000085,,,,completed,pos,
EVT_000970,login,2025-05-01 07:44:49,PER_000038,,PH_000038,DEV_000069,IP_000001,,LOC_000085,,,,completed,atm,
EVT_002112,sms,2025-05-01 07:45:46,PER_000099,PER_000071,PH_000099,,,,LOC_000044,,,inbound,completed,pos,
EVT_006785,sms,2025-05-01 07:50:31,PER_000038,PER_000077,PH_000038,,,,LOC_000085,,,internal,completed,atm,
EVT_006828,location_ping,2025-05-01 07:51:48,PER_000038,,,DEV_000077,,,LOC_000085,,,,completed,atm,
EVT_003509,transaction,2025-05-01 07:53:35,PER_000038,PER_000060,,DEV_000080,IP_000052,ACC_000138,LOC_000085,4439.51,,outbound,completed,pos,payment
EVT_002896,sms,2025-05-01 07:58:15,PER_000099,PER_000058,PH_000254,,,,LOC_000044,,,inbound,completed,ussd,
EVT_005560,sms,2025-05-01 07:59:02,PER_000038,PER_000041,PH_000038,,,,LOC_000085,,,internal,completed,api,
EVT_003146,transaction,2025-05-01 07:59:32,PER_000008,PER_000074,,DEV_000038,IP_000084,ACC_000008,LOC_000077,1744.5,,outbound,completed,atm,p2p
EVT_005972,transaction,2025-05-01 08:03:12,PER_000099,PER_000017,,DEV_000012,IP_000106,ACC_000099,LOC_000044,2548.54,,inbound,completed,pos,p2p
EVT_006789,call,2025-05-01 08:03:23,PER_000038,PER_000017,PH_000038,,,,LOC_000085,,10.0,outbound,completed,web,
EVT_002095,sms,2025-05-01 08:05:43,PER_000038,PER_000049,PH_000038,,,,LOC_000085,,,outbound,completed,api,
EVT_004901,login,2025-05-01 08:12:27,PER_000038,,PH_000038,DEV_000082,IP_000100,,LOC_000006,,,,completed,ussd,
EVT_000468,transaction,2025-05-01 08:12:35,PER_000099,PER_000054,,DEV_000088,IP_000097,ACC_000099,LOC_000044,1477.47,,internal,completed,api,deposit
EVT_004896,login,2025-05-01 08:13:07,PER_000038,,PH_000038,DEV_000117,IP_000063,,LOC_000085,,,,completed,mobile_app,
EVT_001727,call,2025-05-01 08:13:10,PER_000099,PER_000054,PH_000099,,,,LOC_000019,,5.0,inbound,completed,api,
EVT_000463,transaction,2025-05-01 08:17:30,PER_000038,PER_000013,,DEV_000010,IP_000047,ACC_000038,LOC_000085,1136.36,,outbound,completed,atm,deposit
EVT_006067,sms,2025-05-01 08:20:16,PER_000099,PER_000044,PH_000254,,,,LOC_000044,,,internal,completed,atm,
EVT_006206,login,2025-05-01 08:35:25,PER_000038,,PH_000038,DEV_000015,IP_000066,,LOC_000085,,,,completed,atm,
EVT_001984,login,2025-05-01 08:35:57,PER_000038,,PH_000038,DEV_000070,IP_000068,,LOC_000085,,,,completed,api,
EVT_004107,sms,2025-05-01 08:38:58,PER_000031,PER_000079,PH_000279,,,,LOC_000027,,,inbound,completed,mobile_app,
EVT_002234,sms,2025-05-01 08:39:43,PER_000099,PER_000089,PH_000194,,,,LOC_000044,,,inbound,completed,web,
EVT_001736,call,2025-05-01 08:41:06,PER_000099,PER_000066,PH_000254,,,,LOC_000044,,3.0,internal,completed,atm,
EVT_005556,location_ping,2025-05-01 08:41:29,PER_000038,,,DEV_000077,,,LOC_000085,,,,completed,ussd,
EVT_007295,transaction,2025-05-01 08:43:06,PER_000099,PER_000042,,DEV_000114,IP_000080,ACC_000099,LOC_000044,2637.71,,internal,completed,pos,p2p
EVT_002040,login,2025-05-01 08:45:25,PER_000038,,PH_000038,DEV_000052,IP_000014,,LOC_000085,,,,completed,pos,
EVT_005591,location_ping,2025-05-01 08:46:27,PER_000099,,,DEV_000027,,,LOC_000044,,,,completed,web,
EVT_003526,call,2025-05-01 08:46:33,PER_000038,PER_000068,PH_000038,,,,LOC_000085,,15.0,inbound,completed,atm,
EVT_007487,transaction,2025-05-01 08:47:20,PER_000099,PER_000045,,DEV_000067,IP_000093,ACC_000099,LOC_000044,1533.49,,outbound,completed,pos,p2p
EVT_005647,location_ping,2025-05-01 08:47:28,PER_000038,,,DEV_000120,,,LOC_000085,,,,completed,atm,
EVT_000777,sms,2025-05-01 08:54:13,PER_000016,PER_000050,PH_000016,,,,LOC_000054,,,inbound,completed,mobile_app,
EVT_006452,location_ping,2025-05-01 08:55:55,PER_000038,,,DEV_000001,,,LOC_000085,,,,completed,ussd,
EVT_004179,transaction,2025-05-01 08:57:40,PER_000099,PER_000072,,DEV_000063,IP_000113,ACC_000099,LOC_000044,3608.06,,internal,completed,ussd,payment
EVT_005214,location_ping,2025-05-01 09:01:17,PER_000038,,,DEV_000086,,,LOC_000085,,,,completed,api,
EVT_006816,sms,2025-05-01 09:03:23,PER_000038,PER_000088,PH_000038,,,,LOC_000085,,,outbound,completed,mobile_app,
EVT_004946,sms,2025-05-01 09:09:51,PER_000099,PER_000024,PH_000288,,,,LOC_000044,,,internal,completed,pos,
EVT_001629,transaction,2025-05-01 09:16:22,PER_000099,PER_000021,,DEV_000109,IP_000010,ACC_000099,LOC_000044,3805.18,,inbound,completed,ussd,withdrawal
EVT_005024,location_ping,2025-05-01 09:18:13,PER_000099,,,DEV_000038,,,LOC_000044,,,,completed,web,
EVT_002516,sms,2025-05-01 09:23:19,PER_000038,PER_000017,PH_000038,,,,LOC_000085,,,outbound,completed,ussd,
EVT_006216,transaction,2025-05-01 09:24:12,PER_000099,PER_000097,,DEV_000041,IP_000102,ACC_000099,LOC_000030,4004.25,,inbound,completed,mobile_app,p2p
EVT_005354,login,2025-05-01 09:33:08,PER_000038,,PH_000038,DEV_000049,IP_000019,,LOC_000085,,,,completed,ussd,
EVT_003956,login,2025-05-01 09:44:15,PER_000018,,PH_000018,DEV_000082,IP_000067,,LOC_000001,,,,completed,pos,
EVT_007225,sms,2025-05-01 09:44:57,PER_000099,PER_000028,PH_000254,,,,LOC_000044,,,internal,completed,atm,
EVT_004404,call,2025-05-01 09:51:18,PER_000038,PER_000007,PH_000038,,,,LOC_000085,,15.0,outbound,completed,mobile_app,
EVT_005080,login,2025-05-01 09:51:21,PER_000099,,PH_000099,DEV_000089,IP_000053,,LOC_000005,,,,completed,atm,
EVT_001457,call,2025-05-01 09:51:55,PER_000099,PER_000060,PH_000099,,,,LOC_000079,,14.0,inbound,completed,api,
EVT_004098,transaction,2025-05-01 09:53:15,PER_000099,PER_000086,,DEV_000095,IP_000077,ACC_000099,LOC_000044,2969.33,,inbound,completed,atm,withdrawal
EVT_006224,transaction,2025-05-01 09:53:38,PER_000099,PER_000023,,DEV_000100,IP_000051,ACC_000099,LOC_000044,2751.89,,internal,completed,ussd,withdrawal
EVT_000231,call,2025-05-01 09:55:37,PER_000099,PER_000020,PH_000194,,,,LOC_000072,,9.0,outbound,completed,ussd,
EVT_005985,transaction,2025-05-01 09:58:21,PER_000099,PER_000075,,DEV_000087,IP_000070,ACC_000099,LOC_000044,2273.12,,outbound,completed,ussd,withdrawal
EVT_007079,sms,2025-05-01 09:59:29,PER_000099,PER_000026,PH_000288,,,,LOC_000044,,,inbound,completed,pos,
EVT_001658,login,2025-05-01 10:00:36,PER_000038,,PH_000038,DEV_000114,IP_000067,,LOC_000085,,,,completed,atm,
EVT_001800,location_ping,2025-05-01 10:03:55,PER_000099,,,DEV_000074,,,LOC_000044,,,,completed,mobile_app,
EVT_001075,location_ping,2025-05-01 10:07:57,PER_000099,,,DEV_000046,,,LOC_000044,,,,completed,pos,
EVT_005324,transaction,2025-05-01 10:11:50,PER_000038,PER_000062,,DEV_000108,IP_000060,ACC_000138,LOC_000085,844.96,,inbound,completed,web,payment
EVT_004579,location_ping,2025-05-01 10:13:06,PER_000038,,,DEV_000014,,,LOC_000085,,,,completed,ussd,
EVT_003603,sms,2025-05-01 10:14:30,PER_000038,PER_000037,PH_000038,,,,LOC_000085,,,inbound,completed,mobile_app,
EVT_007015,sms,2025-05-01 10:15:11,PER_000099,PER_000056,PH_000194,,,,LOC_000044,,,inbound,completed,ussd,
EVT_000540,location_ping,2025-05-01 10:16:01,PER_000099,,,DEV_000078,,,LOC_000044,,,,completed,pos,
EVT_005414,location_ping,2025-05-01 10:18:30,PER_000099,,,DEV_000030,,,LOC_000044,,,,completed,web,
EVT_000548,call,2025-05-01 10:33:39,PER_000099,PER_000039,PH_000288,,,,LOC_000044,,15.0,internal,completed,api,
EVT_004727,location_ping,2025-05-01 10:34:45,PER_000038,,,DEV_000009,,,LOC_000085,,,,completed,api,
EVT_006098,call,2025-05-01 10:35:40,PER_000099,PER_000002,PH_000288,,,,LOC_000044,,12.0,inbound,completed,web,
EVT_002929,location_ping,2025-05-01 10:36:09,PER_000038,,,DEV_000119,,,LOC_000085,,,,completed,pos,
EVT_002011,transaction,2025-05-01 10:39:05,PER_000099,PER_000044,,DEV_000034,IP_000081,ACC_000099,LOC_000103,2636.93,,internal,completed,ussd,transfer
EVT_007237,sms,2025-05-01 10:41:25,PER_000099,PER_000035,PH_000099,,,,LOC_000044,,,inbound,completed,web,
EVT_004649,transaction,2025-05-01 10:41:27,PER_000038,PER_000076,,DEV_000024,IP_000047,ACC_000138,LOC_000085,422.02,,outbound,completed,api,withdrawal
EVT_006880,call,2025-05-01 10:46:05,PER_000099,PER_000046,PH_000194,,,,LOC_000089,,12.0,outbound,completed,ussd,
EVT_001048,location_ping,2025-05-01 10:56:36,PER_000099,,,DEV_000093,,,LOC_000039,,,,completed,atm,
EVT_002724,login,2025-05-01 10:56:47,PER_000038,,PH_000038,DEV_000010,IP_000118,,LOC_000085,,,,completed,mobile_app,
EVT_004368,location_ping,2025-05-01 10:57:50,PER_000099,,,DEV_000019,,,LOC_000044,,,,completed,atm,
EVT_005939,sms,2025-05-01 10:58:27,PER_000099,PER_000018,PH_000099,,,,LOC_000044,,,outbound,completed,pos,
EVT_005385,login,2025-05-01 10:58:40,PER_000099,,PH_000288,DEV_000049,IP_000001,,LOC_000116,,,,completed,pos,
EVT_000300,login,2025-05-01 11:04:16,PER_000099,,PH_000194,DEV_000115,IP_000102,,LOC_000044,,,,completed,atm,
EVT_004115,sms,2025-05-01 11:07:59,PER_000099,PER_000033,PH_000288,,,,LOC_000016,,,outbound,completed,mobile_app,
EVT_002250,login,2025-05-01 11:08:50,PER_000099,,PH_000194,DEV_000021,IP_000074,,LOC_000044,,,,completed,api,
EVT_004591,transaction,2025-05-01 11:10:24,PER_000062,PER_000045,,DEV_000118,IP_000073,ACC_000062,LOC_000033,97409.35,,internal,completed,ussd,p2p
EVT_006634,call,2025-05-01 11:10:26,PER_000099,PER_000016,PH_000288,,,,LOC_000044,,9.0,internal,completed,api,
EVT_006158,call,2025-05-01 11:11:33,PER_000099,PER_000018,PH_000254,,,,LOC_000044,,8.0,outbound,completed,atm,
EVT_006059,location_ping,2025-05-01 11:14:22,PER_000099,,,DEV_000079,,,LOC_000044,,,,completed,mobile_app,
EVT_002028,sms,2025-05-01 11:16:30,PER_000038,PER_000083,PH_000038,,,,LOC_000085,,,inbound,completed,ussd,
EVT_002283,sms,2025-05-01 11:23:28,PER_000038,PER_000021,PH_000038,,,,LOC_000063,,,internal,completed,api,
EVT_007061,login,2025-05-01 11:24:37,PER_000023,,PH_000023,DEV_000014,IP_000078,,LOC_000117,,,,completed,api,
EVT_000099,call,2025-05-01 11:34:22,PER_000099,PER_000068,PH_000194,,,,LOC_000044,,15.0,inbound,completed,mobile_app,
EVT_001337,sms,2025-05-01 11:34:30,PER_000099,PER_000030,PH_000288,,,,LOC_000044,,,internal,completed,mobile_app,
EVT_004529,login,2025-05-01 11:34:54,PER_000038,,PH_000038,DEV_000094,IP_000105,,LOC_000085,,,,completed,mobile_app,
EVT_001188,location_ping,2025-05-01 11:35:14,PER_000038,,,DEV_000052,,,LOC_000085,,,,completed,mobile_app,
EVT_003627,transaction,2025-05-01 11:36:54,PER_000099,PER_000016,,DEV_000068,IP_000053,ACC_000099,LOC_000044,3901.82,,inbound,completed,ussd,transfer
EVT_005455,sms,2025-05-01 11:38:13,PER_000055,PER_000061,PH_000191,,,,LOC_000016,,,inbound,completed,atm,
EVT_005069,sms,2025-05-01 11:39:15,PER_000099,PER_000021,PH_000254,,,,LOC_000044,,,outbound,completed,mobile_app,
EVT_000103,sms,2025-05-01 11:39:44,PER_000099,PER_000066,PH_000099,,,,LOC_000044,,,internal,completed,mobile_app,
EVT_002487,location_ping,2025-05-01 11:49:37,PER_000038,,,DEV_000003,,,LOC_000085,,,,completed,api,
EVT_003991,location_ping,2025-05-01 11:55:56,PER_000099,,,DEV_000021,,,LOC_000044,,,,completed,mobile_app,
EVT_000807,location_ping,2025-05-01 12:03:38,PER_000038,,,DEV_000032,,,LOC_000085,,,,completed,web,
EVT_005326,call,2025-05-01 12:04:17,PER_000038,PER_000047,PH_000038,,,,LOC_000085,,17.0,outbound,completed,pos,
EVT_005742,sms,2025-05-01 12:07:15,PER_000099,PER_000077,PH_000254,,,,LOC_000044,,,inbound,completed,pos,
EVT_007284,location_ping,2025-05-01 12:09:49,PER_000038,,,DEV_000010,,,LOC_000006,,,,completed,web,
EVT_005833,location_ping,2025-05-01 12:10:15,PER_000099,,,DEV_000045,,,LOC_000044,,,,completed,pos,
EVT_005808,transaction,2025-05-01 12:10:25,PER_000038,PER_000054,,DEV_000067,IP_000074,ACC_000138,LOC_000085,3509.96,,outbound,completed,mobile_app,deposit
EVT_002720,sms,2025-05-01 12:21:53,PER_000048,PER_000043,PH_000048,,,,LOC_000025,,,internal,completed,ussd,
EVT_007096,login,2025-05-01 12:23:57,PER_000038,,PH_000038,DEV_000048,IP_000081,,LOC_000001,,,,completed,web,
EVT_007158,transaction,2025-05-01 12:24:25,PER_000099,PER_000006,,DEV_000064,IP_000108,ACC_000099,LOC_000044,4432.56,,inbound,completed,atm,transfer
EVT_006679,call,2025-05-01 12:32:14,PER_000038,PER_000096,PH_000038,,,,LOC_000085,,16.0,internal,completed,api,
EVT_004155,login,2025-05-01 12:34:17,PER_000099,,PH_000254,DEV_000001,IP_000113,,LOC_000044,,,,completed,atm,
EVT_003108,call,2025-05-01 12:39:30,PER_000038,PER_000088,PH_000038,,,,LOC_000085,,11.0,outbound,completed,mobile_app,
EVT_002056,login,2025-05-01 12:40:20,PER_000099,,PH_000194,DEV_000102,IP_000088,,LOC_000044,,,,completed,mobile_app,
EVT_000666,login,2025-05-01 12:53:44,PER_000099,,PH_000288,DEV_000060,IP_000054,,LOC_000044,,,,completed,ussd,
EVT_005216,transaction,2025-05-01 12:55:14,PER_000099,PER_000033,,DEV_000054,IP_000092,ACC_000099,LOC_000085,1860.08,,internal,completed,web,p2p
EVT_004690,location_ping,2025-05-01 12:57:06,PER_000099,,,DEV_000116,,,LOC_000044,,,,completed,api,
EVT_004786,login,2025-05-01 12:58:06,PER_000099,,PH_000254,DEV_000119,IP_000104,,LOC_000117,,,,completed,ussd,
EVT_002332,sms,2025-05-01 12:58:24,PER_000038,PER_000075,PH_000038,,,,LOC_000085,,,inbound,completed,atm,
EVT_000181,location_ping,2025-05-01 13:01:58,PER_000099,,,DEV_000090,,,LOC_000022,,,,completed,mobile_app,
EVT_003002,transaction,2025-05-01 13:03:18,PER_000038,PER_000097,,DEV_000015,IP_000089,ACC_000138,LOC_000085,378.06,,internal,completed,pos,payment
EVT_003866,call,2025-05-01 13:04:03,PER_000038,PER_000008,PH_000038,,,,LOC_000085,,7.0,outbound,completed,web,
EVT_002658,login,2025-05-01 13:07:24,PER_000099,,PH_000194,DEV_000104,IP_000009,,LOC_000044,,,,completed,web,
EVT_002941,sms,2025-05-01 13:08:05,PER_000099,PER_000091,PH_000288,,,,LOC_000044,,,outbound,completed,mobile_app,
EVT_004765,transaction,2025-05-01 13:08:14,PER_000038,PER_000088,,DEV_000034,IP_000041,ACC_000038,LOC_000085,183.52,,outbound,completed,web,withdrawal
EVT_001617,transaction,2025-05-01 13:11:24,PER_000038,PER_000034,,DEV_000049,IP_000110,ACC_000038,LOC_000085,1033.47,,inbound,completed,ussd,withdrawal
EVT_002526,transaction,2025-05-01 13:12:33,PER_000099,PER_000011,,DEV_000017,IP_000043,ACC_000099,LOC_000044,1830.47,,internal,completed,pos,p2p
EVT_002744,login,2025-05-01 13:15:08,PER_000099,,PH_000254,DEV_000070,IP_000010,,LOC_000044,,,,completed,ussd,
EVT_002655,transaction,2025-05-01 13:15:34,PER_000099,PER_000077,,DEV_000071,IP_000107,ACC_000099,LOC_000044,4035.3,,inbound,completed,api,payment
EVT_006931,location_ping,2025-05-01 13:25:56,PER_000038,,,DEV_000029,,,LOC_000085,,,,completed,api,
EVT_007348,location_ping,2025-05-01 13:30:17,PER_000038,,,DEV_000031,,,LOC_000085,,,,completed,web,
EVT_006706,login,2025-05-01 13:32:45,PER_000038,,PH_000038,DEV_000090,IP_000102,,LOC_000085,,,,completed,web,
EVT_004016,location_ping,2025-05-01 13:38:54,PER_000099,,,DEV_000103,,,LOC_000044,,,,completed,ussd,
EVT_003773,call,2025-05-01 13:50:51,PER_000038,PER_000001,PH_000038,,,,LOC_000085,,16.0,inbound,completed,mobile_app,
EVT_002222,call,2025-05-01 13:55:40,PER_000038,PER_000034,PH_000038,,,,LOC_000085,,10.0,inbound,completed,pos,
EVT_003074,call,2025-05-01 13:55:54,PER_000038,PER_000095,PH_000038,,,,LOC_000085,,12.0,outbound,completed,pos,
EVT_000141,call,2025-05-01 13:55:57,PER_000099,PER_000082,PH_000194,,,,LOC_000044,,3.0,inbound,completed,pos,
EVT_003352,login,2025-05-01 13:56:50,PER_000033,,PH_000033,DEV_000083,IP_000096,,LOC_000022,,,,completed,ussd,
EVT_001912,location_ping,2025-05-01 14:05:08,PER_000038,,,DEV_000006,,,LOC_000018,,,,completed,ussd,
EVT_006640,sms,2025-05-01 14:05:30,PER_000099,PER_000015,PH_000194,,,,LOC_000044,,,internal,completed,ussd,
EVT_001783,call,2025-05-01 14:07:27,PER_000038,PER_000068,PH_000038,,,,LOC_000026,,11.0,internal,completed,api,
EVT_004447,login,2025-05-01 14:07:31,PER_000099,,PH_000254,DEV_000027,IP_000107,,LOC_000044,,,,completed,atm,
EVT_000473,call,2025-05-01 14:09:46,PER_000099,PER_000027,PH_000194,,,,LOC_000044,,18.0,internal,completed,api,
EVT_006117,login,2025-05-01 14:11:56,PER_000038,,PH_000038,DEV_000013,IP_000100,,LOC_000085,,,,completed,atm,
EVT_001523,location_ping,2025-05-01 14:14:37,PER_000038,,,DEV_000011,,,LOC_000085,,,,completed,mobile_app,
EVT_007185,transaction,2025-05-01 14:17:09,PER_000099,PER_000042,,DEV_000020,IP_000007,ACC_000099,LOC_000044,2210.9,,outbound,completed,mobile_app,deposit
EVT_000191,login,2025-05-01 14:23:35,PER_000038,,PH_000038,DEV_000072,IP_000079,,LOC_000085,,,,completed,atm,
EVT_001940,call,2025-05-01 14:23:49,PER_000099,PER_000026,PH_000288,,,,LOC_000044,,9.0,inbound,completed,ussd,
EVT_000737,location_ping,2025-05-01 14:24:02,PER_000038,,,DEV_000038,,,LOC_000043,,,,completed,pos,
EVT_001473,location_ping,2025-05-01 14:25:08,PER_000038,,,DEV_000112,,,LOC_000085,,,,completed,web,
EVT_005552,call,2025-05-01 14:25:46,PER_000038,PER_000032,PH_000038,,,,LOC_000085,,4.0,inbound,completed,ussd,
EVT_002225,location_ping,2025-05-01 14:27:00,PER_000099,,,DEV_000087,,,LOC_000044,,,,completed,ussd,
EVT_000308,transaction,2025-05-01 14:28:28,PER_000038,PER_000019,,DEV_000048,IP_000050,ACC_000138,LOC_000085,4399.19,,inbound,completed,atm,deposit
EVT_006477,location_ping,2025-05-01 14:30:03,PER_000099,,,DEV_000071,,,LOC_000044,,,,completed,atm,
EVT_001252,location_ping,2025-05-01 14:34:49,PER_000062,,,DEV_000009,,,LOC_000033,,,,completed,atm,
EVT_000601,transaction,2025-05-01 14:35:51,PER_000099,PER_000053,,DEV_000057,IP_000047,ACC_000099,LOC_000044,2033.66,,inbound,completed,api,p2p
EVT_007110,login,2025-05-01 14:43:56,PER_000038,,PH_000038,DEV_000088,IP_000017,,LOC_000001,,,,completed,pos,
EVT_001809,sms,2025-05-01 14:44:42,PER_000099,PER_000071,PH_000194,,,,LOC_000044,,,outbound,completed,ussd,
EVT_000610,call,2025-05-01 14:47:45,PER_000099,PER_000034,PH_000099,,,,LOC_000044,,6.0,internal,completed,api,
EVT_001892,login,2025-05-01 14:50:30,PER_000038,,PH_000038,DEV_000025,IP_000065,,LOC_000085,,,,completed,api,
EVT_004454,call,2025-05-01 14:55:14,PER_000099,PER_000086,PH_000288,,,,LOC_000044,,13.0,outbound,completed,mobile_app,
EVT_006747,login,2025-05-01 14:57:14,PER_000099,,PH_000099,DEV_000048,IP_000003,,LOC_000044,,,,completed,ussd,
EVT_000078,call,2025-05-01 14:58:27,PER_000099,PER_000057,PH_000099,,,,LOC_000044,,10.0,internal,completed,api,
EVT_004400,call,2025-05-01 14:58:38,PER_000038,PER_000037,PH_000038,,,,LOC_000085,,6.0,inbound,completed,atm,
EVT_006497,sms,2025-05-01 14:59:25,PER_000038,PER_000076,PH_000038,,,,LOC_000085,,,outbound,completed,ussd,
EVT_000045,call,2025-05-01 15:05:21,PER_000099,PER_000020,PH_000194,,,,LOC_000073,,14.0,inbound,completed,web,
EVT_003555,call,2025-05-01 15:05:30,PER_000038,PER_000028,PH_000038,,,,LOC_000085,,8.0,inbound,completed,mobile_app,
EVT_002391,transaction,2025-05-01 15:08:40,PER_000038,PER_000092,,DEV_000047,IP_000065,ACC_000138,LOC_000085,73.94,,inbound,completed,atm,payment
EVT_000966,location_ping,2025-05-01 15:09:32,PER_000038,,,DEV_000089,,,LOC_000085,,,,completed,pos,
EVT_002769,sms,2025-05-01 15:12:00,PER_000038,PER_000040,PH_000038,,,,LOC_000017,,,internal,completed,web,
EVT_005399,location_ping,2025-05-01 15:16:06,PER_000038,,,DEV_000081,,,LOC_000085,,,,completed,ussd,
EVT_004497,sms,2025-05-01 15:17:21,PER_000019,PER_000006,PH_000019,,,,LOC_000069,,,inbound,completed,pos,
EVT_004429,location_ping,2025-05-01 15:17:27,PER_000038,,,DEV_000068,,,LOC_000085,,,,completed,pos,
EVT_003401,sms,2025-05-01 15:30:28,PER_000099,PER_000047,PH_000288,,,,LOC_000044,,,inbound,completed,api,
EVT_003826,location_ping,2025-05-01 15:36:06,PER_000038,,,DEV_000041,,,LOC_000085,,,,completed,pos,
EVT_004050,transaction,2025-05-01 15:36:40,PER_000079,PER_000012,,DEV_000050,IP_000109,ACC_000079,LOC_000004,2009.23,,internal,completed,mobile_app,withdrawal
EVT_000402,sms,2025-05-01 15:36:46,PER_000038,PER_000054,PH_000038,,,,LOC_000057,,,outbound,completed,mobile_app,
EVT_001563,sms,2025-05-01 15:39:03,PER_000038,PER_000071,PH_000038,,,,LOC_000085,,,inbound,completed,ussd,
EVT_000657,location_ping,2025-05-01 15:40:55,PER_000038,,,DEV_000027,,,LOC_000085,,,,completed,pos,
EVT_006161,login,2025-05-01 15:41:37,PER_000099,,PH_000099,DEV_000078,IP_000004,,LOC_000044,,,,completed,web,
EVT_007311,sms,2025-05-01 15:43:41,PER_000099,PER_000004,PH_000254,,,,LOC_000044,,,inbound,completed,mobile_app,
EVT_005963,transaction,2025-05-01 15:44:32,PER_000099,PER_000072,,DEV_000097,IP_000078,ACC_000099,LOC_000044,158.66,,inbound,completed,pos,p2p
EVT_004832,location_ping,2025-05-01 15:49:52,PER_000038,,,DEV_000057,,,LOC_000085,,,,completed,api,
EVT_004630,location_ping,2025-05-01 15:51:49,PER_000099,,,DEV_000060,,,LOC_000044,,,,completed,mobile_app,
EVT_006169,location_ping,2025-05-01 15:56:00,PER_000099,,,DEV_000056,,,LOC_000044,,,,completed,pos,
EVT_004221,call,2025-05-01 15:57:38,PER_000081,PER_000030,PH_000081,,,,LOC_000084,,83.0,outbound,completed,atm,
EVT_003321,location_ping,2025-05-01 16:00:20,PER_000099,,,DEV_000062,,,LOC_000044,,,,completed,web,
EVT_001203,location_ping,2025-05-01 16:06:00,PER_000099,,,DEV_000039,,,LOC_000044,,,,completed,api,
EVT_006085,sms,2025-05-01 16:06:42,PER_000099,PER_000008,PH_000288,,,,LOC_000044,,,outbound,completed,api,
EVT_006042,call,2025-05-01 16:11:52,PER_000038,PER_000083,PH_000038,,,,LOC_000085,,12.0,inbound,completed,pos,
EVT_003678,location_ping,2025-05-01 16:13:38,PER_000038,,,DEV_000002,,,LOC_000085,,,,completed,ussd,
EVT_006172,transaction,2025-05-01 16:17:26,PER_000099,PER_000025,,DEV_000022,IP_000050,ACC_000099,LOC_000044,3830.08,,outbound,completed,pos,deposit
EVT_006146,call,2025-05-01 16:21:19,PER_000099,PER_000021,PH_000254,,,,LOC_000044,,10.0,internal,completed,api,
EVT_000428,location_ping,2025-05-01 16:26:50,PER_000099,,,DEV_000001,,,LOC_000080,,,,completed,atm,
EVT_005818,login,2025-05-01 16:27:01,PER_000099,,PH_000099,DEV_000021,IP_000112,,LOC_000033,,,,completed,api,
EVT_004484,sms,2025-05-01 16:35:49,PER_000002,PER_000018,PH_000002,,,,LOC_000120,,,internal,completed,api,
EVT_003805,login,2025-05-01 16:36:58,PER_000099,,PH_000254,DEV_000060,IP_000093,,LOC_000044,,,,completed,ussd,
EVT_002782,sms,2025-05-01 16:37:11,PER_000077,PER_000058,PH_000077,,,,LOC_000035,,,outbound,completed,pos,
EVT_002985,login,2025-05-01 16:39:49,PER_000099,,PH_000288,DEV_000059,IP_000031,,LOC_000044,,,,completed,pos,
EVT_006237,call,2025-05-01 16:40:24,PER_000038,PER_000067,PH_000038,,,,LOC_000085,,10.0,inbound,completed,mobile_app,
EVT_002732,transaction,2025-05-01 16:40:38,PER_000038,PER_000049,,DEV_000007,IP_000083,ACC_000038,LOC_000108,1738.8,,inbound,completed,pos,withdrawal
EVT_003751,transaction,2025-05-01 16:40:41,PER_000099,PER_000050,,DEV_000115,IP_000007,ACC_000099,LOC_000044,2720.44,,internal,completed,mobile_app,p2p
EVT_002605,login,2025-05-01 16:47:32,PER_000099,,PH_000288,DEV_000067,IP_000064,,LOC_000044,,,,completed,ussd,
EVT_004026,call,2025-05-01 16:48:04,PER_000038,PER_000015,PH_000038,,,,LOC_000044,,14.0,inbound,completed,ussd,
EVT_001937,login,2025-05-01 16:48:05,PER_000038,,PH_000038,DEV_000037,IP_000117,,LOC_000093,,,,completed,ussd,
EVT_004301,transaction,2025-05-01 16:49:55,PER_000042,PER_000024,,DEV_000064,IP_000120,ACC_000142,LOC_000060,2788.0,,internal,completed,atm,p2p
EVT_001212,location_ping,2025-05-01 16:51:50,PER_000038,,,DEV_000004,,,LOC_000085,,,,completed,pos,
EVT_000074,transaction,2025-05-01 16:54:13,PER_000038,PER_000007,,DEV_000105,IP_000023,ACC_000038,LOC_000047,3327.35,,inbound,completed,api,payment
EVT_003891,transaction,2025-05-01 16:54:35,PER_000038,PER_000074,,DEV_000017,IP_000033,ACC_000138,LOC_000085,205.23,,inbound,completed,ussd,payment
EVT_001631,call,2025-05-01 16:55:20,PER_000038,PER_000049,PH_000038,,,,LOC_000014,,4.0,outbound,completed,pos,
EVT_003068,login,2025-05-01 16:59:48,PER_000099,,PH_000194,DEV_000051,IP_000027,,LOC_000044,,,,completed,mobile_app,
EVT_006683,call,2025-05-01 17:00:57,PER_000038,PER_000073,PH_000038,,,,LOC_000085,,6.0,inbound,completed,web,
EVT_006510,sms,2025-05-01 17:01:42,PER_000099,PER_000023,PH_000194,,,,LOC_000044,,,internal,completed,web,
EVT_000839,location_ping,2025-05-01 17:03:20,PER_000038,,,DEV_000097,,,LOC_000085,,,,completed,pos,
EVT_005296,login,2025-05-01 17:05:21,PER_000038,,PH_000038,DEV_000066,IP_000024,,LOC_000095,,,,completed,atm,
EVT_000868,location_ping,2025-05-01 17:09:09,PER_000038,,,DEV_000085,,,LOC_000085,,,,completed,ussd,
EVT_005866,transaction,2025-05-01 17:13:55,PER_000099,PER_000040,,DEV_000091,IP_000022,ACC_000099,LOC_000104,1081.8,,inbound,completed,pos,deposit
EVT_001724,call,2025-05-01 17:15:09,PER_000038,PER_000086,PH_000038,,,,LOC_000085,,6.0,inbound,completed,pos,
EVT_000054,call,2025-05-01 17:15:40,PER_000099,PER_000017,PH_000194,,,,LOC_000044,,11.0,inbound,completed,ussd,
EVT_005543,login,2025-05-01 17:19:01,PER_000038,,PH_000038,DEV_000036,IP_000038,,LOC_000085,,,,completed,atm,
EVT_004662,transaction,2025-05-01 17:23:31,PER_000038,PER_000053,,DEV_000030,IP_000002,ACC_000138,LOC_000085,1381.88,,internal,completed,api,transfer
EVT_000689,call,2025-05-01 17:31:04,PER_000043,PER_000074,PH_000240,,,,LOC_000110,,180.0,inbound,completed,web,
EVT_004997,login,2025-05-01 17:36:08,PER_000099,,PH_000099,DEV_000015,IP_000054,,LOC_000118,,,,completed,web,
EVT_007353,transaction,2025-05-01 17:37:42,PER_000099,PER_000065,,DEV_000012,IP_000037,ACC_000099,LOC_000044,2163.8,,inbound,completed,api,deposit
EVT_003642,login,2025-05-01 17:43:01,PER_000099,,PH_000254,DEV_000103,IP_000075,,LOC_000044,,,,completed,api,
EVT_005332,location_ping,2025-05-01 17:43:38,PER_000038,,,DEV_000105,,,LOC_000085,,,,completed,api,
EVT_005688,login,2025-05-01 17:44:14,PER_000038,,PH_000038,DEV_000049,IP_000085,,LOC_000085,,,,completed,ussd,
EVT_004722,sms,2025-05-01 17:44:28,PER_000038,PER_000088,PH_000038,,,,LOC_000065,,,outbound,completed,atm,
EVT_003739,location_ping,2025-05-01 17:44:35,PER_000099,,,DEV_000079,,,LOC_000044,,,,completed,web,
EVT_001266,sms,2025-05-01 17:44:58,PER_000038,PER_000037,PH_000038,,,,LOC_000085,,,internal,completed,pos,
EVT_005243,sms,2025-05-01 17:46:34,PER_000038,PER_000100,PH_000038,,,,LOC_000085,,,outbound,completed,ussd,
EVT_006011,login,2025-05-01 17:46:42,PER_000038,,PH_000038,DEV_000101,IP_000109,,LOC_000085,,,,completed,ussd,
EVT_001379,location_ping,2025-05-01 17:56:57,PER_000038,,,DEV_000095,,,LOC_000085,,,,completed,mobile_app,
EVT_002582,sms,2025-05-01 17:59:08,PER_000038,PER_000082,PH_000038,,,,LOC_000085,,,internal,completed,mobile_app,
EVT_007053,transaction,2025-05-01 18:01:09,PER_000099,PER_000069,,DEV_000026,IP_000048,ACC_000099,LOC_000044,4383.48,,inbound,completed,atm,withdrawal
EVT_002502,location_ping,2025-05-01 18:02:36,PER_000099,,,DEV_000001,,,LOC_000044,,,,completed,web,
EVT_004382,sms,2025-05-01 18:16:02,PER_000038,PER_000060,PH_000038,,,,LOC_000085,,,outbound,completed,web,
EVT_002996,call,2025-05-01 18:16:52,PER_000038,PER_000077,PH_000038,,,,LOC_000085,,12.0,internal,completed,web,
EVT_007051,login,2025-05-01 18:22:06,PER_000038,,PH_000038,DEV_000050,IP_000010,,LOC_000085,,,,completed,ussd,
EVT_004655,login,2025-05-01 18:24:08,PER_000099,,PH_000099,DEV_000013,IP_000004,,LOC_000044,,,,completed,atm,
EVT_000824,transaction,2025-05-01 18:28:11,PER_000038,PER_000063,,DEV_000083,IP_000039,ACC_000138,LOC_000032,2271.23,,inbound,completed,atm,p2p
EVT_005136,call,2025-05-01 18:30:12,PER_000099,PER_000085,PH_000194,,,,LOC_000013,,13.0,outbound,completed,web,
EVT_001364,sms,2025-05-01 18:32:04,PER_000099,PER_000036,PH_000254,,,,LOC_000044,,,outbound,completed,ussd,
EVT_001540,location_ping,2025-05-01 18:32:14,PER_000099,,,DEV_000098,,,LOC_000044,,,,completed,atm,
EVT_004739,transaction,2025-05-01 18:36:25,PER_000099,PER_000082,,DEV_000025,IP_000054,ACC_000099,LOC_000095,1150.54,,inbound,completed,web,p2p
EVT_005409,sms,2025-05-01 18:36:37,PER_000099,PER_000058,PH_000099,,,,LOC_000044,,,inbound,completed,api,
EVT_004406,login,2025-05-01 18:39:45,PER_000099,,PH_000288,DEV_000012,IP_000070,,LOC_000026,,,,completed,ussd,
EVT_000121,sms,2025-05-01 18:48:01,PER_000099,PER_000052,PH_000254,,,,LOC_000044,,,internal,completed,pos,
EVT_007333,login,2025-05-01 18:50:31,PER_000038,,PH_000038,DEV_000063,IP_000069,,LOC_000085,,,,completed,web,
EVT_004318,location_ping,2025-05-01 18:52:51,PER_000038,,,DEV_000049,,,LOC_000085,,,,completed,pos,
EVT_000531,call,2025-05-01 18:53:33,PER_000099,PER_000075,PH_000099,,,,LOC_000115,,8.0,outbound,completed,web,
EVT_002667,login,2025-05-01 18:55:22,PER_000099,,PH_000099,DEV_000097,IP_000097,,LOC_000044,,,,completed,pos,
EVT_005333,sms,2025-05-01 18:56:40,PER_000038,PER_000010,PH_000038,,,,LOC_000085,,,inbound,completed,mobile_app,
EVT_005496,call,2025-05-01 18:58:47,PER_000099,PER_000024,PH_000288,,,,LOC_000044,,18.0,internal,completed,web,
EVT_005916,transaction,2025-05-01 18:58:54,PER_000099,PER_000004,,DEV_000007,IP_000043,ACC_000099,LOC_000044,2981.57,,inbound,completed,ussd,withdrawal
EVT_002227,location_ping,2025-05-01 19:05:45,PER_000099,,,DEV_000021,,,LOC_000044,,,,completed,api,
EVT_002143,sms,2025-05-01 19:08:03,PER_000038,PER_000022,PH_000038,,,,LOC_000085,,,outbound,completed,mobile_app,
EVT_006843,location_ping,2025-05-01 19:09:08,PER_000038,,,DEV_000005,,,LOC_000085,,,,completed,api,
EVT_000180,sms,2025-05-01 19:09:29,PER_000038,PER_000086,PH_000038,,,,LOC_000085,,,inbound,completed,ussd,
EVT_003948,location_ping,2025-05-01 19:11:21,PER_000038,,,DEV_000115,,,LOC_000085,,,,completed,pos,
EVT_004134,transaction,2025-05-01 19:11:54,PER_000038,PER_000093,,DEV_000115,IP_000046,ACC_000038,LOC_000085,2025.77,,inbound,completed,atm,p2p
EVT_007467,sms,2025-05-01 19:12:19,PER_000038,PER_000077,PH_000038,,,,LOC_000085,,,outbound,completed,web,
EVT_007341,location_ping,2025-05-01 19:14:09,PER_000099,,,DEV_000043,,,LOC_000044,,,,completed,atm,
EVT_007233,transaction,2025-05-01 19:17:24,PER_000038,PER_000042,,DEV_000019,IP_000059,ACC_000038,LOC_000085,2663.0,,inbound,completed,mobile_app,deposit
EVT_003703,location_ping,2025-05-01 19:19:33,PER_000038,,,DEV_000109,,,LOC_000116,,,,completed,pos,
EVT_006875,transaction,2025-05-01 19:26:58,PER_000038,PER_000088,,DEV_000080,IP_000007,ACC_000138,LOC_000085,587.73,,inbound,completed,atm,withdrawal
EVT_007470,sms,2025-05-01 19:30:58,PER_000099,PER_000072,PH_000254,,,,LOC_000044,,,inbound,completed,atm,
EVT_000959,location_ping,2025-05-01 19:31:35,PER_000099,,,DEV_000106,,,LOC_000077,,,,completed,ussd,
EVT_002432,sms,2025-05-01 19:32:46,PER_000099,PER_000065,PH_000194,,,,LOC_000044,,,inbound,completed,web,
EVT_005888,login,2025-05-01 19:33:46,PER_000099,,PH_000099,DEV_000102,IP_000063,,LOC_000044,,,,completed,api,
EVT_000534,location_ping,2025-05-01 19:35:44,PER_000099,,,DEV_000089,,,LOC_000044,,,,completed,mobile_app,
EVT_000343,login,2025-05-01 19:39:32,PER_000099,,PH_000254,DEV_000026,IP_000054,,LOC_000044,,,,completed,ussd,
EVT_006475,login,2025-05-01 19:40:07,PER_000073,,PH_000073,DEV_000004,IP_000094,,LOC_000015,,,,completed,atm,
EVT_002907,login,2025-05-01 19:40:17,PER_000099,,PH_000194,DEV_000061,IP_000008,,LOC_000044,,,,completed,mobile_app,
EVT_000730,location_ping,2025-05-01 19:40:22,PER_000081,,,DEV_000068,,,LOC_000108,,,,completed,mobile_app,
EVT_003854,login,2025-05-01 19:41:40,PER_000099,,PH_000288,DEV_000116,IP_000033,,LOC_000044,,,,completed,api,
EVT_000700,call,2025-05-01 19:43:01,PER_000099,PER_000098,PH_000254,,,,LOC_000117,,9.0,internal,completed,atm,
EVT_007222,transaction,2025-05-01 19:44:25,PER_000038,PER_000063,,DEV_000066,IP_000029,ACC_000038,LOC_000085,4158.63,,inbound,completed,web,transfer
EVT_004883,sms,2025-05-01 19:53:26,PER_000099,PER_000049,PH_000099,,,,LOC_000044,,,internal,completed,web,
EVT_007490,transaction,2025-05-01 19:53:31,PER_000099,PER_000086,,DEV_000105,IP_000051,ACC_000099,LOC_000040,734.04,,outbound,completed,mobile_app,transfer
EVT_000800,login,2025-05-01 20:01:38,PER_000099,,PH_000288,DEV_000046,IP_000097,,LOC_000044,,,,completed,ussd,
EVT_001813,location_ping,2025-05-01 20:12:03,PER_000038,,,DEV_000050,,,LOC_000085,,,,completed,api,
EVT_005896,sms,2025-05-01 20:14:55,PER_000038,PER_000031,PH_000038,,,,LOC_000085,,,internal,completed,pos,
EVT_000884,login,2025-05-01 20:15:18,PER_000099,,PH_000194,DEV_000053,IP_000024,,LOC_000044,,,,completed,pos,
EVT_000209,call,2025-05-01 20:18:18,PER_000099,PER_000050,PH_000099,,,,LOC_000044,,17.0,inbound,completed,atm,
EVT_002312,sms,2025-05-01 20:23:40,PER_000038,PER_000046,PH_000038,,,,LOC_000085,,,inbound,completed,mobile_app,
EVT_002645,call,2025-05-01 20:37:47,PER_000038,PER_000031,PH_000038,,,,LOC_000085,,9.0,inbound,completed,api,
EVT_004143,login,2025-05-01 20:41:26,PER_000038,,PH_000038,DEV_000020,IP_000091,,LOC_000085,,,,completed,web,
EVT_003433,call,2025-05-01 20:45:10,PER_000038,PER_000051,PH_000038,,,,LOC_000085,,7.0,internal,completed,api,
EVT_006408,transaction,2025-05-01 20:45:48,PER_000038,PER_000069,,DEV_000114,IP_000057,ACC_000038,LOC_000085,1309.62,,internal,completed,web,deposit
EVT_000530,transaction,2025-05-01 20:48:17,PER_000099,PER_000017,,DEV_000042,IP_000009,ACC_000099,LOC_000044,2508.93,,outbound,completed,api,payment
EVT_004346,location_ping,2025-05-01 20:48:18,PER_000099,,,DEV_000086,,,LOC_000083,,,,completed,web,
EVT_006664,sms,2025-05-01 20:50:01,PER_000099,PER_000012,PH_000194,,,,LOC_000044,,,outbound,completed,atm,
EVT_004482,call,2025-05-01 20:50:43,PER_000038,PER_000002,PH_000038,,,,LOC_000085,,15.0,outbound,completed,pos,
EVT_004557,call,2025-05-01 20:51:55,PER_000099,PER_000056,PH_000099,,,,LOC_000044,,7.0,internal,completed,mobile_app,
EVT_003458,transaction,2025-05-01 21:06:12,PER_000038,PER_000021,,DEV_000019,IP_000062,ACC_000038,LOC_000085,156.07,,internal,completed,web,payment
EVT_003681,call,2025-05-01 21:06:31,PER_000099,PER_000071,PH_000099,,,,LOC_000044,,4.0,outbound,completed,api,
EVT_007340,sms,2025-05-01 21:07:37,PER_000099,PER_000074,PH_000254,,,,LOC_000097,,,outbound,completed,ussd,
EVT_006075,sms,2025-05-01 21:08:14,PER_000038,PER_000054,PH_000038,,,,LOC_000085,,,internal,completed,atm,
EVT_002371,login,2025-05-01 21:15:28,PER_000038,,PH_000038,DEV_000020,IP_000025,,LOC_000085,,,,completed,ussd,
EVT_003168,transaction,2025-05-01 21:19:38,PER_000038,PER_000018,,DEV_000015,IP_000092,ACC_000138,LOC_000085,4326.13,,outbound,completed,mobile_app,deposit
EVT_003033,sms,2025-05-01 21:26:35,PER_000099,PER_000053,PH_000288,,,,LOC_000044,,,outbound,completed,pos,
EVT_002993,location_ping,2025-05-01 21:27:42,PER_000038,,,DEV_000107,,,LOC_000050,,,,completed,api,
EVT_003408,login,2025-05-01 21:30:50,PER_000099,,PH_000099,DEV_000012,IP_000023,,LOC_000044,,,,completed,pos,
EVT_007453,login,2025-05-01 21:31:24,PER_000038,,PH_000038,DEV_000005,IP_000033,,LOC_000085,,,,completed,pos,
EVT_000360,sms,2025-05-01 21:37:38,PER_000099,PER_000088,PH_000288,,,,LOC_000044,,,outbound,completed,api,
EVT_003208,location_ping,2025-05-01 21:41:06,PER_000099,,,DEV_000116,,,LOC_000044,,,,completed,mobile_app,
EVT_006805,sms,2025-05-01 21:47:43,PER_000038,PER_000061,PH_000038,,,,LOC_000085,,,internal,completed,mobile_app,
EVT_001239,sms,2025-05-01 21:48:40,PER_000038,PER_000081,PH_000038,,,,LOC_000085,,,outbound,completed,ussd,
EVT_005395,call,2025-05-01 21:49:22,PER_000099,PER_000069,PH_000194,,,,LOC_000044,,8.0,inbound,completed,ussd,
EVT_000057,call,2025-05-01 21:50:47,PER_000038,PER_000053,PH_000038,,,,LOC_000085,,16.0,inbound,completed,atm,
EVT_001340,call,2025-05-01 21:50:54,PER_000099,PER_000014,PH_000194,,,,LOC_000044,,6.0,inbound,completed,ussd,
EVT_006493,location_ping,2025-05-01 21:53:03,PER_000038,,,DEV_000109,,,LOC_000085,,,,completed,mobile_app,
EVT_004530,login,2025-05-01 21:53:57,PER_000100,,PH_000100,DEV_000073,IP_000031,,LOC_000108,,,,completed,atm,
EVT_006904,transaction,2025-05-01 21:55:38,PER_000099,PER_000079,,DEV_000046,IP_000091,ACC_000099,LOC_000044,3575.93,,inbound,completed,ussd,p2p
EVT_005865,sms,2025-05-01 22:01:34,PER_000038,PER_000093,PH_000038,,,,LOC_000085,,,outbound,completed,mobile_app,
EVT_002831,call,2025-05-01 22:01:39,PER_000099,PER_000037,PH_000099,,,,LOC_000044,,6.0,inbound,completed,api,
EVT_005271,location_ping,2025-05-01 22:02:28,PER_000099,,,DEV_000019,,,LOC_000044,,,,completed,api,
EVT_004853,call,2025-05-01 22:03:27,PER_000099,PER_000037,PH_000254,,,,LOC_000044,,13.0,internal,completed,api,
EVT_003307,sms,2025-05-01 22:04:34,PER_000099,PER_000078,PH_000194,,,,LOC_000013,,,internal,completed,web,
EVT_007418,call,2025-05-01 22:13:08,PER_000099,PER_000051,PH_000254,,,,LOC_000044,,15.0,outbound,completed,atm,
EVT_000687,location_ping,2025-05-01 22:15:17,PER_000038,,,DEV_000052,,,LOC_000085,,,,completed,web,
EVT_005881,login,2025-05-01 22:18:00,PER_000099,,PH_000194,DEV_000032,IP_000019,,LOC_000044,,,,completed,pos,
EVT_004038,transaction,2025-05-01 22:19:32,PER_000038,PER_000065,,DEV_000062,IP_000090,ACC_000138,LOC_000085,626.77,,inbound,completed,ussd,deposit
EVT_006305,call,2025-05-01 22:21:01,PER_000038,PER_000059,PH_000038,,,,LOC_000026,,18.0,outbound,completed,atm,
EVT_000134,location_ping,2025-05-01 22:21:21,PER_000099,,,DEV_000021,,,LOC_000044,,,,completed,mobile_app,
EVT_004634,login,2025-05-01 22:32:50,PER_000099,,PH_000254,DEV_000039,IP_000043,,LOC_000044,,,,completed,mobile_app,
EVT_007350,call,2025-05-01 22:34:12,PER_000099,PER_000002,PH_000288,,,,LOC_000044,,10.0,internal,completed,pos,
EVT_006052,sms,2025-05-01 22:37:14,PER_000038,PER_000044,PH_000038,,,,LOC_000085,,,outbound,completed,ussd,
EVT_004034,call,2025-05-01 22:37:35,PER_000099,PER_000037,PH_000099,,,,LOC_000044,,14.0,outbound,completed,pos,
EVT_004131,location_ping,2025-05-01 22:39:34,PER_000038,,,DEV_000117,,,LOC_000085,,,,completed,web,
EVT_003272,login,2025-05-01 22:42:29,PER_000099,,PH_000194,DEV_000009,IP_000030,,LOC_000044,,,,completed,ussd,
EVT_007134,call,2025-05-01 22:48:09,PER_000099,PER_000092,PH_000099,,,,LOC_000044,,9.0,internal,completed,api,
EVT_005294,call,2025-05-01 22:48:25,PER_000034,PER_000096,PH_000034,,,,LOC_000075,,496.0,outbound,completed,pos,
EVT_004452,transaction,2025-05-01 22:49:50,PER_000038,PER_000009,,DEV_000037,IP_000072,ACC_000138,LOC_000085,4234.32,,inbound,completed,pos,payment
EVT_001010,transaction,2025-05-01 22:54:20,PER_000038,PER_000035,,DEV_000112,IP_000037,ACC_000038,LOC_000085,872.83,,outbound,completed,atm,p2p
EVT_003764,login,2025-05-01 23:00:18,PER_000038,,PH_000038,DEV_000090,IP_000119,,LOC_000085,,,,completed,pos,
EVT_001204,location_ping,2025-05-01 23:01:00,PER_000099,,,DEV_000094,,,LOC_000102,,,,completed,atm,
EVT_003060,sms,2025-05-01 23:01:55,PER_000038,PER_000062,PH_000038,,,,LOC_000085,,,inbound,completed,atm,
EVT_003217,transaction,2025-05-01 23:02:34,PER_000099,PER_000061,,DEV_000100,IP_000090,ACC_000099,LOC_000060,2652.13,,outbound,completed,pos,transfer
EVT_003204,location_ping,2025-05-01 23:15:31,PER_000038,,,DEV_000032,,,LOC_000085,,,,completed,mobile_app,
EVT_002397,call,2025-05-01 23:20:51,PER_000038,PER_000053,PH_000038,,,,LOC_000085,,9.0,inbound,completed,mobile_app,
EVT_001310,location_ping,2025-05-01 23:21:24,PER_000099,,,DEV_000025,,,LOC_000044,,,,completed,ussd,
EVT_006499,transaction,2025-05-01 23:26:39,PER_000099,PER_000069,,DEV_000118,IP_000088,ACC_000099,LOC_000013,3024.5,,internal,completed,ussd,withdrawal
EVT_006426,sms,2025-05-01 23:27:23,PER_000038,PER_000046,PH_000038,,,,LOC_000085,,,internal,completed,mobile_app,
EVT_006462,sms,2025-05-01 23:30:36,PER_000038,PER_000049,PH_000038,,,,LOC_000085,,,internal,completed,ussd,
EVT_007303,sms,2025-05-01 23:32:45,PER_000099,PER_000080,PH_000099,,,,LOC_000044,,,internal,completed,pos,
EVT_007352,transaction,2025-05-01 23:34:23,PER_000038,PER_000067,,DEV_000083,IP_000012,ACC_000038,LOC_000085,1517.69,,outbound,completed,pos,deposit
EVT_000934,call,2025-05-01 23:38:38,PER_000038,PER_000031,PH_000038,,,,LOC_000085,,17.0,internal,completed,atm,
EVT_001233,login,2025-05-01 23:41:18,PER_000038,,PH_000038,DEV_000100,IP_000067,,LOC_000085,,,,completed,atm,
EVT_006981,call,2025-05-01 23:42:00,PER_000099,PER_000085,PH_000194,,,,LOC_000044,,5.0,outbound,completed,ussd,
EVT_007415,login,2025-05-01 23:42:17,PER_000099,,PH_000194,DEV_000095,IP_000086,,LOC_000044,,,,completed,pos,
EVT_003484,sms,2025-05-01 23:43:48,PER_000099,PER_000025,PH_000288,,,,LOC_000044,,,internal,completed,web,
EVT_001543,login,2025-05-01 23:44:05,PER_000099,,PH_000254,DEV_000066,IP_000029,,LOC_000044,,,,completed,atm,
EVT_005400,transaction,2025-05-01 23:45:23,PER_000038,PER_000063,,DEV_000112,IP_000088,ACC_000138,LOC_000085,774.14,,inbound,completed,api,transfer
EVT_002685,login,2025-05-01 23:49:22,PER_000099,,PH_000254,DEV_000075,IP_000107,,LOC_000044,,,,completed,ussd,
EVT_003139,transaction,2025-05-01 23:49:31,PER_000038,PER_000067,,DEV_000070,IP_000016,ACC_000138,LOC_000085,1539.52,,inbound,completed,mobile_app,transfer
EVT_005169,login,2025-05-01 23:51:55,PER_000099,,PH_000288,DEV_000034,IP_000070,,LOC_000044,,,,completed,mobile_app,
EVT_001019,transaction,2025-05-02 12:09:01,PER_000071,PER_000072,,DEV_000098,IP_000029,ACC_000071,LOC_000005,2779.09,,outbound,completed,pos,p2p
EVT_006017,location_ping,2025-05-02 13:39:28,PER_000059,,,DEV_000105,,,LOC_000002,,,,completed,ussd,
EVT_001504,login,2025-05-02 13:59:49,PER_000009,,PH_000009,DEV_000082,IP_000060,,LOC_000107,,,,completed,atm,
EVT_005931,call,2025-05-02 14:06:15,PER_000075,PER_000040,PH_000287,,,,LOC_000102,,688.0,outbound,completed,api,
EVT_001644,transaction,2025-05-02 16:39:02,PER_000048,PER_000036,,DEV_000070,IP_000074,ACC_000048,LOC_000025,4307.68,,outbound,completed,mobile_app,deposit
EVT_000490,transaction,2025-05-02 18:47:27,PER_000001,PER_000098,,DEV_000080,IP_000011,ACC_000001,LOC_000029,50548.17,,inbound,completed,pos,withdrawal
EVT_001772,call,2025-05-02 19:24:51,PER_000042,PER_000027,PH_000199,,,,LOC_000060,,91.0,outbound,completed,atm,
EVT_006629,transaction,2025-05-02 19:35:43,PER_000013,PER_000039,,DEV_000014,IP_000101,ACC_000013,LOC_000041,4086.22,,inbound,completed,api,transfer
EVT_000967,sms,2025-05-03 05:03:41,PER_000062,PER_000089,PH_000213,,,,LOC_000033,,,outbound,completed,web,
EVT_002850,login,2025-05-03 06:32:58,PER_000082,,PH_000170,DEV_000059,IP_000056,,LOC_000117,,,,completed,atm,
EVT_001534,location_ping,2025-05-03 10:30:31,PER_000059,,,DEV_000059,,,LOC_000071,,,,completed,pos,
EVT_002670,login,2025-05-03 13:28:38,PER_000056,,PH_000253,DEV_000067,IP_000012,,LOC_000036,,,,completed,atm,
EVT_004861,sms,2025-05-03 15:19:57,PER_000091,PER_000012,PH_000091,,,,LOC_000039,,,inbound,completed,mobile_app,
EVT_007477,transaction,2025-05-03 16:18:21,PER_000042,PER_000002,,DEV_000116,IP_000092,ACC_000042,LOC_000060,245490.12,,outbound,completed,ussd,transfer
EVT_001598,call,2025-05-03 17:31:09,PER_000055,PER_000013,PH_000191,,,,LOC_000016,,230.0,outbound,completed,api,
EVT_003586,transaction,2025-05-03 17:33:43,PER_000014,PER_000021,,DEV_000088,IP_000043,ACC_000014,LOC_000050,3429.13,,internal,completed,mobile_app,p2p
EVT_006897,location_ping,2025-05-03 17:47:25,PER_000024,,,DEV_000080,,,LOC_000083,,,,completed,mobile_app,
EVT_002713,login,2025-05-03 17:54:59,PER_000048,,PH_000172,DEV_000103,IP_000037,,LOC_000025,,,,completed,web,
EVT_002863,location_ping,2025-05-03 18:15:52,PER_000059,,,DEV_000115,,,LOC_000103,,,,completed,ussd,
EVT_002006,call,2025-05-04 04:35:59,PER_000042,PER_000024,PH_000042,,,,LOC_000060,,286.0,internal,completed,web,
EVT_001301,transaction,2025-05-04 08:41:38,PER_000093,PER_000016,,DEV_000069,IP_000059,ACC_000093,LOC_000095,4446.95,,internal,completed,pos,p2p
EVT_005789,login,2025-05-04 09:51:46,PER_000059,,PH_000059,DEV_000027,IP_000007,,LOC_000071,,,,completed,mobile_app,
EVT_006527,sms,2025-05-04 10:09:36,PER_000054,PER_000026,PH_000054,,,,LOC_000002,,,outbound,completed,mobile_app,
EVT_003350,call,2025-05-04 10:55:28,PER_000016,PER_000024,PH_000016,,,,LOC_000054,,679.0,internal,completed,pos,
EVT_001637,login,2025-05-04 10:58:35,PER_000057,,PH_000057,DEV_000070,IP_000029,,LOC_000030,,,,completed,atm,
EVT_004708,sms,2025-05-04 11:04:55,PER_000094,PER_000016,PH_000198,,,,LOC_000060,,,outbound,completed,pos,
EVT_001250,location_ping,2025-05-04 11:53:08,PER_000016,,,DEV_000003,,,LOC_000052,,,,completed,pos,
EVT_003662,sms,2025-05-04 12:14:15,PER_000074,PER_000043,PH_000274,,,,LOC_000003,,,internal,completed,web,
EVT_002752,call,2025-05-04 12:53:13,PER_000002,PER_000087,PH_000114,,,,LOC_000032,,1024.0,internal,completed,ussd,
EVT_001328,login,2025-05-04 13:05:08,PER_000027,,PH_000245,DEV_000010,IP_000050,,LOC_000097,,,,completed,web,
EVT_003812,transaction,2025-05-04 13:46:04,PER_000080,PER_000097,,DEV_000021,IP_000047,ACC_000080,LOC_000074,2007.31,,inbound,completed,pos,p2p
EVT_006046,transaction,2025-05-04 16:00:15,PER_000022,PER_000036,,DEV_000104,IP_000056,ACC_000022,LOC_000022,4162.59,,outbound,completed,pos,withdrawal
EVT_001833,login,2025-05-04 17:17:11,PER_000062,,PH_000062,DEV_000018,IP_000102,,LOC_000033,,,,completed,api,
EVT_007080,login,2025-05-04 17:29:06,PER_000062,,PH_000062,DEV_000085,IP_000082,,LOC_000033,,,,completed,atm,
EVT_004664,transaction,2025-05-04 17:49:28,PER_000050,PER_000024,,DEV_000098,IP_000057,ACC_000150,LOC_000058,195100.25,,internal,completed,mobile_app,payment
EVT_001600,call,2025-05-04 19:06:48,PER_000087,PER_000042,PH_000087,,,,LOC_000099,,108.0,inbound,completed,ussd,
EVT_004438,call,2025-05-04 20:19:20,PER_000093,PER_000038,PH_000142,,,,LOC_000071,,143.0,outbound,completed,mobile_app,
EVT_006799,location_ping,2025-05-04 21:41:00,PER_000071,,,DEV_000055,,,LOC_000120,,,,completed,ussd,
EVT_000101,login,2025-05-04 22:57:41,PER_000062,,PH_000213,DEV_000118,IP_000080,,LOC_000088,,,,completed,atm,
EVT_001369,call,2025-05-05 04:23:45,PER_000017,PER_000026,PH_000017,,,,LOC_000116,,111.0,inbound,completed,pos,
EVT_001004,transaction,2025-05-05 11:55:30,PER_000018,PER_000026,,DEV_000062,IP_000062,ACC_000018,LOC_000001,333.07,,internal,completed,pos,p2p
EVT_003376,call,2025-05-05 12:00:52,PER_000042,PER_000023,PH_000199,,,,LOC_000060,,1193.0,inbound,completed,web,
EVT_006471,transaction,2025-05-05 13:23:44,PER_000084,PER_000086,,DEV_000010,IP_000071,ACC_000084,LOC_000043,2965.31,,internal,completed,pos,transfer
EVT_006918,sms,2025-05-05 13:35:04,PER_000059,PER_000057,PH_000158,,,,LOC_000071,,,inbound,completed,pos,
EVT_005837,call,2025-05-05 13:53:00,PER_000006,PER_000027,PH_000121,,,,LOC_000076,,215.0,internal,completed,web,
EVT_001745,transaction,2025-05-05 16:36:17,PER_000074,PER_000054,,DEV_000103,IP_000050,ACC_000074,LOC_000106,1480.33,,outbound,completed,pos,withdrawal
EVT_004010,sms,2025-05-05 16:59:40,PER_000034,PER_000083,PH_000167,,,,LOC_000075,,,inbound,completed,pos,
EVT_000124,call,2025-05-05 17:02:08,PER_000053,PER_000075,PH_000259,,,,LOC_000019,,543.0,outbound,completed,web,
EVT_006150,call,2025-05-05 17:03:56,PER_000042,PER_000050,PH_000199,,,,LOC_000060,,610.0,inbound,completed,api,
EVT_003353,login,2025-05-05 18:30:25,PER_000083,,PH_000203,DEV_000082,IP_000087,,LOC_000053,,,,completed,atm,
EVT_003938,call,2025-05-06 02:06:18,PER_000067,PER_000047,PH_000200,,,,LOC_000040,,298.0,outbound,completed,mobile_app,
EVT_005745,call,2025-05-06 07:08:30,PER_000027,PER_000002,PH_000245,,,,LOC_000097,,1178.0,inbound,completed,atm,
EVT_003774,sms,2025-05-06 07:46:23,PER_000073,PER_000051,PH_000162,,,,LOC_000015,,,internal,completed,ussd,
EVT_002791,login,2025-05-06 09:08:19,PER_000002,,PH_000114,DEV_000085,IP_000055,,LOC_000032,,,,completed,atm,
EVT_005921,sms,2025-05-06 10:08:47,PER_000093,PER_000025,PH_000225,,,,LOC_000071,,,internal,completed,atm,
EVT_002103,transaction,2025-05-06 10:21:11,PER_000055,PER_000026,,DEV_000053,IP_000056,ACC_000055,LOC_000016,1182.12,,outbound,completed,api,transfer
EVT_006133,login,2025-05-06 10:59:40,PER_000059,,PH_000158,DEV_000039,IP_000006,,LOC_000071,,,,completed,mobile_app,
EVT_000883,sms,2025-05-06 11:56:14,PER_000059,PER_000057,PH_000137,,,,LOC_000071,,,internal,completed,web,
EVT_007090,login,2025-05-06 12:40:38,PER_000018,,PH_000018,DEV_000034,IP_000071,,LOC_000001,,,,completed,web,
EVT_005060,transaction,2025-05-06 13:53:49,PER_000020,PER_000077,,DEV_000025,IP_000118,ACC_000120,LOC_000009,2827.52,,outbound,completed,mobile_app,payment
EVT_002447,sms,2025-05-06 14:36:32,PER_000007,PER_000004,PH_000211,,,,LOC_000059,,,outbound,completed,pos,
EVT_005284,transaction,2025-05-06 15:47:41,PER_000086,PER_000095,,DEV_000001,IP_000044,ACC_000086,LOC_000064,4133.05,,inbound,completed,api,withdrawal
EVT_005338,call,2025-05-06 15:58:46,PER_000002,PER_000018,PH_000114,,,,LOC_000032,,840.0,internal,completed,api,
EVT_001791,call,2025-05-06 16:26:12,PER_000058,PER_000006,PH_000252,,,,LOC_000091,,857.0,internal,completed,mobile_app,
EVT_002090,location_ping,2025-05-06 16:48:47,PER_000027,,,DEV_000111,,,LOC_000097,,,,completed,mobile_app,
EVT_001927,call,2025-05-06 17:29:53,PER_000002,PER_000018,PH_000002,,,,LOC_000032,,720.0,inbound,completed,atm,
EVT_006275,login,2025-05-06 19:32:26,PER_000087,,PH_000087,DEV_000071,IP_000084,,LOC_000099,,,,completed,atm,
EVT_003378,location_ping,2025-05-06 19:44:29,PER_000062,,,DEV_000051,,,LOC_000033,,,,completed,pos,
EVT_000812,login,2025-05-06 19:48:16,PER_000059,,PH_000158,DEV_000038,IP_000089,,LOC_000071,,,,completed,pos,
EVT_004156,sms,2025-05-06 21:23:11,PER_000054,PER_000030,PH_000054,,,,LOC_000030,,,inbound,completed,pos,
EVT_003043,sms,2025-05-07 05:35:34,PER_000030,PER_000092,PH_000229,,,,LOC_000108,,,outbound,completed,pos,
EVT_006518,sms,2025-05-07 05:38:37,PER_000033,PER_000100,PH_000033,,,,LOC_000022,,,inbound,completed,web,
EVT_002528,login,2025-05-07 06:09:35,PER_000069,,PH_000217,DEV_000046,IP_000093,,LOC_000001,,,,completed,mobile_app,
EVT_002020,call,2025-05-07 06:16:08,PER_000031,PER_000062,PH_000112,,,,LOC_000017,,145.0,internal,completed,mobile_app,
EVT_000288,sms,2025-05-07 06:20:27,PER_000095,PER_000075,PH_000095,,,,LOC_000115,,,inbound,completed,web,
EVT_002025,location_ping,2025-05-07 07:25:36,PER_000093,,,DEV_000101,,,LOC_000071,,,,completed,pos,
EVT_001647,transaction,2025-05-07 07:25:58,PER_000018,PER_000027,,DEV_000001,IP_000104,ACC_000018,LOC_000001,1048.75,,internal,completed,api,p2p
EVT_001716,location_ping,2025-05-07 08:13:20,PER_000094,,,DEV_000111,,,LOC_000060,,,,completed,pos,
EVT_001220,transaction,2025-05-07 13:01:36,PER_000073,PER_000043,,DEV_000111,IP_000033,ACC_000073,LOC_000015,2722.18,,outbound,completed,api,withdrawal
EVT_003450,transaction,2025-05-07 15:12:53,PER_000093,PER_000015,,DEV_000070,IP_000021,ACC_000093,LOC_000071,1964.63,,inbound,completed,web,p2p
EVT_000958,login,2025-05-07 19:14:40,PER_000001,,PH_000001,DEV_000042,IP_000046,,LOC_000029,,,,completed,atm,
EVT_007440,call,2025-05-07 19:36:20,PER_000024,PER_000015,PH_000024,,,,LOC_000083,,1030.0,internal,completed,api,
EVT_005800,transaction,2025-05-07 20:50:29,PER_000050,PER_000016,,DEV_000096,IP_000066,ACC_000150,LOC_000058,775.26,,outbound,completed,ussd,withdrawal
EVT_006278,login,2025-05-07 21:39:52,PER_000073,,PH_000175,DEV_000060,IP_000103,,LOC_000015,,,,completed,web,
EVT_002725,transaction,2025-05-07 23:32:59,PER_000027,PER_000002,,DEV_000064,IP_000046,ACC_000027,LOC_000019,2327.33,,outbound,completed,pos,transfer
EVT_004144,call,2025-05-08 06:45:31,PER_000059,PER_000004,PH_000180,,,,LOC_000071,,131.0,internal,completed,pos,
EVT_000533,call,2025-05-08 07:19:02,PER_000055,PER_000068,PH_000191,,,,LOC_000016,,655.0,internal,completed,pos,
EVT_005987,location_ping,2025-05-08 08:56:15,PER_000042,,,DEV_000049,,,LOC_000060,,,,completed,api,
EVT_002339,login,2025-05-08 09:02:47,PER_000047,,PH_000047,DEV_000074,IP_000022,,LOC_000072,,,,completed,mobile_app,
EVT_002286,sms,2025-05-08 10:02:08,PER_000059,PER_000029,PH_000158,,,,LOC_000071,,,outbound,completed,pos,
EVT_001883,sms,2025-05-08 12:41:09,PER_000037,PER_000016,PH_000233,,,,LOC_000101,,,outbound,completed,mobile_app,
EVT_004819,location_ping,2025-05-08 14:16:59,PER_000024,,,DEV_000053,,,LOC_000083,,,,completed,api,
EVT_006603,call,2025-05-08 14:39:11,PER_000075,PER_000009,PH_000075,,,,LOC_000102,,785.0,inbound,completed,atm,
EVT_001535,transaction,2025-05-08 15:18:11,PER_000002,PER_000027,,DEV_000033,IP_000009,ACC_000102,LOC_000032,1465.13,,internal,completed,web,payment
EVT_003597,login,2025-05-08 16:34:02,PER_000024,,PH_000024,DEV_000028,IP_000010,,LOC_000083,,,,completed,web,
EVT_006659,sms,2025-05-08 16:43:50,PER_000007,PER_000004,PH_000211,,,,LOC_000077,,,internal,completed,pos,
EVT_002991,login,2025-05-08 17:03:11,PER_000093,,PH_000262,DEV_000037,IP_000007,,LOC_000071,,,,completed,pos,
EVT_000162,login,2025-05-08 18:10:45,PER_000056,,PH_000253,DEV_000107,IP_000049,,LOC_000036,,,,completed,pos,
EVT_001232,login,2025-05-08 18:12:59,PER_000068,,PH_000068,DEV_000005,IP_000038,,LOC_000081,,,,completed,atm,
EVT_000008,transaction,2025-05-08 18:26:58,PER_000029,PER_000094,,DEV_000035,IP_000106,ACC_000029,LOC_000100,819.36,,internal,completed,web,transfer
EVT_006419,location_ping,2025-05-08 18:34:45,PER_000050,,,DEV_000010,,,LOC_000058,,,,completed,ussd,
EVT_000441,call,2025-05-08 19:12:10,PER_000050,PER_000002,PH_000050,,,,LOC_000058,,699.0,internal,completed,ussd,
EVT_006987,location_ping,2025-05-09 01:50:46,PER_000082,,,DEV_000016,,,LOC_000082,,,,completed,web,
EVT_005735,sms,2025-05-09 03:43:05,PER_000084,PER_000009,PH_000224,,,,LOC_000043,,,internal,completed,web,
EVT_004222,location_ping,2025-05-09 04:12:37,PER_000088,,,DEV_000116,,,LOC_000060,,,,completed,api,
EVT_003976,location_ping,2025-05-09 06:26:02,PER_000052,,,DEV_000109,,,LOC_000071,,,,completed,pos,
EVT_002864,transaction,2025-05-09 08:32:34,PER_000052,PER_000042,,DEV_000067,IP_000064,ACC_000052,LOC_000071,703.36,,inbound,completed,api,deposit
EVT_004312,login,2025-05-09 09:38:58,PER_000007,,PH_000007,DEV_000039,IP_000040,,LOC_000059,,,,completed,mobile_app,
EVT_003034,login,2025-05-09 09:46:38,PER_000010,,PH_000010,DEV_000076,IP_000096,,LOC_000034,,,,completed,pos,
EVT_004099,login,2025-05-09 10:50:53,PER_000037,,PH_000233,DEV_000017,IP_000087,,LOC_000101,,,,completed,atm,
EVT_000096,call,2025-05-09 12:12:39,PER_000002,PER_000058,PH_000002,,,,LOC_000032,,417.0,internal,completed,ussd,
EVT_004934,location_ping,2025-05-09 14:57:30,PER_000059,,,DEV_000065,,,LOC_000071,,,,completed,pos,
EVT_006866,login,2025-05-09 17:42:33,PER_000037,,PH_000037,DEV_000058,IP_000069,,LOC_000101,,,,completed,pos,
EVT_001901,login,2025-05-09 17:59:58,PER_000092,,PH_000092,DEV_000106,IP_000093,,LOC_000091,,,,completed,web,
EVT_000266,location_ping,2025-05-09 18:49:28,PER_000001,,,DEV_000115,,,LOC_000029,,,,completed,web,
EVT_000488,sms,2025-05-09 19:06:38,PER_000073,PER_000042,PH_000175,,,,LOC_000015,,,internal,completed,api,
EVT_001999,transaction,2025-05-10 03:23:14,PER_000047,PER_000033,,DEV_000093,IP_000009,ACC_000147,LOC_000113,2987.03,,internal,completed,pos,p2p
EVT_006208,transaction,2025-05-10 05:40:35,PER_000093,PER_000084,,DEV_000018,IP_000011,ACC_000093,LOC_000071,1410.57,,internal,completed,web,deposit
EVT_001303,sms,2025-05-10 06:24:14,PER_000088,PER_000005,PH_000088,,,,LOC_000060,,,inbound,completed,mobile_app,
EVT_001062,call,2025-05-10 07:24:11,PER_000002,PER_000061,PH_000114,,,,LOC_000032,,879.0,internal,completed,atm,
EVT_004563,sms,2025-05-10 09:10:54,PER_000018,PER_000027,PH_000018,,,,LOC_000001,,,outbound,completed,atm,
EVT_000745,login,2025-05-10 09:26:19,PER_000008,,PH_000135,DEV_000107,IP_000020,,LOC_000077,,,,completed,ussd,
EVT_003209,location_ping,2025-05-10 10:16:16,PER_000079,,,DEV_000009,,,LOC_000004,,,,completed,ussd,
EVT_001355,location_ping,2025-05-10 11:15:00,PER_000053,,,DEV_000114,,,LOC_000046,,,,completed,pos,
EVT_006473,sms,2025-05-10 11:25:27,PER_000093,PER_000057,PH_000138,,,,LOC_000071,,,outbound,completed,api,
EVT_007116,location_ping,2025-05-10 11:30:02,PER_000001,,,DEV_000112,,,LOC_000029,,,,completed,mobile_app,
EVT_000774,sms,2025-05-10 12:46:23,PER_000061,PER_000078,PH_000239,,,,LOC_000062,,,internal,completed,mobile_app,
EVT_002206,login,2025-05-10 15:34:51,PER_000001,,PH_000001,DEV_000098,IP_000082,,LOC_000029,,,,completed,pos,
EVT_001366,call,2025-05-10 16:05:17,PER_000020,PER_000037,PH_000256,,,,LOC_000056,,239.0,internal,completed,api,
EVT_007145,location_ping,2025-05-10 16:27:24,PER_000042,,,DEV_000062,,,LOC_000060,,,,completed,mobile_app,
EVT_001841,call,2025-05-10 22:59:23,PER_000024,PER_000050,PH_000024,,,,LOC_000083,,747.0,outbound,completed,mobile_app,
EVT_001413,call,2025-05-10 23:10:27,PER_000018,PER_000087,PH_000018,,,,LOC_000001,,198.0,internal,completed,api,
EVT_000086,call,2025-05-11 06:39:12,PER_000073,PER_000025,PH_000073,,,,LOC_000015,,707.0,internal,completed,mobile_app,
EVT_001789,transaction,2025-05-11 07:20:06,PER_000073,PER_000020,,DEV_000115,IP_000033,ACC_000073,LOC_000015,1343.04,,internal,completed,ussd,p2p
EVT_002263,location_ping,2025-05-11 07:59:48,PER_000027,,,DEV_000079,,,LOC_000097,,,,completed,api,
EVT_000860,sms,2025-05-11 08:21:51,PER_000044,PER_000064,PH_000250,,,,LOC_000032,,,outbound,completed,atm,
EVT_003856,transaction,2025-05-11 09:14:46,PER_000039,PER_000093,,DEV_000086,IP_000087,ACC_000139,LOC_000049,2797.85,,internal,completed,api,transfer
EVT_002027,call,2025-05-11 09:17:20,PER_000024,PER_000087,PH_000024,,,,LOC_000083,,1162.0,outbound,completed,ussd,
EVT_001152,login,2025-05-11 09:37:51,PER_000002,,PH_000002,DEV_000052,IP_000097,,LOC_000032,,,,completed,ussd,
EVT_002976,login,2025-05-11 09:43:55,PER_000051,,PH_000051,DEV_000019,IP_000008,,LOC_000052,,,,completed,atm,
EVT_001028,location_ping,2025-05-11 10:28:09,PER_000001,,,DEV_000019,,,LOC_000029,,,,completed,mobile_app,
EVT_005391,sms,2025-05-11 11:55:58,PER_000017,PER_000076,PH_000017,,,,LOC_000116,,,inbound,completed,mobile_app,
EVT_002772,login,2025-05-11 12:13:46,PER_000027,,PH_000027,DEV_000040,IP_000040,,LOC_000097,,,,completed,pos,
EVT_000627,location_ping,2025-05-11 12:59:07,PER_000021,,,DEV_000078,,,LOC_000086,,,,completed,mobile_app,
EVT_001069,location_ping,2025-05-11 14:25:16,PER_000030,,,DEV_000068,,,LOC_000108,,,,completed,pos,
EVT_001147,sms,2025-05-11 15:57:21,PER_000059,PER_000046,PH_000059,,,,LOC_000071,,,inbound,completed,web,
EVT_005179,call,2025-05-11 16:09:05,PER_000018,PER_000002,PH_000018,,,,LOC_000056,,654.0,inbound,completed,api,
EVT_006010,location_ping,2025-05-11 16:43:07,PER_000015,,,DEV_000110,,,LOC_000054,,,,completed,api,
EVT_003692,call,2025-05-11 17:07:34,PER_000022,PER_000016,PH_000022,,,,LOC_000104,,1046.0,outbound,completed,ussd,
EVT_005367,transaction,2025-05-11 18:03:21,PER_000059,PER_000070,,DEV_000056,IP_000046,ACC_000059,LOC_000071,3496.52,,internal,completed,pos,deposit
EVT_000797,login,2025-05-11 18:25:02,PER_000018,,PH_000018,DEV_000081,IP_000063,,LOC_000001,,,,completed,api,
EVT_004604,call,2025-05-11 18:55:42,PER_000003,PER_000019,PH_000126,,,,LOC_000054,,708.0,outbound,completed,web,
EVT_002500,transaction,2025-05-11 20:24:45,PER_000073,PER_000085,,DEV_000014,IP_000075,ACC_000073,LOC_000015,788.49,,inbound,completed,ussd,deposit
EVT_005220,call,2025-05-11 20:28:49,PER_000006,PER_000091,PH_000006,,,,LOC_000060,,240.0,inbound,completed,ussd,
EVT_003926,location_ping,2025-05-11 23:06:31,PER_000059,,,DEV_000015,,,LOC_000040,,,,completed,ussd,
EVT_003346,login,2025-05-12 03:04:40,PER_000010,,PH_000212,DEV_000088,IP_000036,,LOC_000062,,,,completed,api,
EVT_007141,location_ping,2025-05-12 06:22:57,PER_000059,,,DEV_000088,,,LOC_000071,,,,completed,pos,
EVT_000102,login,2025-05-12 07:34:46,PER_000015,,PH_000015,DEV_000004,IP_000117,,LOC_000054,,,,completed,ussd,
EVT_007334,call,2025-05-12 08:15:39,PER_000067,PER_000028,PH_000067,,,,LOC_000054,,25.0,inbound,completed,pos,
EVT_001714,call,2025-05-12 09:11:38,PER_000018,PER_000016,PH_000018,,,,LOC_000001,,163.0,inbound,completed,pos,
EVT_004538,sms,2025-05-12 09:12:27,PER_000050,PER_000087,PH_000050,,,,LOC_000058,,,internal,completed,mobile_app,
EVT_002919,sms,2025-05-12 09:13:50,PER_000068,PER_000066,PH_000208,,,,LOC_000081,,,inbound,completed,api,
EVT_000919,login,2025-05-12 09:56:10,PER_000059,,PH_000158,DEV_000095,IP_000003,,LOC_000071,,,,completed,mobile_app,
EVT_002587,call,2025-05-12 13:50:16,PER_000062,PER_000029,PH_000062,,,,LOC_000033,,583.0,outbound,completed,pos,
EVT_004988,call,2025-05-12 14:25:19,PER_000073,PER_000032,PH_000073,,,,LOC_000015,,820.0,inbound,completed,atm,
EVT_001335,login,2025-05-12 15:33:48,PER_000042,,PH_000042,DEV_000044,IP_000112,,LOC_000060,,,,completed,web,
EVT_002380,call,2025-05-12 16:23:23,PER_000032,PER_000043,PH_000102,,,,LOC_000028,,696.0,outbound,completed,pos,
EVT_001516,location_ping,2025-05-12 17:56:24,PER_000093,,,DEV_000034,,,LOC_000071,,,,completed,ussd,
EVT_005925,sms,2025-05-12 18:09:37,PER_000073,PER_000095,PH_000244,,,,LOC_000049,,,internal,completed,mobile_app,
EVT_004474,login,2025-05-12 18:56:34,PER_000050,,PH_000248,DEV_000055,IP_000035,,LOC_000058,,,,completed,web,
EVT_002564,call,2025-05-12 20:02:51,PER_000064,PER_000072,PH_000101,,,,LOC_000020,,76.0,inbound,completed,ussd,
EVT_003725,sms,2025-05-12 22:23:08,PER_000082,PER_000037,PH_000170,,,,LOC_000085,,,inbound,completed,mobile_app,
EVT_001447,login,2025-05-13 06:42:56,PER_000093,,PH_000262,DEV_000060,IP_000094,,LOC_000071,,,,completed,pos,
EVT_006170,transaction,2025-05-13 07:19:06,PER_000095,PER_000045,,DEV_000047,IP_000058,ACC_000095,LOC_000120,2382.71,,inbound,completed,pos,p2p
EVT_002299,transaction,2025-05-13 08:39:40,PER_000058,PER_000076,,DEV_000001,IP_000078,ACC_000058,LOC_000091,1778.43,,internal,completed,web,withdrawal
EVT_002995,call,2025-05-13 10:04:23,PER_000002,PER_000087,PH_000002,,,,LOC_000032,,538.0,inbound,completed,atm,
EVT_002220,location_ping,2025-05-13 13:45:14,PER_000049,,,DEV_000002,,,LOC_000072,,,,completed,api,
EVT_007399,location_ping,2025-05-13 13:54:05,PER_000085,,,DEV_000012,,,LOC_000085,,,,completed,web,
EVT_001596,login,2025-05-13 15:55:49,PER_000073,,PH_000073,DEV_000045,IP_000109,,LOC_000015,,,,completed,web,
EVT_001501,call,2025-05-13 17:31:19,PER_000057,PER_000063,PH_000270,,,,LOC_000030,,471.0,inbound,completed,atm,
EVT_004726,location_ping,2025-05-13 17:33:07,PER_000050,,,DEV_000095,,,LOC_000058,,,,completed,api,
EVT_000723,transaction,2025-05-13 17:38:48,PER_000018,PER_000016,,DEV_000019,IP_000013,ACC_000018,LOC_000001,193.26,,outbound,completed,ussd,transfer
EVT_003960,sms,2025-05-13 18:03:23,PER_000087,PER_000050,PH_000087,,,,LOC_000099,,,internal,completed,atm,
EVT_002329,transaction,2025-05-13 18:19:43,PER_000050,PER_000087,,DEV_000103,IP_000118,ACC_000150,LOC_000058,3926.41,,internal,completed,api,payment
EVT_000407,location_ping,2025-05-13 19:15:53,PER_000093,,,DEV_000093,,,LOC_000071,,,,completed,atm,
EVT_002797,transaction,2025-05-13 21:06:40,PER_000016,PER_000042,,DEV_000082,IP_000018,ACC_000016,LOC_000054,2928.52,,outbound,completed,pos,withdrawal
EVT_000139,call,2025-05-14 05:11:26,PER_000074,PER_000065,PH_000074,,,,LOC_000106,,542.0,internal,completed,web,
EVT_004660,call,2025-05-14 08:00:43,PER_000064,PER_000067,PH_000267,,,,LOC_000020,,835.0,inbound,completed,web,
EVT_004031,login,2025-05-14 08:02:19,PER_000047,,PH_000047,DEV_000100,IP_000048,,LOC_000113,,,,completed,api,
EVT_002639,transaction,2025-05-14 09:17:56,PER_000065,PER_000006,,DEV_000096,IP_000076,ACC_000065,LOC_000072,2083.34,,internal,completed,mobile_app,transfer
EVT_005248,sms,2025-05-14 11:05:18,PER_000009,PER_000072,PH_000009,,,,LOC_000050,,,internal,completed,atm,
EVT_002275,call,2025-05-14 11:24:30,PER_000087,PER_000002,PH_000294,,,,LOC_000099,,706.0,internal,completed,web,
EVT_002836,login,2025-05-14 14:42:12,PER_000073,,PH_000162,DEV_000078,IP_000112,,LOC_000116,,,,completed,atm,
EVT_003468,call,2025-05-14 14:46:04,PER_000024,PER_000018,PH_000024,,,,LOC_000083,,832.0,outbound,completed,web,
EVT_002962,location_ping,2025-05-14 15:10:02,PER_000058,,,DEV_000083,,,LOC_000091,,,,completed,atm,
EVT_001448,transaction,2025-05-14 16:26:06,PER_000064,PER_000081,,DEV_000119,IP_000034,ACC_000064,LOC_000020,2422.65,,internal,completed,api,withdrawal
EVT_002764,sms,2025-05-14 17:08:26,PER_000019,PER_000091,PH_000019,,,,LOC_000006,,,outbound,completed,api,
EVT_002793,sms,2025-05-14 17:25:53,PER_000074,PER_000075,PH_000074,,,,LOC_000106,,,outbound,completed,ussd,
EVT_003239,sms,2025-05-14 18:17:41,PER_000086,PER_000082,PH_000231,,,,LOC_000012,,,outbound,completed,web,
EVT_005026,call,2025-05-14 18:20:23,PER_000007,PER_000062,PH_000211,,,,LOC_000059,,388.0,internal,completed,atm,
EVT_001027,transaction,2025-05-14 18:30:10,PER_000027,PER_000087,,DEV_000109,IP_000005,ACC_000127,LOC_000097,356601.68,,outbound,completed,mobile_app,withdrawal
EVT_006143,sms,2025-05-14 19:01:52,PER_000002,PER_000024,PH_000114,,,,LOC_000032,,,outbound,completed,api,
EVT_002160,login,2025-05-14 23:13:38,PER_000059,,PH_000158,DEV_000051,IP_000062,,LOC_000071,,,,completed,pos,
EVT_005564,login,2025-05-15 05:39:35,PER_000076,,PH_000130,DEV_000001,IP_000001,,LOC_000016,,,,completed,ussd,
EVT_001195,location_ping,2025-05-15 06:24:54,PER_000087,,,DEV_000003,,,LOC_000099,,,,completed,api,
EVT_001538,call,2025-05-15 06:40:16,PER_000093,PER_000087,PH_000142,,,,LOC_000071,,1193.0,outbound,completed,mobile_app,
EVT_003713,sms,2025-05-15 08:59:12,PER_000093,PER_000036,PH_000262,,,,LOC_000071,,,outbound,completed,ussd,
EVT_003453,sms,2025-05-15 09:21:35,PER_000039,PER_000056,PH_000039,,,,LOC_000002,,,inbound,completed,web,
EVT_001002,location_ping,2025-05-15 09:30:04,PER_000048,,,DEV_000075,,,LOC_000025,,,,completed,mobile_app,
EVT_001664,call,2025-05-15 09:58:53,PER_000073,PER_000044,PH_000073,,,,LOC_000015,,598.0,inbound,completed,web,
EVT_003959,call,2025-05-15 12:06:09,PER_000059,PER_000062,PH_000137,,,,LOC_000071,,1150.0,internal,completed,mobile_app,
EVT_001848,transaction,2025-05-15 13:11:45,PER_000016,PER_000002,,DEV_000005,IP_000007,ACC_000016,LOC_000054,4395.98,,internal,completed,mobile_app,payment
EVT_003881,location_ping,2025-05-15 13:28:02,PER_000002,,,DEV_000033,,,LOC_000032,,,,completed,pos,
EVT_003419,call,2025-05-15 13:30:00,PER_000032,PER_000017,PH_000102,,,,LOC_000028,,553.0,inbound,completed,pos,
EVT_001300,transaction,2025-05-15 14:27:03,PER_000042,PER_000027,,DEV_000089,IP_000009,ACC_000142,LOC_000060,334923.73,,inbound,completed,mobile_app,p2p
EVT_006525,sms,2025-05-15 15:18:04,PER_000032,PER_000100,PH_000032,,,,LOC_000028,,,internal,completed,mobile_app,
EVT_006508,sms,2025-05-15 15:36:43,PER_000093,PER_000004,PH_000225,,,,LOC_000071,,,outbound,completed,ussd,
EVT_006930,login,2025-05-15 15:56:39,PER_000059,,PH_000137,DEV_000002,IP_000088,,LOC_000071,,,,completed,api,
EVT_002459,sms,2025-05-15 18:51:32,PER_000095,PER_000091,PH_000095,,,,LOC_000120,,,internal,completed,api,
EVT_002419,call,2025-05-15 20:27:05,PER_000024,PER_000027,PH_000024,,,,LOC_000083,,385.0,internal,completed,mobile_app,
EVT_006221,location_ping,2025-05-15 21:24:35,PER_000025,,,DEV_000031,,,LOC_000007,,,,completed,web,
EVT_003593,sms,2025-05-16 04:14:31,PER_000028,PER_000098,PH_000028,,,,LOC_000003,,,inbound,completed,web,
EVT_006444,sms,2025-05-16 08:22:32,PER_000050,PER_000016,PH_000261,,,,LOC_000058,,,internal,completed,atm,
EVT_005222,call,2025-05-16 09:23:20,PER_000065,PER_000080,PH_000065,,,,LOC_000072,,992.0,internal,completed,web,
EVT_000640,call,2025-05-16 10:21:44,PER_000062,PER_000080,PH_000152,,,,LOC_000075,,273.0,outbound,completed,pos,
EVT_000728,sms,2025-05-16 10:30:09,PER_000029,PER_000064,PH_000029,,,,LOC_000100,,,outbound,completed,api,
EVT_003931,login,2025-05-16 10:42:38,PER_000003,,PH_000221,DEV_000008,IP_000041,,LOC_000054,,,,completed,api,
EVT_005528,location_ping,2025-05-16 12:36:12,PER_000045,,,DEV_000001,,,LOC_000004,,,,completed,pos,
EVT_005803,sms,2025-05-16 13:35:36,PER_000042,PER_000087,PH_000042,,,,LOC_000060,,,outbound,completed,web,
EVT_000385,location_ping,2025-05-16 14:21:58,PER_000058,,,DEV_000028,,,LOC_000091,,,,completed,ussd,
EVT_007083,location_ping,2025-05-16 15:32:14,PER_000087,,,DEV_000038,,,LOC_000099,,,,completed,web,
EVT_007375,login,2025-05-16 18:13:47,PER_000075,,PH_000281,DEV_000062,IP_000052,,LOC_000102,,,,completed,web,
EVT_005137,transaction,2025-05-16 19:36:43,PER_000023,PER_000038,,DEV_000058,IP_000003,ACC_000023,LOC_000117,265.82,,internal,completed,pos,transfer
EVT_006627,transaction,2025-05-16 19:44:39,PER_000073,PER_000070,,DEV_000015,IP_000010,ACC_000073,LOC_000015,3941.04,,inbound,completed,web,payment
EVT_004478,call,2025-05-17 07:07:08,PER_000093,PER_000100,PH_000142,,,,LOC_000071,,1035.0,inbound,completed,web,
EVT_003820,call,2025-05-17 08:07:16,PER_000046,PER_000068,PH_000046,,,,LOC_000028,,734.0,internal,completed,web,
EVT_004560,call,2025-05-17 08:50:28,PER_000062,PER_000087,PH_000152,,,,LOC_000033,,1117.0,internal,completed,ussd,
EVT_007279,login,2025-05-17 10:08:35,PER_000018,,PH_000018,DEV_000073,IP_000058,,LOC_000001,,,,completed,mobile_app,
EVT_007098,login,2025-05-17 11:07:16,PER_000028,,PH_000028,DEV_000069,IP_000052,,LOC_000003,,,,completed,web,
EVT_005124,login,2025-05-17 12:08:23,PER_000042,,PH_000042,DEV_000063,IP_000044,,LOC_000060,,,,completed,pos,
EVT_001298,sms,2025-05-17 12:39:57,PER_000065,PER_000030,PH_000159,,,,LOC_000072,,,internal,completed,api,
EVT_002714,login,2025-05-17 12:56:51,PER_000050,,PH_000261,DEV_000082,IP_000061,,LOC_000058,,,,completed,web,
EVT_004849,login,2025-05-17 14:45:00,PER_000042,,PH_000199,DEV_000007,IP_000119,,LOC_000060,,,,completed,ussd,
EVT_005630,transaction,2025-05-17 14:46:24,PER_000003,PER_000031,,DEV_000088,IP_000071,ACC_000003,LOC_000054,4196.96,,internal,completed,api,withdrawal
EVT_002635,login,2025-05-17 16:02:31,PER_000001,,PH_000001,DEV_000059,IP_000068,,LOC_000029,,,,completed,api,
EVT_000788,location_ping,2025-05-17 16:11:18,PER_000002,,,DEV_000054,,,LOC_000032,,,,completed,api,
EVT_000981,sms,2025-05-17 17:01:42,PER_000087,PER_000050,PH_000087,,,,LOC_000099,,,outbound,completed,api,
EVT_005274,login,2025-05-17 20:51:08,PER_000033,,PH_000033,DEV_000017,IP_000096,,LOC_000022,,,,completed,api,
EVT_000143,location_ping,2025-05-18 02:11:47,PER_000024,,,DEV_000064,,,LOC_000083,,,,completed,mobile_app,
EVT_001907,transaction,2025-05-18 02:19:29,PER_000051,PER_000065,,DEV_000042,IP_000103,ACC_000051,LOC_000052,3351.6,,outbound,completed,api,withdrawal
EVT_007218,login,2025-05-18 05:15:01,PER_000001,,PH_000001,DEV_000046,IP_000089,,LOC_000029,,,,completed,web,
EVT_003871,call,2025-05-18 06:11:16,PER_000050,PER_000002,PH_000248,,,,LOC_000058,,321.0,outbound,completed,api,
EVT_003259,transaction,2025-05-18 09:38:39,PER_000093,PER_000025,,DEV_000026,IP_000054,ACC_000093,LOC_000071,1183.94,,outbound,completed,pos,payment
EVT_000887,login,2025-05-18 12:36:53,PER_000029,,PH_000029,DEV_000059,IP_000080,,LOC_000100,,,,completed,pos,
EVT_004643,transaction,2025-05-18 14:55:23,PER_000016,PER_000087,,DEV_000011,IP_000091,ACC_000116,LOC_000054,327.56,,inbound,completed,pos,withdrawal
EVT_000572,transaction,2025-05-18 15:13:37,PER_000029,PER_000082,,DEV_000020,IP_000058,ACC_000029,LOC_000100,4061.22,,inbound,completed,pos,withdrawal
EVT_004671,login,2025-05-18 16:46:12,PER_000042,,PH_000199,DEV_000089,IP_000037,,LOC_000060,,,,completed,mobile_app,
EVT_005475,login,2025-05-18 17:35:36,PER_000059,,PH_000180,DEV_000107,IP_000064,,LOC_000071,,,,completed,mobile_app,
EVT_005756,sms,2025-05-18 18:30:29,PER_000008,PER_000089,PH_000135,,,,LOC_000077,,,inbound,completed,ussd,
EVT_005213,sms,2025-05-18 18:55:47,PER_000093,PER_000037,PH_000138,,,,LOC_000071,,,internal,completed,pos,
EVT_006838,location_ping,2025-05-18 19:31:47,PER_000025,,,DEV_000091,,,LOC_000007,,,,completed,api,
EVT_004076,transaction,2025-05-19 05:36:02,PER_000050,PER_000072,,DEV_000023,IP_000042,ACC_000150,LOC_000058,434186.32,,inbound,completed,atm,transfer
EVT_005548,sms,2025-05-19 07:09:15,PER_000093,PER_000080,PH_000262,,,,LOC_000071,,,inbound,completed,pos,
EVT_007367,login,2025-05-19 07:35:30,PER_000016,,PH_000016,DEV_000026,IP_000113,,LOC_000054,,,,completed,pos,
EVT_003465,login,2025-05-19 09:11:09,PER_000001,,PH_000298,DEV_000054,IP_000117,,LOC_000029,,,,completed,ussd,
EVT_003390,call,2025-05-19 09:15:21,PER_000062,PER_000071,PH_000213,,,,LOC_000033,,1155.0,outbound,completed,web,
EVT_003136,call,2025-05-19 09:33:44,PER_000001,PER_000015,PH_000001,,,,LOC_000029,,573.0,internal,completed,ussd,
EVT_003884,sms,2025-05-19 09:41:41,PER_000067,PER_000035,PH_000067,,,,LOC_000031,,,inbound,completed,ussd,
EVT_001559,location_ping,2025-05-19 09:48:05,PER_000024,,,DEV_000094,,,LOC_000083,,,,completed,atm,
EVT_001166,transaction,2025-05-19 12:01:57,PER_000029,PER_000065,,DEV_000057,IP_000077,ACC_000129,LOC_000100,3986.18,,internal,completed,web,payment
EVT_000317,transaction,2025-05-19 12:43:44,PER_000042,PER_000002,,DEV_000106,IP_000019,ACC_000042,LOC_000060,4145.27,,inbound,completed,atm,payment
EVT_005312,call,2025-05-19 13:34:32,PER_000050,PER_000037,PH_000261,,,,LOC_000058,,676.0,inbound,completed,pos,
EVT_006911,transaction,2025-05-19 14:02:26,PER_000093,PER_000026,,DEV_000018,IP_000010,ACC_000093,LOC_000071,2731.47,,internal,completed,api,transfer
EVT_000538,call,2025-05-19 14:07:34,PER_000024,PER_000042,PH_000024,,,,LOC_000083,,314.0,inbound,completed,atm,
EVT_000232,transaction,2025-05-19 14:09:45,PER_000071,PER_000037,,DEV_000022,IP_000010,ACC_000071,LOC_000005,242.51,,internal,completed,atm,payment
EVT_003832,sms,2025-05-19 16:12:01,PER_000060,PER_000096,PH_000060,,,,LOC_000014,,,internal,completed,mobile_app,
EVT_002700,call,2025-05-19 16:28:03,PER_000073,PER_000015,PH_000116,,,,LOC_000015,,449.0,outbound,completed,api,
EVT_006912,sms,2025-05-19 18:37:27,PER_000021,PER_000033,PH_000021,,,,LOC_000086,,,inbound,completed,web,
EVT_000690,sms,2025-05-19 20:46:02,PER_000062,PER_000014,PH_000062,,,,LOC_000033,,,inbound,completed,pos,
EVT_005071,sms,2025-05-20 05:13:21,PER_000024,PER_000050,PH_000024,,,,LOC_000083,,,outbound,completed,mobile_app,
EVT_002967,location_ping,2025-05-20 06:46:43,PER_000024,,,DEV_000041,,,LOC_000083,,,,completed,mobile_app,
EVT_004890,location_ping,2025-05-20 07:35:07,PER_000027,,,DEV_000116,,,LOC_000097,,,,completed,ussd,
EVT_001464,call,2025-05-20 07:36:34,PER_000002,PER_000030,PH_000002,,,,LOC_000032,,369.0,outbound,completed,mobile_app,
EVT_005610,call,2025-05-20 08:10:50,PER_000062,PER_000085,PH_000062,,,,LOC_000033,,936.0,internal,completed,mobile_app,
EVT_002508,sms,2025-05-20 09:32:17,PER_000093,PER_000077,PH_000138,,,,LOC_000071,,,internal,completed,atm,
EVT_003254,transaction,2025-05-20 10:59:08,PER_000074,PER_000082,,DEV_000099,IP_000019,ACC_000074,LOC_000106,2272.38,,inbound,completed,atm,p2p
EVT_006008,location_ping,2025-05-20 12:08:55,PER_000056,,,DEV_000113,,,LOC_000056,,,,completed,web,
EVT_005246,call,2025-05-20 12:12:58,PER_000093,PER_000067,PH_000262,,,,LOC_000071,,404.0,inbound,completed,web,
EVT_001032,sms,2025-05-20 15:32:52,PER_000042,PER_000027,PH_000042,,,,LOC_000060,,,outbound,completed,mobile_app,
EVT_003499,sms,2025-05-20 16:00:49,PER_000027,PER_000016,PH_000245,,,,LOC_000097,,,inbound,completed,api,
EVT_002360,sms,2025-05-20 17:29:27,PER_000093,PER_000088,PH_000093,,,,LOC_000071,,,inbound,completed,pos,
EVT_007459,login,2025-05-20 17:49:51,PER_000018,,PH_000018,DEV_000086,IP_000110,,LOC_000001,,,,completed,web,
EVT_003883,call,2025-05-20 18:54:15,PER_000073,PER_000066,PH_000244,,,,LOC_000067,,738.0,outbound,completed,pos,
EVT_001088,location_ping,2025-05-20 21:36:50,PER_000001,,,DEV_000064,,,LOC_000029,,,,completed,mobile_app,
EVT_001066,location_ping,2025-05-21 04:33:25,PER_000095,,,DEV_000056,,,LOC_000120,,,,completed,api,
EVT_000438,location_ping,2025-05-21 07:12:54,PER_000030,,,DEV_000003,,,LOC_000108,,,,completed,pos,
EVT_003903,call,2025-05-21 09:08:55,PER_000049,PER_000076,PH_000187,,,,LOC_000072,,198.0,outbound,completed,mobile_app,
EVT_004867,transaction,2025-05-21 13:26:36,PER_000004,PER_000005,,DEV_000108,IP_000006,ACC_000104,LOC_000052,2966.93,,internal,completed,ussd,deposit
EVT_002446,login,2025-05-21 14:02:31,PER_000021,,PH_000103,DEV_000004,IP_000082,,LOC_000086,,,,completed,web,
EVT_007451,call,2025-05-21 14:34:55,PER_000087,PER_000027,PH_000087,,,,LOC_000099,,75.0,outbound,completed,api,
EVT_002377,location_ping,2025-05-21 14:51:30,PER_000042,,,DEV_000015,,,LOC_000060,,,,completed,ussd,
EVT_005157,call,2025-05-21 16:00:36,PER_000051,PER_000052,PH_000124,,,,LOC_000052,,323.0,outbound,completed,ussd,
EVT_007374,login,2025-05-21 16:05:13,PER_000002,,PH_000002,DEV_000089,IP_000038,,LOC_000032,,,,completed,mobile_app,
EVT_000528,login,2025-05-21 17:40:41,PER_000073,,PH_000175,DEV_000048,IP_000002,,LOC_000015,,,,completed,web,
EVT_006002,sms,2025-05-21 17:57:59,PER_000001,PER_000008,PH_000298,,,,LOC_000029,,,outbound,completed,mobile_app,
EVT_005616,sms,2025-05-21 18:17:39,PER_000074,PER_000092,PH_000074,,,,LOC_000106,,,outbound,completed,ussd,
EVT_004409,call,2025-05-21 19:48:18,PER_000024,PER_000042,PH_000024,,,,LOC_000083,,860.0,internal,completed,atm,
EVT_006300,sms,2025-05-21 20:00:45,PER_000023,PER_000068,PH_000234,,,,LOC_000117,,,internal,completed,mobile_app,
EVT_001373,location_ping,2025-05-22 06:04:39,PER_000095,,,DEV_000051,,,LOC_000120,,,,completed,mobile_app,
EVT_002365,transaction,2025-05-22 10:20:29,PER_000079,PER_000089,,DEV_000112,IP_000103,ACC_000079,LOC_000004,2623.16,,inbound,completed,web,payment
EVT_005470,call,2025-05-22 11:53:49,PER_000002,PER_000098,PH_000114,,,,LOC_000032,,969.0,outbound,completed,atm,
EVT_001368,call,2025-05-22 12:59:45,PER_000059,PER_000091,PH_000137,,,,LOC_000071,,750.0,inbound,completed,pos,
EVT_002994,location_ping,2025-05-22 14:20:53,PER_000016,,,DEV_000085,,,LOC_000054,,,,completed,atm,
EVT_002887,call,2025-05-22 14:53:16,PER_000006,PER_000026,PH_000121,,,,LOC_000060,,445.0,inbound,completed,atm,
EVT_004995,sms,2025-05-22 16:29:04,PER_000073,PER_000050,PH_000162,,,,LOC_000015,,,internal,completed,api,
EVT_000114,login,2025-05-22 16:53:23,PER_000092,,PH_000092,DEV_000087,IP_000094,,LOC_000060,,,,completed,pos,
EVT_004806,sms,2025-05-22 17:18:12,PER_000050,PER_000064,PH_000050,,,,LOC_000058,,,internal,completed,pos,
EVT_003606,sms,2025-05-22 17:36:07,PER_000093,PER_000084,PH_000093,,,,LOC_000071,,,outbound,completed,ussd,
EVT_006073,sms,2025-05-22 18:45:11,PER_000001,PER_000020,PH_000298,,,,LOC_000029,,,outbound,completed,ussd,
EVT_006759,sms,2025-05-22 18:47:20,PER_000079,PER_000064,PH_000079,,,,LOC_000004,,,internal,completed,api,
EVT_004450,sms,2025-05-22 19:08:28,PER_000075,PER_000073,PH_000127,,,,LOC_000102,,,internal,completed,ussd,
EVT_004614,call,2025-05-22 22:53:55,PER_000029,PER_000094,PH_000029,,,,LOC_000100,,1130.0,outbound,completed,pos,
EVT_006241,sms,2025-05-23 02:38:12,PER_000089,PER_000063,PH_000089,,,,LOC_000047,,,outbound,completed,pos,
EVT_001033,location_ping,2025-05-23 05:29:15,PER_000042,,,DEV_000023,,,LOC_000060,,,,completed,mobile_app,
EVT_001567,sms,2025-05-23 06:34:17,PER_000042,PER_000018,PH_000199,,,,LOC_000060,,,internal,completed,ussd,
EVT_006600,sms,2025-05-23 09:57:53,PER_000089,PER_000068,PH_000282,,,,LOC_000047,,,inbound,completed,api,
EVT_005859,transaction,2025-05-23 10:28:54,PER_000073,PER_000045,,DEV_000029,IP_000083,ACC_000073,LOC_000114,82214.83,,internal,completed,api,p2p
EVT_004800,transaction,2025-05-23 10:44:00,PER_000002,PER_000087,,DEV_000033,IP_000097,ACC_000102,LOC_000032,2840.27,,internal,completed,ussd,payment
EVT_000817,sms,2025-05-23 13:38:49,PER_000024,PER_000002,PH_000024,,,,LOC_000083,,,outbound,completed,api,
EVT_004446,sms,2025-05-23 14:33:38,PER_000059,PER_000025,PH_000137,,,,LOC_000062,,,inbound,completed,atm,
EVT_004581,location_ping,2025-05-23 14:33:44,PER_000055,,,DEV_000035,,,LOC_000016,,,,completed,ussd,
EVT_001444,sms,2025-05-23 15:41:23,PER_000008,PER_000028,PH_000008,,,,LOC_000095,,,internal,completed,ussd,
EVT_007128,call,2025-05-23 16:42:26,PER_000042,PER_000024,PH_000042,,,,LOC_000060,,235.0,internal,completed,pos,
EVT_000353,sms,2025-05-23 16:56:50,PER_000061,PER_000019,PH_000239,,,,LOC_000062,,,internal,completed,web,
EVT_002087,call,2025-05-23 17:20:48,PER_000042,PER_000084,PH_000199,,,,LOC_000074,,717.0,inbound,completed,mobile_app,
EVT_001347,call,2025-05-23 17:22:08,PER_000016,PER_000029,PH_000016,,,,LOC_000054,,207.0,inbound,completed,ussd,
EVT_005853,sms,2025-05-23 17:29:57,PER_000021,PER_000002,PH_000103,,,,LOC_000086,,,outbound,completed,atm,
EVT_000329,login,2025-05-23 20:48:45,PER_000073,,PH_000244,DEV_000076,IP_000035,,LOC_000015,,,,completed,api,
EVT_007495,login,2025-05-23 22:01:20,PER_000059,,PH_000059,DEV_000063,IP_000079,,LOC_000071,,,,completed,mobile_app,
EVT_001385,sms,2025-05-24 04:08:05,PER_000056,PER_000023,PH_000253,,,,LOC_000036,,,internal,completed,web,
EVT_006969,transaction,2025-05-24 06:37:14,PER_000100,PER_000062,,DEV_000098,IP_000101,ACC_000100,LOC_000108,4014.11,,internal,completed,api,p2p
EVT_002210,location_ping,2025-05-24 06:57:34,PER_000039,,,DEV_000076,,,LOC_000002,,,,completed,mobile_app,
EVT_001440,location_ping,2025-05-24 07:27:25,PER_000093,,,DEV_000024,,,LOC_000071,,,,completed,mobile_app,
EVT_004873,transaction,2025-05-24 09:14:51,PER_000059,PER_000093,,DEV_000075,IP_000117,ACC_000059,LOC_000071,3785.23,,internal,completed,api,p2p
EVT_002542,login,2025-05-24 09:25:51,PER_000087,,PH_000087,DEV_000034,IP_000120,,LOC_000099,,,,completed,mobile_app,
EVT_002577,call,2025-05-24 10:55:01,PER_000062,PER_000070,PH_000152,,,,LOC_000033,,968.0,internal,completed,mobile_app,
EVT_003951,call,2025-05-24 11:29:41,PER_000058,PER_000072,PH_000252,,,,LOC_000091,,956.0,inbound,completed,web,
EVT_000048,transaction,2025-05-24 11:53:31,PER_000062,PER_000091,,DEV_000013,IP_000112,ACC_000062,LOC_000033,1884.23,,inbound,completed,api,deposit
EVT_006106,location_ping,2025-05-24 12:29:39,PER_000066,,,DEV_000079,,,LOC_000049,,,,completed,atm,
EVT_002018,sms,2025-05-24 12:50:14,PER_000098,PER_000068,PH_000098,,,,LOC_000012,,,inbound,completed,api,
EVT_007285,location_ping,2025-05-24 14:22:27,PER_000035,,,DEV_000081,,,LOC_000029,,,,completed,atm,
EVT_001322,sms,2025-05-24 15:05:38,PER_000071,PER_000093,PH_000071,,,,LOC_000005,,,internal,completed,mobile_app,
EVT_006222,location_ping,2025-05-24 16:33:06,PER_000080,,,DEV_000059,,,LOC_000074,,,,completed,mobile_app,
EVT_006174,transaction,2025-05-24 16:50:13,PER_000027,PER_000016,,DEV_000031,IP_000068,ACC_000027,LOC_000097,150129.44,,outbound,completed,web,p2p
EVT_004236,sms,2025-05-24 21:06:43,PER_000001,PER_000059,PH_000001,,,,LOC_000029,,,inbound,completed,mobile_app,
EVT_005059,login,2025-05-25 04:10:45,PER_000079,,PH_000079,DEV_000113,IP_000059,,LOC_000004,,,,completed,pos,
EVT_000624,sms,2025-05-25 05:16:57,PER_000014,PER_000025,PH_000014,,,,LOC_000027,,,outbound,completed,pos,
EVT_005321,call,2025-05-25 06:36:28,PER_000070,PER_000093,PH_000188,,,,LOC_000001,,273.0,internal,completed,web,
EVT_003946,call,2025-05-25 09:09:08,PER_000062,PER_000091,PH_000152,,,,LOC_000033,,445.0,outbound,completed,api,
EVT_006980,location_ping,2025-05-25 09:33:58,PER_000062,,,DEV_000065,,,LOC_000033,,,,completed,api,
EVT_004910,login,2025-05-25 10:30:16,PER_000042,,PH_000199,DEV_000078,IP_000026,,LOC_000060,,,,completed,mobile_app,
EVT_005420,call,2025-05-25 11:17:57,PER_000087,PER_000018,PH_000294,,,,LOC_000099,,996.0,internal,completed,ussd,
EVT_003516,transaction,2025-05-25 11:38:16,PER_000073,PER_000008,,DEV_000088,IP_000104,ACC_000073,LOC_000015,713.38,,outbound,completed,ussd,p2p
EVT_001450,location_ping,2025-05-25 11:45:16,PER_000050,,,DEV_000032,,,LOC_000058,,,,completed,pos,
EVT_000945,transaction,2025-05-25 11:48:10,PER_000088,PER_000009,,DEV_000009,IP_000064,ACC_000088,LOC_000008,3038.05,,inbound,completed,ussd,transfer
EVT_001468,login,2025-05-25 11:55:25,PER_000050,,PH_000248,DEV_000100,IP_000096,,LOC_000058,,,,completed,api,
EVT_003877,call,2025-05-25 13:22:07,PER_000087,PER_000058,PH_000294,,,,LOC_000099,,349.0,internal,completed,ussd,
EVT_005464,login,2025-05-25 14:28:33,PER_000032,,PH_000165,DEV_000111,IP_000090,,LOC_000028,,,,completed,api,
EVT_002581,login,2025-05-25 14:49:55,PER_000087,,PH_000294,DEV_000111,IP_000017,,LOC_000099,,,,completed,api,
EVT_002806,login,2025-05-25 14:51:03,PER_000027,,PH_000027,DEV_000056,IP_000002,,LOC_000097,,,,completed,ussd,
EVT_004536,transaction,2025-05-25 15:14:49,PER_000011,PER_000041,,DEV_000080,IP_000011,ACC_000111,LOC_000063,4372.51,,outbound,completed,pos,p2p
EVT_004395,transaction,2025-05-25 15:15:54,PER_000007,PER_000023,,DEV_000013,IP_000106,ACC_000007,LOC_000059,3182.13,,outbound,completed,api,withdrawal
EVT_001695,call,2025-05-25 16:22:49,PER_000003,PER_000074,PH_000221,,,,LOC_000077,,711.0,outbound,completed,mobile_app,
EVT_005119,location_ping,2025-05-25 16:36:26,PER_000048,,,DEV_000111,,,LOC_000025,,,,completed,mobile_app,
EVT_005363,call,2025-05-25 19:57:30,PER_000071,PER_000005,PH_000071,,,,LOC_000005,,211.0,internal,completed,pos,
EVT_006975,sms,2025-05-25 19:58:19,PER_000073,PER_000040,PH_000073,,,,LOC_000015,,,outbound,completed,mobile_app,
EVT_006077,sms,2025-05-25 20:45:33,PER_000062,PER_000015,PH_000213,,,,LOC_000026,,,inbound,completed,mobile_app,
EVT_004302,transaction,2025-05-25 23:59:49,PER_000059,PER_000017,,DEV_000115,IP_000103,ACC_000059,LOC_000071,1223.16,,outbound,completed,mobile_app,payment
EVT_005774,login,2025-05-26 04:18:46,PER_000093,,PH_000262,DEV_000098,IP_000112,,LOC_000071,,,,completed,atm,
EVT_004843,login,2025-05-26 06:25:50,PER_000002,,PH_000002,DEV_000089,IP_000019,,LOC_000032,,,,completed,pos,
EVT_002654,transaction,2025-05-26 08:56:45,PER_000018,PER_000016,,DEV_000019,IP_000109,ACC_000118,LOC_000001,187.84,,inbound,completed,mobile_app,p2p
EVT_002733,transaction,2025-05-26 09:26:10,PER_000042,PER_000016,,DEV_000107,IP_000030,ACC_000142,LOC_000060,176233.22,,internal,completed,pos,withdrawal
EVT_001827,location_ping,2025-05-26 09:41:05,PER_000042,,,DEV_000035,,,LOC_000060,,,,completed,pos,
EVT_004042,sms,2025-05-26 09:45:43,PER_000025,PER_000085,PH_000025,,,,LOC_000091,,,outbound,completed,pos,
EVT_002665,login,2025-05-26 12:03:02,PER_000059,,PH_000137,DEV_000088,IP_000087,,LOC_000071,,,,completed,ussd,
EVT_005798,call,2025-05-26 13:11:05,PER_000059,PER_000003,PH_000180,,,,LOC_000113,,813.0,outbound,completed,web,
EVT_007283,transaction,2025-05-26 13:16:30,PER_000094,PER_000097,,DEV_000046,IP_000055,ACC_000094,LOC_000110,3023.28,,outbound,completed,atm,payment
EVT_000196,call,2025-05-26 14:12:50,PER_000059,PER_000091,PH_000158,,,,LOC_000071,,752.0,inbound,completed,api,
EVT_000278,location_ping,2025-05-26 14:26:44,PER_000091,,,DEV_000002,,,LOC_000057,,,,completed,mobile_app,
EVT_000153,sms,2025-05-26 16:22:20,PER_000069,PER_000088,PH_000217,,,,LOC_000049,,,inbound,completed,ussd,
EVT_005573,login,2025-05-26 16:34:34,PER_000093,,PH_000225,DEV_000103,IP_000030,,LOC_000071,,,,completed,pos,
EVT_002082,transaction,2025-05-26 16:47:46,PER_000028,PER_000080,,DEV_000086,IP_000049,ACC_000128,LOC_000003,2613.57,,internal,completed,ussd,p2p
EVT_001200,call,2025-05-26 16:49:50,PER_000020,PER_000012,PH_000020,,,,LOC_000056,,264.0,internal,completed,ussd,
EVT_006944,login,2025-05-26 18:41:33,PER_000042,,PH_000199,DEV_000066,IP_000052,,LOC_000060,,,,completed,pos,
EVT_003668,location_ping,2025-05-26 18:45:29,PER_000032,,,DEV_000109,,,LOC_000028,,,,completed,atm,
EVT_006822,login,2025-05-26 19:44:01,PER_000030,,PH_000229,DEV_000065,IP_000108,,LOC_000108,,,,completed,atm,
EVT_001713,login,2025-05-26 21:37:04,PER_000068,,PH_000068,DEV_000048,IP_000075,,LOC_000081,,,,completed,pos,
EVT_000138,location_ping,2025-05-26 21:46:53,PER_000001,,,DEV_000045,,,LOC_000029,,,,completed,mobile_app,
EVT_004736,call,2025-05-27 02:40:42,PER_000073,PER_000100,PH_000162,,,,LOC_000015,,178.0,internal,completed,mobile_app,
EVT_001431,sms,2025-05-27 06:40:45,PER_000042,PER_000018,PH_000199,,,,LOC_000017,,,outbound,completed,web,
EVT_002401,login,2025-05-27 07:03:18,PER_000008,,PH_000008,DEV_000029,IP_000055,,LOC_000077,,,,completed,ussd,
EVT_006062,call,2025-05-27 08:41:05,PER_000001,PER_000053,PH_000298,,,,LOC_000029,,1177.0,inbound,completed,atm,
EVT_000161,transaction,2025-05-27 09:30:34,PER_000018,PER_000027,,DEV_000039,IP_000002,ACC_000118,LOC_000001,860.74,,outbound,completed,ussd,transfer
EVT_004489,call,2025-05-27 09:30:55,PER_000001,PER_000070,PH_000001,,,,LOC_000029,,219.0,internal,completed,ussd,
EVT_004941,call,2025-05-27 09:44:12,PER_000025,PER_000002,PH_000132,,,,LOC_000007,,764.0,internal,completed,ussd,
EVT_003249,location_ping,2025-05-27 10:46:23,PER_000054,,,DEV_000012,,,LOC_000030,,,,completed,api,
EVT_007060,login,2025-05-27 10:52:38,PER_000087,,PH_000087,DEV_000086,IP_000101,,LOC_000005,,,,completed,mobile_app,
EVT_004403,call,2025-05-27 11:24:02,PER_000007,PER_000018,PH_000007,,,,LOC_000059,,828.0,internal,completed,atm,
EVT_003233,call,2025-05-27 12:05:23,PER_000016,PER_000027,PH_000016,,,,LOC_000054,,258.0,internal,completed,web,
EVT_000423,sms,2025-05-27 14:09:11,PER_000070,PER_000033,PH_000070,,,,LOC_000001,,,internal,completed,web,
EVT_005754,call,2025-05-27 14:22:58,PER_000042,PER_000050,PH_000199,,,,LOC_000060,,758.0,internal,completed,mobile_app,
EVT_002098,sms,2025-05-27 14:53:32,PER_000027,PER_000016,PH_000245,,,,LOC_000097,,,outbound,completed,atm,
EVT_000401,transaction,2025-05-27 18:32:10,PER_000061,PER_000011,,DEV_000048,IP_000092,ACC_000061,LOC_000062,3393.13,,outbound,completed,api,withdrawal
EVT_006596,login,2025-05-27 19:03:29,PER_000080,,PH_000080,DEV_000031,IP_000073,,LOC_000074,,,,completed,web,
EVT_005559,sms,2025-05-27 20:52:30,PER_000036,PER_000023,PH_000036,,,,LOC_000090,,,outbound,completed,pos,
EVT_006367,sms,2025-05-27 22:11:34,PER_000002,PER_000042,PH_000114,,,,LOC_000032,,,outbound,completed,web,
EVT_005958,login,2025-05-28 04:02:56,PER_000002,,PH_000002,DEV_000044,IP_000071,,LOC_000045,,,,completed,web,
EVT_004334,login,2025-05-28 04:36:32,PER_000043,,PH_000223,DEV_000001,IP_000001,,LOC_000110,,,,completed,ussd,
EVT_004130,transaction,2025-05-28 04:38:28,PER_000019,PER_000070,,DEV_000049,IP_000035,ACC_000019,LOC_000069,194.41,,internal,completed,ussd,payment
EVT_000297,sms,2025-05-28 06:04:06,PER_000073,PER_000022,PH_000162,,,,LOC_000015,,,internal,completed,mobile_app,
EVT_000142,sms,2025-05-28 07:05:25,PER_000034,PER_000088,PH_000167,,,,LOC_000075,,,inbound,completed,mobile_app,
EVT_001933,location_ping,2025-05-28 08:45:23,PER_000062,,,DEV_000003,,,LOC_000033,,,,completed,atm,
EVT_001840,transaction,2025-05-28 12:59:43,PER_000027,PER_000042,,DEV_000062,IP_000019,ACC_000027,LOC_000097,264872.9,,outbound,completed,ussd,p2p
EVT_004828,login,2025-05-28 13:10:24,PER_000001,,PH_000001,DEV_000040,IP_000017,,LOC_000040,,,,completed,web,
EVT_006136,call,2025-05-28 13:25:20,PER_000096,PER_000034,PH_000096,,,,LOC_000107,,816.0,outbound,completed,mobile_app,
EVT_005997,transaction,2025-05-28 13:47:00,PER_000027,PER_000016,,DEV_000001,IP_000052,ACC_000127,LOC_000097,3739.63,,inbound,completed,web,deposit
EVT_001859,sms,2025-05-28 15:56:28,PER_000042,PER_000018,PH_000199,,,,LOC_000060,,,outbound,completed,atm,
EVT_003682,login,2025-05-28 16:13:37,PER_000002,,PH_000002,DEV_000081,IP_000052,,LOC_000033,,,,completed,pos,
EVT_002568,location_ping,2025-05-28 17:29:25,PER_000087,,,DEV_000078,,,LOC_000099,,,,completed,web,
EVT_000902,login,2025-05-28 19:49:43,PER_000040,,PH_000040,DEV_000068,IP_000107,,LOC_000047,,,,completed,web,
EVT_001121,login,2025-05-28 20:31:33,PER_000070,,PH_000070,DEV_000020,IP_000023,,LOC_000001,,,,completed,web,
EVT_000341,sms,2025-05-28 22:16:03,PER_000093,PER_000039,PH_000262,,,,LOC_000071,,,internal,completed,web,
EVT_001663,call,2025-05-28 23:36:36,PER_000027,PER_000002,PH_000027,,,,LOC_000097,,96.0,inbound,completed,api,
EVT_000365,call,2025-05-29 05:16:15,PER_000018,PER_000016,PH_000018,,,,LOC_000001,,677.0,outbound,completed,pos,
EVT_004311,sms,2025-05-29 08:06:23,PER_000085,PER_000017,PH_000085,,,,LOC_000085,,,outbound,completed,pos,
EVT_002213,transaction,2025-05-29 08:43:47,PER_000087,PER_000018,,DEV_000020,IP_000066,ACC_000087,LOC_000099,280298.52,,internal,completed,pos,p2p
EVT_002854,call,2025-05-29 08:45:17,PER_000018,PER_000035,PH_000018,,,,LOC_000001,,241.0,inbound,completed,api,
EVT_003214,sms,2025-05-29 10:26:08,PER_000027,PER_000096,PH_000245,,,,LOC_000097,,,outbound,completed,mobile_app,
EVT_000391,location_ping,2025-05-29 11:02:31,PER_000077,,,DEV_000063,,,LOC_000035,,,,completed,web,
EVT_001896,login,2025-05-29 11:07:40,PER_000001,,PH_000298,DEV_000063,IP_000072,,LOC_000029,,,,completed,pos,
EVT_004174,location_ping,2025-05-29 11:09:28,PER_000050,,,DEV_000081,,,LOC_000058,,,,completed,ussd,
EVT_006202,call,2025-05-29 12:11:17,PER_000015,PER_000019,PH_000015,,,,LOC_000054,,443.0,internal,completed,ussd,
EVT_006491,call,2025-05-29 12:33:37,PER_000042,PER_000002,PH_000199,,,,LOC_000060,,1027.0,internal,completed,ussd,
EVT_000669,call,2025-05-29 12:36:30,PER_000093,PER_000089,PH_000142,,,,LOC_000071,,123.0,internal,completed,api,
EVT_002139,location_ping,2025-05-29 13:19:04,PER_000092,,,DEV_000034,,,LOC_000030,,,,completed,atm,
EVT_005419,login,2025-05-29 13:54:27,PER_000058,,PH_000252,DEV_000030,IP_000065,,LOC_000091,,,,completed,ussd,
EVT_001309,location_ping,2025-05-29 13:59:20,PER_000059,,,DEV_000083,,,LOC_000071,,,,completed,atm,
EVT_003637,call,2025-05-29 14:40:01,PER_000037,PER_000025,PH_000233,,,,LOC_000101,,814.0,outbound,completed,web,
EVT_007113,sms,2025-05-29 15:01:17,PER_000016,PER_000024,PH_000016,,,,LOC_000054,,,internal,completed,atm,
EVT_004942,location_ping,2025-05-29 15:28:02,PER_000074,,,DEV_000054,,,LOC_000106,,,,completed,mobile_app,
EVT_004348,sms,2025-05-29 16:05:23,PER_000005,PER_000045,PH_000005,,,,LOC_000100,,,outbound,completed,pos,
EVT_003230,transaction,2025-05-29 16:06:51,PER_000024,PER_000050,,DEV_000062,IP_000116,ACC_000024,LOC_000083,353820.53,,inbound,completed,web,transfer
EVT_004904,sms,2025-05-29 18:40:35,PER_000050,PER_000018,PH_000050,,,,LOC_000058,,,internal,completed,pos,
EVT_004561,sms,2025-05-29 21:18:24,PER_000093,PER_000071,PH_000138,,,,LOC_000071,,,outbound,completed,pos,
EVT_003518,call,2025-05-30 08:19:55,PER_000067,PER_000011,PH_000200,,,,LOC_000050,,991.0,outbound,completed,web,
EVT_000901,sms,2025-05-30 08:40:27,PER_000087,PER_000024,PH_000087,,,,LOC_000099,,,inbound,completed,ussd,
EVT_001489,login,2025-05-30 09:49:37,PER_000016,,PH_000016,DEV_000034,IP_000038,,LOC_000054,,,,completed,ussd,
EVT_001089,location_ping,2025-05-30 10:22:08,PER_000025,,,DEV_000076,,,LOC_000007,,,,completed,ussd,
EVT_001821,location_ping,2025-05-30 12:16:26,PER_000050,,,DEV_000074,,,LOC_000058,,,,completed,mobile_app,
EVT_001405,location_ping,2025-05-30 13:16:09,PER_000001,,,DEV_000072,,,LOC_000029,,,,completed,api,
EVT_002637,call,2025-05-30 13:56:16,PER_000089,PER_000080,PH_000089,,,,LOC_000047,,940.0,outbound,completed,mobile_app,
EVT_003296,transaction,2025-05-30 15:42:25,PER_000087,PER_000019,,DEV_000117,IP_000097,ACC_000087,LOC_000099,3972.15,,internal,completed,web,payment
EVT_000696,location_ping,2025-05-30 15:55:41,PER_000100,,,DEV_000068,,,LOC_000108,,,,completed,ussd,
EVT_000870,login,2025-05-30 17:14:33,PER_000089,,PH_000089,DEV_000012,IP_000094,,LOC_000047,,,,completed,api,
EVT_006086,login,2025-05-30 23:09:14,PER_000087,,PH_000294,DEV_000079,IP_000014,,LOC_000083,,,,completed,web,
EVT_000882,call,2025-05-31 03:39:36,PER_000073,PER_000011,PH_000162,,,,LOC_000015,,575.0,internal,completed,mobile_app,
EVT_001581,call,2025-05-31 04:05:10,PER_000003,PER_000081,PH_000003,,,,LOC_000054,,1139.0,outbound,completed,atm,
EVT_007346,login,2025-05-31 05:21:13,PER_000002,,PH_000002,DEV_000070,IP_000040,,LOC_000032,,,,completed,atm,
EVT_000415,transaction,2025-05-31 05:31:01,PER_000042,PER_000016,,DEV_000007,IP_000120,ACC_000142,LOC_000028,296752.61,,internal,completed,mobile_app,payment
EVT_004814,transaction,2025-05-31 06:51:20,PER_000059,PER_000094,,DEV_000032,IP_000090,ACC_000059,LOC_000071,1428.88,,inbound,completed,pos,withdrawal
EVT_004745,transaction,2025-05-31 07:20:29,PER_000066,PER_000037,,DEV_000119,IP_000088,ACC_000066,LOC_000049,3323.26,,internal,completed,web,deposit
EVT_002773,call,2025-05-31 08:53:25,PER_000001,PER_000002,PH_000001,,,,LOC_000029,,703.0,outbound,completed,web,
EVT_002308,transaction,2025-05-31 09:05:51,PER_000035,PER_000047,,DEV_000109,IP_000076,ACC_000135,LOC_000058,1061.32,,outbound,completed,atm,withdrawal
EVT_001173,login,2025-05-31 12:32:02,PER_000018,,PH_000018,DEV_000056,IP_000036,,LOC_000031,,,,completed,pos,
EVT_006813,location_ping,2025-05-31 13:44:54,PER_000062,,,DEV_000106,,,LOC_000033,,,,completed,api,
EVT_004929,transaction,2025-05-31 14:53:24,PER_000059,PER_000056,,DEV_000090,IP_000053,ACC_000059,LOC_000071,1850.42,,inbound,completed,api,p2p
EVT_002421,login,2025-05-31 16:04:15,PER_000027,,PH_000245,DEV_000001,IP_000015,,LOC_000097,,,,completed,ussd,
EVT_003400,call,2025-05-31 16:09:55,PER_000065,PER_000001,PH_000159,,,,LOC_000072,,893.0,outbound,completed,web,
EVT_002473,login,2025-05-31 16:18:56,PER_000100,,PH_000100,DEV_000080,IP_000113,,LOC_000108,,,,completed,atm,
EVT_006898,login,2025-05-31 16:29:09,PER_000042,,PH_000199,DEV_000047,IP_000032,,LOC_000060,,,,completed,api,
EVT_005780,location_ping,2025-05-31 18:45:29,PER_000001,,,DEV_000069,,,LOC_000029,,,,completed,pos,
EVT_001039,call,2025-06-01 04:23:03,PER_000018,PER_000027,PH_000018,,,,LOC_000001,,992.0,internal,completed,ussd,
EVT_004051,sms,2025-06-01 07:34:42,PER_000041,PER_000007,PH_000041,,,,LOC_000051,,,internal,completed,ussd,
EVT_005368,transaction,2025-06-01 07:48:45,PER_000005,PER_000087,,DEV_000111,IP_000112,ACC_000005,LOC_000100,1270.89,,internal,completed,web,deposit
EVT_000404,location_ping,2025-06-01 12:26:25,PER_000008,,,DEV_000093,,,LOC_000002,,,,completed,atm,
EVT_003897,login,2025-06-01 13:10:22,PER_000025,,PH_000132,DEV_000002,IP_000110,,LOC_000032,,,,completed,mobile_app,
EVT_001621,login,2025-06-01 13:52:04,PER_000059,,PH_000158,DEV_000065,IP_000109,,LOC_000071,,,,completed,api,
EVT_007324,location_ping,2025-06-01 15:16:07,PER_000024,,,DEV_000056,,,LOC_000083,,,,completed,api,
EVT_004434,transaction,2025-06-01 15:53:52,PER_000018,PER_000042,,DEV_000057,IP_000067,ACC_000118,LOC_000013,916.04,,internal,completed,mobile_app,transfer
EVT_001888,location_ping,2025-06-01 16:56:09,PER_000042,,,DEV_000058,,,LOC_000060,,,,completed,pos,
EVT_006743,location_ping,2025-06-01 17:29:20,PER_000058,,,DEV_000022,,,LOC_000091,,,,completed,web,
EVT_007430,transaction,2025-06-01 18:15:41,PER_000002,PER_000021,,DEV_000054,IP_000034,ACC_000102,LOC_000032,91991.3,,outbound,completed,web,p2p
EVT_000519,sms,2025-06-01 19:53:14,PER_000041,PER_000065,PH_000041,,,,LOC_000019,,,internal,completed,api,
EVT_003471,call,2025-06-01 21:54:57,PER_000037,PER_000062,PH_000233,,,,LOC_000101,,322.0,inbound,completed,ussd,
EVT_001989,login,2025-06-01 22:01:35,PER_000064,,PH_000101,DEV_000117,IP_000072,,LOC_000069,,,,completed,web,
EVT_004887,location_ping,2025-06-02 04:04:24,PER_000069,,,DEV_000030,,,LOC_000063,,,,completed,pos,
EVT_005272,transaction,2025-06-02 04:08:06,PER_000002,PER_000024,,DEV_000039,IP_000089,ACC_000102,LOC_000032,242950.98,,internal,completed,atm,transfer
EVT_007329,sms,2025-06-02 08:48:37,PER_000039,PER_000031,PH_000039,,,,LOC_000002,,,inbound,completed,ussd,
EVT_001519,location_ping,2025-06-02 11:39:48,PER_000066,,,DEV_000079,,,LOC_000049,,,,completed,pos,
EVT_004468,location_ping,2025-06-02 13:29:33,PER_000004,,,DEV_000007,,,LOC_000052,,,,completed,pos,
EVT_005219,login,2025-06-02 16:19:43,PER_000059,,PH_000180,DEV_000061,IP_000021,,LOC_000071,,,,completed,ussd,
EVT_000356,sms,2025-06-02 17:13:55,PER_000097,PER_000021,PH_000097,,,,LOC_000071,,,outbound,completed,atm,
EVT_002195,login,2025-06-02 17:41:21,PER_000018,,PH_000018,DEV_000033,IP_000079,,LOC_000001,,,,completed,web,
EVT_004645,location_ping,2025-06-02 20:35:06,PER_000083,,,DEV_000011,,,LOC_000113,,,,completed,ussd,
EVT_004102,login,2025-06-02 21:24:20,PER_000069,,PH_000069,DEV_000114,IP_000072,,LOC_000033,,,,completed,mobile_app,
EVT_000665,call,2025-06-02 21:36:59,PER_000027,PER_000042,PH_000027,,,,LOC_000097,,656.0,inbound,completed,ussd,
EVT_001666,sms,2025-06-02 21:53:29,PER_000018,PER_000042,PH_000018,,,,LOC_000001,,,outbound,completed,pos,
EVT_004354,location_ping,2025-06-03 06:13:16,PER_000043,,,DEV_000001,,,LOC_000110,,,,completed,ussd,
EVT_001662,sms,2025-06-03 08:28:11,PER_000050,PER_000016,PH_000248,,,,LOC_000058,,,outbound,completed,mobile_app,
EVT_006467,transaction,2025-06-03 08:41:09,PER_000018,PER_000099,,DEV_000084,IP_000030,ACC_000018,LOC_000001,3161.27,,internal,completed,mobile_app,payment
EVT_000223,transaction,2025-06-03 09:32:35,PER_000016,PER_000002,,DEV_000088,IP_000043,ACC_000116,LOC_000054,885.16,,internal,completed,ussd,transfer
EVT_000834,location_ping,2025-06-03 09:36:12,PER_000020,,,DEV_000057,,,LOC_000056,,,,completed,api,
EVT_001376,transaction,2025-06-03 09:41:02,PER_000100,PER_000057,,DEV_000051,IP_000026,ACC_000100,LOC_000108,2560.47,,internal,completed,mobile_app,withdrawal
EVT_000270,sms,2025-06-03 10:44:24,PER_000085,PER_000014,PH_000085,,,,LOC_000085,,,outbound,completed,mobile_app,
EVT_001781,login,2025-06-03 11:11:52,PER_000027,,PH_000027,DEV_000044,IP_000051,,LOC_000097,,,,completed,api,
EVT_004857,login,2025-06-03 11:47:28,PER_000084,,PH_000238,DEV_000031,IP_000103,,LOC_000043,,,,completed,atm,
EVT_002453,call,2025-06-03 11:53:58,PER_000024,PER_000018,PH_000024,,,,LOC_000083,,292.0,internal,completed,web,
EVT_004479,sms,2025-06-03 12:16:57,PER_000091,PER_000093,PH_000232,,,,LOC_000057,,,inbound,completed,pos,
EVT_000497,call,2025-06-03 12:38:34,PER_000055,PER_000020,PH_000055,,,,LOC_000016,,1166.0,inbound,completed,atm,
EVT_006681,transaction,2025-06-03 12:59:56,PER_000001,PER_000017,,DEV_000055,IP_000086,ACC_000101,LOC_000029,27598.27,,outbound,completed,web,deposit
EVT_006001,location_ping,2025-06-03 13:29:51,PER_000013,,,DEV_000117,,,LOC_000041,,,,completed,ussd,
EVT_003767,login,2025-06-03 15:03:08,PER_000062,,PH_000213,DEV_000103,IP_000069,,LOC_000080,,,,completed,atm,
EVT_006219,sms,2025-06-03 16:42:07,PER_000024,PER_000020,PH_000024,,,,LOC_000083,,,outbound,completed,pos,
EVT_002003,transaction,2025-06-03 17:15:55,PER_000084,PER_000095,,DEV_000077,IP_000089,ACC_000084,LOC_000005,1446.29,,outbound,completed,atm,deposit
EVT_002007,call,2025-06-03 17:21:01,PER_000082,PER_000086,PH_000082,,,,LOC_000082,,300.0,outbound,completed,mobile_app,
EVT_002628,login,2025-06-03 18:33:16,PER_000015,,PH_000015,DEV_000061,IP_000073,,LOC_000054,,,,completed,mobile_app,
EVT_001760,login,2025-06-03 18:54:45,PER_000051,,PH_000275,DEV_000075,IP_000028,,LOC_000052,,,,completed,web,
EVT_004768,transaction,2025-06-03 19:11:22,PER_000050,PER_000018,,DEV_000091,IP_000067,ACC_000150,LOC_000058,377277.96,,outbound,completed,mobile_app,p2p
EVT_001720,sms,2025-06-03 20:07:01,PER_000010,PER_000028,PH_000212,,,,LOC_000034,,,internal,completed,ussd,
EVT_001530,sms,2025-06-03 20:13:45,PER_000002,PER_000027,PH_000002,,,,LOC_000032,,,outbound,completed,pos,
EVT_001795,login,2025-06-03 21:32:00,PER_000050,,PH_000248,DEV_000064,IP_000082,,LOC_000058,,,,completed,api,
EVT_004796,sms,2025-06-03 22:32:39,PER_000002,PER_000087,PH_000002,,,,LOC_000027,,,inbound,completed,web,
EVT_001908,sms,2025-06-04 03:32:00,PER_000023,PER_000100,PH_000023,,,,LOC_000117,,,outbound,completed,atm,
EVT_000070,call,2025-06-04 06:26:42,PER_000027,PER_000042,PH_000245,,,,LOC_000097,,256.0,internal,completed,web,
EVT_001656,call,2025-06-04 06:49:34,PER_000059,PER_000063,PH_000180,,,,LOC_000071,,442.0,outbound,completed,ussd,
EVT_006728,call,2025-06-04 08:19:35,PER_000018,PER_000050,PH_000018,,,,LOC_000001,,820.0,inbound,completed,atm,
EVT_006055,transaction,2025-06-04 09:14:31,PER_000087,PER_000001,,DEV_000030,IP_000046,ACC_000087,LOC_000099,372965.47,,inbound,completed,pos,withdrawal
EVT_002661,call,2025-06-04 09:51:47,PER_000098,PER_000075,PH_000098,,,,LOC_000096,,426.0,inbound,completed,web,
EVT_002522,transaction,2025-06-04 12:46:53,PER_000046,PER_000090,,DEV_000013,IP_000048,ACC_000146,LOC_000028,2798.95,,outbound,completed,ussd,payment
EVT_004605,location_ping,2025-06-04 13:51:28,PER_000042,,,DEV_000012,,,LOC_000060,,,,completed,ussd,
EVT_005621,login,2025-06-04 16:37:17,PER_000013,,PH_000292,DEV_000117,IP_000013,,LOC_000082,,,,completed,ussd,
EVT_001282,location_ping,2025-06-04 16:51:08,PER_000084,,,DEV_000068,,,LOC_000043,,,,completed,atm,
EVT_001717,call,2025-06-04 17:07:15,PER_000050,PER_000016,PH_000050,,,,LOC_000105,,685.0,outbound,completed,mobile_app,
EVT_002224,login,2025-06-04 17:08:23,PER_000087,,PH_000294,DEV_000103,IP_000004,,LOC_000099,,,,completed,pos,
EVT_007195,transaction,2025-06-04 17:58:57,PER_000062,PER_000099,,DEV_000110,IP_000076,ACC_000062,LOC_000033,868.74,,outbound,completed,ussd,payment
EVT_004666,login,2025-06-04 19:31:35,PER_000093,,PH_000138,DEV_000041,IP_000053,,LOC_000071,,,,completed,api,
EVT_002495,location_ping,2025-06-04 19:35:18,PER_000062,,,DEV_000090,,,LOC_000033,,,,completed,api,
EVT_007024,login,2025-06-04 22:34:47,PER_000042,,PH_000199,DEV_000064,IP_000010,,LOC_000060,,,,completed,ussd,
EVT_004774,sms,2025-06-05 05:33:13,PER_000050,PER_000042,PH_000117,,,,LOC_000058,,,inbound,completed,pos,
EVT_002117,location_ping,2025-06-05 05:45:56,PER_000093,,,DEV_000118,,,LOC_000071,,,,completed,ussd,
EVT_006084,location_ping,2025-06-05 05:48:39,PER_000047,,,DEV_000092,,,LOC_000113,,,,completed,atm,
EVT_001261,transaction,2025-06-05 08:34:08,PER_000052,PER_000021,,DEV_000058,IP_000113,ACC_000052,LOC_000071,4423.11,,outbound,completed,api,p2p
EVT_001880,sms,2025-06-05 11:57:29,PER_000003,PER_000087,PH_000003,,,,LOC_000054,,,outbound,completed,web,
EVT_002774,location_ping,2025-06-05 14:08:03,PER_000087,,,DEV_000098,,,LOC_000099,,,,completed,ussd,
EVT_003391,call,2025-06-05 14:21:03,PER_000004,PER_000012,PH_000289,,,,LOC_000052,,847.0,inbound,completed,ussd,
EVT_003238,sms,2025-06-05 14:23:20,PER_000018,PER_000050,PH_000018,,,,LOC_000001,,,inbound,completed,web,
EVT_003340,call,2025-06-05 15:55:02,PER_000081,PER_000045,PH_000081,,,,LOC_000084,,571.0,inbound,completed,web,
EVT_005498,call,2025-06-05 18:07:16,PER_000062,PER_000049,PH_000213,,,,LOC_000033,,146.0,inbound,completed,atm,
EVT_001208,transaction,2025-06-05 19:18:54,PER_000016,PER_000042,,DEV_000050,IP_000076,ACC_000116,LOC_000054,2873.39,,outbound,completed,api,payment
EVT_006682,sms,2025-06-05 23:08:27,PER_000041,PER_000079,PH_000041,,,,LOC_000073,,,inbound,completed,pos,
EVT_000338,call,2025-06-06 04:07:21,PER_000089,PER_000022,PH_000089,,,,LOC_000047,,1069.0,internal,completed,pos,
EVT_006686,location_ping,2025-06-06 05:39:58,PER_000061,,,DEV_000065,,,LOC_000049,,,,completed,web,
EVT_003325,sms,2025-06-06 07:53:23,PER_000051,PER_000041,PH_000246,,,,LOC_000002,,,inbound,completed,web,
EVT_003644,location_ping,2025-06-06 09:21:16,PER_000004,,,DEV_000004,,,LOC_000052,,,,completed,ussd,
EVT_002490,call,2025-06-06 09:51:11,PER_000042,PER_000018,PH_000199,,,,LOC_000060,,298.0,inbound,completed,atm,
EVT_001998,transaction,2025-06-06 10:25:42,PER_000098,PER_000077,,DEV_000116,IP_000053,ACC_000098,LOC_000096,4065.93,,inbound,completed,api,p2p
EVT_005771,sms,2025-06-06 12:03:27,PER_000070,PER_000020,PH_000188,,,,LOC_000001,,,inbound,completed,pos,
EVT_003110,transaction,2025-06-06 13:00:00,PER_000016,PER_000050,,DEV_000005,IP_000101,ACC_000116,LOC_000054,4476.92,,outbound,completed,web,withdrawal
EVT_001784,login,2025-06-06 14:29:47,PER_000048,,PH_000172,DEV_000051,IP_000004,,LOC_000025,,,,completed,api,
EVT_001294,transaction,2025-06-06 14:41:23,PER_000073,PER_000037,,DEV_000044,IP_000095,ACC_000073,LOC_000109,706.42,,outbound,completed,web,withdrawal
EVT_006020,call,2025-06-06 14:56:12,PER_000073,PER_000058,PH_000162,,,,LOC_000015,,521.0,internal,completed,pos,
EVT_004088,call,2025-06-06 15:18:33,PER_000024,PER_000087,PH_000024,,,,LOC_000083,,215.0,internal,completed,ussd,
EVT_002124,sms,2025-06-06 17:20:56,PER_000056,PER_000039,PH_000056,,,,LOC_000036,,,outbound,completed,web,
EVT_005212,transaction,2025-06-06 17:29:29,PER_000060,PER_000003,,DEV_000036,IP_000070,ACC_000060,LOC_000014,4390.71,,inbound,completed,atm,p2p
EVT_004589,login,2025-06-06 18:35:07,PER_000050,,PH_000248,DEV_000029,IP_000012,,LOC_000058,,,,completed,atm,
EVT_004897,location_ping,2025-06-06 20:27:52,PER_000018,,,DEV_000028,,,LOC_000001,,,,completed,mobile_app,
EVT_001683,location_ping,2025-06-07 09:21:02,PER_000002,,,DEV_000084,,,LOC_000032,,,,completed,mobile_app,
EVT_006200,location_ping,2025-06-07 10:25:03,PER_000024,,,DEV_000037,,,LOC_000083,,,,completed,ussd,
EVT_002835,call,2025-06-07 10:50:58,PER_000018,PER_000042,PH_000018,,,,LOC_000088,,836.0,inbound,completed,api,
EVT_002068,transaction,2025-06-07 10:57:00,PER_000056,PER_000013,,DEV_000084,IP_000102,ACC_000056,LOC_000036,3928.68,,inbound,completed,mobile_app,p2p
EVT_006836,location_ping,2025-06-07 13:28:06,PER_000045,,,DEV_000001,,,LOC_000004,,,,completed,mobile_app,
EVT_005008,login,2025-06-07 14:42:03,PER_000077,,PH_000271,DEV_000057,IP_000066,,LOC_000035,,,,completed,pos,
EVT_003750,sms,2025-06-07 14:44:17,PER_000058,PER_000055,PH_000058,,,,LOC_000091,,,inbound,completed,mobile_app,
EVT_004970,location_ping,2025-06-07 15:06:45,PER_000059,,,DEV_000120,,,LOC_000071,,,,completed,web,
EVT_001206,sms,2025-06-07 15:23:40,PER_000006,PER_000031,PH_000243,,,,LOC_000060,,,outbound,completed,mobile_app,
EVT_002615,transaction,2025-06-07 15:43:39,PER_000001,PER_000014,,DEV_000087,IP_000064,ACC_000001,LOC_000029,145801.47,,internal,completed,mobile_app,payment
EVT_004271,login,2025-06-07 15:55:58,PER_000059,,PH_000180,DEV_000094,IP_000087,,LOC_000071,,,,completed,atm,
EVT_005131,location_ping,2025-06-07 16:05:19,PER_000058,,,DEV_000083,,,LOC_000091,,,,completed,pos,
EVT_005074,call,2025-06-07 18:14:59,PER_000098,PER_000073,PH_000098,,,,LOC_000096,,784.0,internal,completed,web,
EVT_003105,sms,2025-06-07 18:48:04,PER_000050,PER_000018,PH_000248,,,,LOC_000058,,,outbound,completed,web,
EVT_005841,location_ping,2025-06-07 20:05:44,PER_000002,,,DEV_000064,,,LOC_000032,,,,completed,pos,
EVT_001982,call,2025-06-07 20:08:42,PER_000093,PER_000055,PH_000262,,,,LOC_000071,,73.0,internal,completed,atm,
EVT_006315,transaction,2025-06-07 21:46:10,PER_000001,PER_000087,,DEV_000054,IP_000040,ACC_000101,LOC_000029,104113.2,,outbound,completed,api,p2p
EVT_006093,login,2025-06-08 07:38:10,PER_000097,,PH_000097,DEV_000068,IP_000061,,LOC_000071,,,,completed,web,
EVT_003012,location_ping,2025-06-08 08:51:04,PER_000093,,,DEV_000103,,,LOC_000071,,,,completed,api,
EVT_000848,transaction,2025-06-08 09:53:04,PER_000046,PER_000057,,DEV_000030,IP_000090,ACC_000046,LOC_000028,4281.62,,inbound,completed,pos,transfer
EVT_006254,sms,2025-06-08 10:12:24,PER_000065,PER_000035,PH_000159,,,,LOC_000072,,,internal,completed,ussd,
EVT_002306,location_ping,2025-06-08 10:38:12,PER_000041,,,DEV_000105,,,LOC_000057,,,,completed,ussd,
EVT_005200,sms,2025-06-08 11:12:16,PER_000010,PER_000092,PH_000212,,,,LOC_000034,,,outbound,completed,ussd,
EVT_002904,location_ping,2025-06-08 11:44:35,PER_000049,,,DEV_000002,,,LOC_000105,,,,completed,web,
EVT_000002,call,2025-06-08 13:05:32,PER_000036,PER_000027,PH_000036,,,,LOC_000090,,150.0,internal,completed,api,
EVT_006113,login,2025-06-08 14:32:49,PER_000046,,PH_000046,DEV_000052,IP_000060,,LOC_000028,,,,completed,web,
EVT_003121,location_ping,2025-06-08 16:26:17,PER_000041,,,DEV_000017,,,LOC_000007,,,,completed,atm,
EVT_004295,sms,2025-06-08 17:24:13,PER_000002,PER_000096,PH_000002,,,,LOC_000032,,,inbound,completed,atm,
EVT_000776,call,2025-06-08 17:50:49,PER_000002,PER_000024,PH_000114,,,,LOC_000032,,367.0,outbound,completed,mobile_app,
EVT_000768,sms,2025-06-08 18:03:24,PER_000025,PER_000092,PH_000132,,,,LOC_000007,,,outbound,completed,pos,
EVT_001948,login,2025-06-08 18:29:20,PER_000024,,PH_000024,DEV_000065,IP_000007,,LOC_000083,,,,completed,api,
EVT_006258,login,2025-06-08 21:53:41,PER_000002,,PH_000002,DEV_000105,IP_000080,,LOC_000003,,,,completed,mobile_app,
EVT_004101,login,2025-06-08 22:33:04,PER_000047,,PH_000120,DEV_000095,IP_000041,,LOC_000113,,,,completed,api,
EVT_004565,login,2025-06-09 03:13:17,PER_000057,,PH_000270,DEV_000010,IP_000001,,LOC_000030,,,,completed,atm,
EVT_004746,sms,2025-06-09 04:34:50,PER_000065,PER_000048,PH_000159,,,,LOC_000110,,,internal,completed,pos,
EVT_004316,call,2025-06-09 04:37:22,PER_000045,PER_000013,PH_000164,,,,LOC_000004,,1011.0,internal,completed,mobile_app,
EVT_003070,login,2025-06-09 04:38:03,PER_000024,,PH_000024,DEV_000101,IP_000114,,LOC_000083,,,,completed,web,
EVT_001288,login,2025-06-09 06:25:08,PER_000062,,PH_000152,DEV_000079,IP_000009,,LOC_000033,,,,completed,web,
EVT_000751,call,2025-06-09 07:44:12,PER_000001,PER_000027,PH_000001,,,,LOC_000029,,335.0,inbound,completed,ussd,
EVT_000897,call,2025-06-09 07:59:18,PER_000069,PER_000014,PH_000173,,,,LOC_000064,,332.0,internal,completed,mobile_app,
EVT_004822,call,2025-06-09 08:24:31,PER_000034,PER_000076,PH_000128,,,,LOC_000075,,352.0,inbound,completed,mobile_app,
EVT_001885,login,2025-06-09 09:57:04,PER_000023,,PH_000023,DEV_000018,IP_000082,,LOC_000117,,,,completed,api,
EVT_007297,transaction,2025-06-09 12:05:55,PER_000059,PER_000094,,DEV_000045,IP_000027,ACC_000059,LOC_000060,636.07,,outbound,completed,atm,payment
EVT_007425,location_ping,2025-06-09 14:29:24,PER_000096,,,DEV_000109,,,LOC_000107,,,,completed,mobile_app,
EVT_004656,transaction,2025-06-09 16:46:12,PER_000042,PER_000016,,DEV_000096,IP_000055,ACC_000042,LOC_000112,95.11,,inbound,completed,web,withdrawal
EVT_003610,location_ping,2025-06-09 17:04:58,PER_000032,,,DEV_000061,,,LOC_000028,,,,completed,mobile_app,
EVT_006291,transaction,2025-06-09 17:28:25,PER_000005,PER_000037,,DEV_000095,IP_000037,ACC_000105,LOC_000100,3783.95,,internal,completed,api,withdrawal
EVT_001278,login,2025-06-09 17:59:32,PER_000071,,PH_000071,DEV_000073,IP_000040,,LOC_000005,,,,completed,ussd,
EVT_004185,sms,2025-06-09 19:23:33,PER_000062,PER_000094,PH_000152,,,,LOC_000033,,,internal,completed,web,
EVT_002687,call,2025-06-09 19:55:00,PER_000024,PER_000027,PH_000024,,,,LOC_000083,,328.0,internal,completed,web,
EVT_005197,call,2025-06-09 20:53:54,PER_000044,PER_000071,PH_000044,,,,LOC_000111,,1147.0,inbound,completed,atm,
EVT_005743,transaction,2025-06-10 01:15:29,PER_000087,PER_000063,,DEV_000078,IP_000051,ACC_000087,LOC_000018,1647.01,,inbound,completed,atm,withdrawal
EVT_006255,location_ping,2025-06-10 05:35:03,PER_000073,,,DEV_000099,,,LOC_000015,,,,completed,pos,
EVT_001895,call,2025-06-10 07:12:20,PER_000045,PER_000058,PH_000136,,,,LOC_000004,,283.0,internal,completed,ussd,
EVT_006861,login,2025-06-10 07:41:15,PER_000016,,PH_000016,DEV_000080,IP_000083,,LOC_000054,,,,completed,api,
EVT_007265,sms,2025-06-10 08:17:31,PER_000016,PER_000027,PH_000016,,,,LOC_000054,,,internal,completed,mobile_app,
EVT_004507,login,2025-06-10 08:26:54,PER_000062,,PH_000213,DEV_000077,IP_000078,,LOC_000033,,,,completed,web,
EVT_003937,login,2025-06-10 09:49:06,PER_000023,,PH_000023,DEV_000093,IP_000034,,LOC_000117,,,,completed,api,
EVT_002105,login,2025-06-10 10:05:05,PER_000095,,PH_000095,DEV_000088,IP_000114,,LOC_000120,,,,completed,api,
EVT_002624,call,2025-06-10 10:06:02,PER_000027,PER_000019,PH_000245,,,,LOC_000058,,899.0,internal,completed,api,
EVT_003945,login,2025-06-10 11:03:42,PER_000037,,PH_000233,DEV_000082,IP_000024,,LOC_000101,,,,completed,web,
EVT_004884,sms,2025-06-10 12:36:12,PER_000005,PER_000065,PH_000005,,,,LOC_000100,,,outbound,completed,atm,
EVT_000633,sms,2025-06-10 15:07:00,PER_000048,PER_000041,PH_000048,,,,LOC_000025,,,outbound,completed,atm,
EVT_002549,location_ping,2025-06-10 16:20:47,PER_000059,,,DEV_000099,,,LOC_000071,,,,completed,atm,
EVT_005898,location_ping,2025-06-10 18:05:19,PER_000087,,,DEV_000023,,,LOC_000099,,,,completed,ussd,
EVT_001362,location_ping,2025-06-10 18:36:47,PER_000094,,,DEV_000089,,,LOC_000060,,,,completed,web,
EVT_000715,transaction,2025-06-10 19:07:05,PER_000037,PER_000054,,DEV_000065,IP_000019,ACC_000137,LOC_000101,84.57,,outbound,completed,mobile_app,payment
EVT_007267,sms,2025-06-10 20:01:31,PER_000100,PER_000069,PH_000251,,,,LOC_000108,,,outbound,completed,api,
EVT_005664,call,2025-06-10 20:02:06,PER_000087,PER_000050,PH_000087,,,,LOC_000099,,129.0,internal,completed,mobile_app,
EVT_000370,location_ping,2025-06-10 21:27:57,PER_000034,,,DEV_000041,,,LOC_000075,,,,completed,mobile_app,
EVT_006920,login,2025-06-11 03:57:27,PER_000019,,PH_000019,DEV_000058,IP_000022,,LOC_000069,,,,completed,atm,
EVT_006401,location_ping,2025-06-11 04:29:35,PER_000001,,,DEV_000041,,,LOC_000024,,,,completed,web,
EVT_006996,transaction,2025-06-11 06:14:13,PER_000050,PER_000087,,DEV_000053,IP_000076,ACC_000050,LOC_000002,3923.23,,outbound,completed,web,p2p
EVT_005950,sms,2025-06-11 07:15:16,PER_000070,PER_000049,PH_000188,,,,LOC_000065,,,inbound,completed,api,
EVT_003969,login,2025-06-11 08:07:38,PER_000016,,PH_000016,DEV_000061,IP_000076,,LOC_000053,,,,completed,web,
EVT_005447,call,2025-06-11 08:30:42,PER_000059,PER_000066,PH_000180,,,,LOC_000071,,349.0,internal,completed,api,
EVT_000963,sms,2025-06-11 09:53:46,PER_000048,PER_000050,PH_000048,,,,LOC_000025,,,internal,completed,atm,
EVT_002266,sms,2025-06-11 10:08:00,PER_000050,PER_000001,PH_000261,,,,LOC_000058,,,outbound,completed,mobile_app,
EVT_001653,transaction,2025-06-11 10:55:08,PER_000093,PER_000035,,DEV_000025,IP_000022,ACC_000093,LOC_000071,1440.31,,outbound,completed,api,deposit
EVT_002298,transaction,2025-06-11 11:30:08,PER_000050,PER_000020,,DEV_000042,IP_000085,ACC_000150,LOC_000058,161991.8,,inbound,completed,web,deposit
EVT_001730,sms,2025-06-11 12:04:59,PER_000100,PER_000001,PH_000251,,,,LOC_000108,,,outbound,completed,ussd,
EVT_003339,login,2025-06-11 12:38:47,PER_000083,,PH_000203,DEV_000087,IP_000032,,LOC_000004,,,,completed,web,
EVT_004951,login,2025-06-11 15:54:57,PER_000051,,PH_000275,DEV_000029,IP_000022,,LOC_000052,,,,completed,api,
EVT_002373,login,2025-06-11 17:12:10,PER_000018,,PH_000018,DEV_000031,IP_000041,,LOC_000001,,,,completed,atm,
EVT_004069,call,2025-06-11 17:42:06,PER_000081,PER_000017,PH_000202,,,,LOC_000084,,472.0,inbound,completed,ussd,
EVT_005507,transaction,2025-06-11 18:03:47,PER_000087,PER_000027,,DEV_000034,IP_000039,ACC_000087,LOC_000099,2715.74,,inbound,completed,ussd,deposit
EVT_000145,location_ping,2025-06-11 18:31:57,PER_000048,,,DEV_000063,,,LOC_000025,,,,completed,ussd,
EVT_002799,sms,2025-06-11 19:49:27,PER_000027,PER_000087,PH_000245,,,,LOC_000097,,,internal,completed,ussd,
EVT_005381,location_ping,2025-06-11 20:05:22,PER_000018,,,DEV_000024,,,LOC_000077,,,,completed,atm,
EVT_002838,location_ping,2025-06-11 21:28:17,PER_000047,,,DEV_000097,,,LOC_000113,,,,completed,pos,
EVT_001253,call,2025-06-12 04:50:11,PER_000091,PER_000006,PH_000215,,,,LOC_000057,,1032.0,internal,completed,atm,
EVT_001957,transaction,2025-06-12 05:04:40,PER_000029,PER_000049,,DEV_000022,IP_000041,ACC_000029,LOC_000048,4357.74,,inbound,completed,atm,transfer
EVT_004719,sms,2025-06-12 05:46:38,PER_000093,PER_000027,PH_000093,,,,LOC_000071,,,outbound,completed,ussd,
EVT_007460,location_ping,2025-06-12 07:22:21,PER_000061,,,DEV_000108,,,LOC_000062,,,,completed,pos,
EVT_001881,transaction,2025-06-12 08:08:58,PER_000059,PER_000064,,DEV_000099,IP_000119,ACC_000059,LOC_000061,3872.94,,inbound,completed,ussd,payment
EVT_005645,login,2025-06-12 09:14:43,PER_000073,,PH_000244,DEV_000110,IP_000073,,LOC_000015,,,,completed,mobile_app,
EVT_006009,sms,2025-06-12 09:21:57,PER_000013,PER_000078,PH_000292,,,,LOC_000041,,,inbound,completed,ussd,
EVT_005118,location_ping,2025-06-12 11:52:13,PER_000032,,,DEV_000023,,,LOC_000028,,,,completed,atm,
EVT_006703,location_ping,2025-06-12 13:13:49,PER_000093,,,DEV_000105,,,LOC_000071,,,,completed,web,
EVT_003411,call,2025-06-12 14:07:25,PER_000080,PER_000057,PH_000118,,,,LOC_000074,,846.0,internal,completed,mobile_app,
EVT_001391,transaction,2025-06-12 14:10:13,PER_000093,PER_000047,,DEV_000095,IP_000115,ACC_000093,LOC_000071,3066.04,,inbound,completed,ussd,deposit
EVT_000155,transaction,2025-06-12 14:41:18,PER_000059,PER_000092,,DEV_000078,IP_000083,ACC_000059,LOC_000071,2034.54,,inbound,completed,pos,p2p
EVT_006249,login,2025-06-12 14:57:10,PER_000016,,PH_000016,DEV_000087,IP_000115,,LOC_000120,,,,completed,mobile_app,
EVT_003384,transaction,2025-06-12 15:01:05,PER_000029,PER_000076,,DEV_000048,IP_000027,ACC_000029,LOC_000100,2307.54,,outbound,completed,web,deposit
EVT_001949,location_ping,2025-06-12 15:24:18,PER_000073,,,DEV_000015,,,LOC_000015,,,,completed,web,
EVT_005710,sms,2025-06-12 15:46:44,PER_000092,PER_000042,PH_000161,,,,LOC_000091,,,outbound,completed,ussd,
EVT_006156,login,2025-06-12 16:11:07,PER_000087,,PH_000294,DEV_000026,IP_000048,,LOC_000099,,,,completed,api,
EVT_006913,login,2025-06-12 16:23:42,PER_000011,,PH_000174,DEV_000105,IP_000012,,LOC_000063,,,,completed,ussd,
EVT_005954,location_ping,2025-06-12 19:19:38,PER_000073,,,DEV_000119,,,LOC_000015,,,,completed,api,
EVT_001207,transaction,2025-06-12 22:04:13,PER_000015,PER_000001,,DEV_000044,IP_000062,ACC_000015,LOC_000054,2506.62,,internal,completed,api,payment
EVT_004554,sms,2025-06-12 22:37:14,PER_000051,PER_000018,PH_000275,,,,LOC_000052,,,internal,completed,api,
EVT_006128,location_ping,2025-06-13 03:26:38,PER_000047,,,DEV_000060,,,LOC_000113,,,,completed,mobile_app,
EVT_006478,transaction,2025-06-13 04:10:58,PER_000001,PER_000075,,DEV_000084,IP_000103,ACC_000001,LOC_000029,3035.97,,internal,completed,mobile_app,transfer
EVT_003172,sms,2025-06-13 06:05:20,PER_000051,PER_000064,PH_000246,,,,LOC_000052,,,outbound,completed,ussd,
EVT_001219,sms,2025-06-13 06:35:19,PER_000070,PER_000035,PH_000188,,,,LOC_000001,,,outbound,completed,pos,
EVT_005784,transaction,2025-06-13 07:32:57,PER_000073,PER_000080,,DEV_000066,IP_000017,ACC_000073,LOC_000009,1332.63,,internal,completed,pos,withdrawal
EVT_002758,sms,2025-06-13 09:15:19,PER_000084,PER_000092,PH_000224,,,,LOC_000043,,,internal,completed,pos,
EVT_001969,sms,2025-06-13 09:18:32,PER_000027,PER_000016,PH_000245,,,,LOC_000097,,,inbound,completed,web,
EVT_002620,transaction,2025-06-13 10:41:02,PER_000087,PER_000016,,DEV_000004,IP_000100,ACC_000087,LOC_000099,2522.82,,outbound,completed,pos,p2p
EVT_000346,login,2025-06-13 12:55:53,PER_000056,,PH_000056,DEV_000082,IP_000027,,LOC_000036,,,,completed,atm,
EVT_006095,transaction,2025-06-13 14:19:30,PER_000056,PER_000069,,DEV_000115,IP_000103,ACC_000056,LOC_000036,3215.31,,inbound,completed,ussd,p2p
EVT_002429,call,2025-06-13 14:44:56,PER_000054,PER_000039,PH_000222,,,,LOC_000030,,739.0,outbound,completed,pos,
EVT_000518,login,2025-06-13 15:49:23,PER_000050,,PH_000117,DEV_000067,IP_000085,,LOC_000058,,,,completed,web,
EVT_003298,login,2025-06-13 16:09:04,PER_000050,,PH_000261,DEV_000037,IP_000055,,LOC_000058,,,,completed,mobile_app,
EVT_003200,call,2025-06-13 16:33:00,PER_000084,PER_000014,PH_000084,,,,LOC_000043,,534.0,inbound,completed,pos,
EVT_007246,login,2025-06-13 17:59:51,PER_000049,,PH_000187,DEV_000002,IP_000002,,LOC_000072,,,,completed,ussd,
EVT_005660,login,2025-06-13 18:28:59,PER_000018,,PH_000018,DEV_000035,IP_000067,,LOC_000001,,,,completed,atm,
EVT_003026,transaction,2025-06-13 19:29:30,PER_000096,PER_000053,,DEV_000010,IP_000093,ACC_000096,LOC_000069,88.8,,inbound,completed,pos,deposit
EVT_006585,sms,2025-06-13 21:58:54,PER_000062,PER_000053,PH_000213,,,,LOC_000033,,,outbound,completed,mobile_app,
EVT_004747,call,2025-06-14 03:27:23,PER_000016,PER_000027,PH_000016,,,,LOC_000054,,813.0,outbound,completed,pos,
EVT_004439,location_ping,2025-06-14 08:18:38,PER_000006,,,DEV_000072,,,LOC_000060,,,,completed,api,
EVT_000336,transaction,2025-06-14 10:03:01,PER_000046,PER_000077,,DEV_000017,IP_000108,ACC_000146,LOC_000028,3446.9,,internal,completed,api,transfer
EVT_003732,transaction,2025-06-14 10:08:52,PER_000050,PER_000018,,DEV_000017,IP_000068,ACC_000050,LOC_000031,4458.25,,inbound,completed,ussd,deposit
EVT_002731,login,2025-06-14 11:13:33,PER_000048,,PH_000172,DEV_000102,IP_000065,,LOC_000025,,,,completed,atm,
EVT_005358,sms,2025-06-14 11:51:12,PER_000058,PER_000032,PH_000058,,,,LOC_000091,,,internal,completed,pos,
EVT_004670,transaction,2025-06-14 11:51:44,PER_000023,PER_000070,,DEV_000034,IP_000110,ACC_000123,LOC_000117,208.75,,outbound,completed,ussd,payment
EVT_000831,call,2025-06-14 12:27:50,PER_000042,PER_000027,PH_000042,,,,LOC_000014,,343.0,outbound,completed,web,
EVT_003825,sms,2025-06-14 12:46:02,PER_000073,PER_000070,PH_000162,,,,LOC_000015,,,internal,completed,web,
EVT_006132,transaction,2025-06-14 12:59:33,PER_000059,PER_000060,,DEV_000042,IP_000111,ACC_000059,LOC_000071,133147.68,,outbound,completed,web,transfer
EVT_004609,call,2025-06-14 13:30:37,PER_000024,PER_000002,PH_000024,,,,LOC_000083,,283.0,outbound,completed,web,
EVT_001733,call,2025-06-14 13:57:53,PER_000011,PER_000059,PH_000174,,,,LOC_000063,,254.0,internal,completed,mobile_app,
EVT_006153,login,2025-06-14 14:19:46,PER_000002,,PH_000114,DEV_000068,IP_000096,,LOC_000032,,,,completed,atm,
EVT_000493,location_ping,2025-06-14 15:11:28,PER_000049,,,DEV_000002,,,LOC_000009,,,,completed,mobile_app,
EVT_001843,location_ping,2025-06-14 15:18:15,PER_000001,,,DEV_000064,,,LOC_000029,,,,completed,ussd,
EVT_004270,transaction,2025-06-14 17:15:24,PER_000024,PER_000081,,DEV_000013,IP_000092,ACC_000024,LOC_000083,2062.51,,internal,completed,api,p2p
EVT_002159,transaction,2025-06-14 19:46:56,PER_000001,PER_000085,,DEV_000072,IP_000032,ACC_000001,LOC_000029,415.69,,inbound,completed,pos,deposit
EVT_004267,location_ping,2025-06-15 06:02:00,PER_000051,,,DEV_000018,,,LOC_000052,,,,completed,ussd,
EVT_002697,call,2025-06-15 06:45:19,PER_000084,PER_000070,PH_000238,,,,LOC_000043,,404.0,outbound,completed,ussd,
EVT_007309,transaction,2025-06-15 08:17:14,PER_000076,PER_000037,,DEV_000001,IP_000001,ACC_000076,LOC_000016,1818.45,,internal,completed,api,transfer
EVT_003195,location_ping,2025-06-15 08:35:31,PER_000089,,,DEV_000112,,,LOC_000047,,,,completed,api,
EVT_003051,login,2025-06-15 09:21:48,PER_000023,,PH_000234,DEV_000009,IP_000025,,LOC_000117,,,,completed,pos,
EVT_006201,transaction,2025-06-15 09:27:06,PER_000041,PER_000025,,DEV_000097,IP_000090,ACC_000041,LOC_000102,2912.56,,inbound,completed,api,payment
EVT_002196,call,2025-06-15 10:45:57,PER_000052,PER_000089,PH_000052,,,,LOC_000071,,82.0,internal,completed,atm,
EVT_001357,login,2025-06-15 11:54:36,PER_000070,,PH_000070,DEV_000012,IP_000022,,LOC_000001,,,,completed,pos,
EVT_003147,location_ping,2025-06-15 12:12:50,PER_000091,,,DEV_000002,,,LOC_000057,,,,completed,web,
EVT_004374,call,2025-06-15 12:17:02,PER_000059,PER_000020,PH_000158,,,,LOC_000071,,44.0,inbound,completed,pos,
EVT_000439,call,2025-06-15 13:27:54,PER_000083,PER_000053,PH_000186,,,,LOC_000053,,474.0,outbound,completed,ussd,
EVT_005103,transaction,2025-06-15 13:40:47,PER_000024,PER_000018,,DEV_000041,IP_000035,ACC_000024,LOC_000032,274695.55,,outbound,completed,pos,deposit
EVT_002523,call,2025-06-15 15:13:45,PER_000062,PER_000019,PH_000213,,,,LOC_000033,,1084.0,inbound,completed,ussd,
EVT_003653,sms,2025-06-15 15:25:28,PER_000077,PER_000080,PH_000271,,,,LOC_000035,,,outbound,completed,pos,
EVT_000964,transaction,2025-06-15 16:36:48,PER_000005,PER_000074,,DEV_000114,IP_000066,ACC_000005,LOC_000100,301.49,,outbound,completed,api,payment
EVT_003577,transaction,2025-06-15 19:03:41,PER_000021,PER_000068,,DEV_000034,IP_000091,ACC_000121,LOC_000086,3764.63,,outbound,completed,pos,withdrawal
EVT_005408,call,2025-06-15 21:31:19,PER_000023,PER_000080,PH_000023,,,,LOC_000117,,793.0,outbound,completed,pos,
EVT_005609,login,2025-06-15 22:04:25,PER_000086,,PH_000231,DEV_000011,IP_000017,,LOC_000012,,,,completed,atm,
EVT_004008,sms,2025-06-15 22:05:13,PER_000062,PER_000041,PH_000213,,,,LOC_000091,,,outbound,completed,atm,
EVT_006672,call,2025-06-16 04:58:01,PER_000088,PER_000092,PH_000088,,,,LOC_000060,,927.0,outbound,completed,api,
EVT_005087,transaction,2025-06-16 05:32:09,PER_000050,PER_000018,,DEV_000108,IP_000027,ACC_000150,LOC_000058,77792.96,,outbound,completed,mobile_app,transfer
EVT_000511,call,2025-06-16 05:43:28,PER_000062,PER_000030,PH_000213,,,,LOC_000033,,220.0,internal,completed,pos,
EVT_004060,location_ping,2025-06-16 09:54:38,PER_000059,,,DEV_000075,,,LOC_000010,,,,completed,atm,
EVT_000877,call,2025-06-16 10:29:44,PER_000087,PER_000034,PH_000087,,,,LOC_000099,,1038.0,outbound,completed,atm,
EVT_004653,location_ping,2025-06-16 11:56:52,PER_000100,,,DEV_000041,,,LOC_000108,,,,completed,ussd,
EVT_007249,sms,2025-06-16 13:12:33,PER_000080,PER_000042,PH_000080,,,,LOC_000074,,,internal,completed,ussd,
EVT_001093,transaction,2025-06-16 14:26:24,PER_000001,PER_000086,,DEV_000057,IP_000085,ACC_000001,LOC_000019,108232.12,,inbound,completed,mobile_app,deposit
EVT_000169,login,2025-06-16 15:00:10,PER_000031,,PH_000112,DEV_000075,IP_000016,,LOC_000017,,,,completed,web,
EVT_002458,sms,2025-06-16 15:19:26,PER_000059,PER_000002,PH_000059,,,,LOC_000101,,,outbound,completed,web,
EVT_005250,transaction,2025-06-16 16:48:25,PER_000079,PER_000066,,DEV_000057,IP_000007,ACC_000079,LOC_000080,3001.5,,inbound,completed,atm,p2p
EVT_002851,call,2025-06-16 18:16:23,PER_000039,PER_000066,PH_000039,,,,LOC_000002,,1037.0,internal,completed,ussd,
EVT_003219,location_ping,2025-06-16 18:59:21,PER_000064,,,DEV_000102,,,LOC_000020,,,,completed,atm,
EVT_004738,sms,2025-06-17 02:45:25,PER_000069,PER_000005,PH_000217,,,,LOC_000116,,,outbound,completed,web,
EVT_002676,location_ping,2025-06-17 03:31:32,PER_000091,,,DEV_000002,,,LOC_000101,,,,completed,atm,
EVT_003770,transaction,2025-06-17 03:37:45,PER_000059,PER_000023,,DEV_000023,IP_000104,ACC_000059,LOC_000071,1446.86,,internal,completed,web,withdrawal
EVT_004692,call,2025-06-17 05:27:38,PER_000027,PER_000050,PH_000245,,,,LOC_000022,,1089.0,internal,completed,pos,
EVT_003393,call,2025-06-17 06:16:58,PER_000054,PER_000066,PH_000222,,,,LOC_000030,,361.0,inbound,completed,web,
EVT_005912,sms,2025-06-17 07:24:08,PER_000024,PER_000002,PH_000024,,,,LOC_000083,,,internal,completed,ussd,
EVT_001352,transaction,2025-06-17 08:00:13,PER_000018,PER_000024,,DEV_000010,IP_000064,ACC_000018,LOC_000041,117835.99,,outbound,completed,atm,payment
EVT_000779,login,2025-06-17 08:57:18,PER_000059,,PH_000180,DEV_000077,IP_000051,,LOC_000071,,,,completed,api,
EVT_004269,call,2025-06-17 09:04:55,PER_000041,PER_000035,PH_000041,,,,LOC_000096,,1013.0,inbound,completed,mobile_app,
EVT_005723,location_ping,2025-06-17 10:46:50,PER_000059,,,DEV_000012,,,LOC_000071,,,,completed,web,
EVT_006036,call,2025-06-17 11:12:21,PER_000024,PER_000050,PH_000024,,,,LOC_000083,,1007.0,outbound,completed,pos,
EVT_006500,call,2025-06-17 14:45:31,PER_000059,PER_000031,PH_000137,,,,LOC_000071,,788.0,internal,completed,web,
EVT_003907,call,2025-06-17 15:43:44,PER_000004,PER_000036,PH_000289,,,,LOC_000052,,576.0,outbound,completed,mobile_app,
EVT_004097,location_ping,2025-06-17 17:01:37,PER_000089,,,DEV_000105,,,LOC_000047,,,,completed,ussd,
EVT_006412,call,2025-06-17 19:42:32,PER_000032,PER_000094,PH_000102,,,,LOC_000028,,1045.0,outbound,completed,mobile_app,
EVT_006994,sms,2025-06-17 22:05:37,PER_000085,PER_000089,PH_000085,,,,LOC_000085,,,inbound,completed,pos,
EVT_006823,call,2025-06-18 04:55:30,PER_000018,PER_000038,PH_000018,,,,LOC_000001,,591.0,inbound,completed,atm,
EVT_004310,sms,2025-06-18 06:07:05,PER_000034,PER_000066,PH_000034,,,,LOC_000075,,,internal,completed,web,
EVT_006495,login,2025-06-18 08:15:50,PER_000016,,PH_000016,DEV_000030,IP_000078,,LOC_000054,,,,completed,pos,
EVT_002543,location_ping,2025-06-18 10:11:07,PER_000050,,,DEV_000105,,,LOC_000058,,,,completed,mobile_app,
EVT_007369,login,2025-06-18 10:28:05,PER_000062,,PH_000213,DEV_000059,IP_000029,,LOC_000082,,,,completed,api,
EVT_000491,login,2025-06-18 11:08:17,PER_000093,,PH_000142,DEV_000083,IP_000101,,LOC_000071,,,,completed,pos,
EVT_003015,location_ping,2025-06-18 11:32:42,PER_000091,,,DEV_000002,,,LOC_000057,,,,completed,ussd,
EVT_003477,location_ping,2025-06-18 11:39:41,PER_000031,,,DEV_000031,,,LOC_000017,,,,completed,api,
EVT_005454,login,2025-06-18 11:58:50,PER_000093,,PH_000262,DEV_000098,IP_000012,,LOC_000071,,,,completed,web,
EVT_005830,location_ping,2025-06-18 12:03:39,PER_000016,,,DEV_000018,,,LOC_000054,,,,completed,web,
EVT_005518,sms,2025-06-18 13:07:54,PER_000093,PER_000068,PH_000225,,,,LOC_000071,,,internal,completed,atm,
EVT_001522,call,2025-06-18 13:48:37,PER_000060,PER_000069,PH_000060,,,,LOC_000014,,886.0,outbound,completed,atm,
EVT_004390,login,2025-06-18 16:06:19,PER_000050,,PH_000248,DEV_000088,IP_000034,,LOC_000058,,,,completed,atm,
EVT_006983,call,2025-06-18 17:23:08,PER_000062,PER_000074,PH_000152,,,,LOC_000033,,973.0,inbound,completed,pos,
EVT_002662,transaction,2025-06-18 19:43:30,PER_000001,PER_000073,,DEV_000099,IP_000021,ACC_000001,LOC_000029,73871.13,,inbound,completed,ussd,p2p
EVT_003091,login,2025-06-18 19:43:59,PER_000068,,PH_000208,DEV_000097,IP_000027,,LOC_000081,,,,completed,atm,
EVT_001871,sms,2025-06-18 20:14:38,PER_000029,PER_000015,PH_000029,,,,LOC_000100,,,outbound,completed,ussd,
EVT_005406,call,2025-06-18 20:43:02,PER_000008,PER_000092,PH_000008,,,,LOC_000055,,377.0,internal,completed,mobile_app,
EVT_002375,location_ping,2025-06-18 21:56:02,PER_000073,,,DEV_000032,,,LOC_000015,,,,completed,atm,
EVT_002739,call,2025-06-18 21:57:27,PER_000077,PER_000091,PH_000271,,,,LOC_000035,,779.0,internal,completed,web,
EVT_001520,login,2025-06-18 22:40:45,PER_000048,,PH_000172,DEV_000097,IP_000067,,LOC_000095,,,,completed,web,
EVT_002278,login,2025-06-19 00:48:50,PER_000042,,PH_000042,DEV_000031,IP_000099,,LOC_000060,,,,completed,pos,
EVT_002412,transaction,2025-06-19 07:01:36,PER_000027,PER_000042,,DEV_000027,IP_000024,ACC_000127,LOC_000097,3318.82,,inbound,completed,mobile_app,withdrawal
EVT_002672,transaction,2025-06-19 08:51:27,PER_000016,PER_000050,,DEV_000026,IP_000079,ACC_000116,LOC_000054,2631.26,,internal,completed,mobile_app,payment
EVT_000452,login,2025-06-19 10:51:47,PER_000031,,PH_000112,DEV_000027,IP_000052,,LOC_000017,,,,completed,web,
EVT_006697,call,2025-06-19 12:09:02,PER_000050,PER_000018,PH_000117,,,,LOC_000058,,171.0,inbound,completed,api,
EVT_000304,location_ping,2025-06-19 13:41:45,PER_000093,,,DEV_000061,,,LOC_000097,,,,completed,ussd,
EVT_002974,sms,2025-06-19 13:52:47,PER_000018,PER_000024,PH_000018,,,,LOC_000001,,,inbound,completed,pos,
EVT_000892,call,2025-06-19 14:05:06,PER_000094,PER_000052,PH_000198,,,,LOC_000060,,389.0,inbound,completed,mobile_app,
EVT_004386,location_ping,2025-06-19 14:44:55,PER_000047,,,DEV_000089,,,LOC_000113,,,,completed,mobile_app,
EVT_002986,transaction,2025-06-19 15:39:56,PER_000042,PER_000018,,DEV_000079,IP_000043,ACC_000142,LOC_000060,95461.37,,internal,completed,api,transfer
EVT_004999,location_ping,2025-06-19 16:24:44,PER_000070,,,DEV_000120,,,LOC_000001,,,,completed,mobile_app,
EVT_006724,sms,2025-06-19 17:00:46,PER_000093,PER_000048,PH_000262,,,,LOC_000071,,,outbound,completed,ussd,
EVT_006246,login,2025-06-19 17:24:33,PER_000048,,PH_000048,DEV_000010,IP_000083,,LOC_000025,,,,completed,web,
EVT_004189,sms,2025-06-19 18:27:10,PER_000100,PER_000093,PH_000251,,,,LOC_000108,,,internal,completed,mobile_app,
EVT_000098,call,2025-06-19 20:29:45,PER_000062,PER_000020,PH_000062,,,,LOC_000033,,631.0,internal,completed,api,
EVT_003704,call,2025-06-20 06:09:59,PER_000017,PER_000055,PH_000017,,,,LOC_000116,,28.0,inbound,completed,web,
EVT_007278,login,2025-06-20 08:29:46,PER_000007,,PH_000211,DEV_000002,IP_000035,,LOC_000059,,,,completed,api,
EVT_001725,location_ping,2025-06-20 08:30:09,PER_000056,,,DEV_000109,,,LOC_000036,,,,completed,atm,
EVT_000264,login,2025-06-20 10:03:16,PER_000049,,PH_000171,DEV_000002,IP_000002,,LOC_000072,,,,completed,pos,
EVT_007326,sms,2025-06-20 11:50:08,PER_000088,PER_000091,PH_000088,,,,LOC_000060,,,outbound,completed,ussd,
EVT_007217,transaction,2025-06-20 12:12:34,PER_000094,PER_000092,,DEV_000017,IP_000020,ACC_000094,LOC_000060,2298.03,,outbound,completed,atm,withdrawal
EVT_004954,call,2025-06-20 12:58:24,PER_000002,PER_000024,PH_000002,,,,LOC_000032,,815.0,outbound,completed,atm,
EVT_004349,sms,2025-06-20 13:13:12,PER_000058,PER_000022,PH_000252,,,,LOC_000091,,,internal,completed,pos,
EVT_007197,call,2025-06-20 15:33:20,PER_000024,PER_000087,PH_000024,,,,LOC_000083,,381.0,internal,completed,atm,
EVT_001854,transaction,2025-06-20 17:08:13,PER_000050,PER_000027,,DEV_000039,IP_000099,ACC_000150,LOC_000058,282359.53,,outbound,completed,pos,withdrawal
EVT_003330,location_ping,2025-06-20 19:21:47,PER_000014,,,DEV_000004,,,LOC_000050,,,,completed,api,
EVT_000521,call,2025-06-20 20:09:52,PER_000049,PER_000093,PH_000154,,,,LOC_000072,,1013.0,outbound,completed,web,
EVT_002894,sms,2025-06-20 21:07:29,PER_000050,PER_000016,PH_000248,,,,LOC_000058,,,inbound,completed,api,
EVT_001898,location_ping,2025-06-20 22:55:48,PER_000016,,,DEV_000101,,,LOC_000034,,,,completed,atm,
EVT_001706,transaction,2025-06-21 03:33:43,PER_000024,PER_000064,,DEV_000011,IP_000023,ACC_000024,LOC_000083,341339.92,,internal,completed,atm,withdrawal
EVT_006993,login,2025-06-21 04:05:25,PER_000024,,PH_000024,DEV_000051,IP_000091,,LOC_000081,,,,completed,atm,
EVT_004602,transaction,2025-06-21 05:58:33,PER_000023,PER_000071,,DEV_000011,IP_000083,ACC_000023,LOC_000117,456.78,,inbound,completed,pos,payment
EVT_002503,sms,2025-06-21 10:59:06,PER_000059,PER_000021,PH_000059,,,,LOC_000071,,,outbound,completed,mobile_app,
EVT_000489,call,2025-06-21 13:01:38,PER_000087,PER_000058,PH_000294,,,,LOC_000099,,491.0,outbound,completed,api,
EVT_007174,login,2025-06-21 13:02:13,PER_000085,,PH_000085,DEV_000050,IP_000082,,LOC_000085,,,,completed,atm,
EVT_004820,call,2025-06-21 13:44:34,PER_000042,PER_000050,PH_000042,,,,LOC_000060,,1177.0,inbound,completed,web,
EVT_005306,call,2025-06-21 13:57:39,PER_000097,PER_000051,PH_000097,,,,LOC_000071,,233.0,internal,completed,ussd,
EVT_003957,sms,2025-06-21 14:17:40,PER_000016,PER_000050,PH_000016,,,,LOC_000054,,,outbound,completed,api,
EVT_004810,login,2025-06-21 15:08:10,PER_000087,,PH_000087,DEV_000101,IP_000011,,LOC_000117,,,,completed,web,
EVT_005733,call,2025-06-21 16:56:34,PER_000064,PER_000030,PH_000101,,,,LOC_000020,,1013.0,outbound,completed,atm,
EVT_002634,call,2025-06-21 16:58:44,PER_000058,PER_000066,PH_000058,,,,LOC_000091,,759.0,inbound,completed,api,
EVT_004288,sms,2025-06-21 17:03:26,PER_000100,PER_000051,PH_000251,,,,LOC_000108,,,outbound,completed,atm,
EVT_001977,call,2025-06-21 17:34:56,PER_000027,PER_000098,PH_000027,,,,LOC_000097,,552.0,outbound,completed,mobile_app,
EVT_002768,login,2025-06-21 17:50:37,PER_000007,,PH_000196,DEV_000087,IP_000107,,LOC_000059,,,,completed,ussd,
EVT_004742,login,2025-06-21 19:03:33,PER_000059,,PH_000180,DEV_000047,IP_000043,,LOC_000071,,,,completed,pos,
EVT_006556,call,2025-06-21 21:46:20,PER_000035,PER_000036,PH_000166,,,,LOC_000012,,923.0,outbound,completed,ussd,
EVT_000005,call,2025-06-21 22:51:27,PER_000016,PER_000002,PH_000016,,,,LOC_000054,,128.0,inbound,completed,ussd,
EVT_005311,location_ping,2025-06-21 22:54:22,PER_000062,,,DEV_000023,,,LOC_000033,,,,completed,api,
EVT_001477,location_ping,2025-06-22 01:40:07,PER_000011,,,DEV_000070,,,LOC_000063,,,,completed,pos,
EVT_003229,login,2025-06-22 06:42:26,PER_000050,,PH_000050,DEV_000120,IP_000052,,LOC_000058,,,,completed,atm,
EVT_004894,login,2025-06-22 06:57:22,PER_000027,,PH_000027,DEV_000102,IP_000066,,LOC_000071,,,,completed,mobile_app,
EVT_004342,sms,2025-06-22 07:22:50,PER_000051,PER_000035,PH_000275,,,,LOC_000052,,,inbound,completed,api,
EVT_003058,transaction,2025-06-22 07:46:30,PER_000001,PER_000069,,DEV_000052,IP_000025,ACC_000001,LOC_000029,3329.35,,outbound,completed,mobile_app,deposit
EVT_001193,location_ping,2025-06-22 08:46:59,PER_000024,,,DEV_000023,,,LOC_000083,,,,completed,ussd,
EVT_004209,login,2025-06-22 09:50:47,PER_000052,,PH_000052,DEV_000063,IP_000063,,LOC_000071,,,,completed,web,
EVT_005501,login,2025-06-22 10:00:51,PER_000027,,PH_000027,DEV_000115,IP_000062,,LOC_000097,,,,completed,pos,
EVT_002818,login,2025-06-22 10:42:23,PER_000036,,PH_000036,DEV_000011,IP_000021,,LOC_000090,,,,completed,web,
EVT_000275,login,2025-06-22 10:51:53,PER_000024,,PH_000024,DEV_000042,IP_000016,,LOC_000083,,,,completed,mobile_app,
EVT_002388,call,2025-06-22 13:14:01,PER_000015,PER_000063,PH_000015,,,,LOC_000054,,272.0,internal,completed,web,
EVT_004021,login,2025-06-22 13:18:22,PER_000073,,PH_000175,DEV_000054,IP_000105,,LOC_000015,,,,completed,web,
EVT_005570,transaction,2025-06-22 14:01:07,PER_000018,PER_000087,,DEV_000015,IP_000098,ACC_000018,LOC_000001,437619.33,,internal,completed,mobile_app,deposit
EVT_004230,sms,2025-06-22 14:11:53,PER_000059,PER_000074,PH_000158,,,,LOC_000071,,,internal,completed,mobile_app,
EVT_000342,location_ping,2025-06-22 14:17:04,PER_000013,,,DEV_000055,,,LOC_000041,,,,completed,api,
EVT_006324,location_ping,2025-06-22 14:19:40,PER_000086,,,DEV_000057,,,LOC_000032,,,,completed,ussd,
EVT_007316,call,2025-06-22 14:56:40,PER_000041,PER_000021,PH_000041,,,,LOC_000079,,206.0,inbound,completed,ussd,
EVT_006535,transaction,2025-06-22 15:28:15,PER_000100,PER_000034,,DEV_000035,IP_000016,ACC_000100,LOC_000108,1724.45,,outbound,completed,mobile_app,payment
EVT_006487,sms,2025-06-22 15:32:58,PER_000080,PER_000067,PH_000080,,,,LOC_000074,,,internal,completed,web,
EVT_006006,login,2025-06-22 15:49:55,PER_000093,,PH_000138,DEV_000021,IP_000105,,LOC_000071,,,,completed,web,
EVT_003215,login,2025-06-22 17:15:12,PER_000098,,PH_000098,DEV_000113,IP_000102,,LOC_000048,,,,completed,ussd,
EVT_003186,location_ping,2025-06-22 17:25:56,PER_000009,,,DEV_000028,,,LOC_000107,,,,completed,mobile_app,
EVT_003501,call,2025-06-22 18:00:27,PER_000011,PER_000068,PH_000174,,,,LOC_000063,,623.0,internal,completed,web,
EVT_006354,transaction,2025-06-23 03:13:04,PER_000032,PER_000070,,DEV_000092,IP_000082,ACC_000132,LOC_000028,2704.55,,internal,completed,atm,payment
EVT_000953,sms,2025-06-23 07:40:19,PER_000062,PER_000089,PH_000213,,,,LOC_000033,,,inbound,completed,ussd,
EVT_006770,location_ping,2025-06-23 09:23:49,PER_000051,,,DEV_000042,,,LOC_000052,,,,completed,web,
EVT_004112,transaction,2025-06-23 10:12:51,PER_000076,PER_000040,,DEV_000001,IP_000001,ACC_000076,LOC_000016,3462.41,,inbound,completed,api,transfer
EVT_004120,sms,2025-06-23 10:53:30,PER_000050,PER_000002,PH_000050,,,,LOC_000097,,,inbound,completed,ussd,
EVT_002931,call,2025-06-23 10:59:32,PER_000027,PER_000018,PH_000027,,,,LOC_000097,,921.0,internal,completed,pos,
EVT_006642,sms,2025-06-23 11:51:00,PER_000001,PER_000020,PH_000298,,,,LOC_000114,,,outbound,completed,atm,
EVT_001363,call,2025-06-23 11:58:15,PER_000006,PER_000063,PH_000243,,,,LOC_000060,,331.0,internal,completed,pos,
EVT_004276,login,2025-06-23 12:11:13,PER_000042,,PH_000042,DEV_000017,IP_000013,,LOC_000060,,,,completed,ussd,
EVT_000894,call,2025-06-23 13:28:48,PER_000082,PER_000013,PH_000170,,,,LOC_000008,,210.0,inbound,completed,api,
EVT_003140,call,2025-06-23 16:24:45,PER_000001,PER_000030,PH_000298,,,,LOC_000029,,92.0,internal,completed,ussd,
EVT_000305,login,2025-06-23 16:44:07,PER_000093,,PH_000225,DEV_000116,IP_000006,,LOC_000071,,,,completed,web,
EVT_006562,login,2025-06-23 22:04:28,PER_000042,,PH_000199,DEV_000031,IP_000099,,LOC_000060,,,,completed,mobile_app,
EVT_005366,location_ping,2025-06-24 02:44:09,PER_000001,,,DEV_000083,,,LOC_000029,,,,completed,ussd,
EVT_001273,call,2025-06-24 03:11:15,PER_000050,PER_000018,PH_000248,,,,LOC_000058,,354.0,outbound,completed,api,
EVT_002261,transaction,2025-06-24 03:25:19,PER_000018,PER_000042,,DEV_000048,IP_000105,ACC_000118,LOC_000017,174.64,,outbound,completed,atm,p2p
EVT_000085,call,2025-06-24 05:22:53,PER_000029,PER_000083,PH_000029,,,,LOC_000100,,1023.0,outbound,completed,web,
EVT_000228,sms,2025-06-24 06:59:30,PER_000020,PER_000095,PH_000256,,,,LOC_000056,,,internal,completed,web,
EVT_007466,login,2025-06-24 08:13:32,PER_000042,,PH_000042,DEV_000116,IP_000075,,LOC_000047,,,,completed,ussd,
EVT_006830,login,2025-06-24 08:56:08,PER_000083,,PH_000186,DEV_000060,IP_000055,,LOC_000053,,,,completed,api,
EVT_000869,call,2025-06-24 11:56:17,PER_000020,PER_000006,PH_000256,,,,LOC_000056,,359.0,inbound,completed,pos,
EVT_001077,call,2025-06-24 12:54:24,PER_000042,PER_000024,PH_000042,,,,LOC_000060,,1005.0,internal,completed,mobile_app,
EVT_006899,call,2025-06-24 13:37:48,PER_000050,PER_000016,PH_000117,,,,LOC_000075,,66.0,outbound,completed,web,
EVT_003963,login,2025-06-24 16:10:45,PER_000059,,PH_000059,DEV_000107,IP_000113,,LOC_000071,,,,completed,ussd,
EVT_000450,call,2025-06-24 16:12:42,PER_000026,PER_000062,PH_000176,,,,LOC_000073,,628.0,internal,completed,atm,
EVT_003787,sms,2025-06-24 16:37:05,PER_000049,PER_000099,PH_000106,,,,LOC_000019,,,outbound,completed,web,
EVT_004364,login,2025-06-24 16:41:13,PER_000010,,PH_000010,DEV_000016,IP_000057,,LOC_000034,,,,completed,atm,
EVT_005377,sms,2025-06-24 17:39:09,PER_000057,PER_000090,PH_000057,,,,LOC_000030,,,inbound,completed,atm,
EVT_004247,login,2025-06-24 17:53:36,PER_000037,,PH_000233,DEV_000095,IP_000077,,LOC_000101,,,,completed,ussd,
EVT_004344,transaction,2025-06-24 18:21:08,PER_000046,PER_000060,,DEV_000056,IP_000082,ACC_000046,LOC_000028,1493.85,,outbound,completed,web,withdrawal
EVT_000766,call,2025-06-24 18:29:36,PER_000042,PER_000012,PH_000199,,,,LOC_000060,,665.0,outbound,completed,web,
EVT_004108,location_ping,2025-06-24 18:58:33,PER_000001,,,DEV_000082,,,LOC_000029,,,,completed,ussd,
EVT_003757,transaction,2025-06-24 19:54:15,PER_000050,PER_000024,,DEV_000018,IP_000075,ACC_000150,LOC_000058,1300.6,,inbound,completed,ussd,deposit
EVT_003720,login,2025-06-24 20:45:11,PER_000060,,PH_000060,DEV_000039,IP_000052,,LOC_000014,,,,completed,atm,
EVT_007323,transaction,2025-06-25 03:49:09,PER_000093,PER_000083,,DEV_000093,IP_000055,ACC_000093,LOC_000078,73564.26,,outbound,completed,web,payment
EVT_004705,call,2025-06-25 05:16:42,PER_000002,PER_000087,PH_000002,,,,LOC_000032,,1047.0,outbound,completed,api,
EVT_003965,location_ping,2025-06-25 06:24:46,PER_000016,,,DEV_000102,,,LOC_000054,,,,completed,web,
EVT_004899,transaction,2025-06-25 06:35:20,PER_000073,PER_000080,,DEV_000034,IP_000047,ACC_000073,LOC_000015,88466.0,,internal,completed,api,withdrawal
EVT_002640,call,2025-06-25 13:09:27,PER_000056,PER_000081,PH_000056,,,,LOC_000036,,281.0,outbound,completed,api,
EVT_001698,call,2025-06-25 13:56:41,PER_000087,PER_000050,PH_000087,,,,LOC_000075,,305.0,internal,completed,api,
EVT_000165,sms,2025-06-25 16:26:19,PER_000073,PER_000064,PH_000162,,,,LOC_000015,,,outbound,completed,mobile_app,
EVT_000194,call,2025-06-25 16:44:51,PER_000037,PER_000015,PH_000233,,,,LOC_000101,,448.0,internal,completed,api,
EVT_000090,login,2025-06-25 17:18:28,PER_000036,,PH_000036,DEV_000018,IP_000053,,LOC_000090,,,,completed,ussd,
EVT_002183,sms,2025-06-25 18:11:42,PER_000066,PER_000054,PH_000066,,,,LOC_000049,,,internal,completed,atm,
EVT_001929,login,2025-06-25 19:36:04,PER_000087,,PH_000294,DEV_000115,IP_000027,,LOC_000099,,,,completed,web,
EVT_006533,location_ping,2025-06-26 04:26:18,PER_000002,,,DEV_000019,,,LOC_000032,,,,completed,atm,
EVT_004617,call,2025-06-26 07:09:52,PER_000018,PER_000042,PH_000018,,,,LOC_000001,,412.0,inbound,completed,pos,
EVT_000393,login,2025-06-26 07:28:14,PER_000024,,PH_000024,DEV_000076,IP_000117,,LOC_000110,,,,completed,api,
EVT_006553,call,2025-06-26 07:42:57,PER_000073,PER_000043,PH_000175,,,,LOC_000015,,218.0,internal,completed,atm,
EVT_003054,location_ping,2025-06-26 08:04:20,PER_000024,,,DEV_000055,,,LOC_000083,,,,completed,web,
EVT_001026,location_ping,2025-06-26 10:23:24,PER_000050,,,DEV_000063,,,LOC_000012,,,,completed,pos,
EVT_007232,location_ping,2025-06-26 11:09:34,PER_000081,,,DEV_000064,,,LOC_000084,,,,completed,pos,
EVT_000303,transaction,2025-06-26 12:09:23,PER_000005,PER_000059,,DEV_000069,IP_000039,ACC_000005,LOC_000052,4176.23,,outbound,completed,pos,payment
EVT_005661,login,2025-06-26 12:12:50,PER_000001,,PH_000298,DEV_000073,IP_000033,,LOC_000029,,,,completed,web,
EVT_004423,sms,2025-06-26 12:29:26,PER_000042,PER_000002,PH_000042,,,,LOC_000060,,,inbound,completed,ussd,
EVT_000752,sms,2025-06-26 12:40:00,PER_000093,PER_000025,PH_000142,,,,LOC_000071,,,inbound,completed,atm,
EVT_006422,call,2025-06-26 13:02:41,PER_000022,PER_000008,PH_000022,,,,LOC_000009,,326.0,internal,completed,ussd,
EVT_006030,login,2025-06-26 13:21:33,PER_000001,,PH_000298,DEV_000046,IP_000013,,LOC_000029,,,,completed,web,
EVT_002156,call,2025-06-26 16:15:37,PER_000050,PER_000024,PH_000050,,,,LOC_000058,,840.0,internal,completed,atm,
EVT_005973,transaction,2025-06-26 17:41:10,PER_000079,PER_000022,,DEV_000091,IP_000076,ACC_000079,LOC_000004,3540.39,,inbound,completed,web,deposit
EVT_001902,transaction,2025-06-26 17:58:31,PER_000071,PER_000048,,DEV_000090,IP_000099,ACC_000071,LOC_000005,4028.15,,outbound,completed,atm,p2p
EVT_003867,transaction,2025-06-27 06:17:48,PER_000083,PER_000012,,DEV_000027,IP_000026,ACC_000083,LOC_000053,3391.14,,inbound,completed,web,payment
EVT_002885,login,2025-06-27 06:38:15,PER_000019,,PH_000019,DEV_000041,IP_000060,,LOC_000103,,,,completed,mobile_app,
EVT_004373,sms,2025-06-27 07:11:07,PER_000024,PER_000027,PH_000024,,,,LOC_000083,,,inbound,completed,pos,
EVT_006764,call,2025-06-27 07:17:50,PER_000027,PER_000042,PH_000027,,,,LOC_000023,,645.0,internal,completed,web,
EVT_005417,location_ping,2025-06-27 08:33:28,PER_000064,,,DEV_000025,,,LOC_000020,,,,completed,pos,
EVT_003698,login,2025-06-27 09:12:51,PER_000027,,PH_000245,DEV_000104,IP_000038,,LOC_000027,,,,completed,ussd,
EVT_007014,location_ping,2025-06-27 09:26:32,PER_000040,,,DEV_000120,,,LOC_000047,,,,completed,mobile_app,
EVT_007042,call,2025-06-27 10:11:22,PER_000049,PER_000058,PH_000155,,,,LOC_000072,,707.0,internal,completed,api,
EVT_006099,sms,2025-06-27 11:31:17,PER_000073,PER_000005,PH_000244,,,,LOC_000015,,,inbound,completed,atm,
EVT_001324,location_ping,2025-06-27 12:43:18,PER_000014,,,DEV_000063,,,LOC_000050,,,,completed,ussd,
EVT_002079,location_ping,2025-06-27 13:10:48,PER_000002,,,DEV_000078,,,LOC_000032,,,,completed,web,
EVT_004309,login,2025-06-27 13:26:21,PER_000014,,PH_000014,DEV_000063,IP_000076,,LOC_000050,,,,completed,ussd,
EVT_007171,sms,2025-06-27 13:48:48,PER_000073,PER_000070,PH_000073,,,,LOC_000015,,,internal,completed,pos,
EVT_003443,location_ping,2025-06-27 14:56:46,PER_000080,,,DEV_000033,,,LOC_000074,,,,completed,web,
EVT_004456,call,2025-06-27 17:14:05,PER_000041,PER_000017,PH_000041,,,,LOC_000087,,1082.0,internal,completed,mobile_app,
EVT_004012,transaction,2025-06-27 17:29:07,PER_000093,PER_000087,,DEV_000054,IP_000074,ACC_000093,LOC_000071,1931.08,,internal,completed,api,p2p
EVT_000783,call,2025-06-27 17:43:46,PER_000060,PER_000013,PH_000060,,,,LOC_000014,,1053.0,internal,completed,mobile_app,
EVT_004251,sms,2025-06-27 18:29:23,PER_000018,PER_000002,PH_000018,,,,LOC_000001,,,internal,completed,mobile_app,
EVT_002681,location_ping,2025-06-27 19:42:42,PER_000074,,,DEV_000103,,,LOC_000106,,,,completed,web,
EVT_004407,call,2025-06-28 05:05:00,PER_000087,PER_000050,PH_000294,,,,LOC_000072,,1074.0,outbound,completed,web,
EVT_004939,transaction,2025-06-28 05:10:21,PER_000043,PER_000090,,DEV_000001,IP_000001,ACC_000043,LOC_000110,3228.19,,inbound,completed,pos,payment
EVT_003011,sms,2025-06-28 06:26:30,PER_000050,PER_000042,PH_000248,,,,LOC_000058,,,inbound,completed,api,
EVT_004607,login,2025-06-28 07:15:35,PER_000001,,PH_000298,DEV_000105,IP_000100,,LOC_000029,,,,completed,api,
EVT_001202,location_ping,2025-06-28 07:25:10,PER_000068,,,DEV_000120,,,LOC_000081,,,,completed,atm,
EVT_002981,login,2025-06-28 07:38:57,PER_000059,,PH_000137,DEV_000085,IP_000028,,LOC_000071,,,,completed,api,
EVT_005427,transaction,2025-06-28 12:50:08,PER_000027,PER_000018,,DEV_000034,IP_000075,ACC_000027,LOC_000097,306584.21,,internal,completed,web,payment
EVT_005949,sms,2025-06-28 14:09:02,PER_000002,PER_000018,PH_000002,,,,LOC_000032,,,outbound,completed,ussd,
EVT_006345,transaction,2025-06-28 14:35:51,PER_000016,PER_000044,,DEV_000016,IP_000070,ACC_000016,LOC_000054,451950.71,,outbound,completed,ussd,p2p
EVT_001479,sms,2025-06-28 14:57:11,PER_000094,PER_000060,PH_000094,,,,LOC_000060,,,internal,completed,api,
EVT_002971,location_ping,2025-06-28 15:50:38,PER_000008,,,DEV_000042,,,LOC_000077,,,,completed,mobile_app,
EVT_006338,login,2025-06-28 16:50:20,PER_000024,,PH_000024,DEV_000020,IP_000003,,LOC_000083,,,,completed,ussd,
EVT_001419,call,2025-06-28 21:31:51,PER_000046,PER_000050,PH_000046,,,,LOC_000028,,29.0,inbound,completed,atm,
EVT_004184,transaction,2025-06-29 02:12:38,PER_000059,PER_000043,,DEV_000111,IP_000082,ACC_000059,LOC_000071,993.61,,inbound,completed,mobile_app,payment
EVT_005394,call,2025-06-29 02:25:48,PER_000096,PER_000054,PH_000146,,,,LOC_000107,,97.0,internal,completed,api,
EVT_006284,call,2025-06-29 11:06:22,PER_000016,PER_000050,PH_000016,,,,LOC_000068,,773.0,inbound,completed,web,
EVT_004186,login,2025-06-29 11:07:31,PER_000009,,PH_000009,DEV_000086,IP_000027,,LOC_000107,,,,completed,pos,
EVT_007054,sms,2025-06-29 11:30:19,PER_000062,PER_000100,PH_000152,,,,LOC_000044,,,inbound,completed,mobile_app,
EVT_004483,login,2025-06-29 12:02:53,PER_000018,,PH_000018,DEV_000063,IP_000082,,LOC_000001,,,,completed,pos,
EVT_004728,login,2025-06-29 12:15:50,PER_000096,,PH_000146,DEV_000012,IP_000117,,LOC_000107,,,,completed,pos,
EVT_007066,sms,2025-06-29 12:22:55,PER_000073,PER_000022,PH_000175,,,,LOC_000015,,,inbound,completed,mobile_app,
EVT_002131,location_ping,2025-06-29 13:05:18,PER_000019,,,DEV_000024,,,LOC_000069,,,,completed,ussd,
EVT_002496,transaction,2025-06-29 14:49:09,PER_000032,PER_000071,,DEV_000082,IP_000028,ACC_000132,LOC_000028,3869.61,,inbound,completed,ussd,deposit
EVT_006094,sms,2025-06-29 14:49:18,PER_000050,PER_000002,PH_000117,,,,LOC_000058,,,inbound,completed,api,
EVT_004314,call,2025-06-29 16:56:30,PER_000027,PER_000024,PH_000245,,,,LOC_000097,,427.0,outbound,completed,ussd,
EVT_002547,transaction,2025-06-29 17:35:50,PER_000052,PER_000054,,DEV_000065,IP_000092,ACC_000052,LOC_000071,3548.41,,outbound,completed,api,transfer
EVT_000130,login,2025-06-29 17:37:51,PER_000087,,PH_000087,DEV_000055,IP_000018,,LOC_000099,,,,completed,mobile_app,
EVT_004550,sms,2025-06-29 17:47:48,PER_000062,PER_000010,PH_000213,,,,LOC_000077,,,internal,completed,mobile_app,
EVT_002071,login,2025-06-29 18:12:39,PER_000027,,PH_000027,DEV_000115,IP_000025,,LOC_000097,,,,completed,atm,
EVT_003624,sms,2025-06-29 18:53:54,PER_000002,PER_000050,PH_000002,,,,LOC_000032,,,internal,completed,mobile_app,
EVT_005453,location_ping,2025-06-29 20:54:59,PER_000001,,,DEV_000080,,,LOC_000029,,,,completed,pos,
EVT_002271,call,2025-06-29 21:40:02,PER_000077,PER_000086,PH_000271,,,,LOC_000035,,85.0,internal,completed,mobile_app,
EVT_006956,login,2025-06-29 22:17:20,PER_000024,,PH_000024,DEV_000016,IP_000082,,LOC_000083,,,,completed,mobile_app,
EVT_005929,login,2025-06-29 22:52:05,PER_000075,,PH_000281,DEV_000021,IP_000031,,LOC_000102,,,,completed,pos,
EVT_002596,login,2025-06-30 05:25:00,PER_000050,,PH_000050,DEV_000087,IP_000058,,LOC_000018,,,,completed,mobile_app,
EVT_004022,location_ping,2025-06-30 07:25:12,PER_000001,,,DEV_000087,,,LOC_000029,,,,completed,atm,
EVT_006873,call,2025-06-30 08:01:58,PER_000001,PER_000100,PH_000298,,,,LOC_000029,,445.0,inbound,completed,api,
EVT_005893,transaction,2025-06-30 10:39:31,PER_000002,PER_000027,,DEV_000109,IP_000093,ACC_000102,LOC_000032,457055.52,,inbound,completed,ussd,transfer
EVT_001040,call,2025-06-30 11:21:12,PER_000073,PER_000040,PH_000244,,,,LOC_000015,,567.0,internal,completed,api,
EVT_007114,call,2025-06-30 12:34:41,PER_000010,PER_000023,PH_000212,,,,LOC_000034,,756.0,internal,completed,api,
EVT_001930,login,2025-06-30 16:10:44,PER_000004,,PH_000289,DEV_000051,IP_000038,,LOC_000052,,,,completed,mobile_app,
EVT_001422,sms,2025-06-30 17:20:44,PER_000073,PER_000029,PH_000175,,,,LOC_000073,,,internal,completed,pos,
EVT_006986,login,2025-06-30 17:41:02,PER_000073,,PH_000244,DEV_000050,IP_000030,,LOC_000015,,,,completed,api,
EVT_005405,location_ping,2025-06-30 18:25:35,PER_000024,,,DEV_000051,,,LOC_000083,,,,completed,api,
EVT_000358,call,2025-06-30 18:26:38,PER_000065,PER_000095,PH_000159,,,,LOC_000072,,391.0,internal,completed,api,
EVT_002357,transaction,2025-06-30 19:36:26,PER_000006,PER_000058,,DEV_000057,IP_000064,ACC_000006,LOC_000060,3591.7,,inbound,completed,mobile_app,p2p
EVT_005184,sms,2025-07-01 05:59:31,PER_000059,PER_000046,PH_000180,,,,LOC_000071,,,inbound,completed,pos,
EVT_000757,login,2025-07-01 06:19:53,PER_000091,,PH_000257,DEV_000002,IP_000002,,LOC_000057,,,,completed,ussd,
EVT_001130,sms,2025-07-01 09:48:23,PER_000050,PER_000087,PH_000050,,,,LOC_000058,,,inbound,completed,atm,
EVT_005814,location_ping,2025-07-01 10:40:28,PER_000001,,,DEV_000036,,,LOC_000029,,,,completed,atm,
EVT_004723,sms,2025-07-01 11:56:44,PER_000013,PER_000018,PH_000013,,,,LOC_000041,,,outbound,completed,ussd,
EVT_005681,call,2025-07-01 12:07:49,PER_000059,PER_000081,PH_000180,,,,LOC_000071,,954.0,outbound,completed,pos,
EVT_002648,location_ping,2025-07-01 13:55:06,PER_000017,,,DEV_000024,,,LOC_000116,,,,completed,pos,
EVT_006023,login,2025-07-01 14:39:20,PER_000050,,PH_000261,DEV_000107,IP_000079,,LOC_000058,,,,completed,pos,
EVT_004527,login,2025-07-01 15:29:58,PER_000055,,PH_000191,DEV_000119,IP_000069,,LOC_000016,,,,completed,ussd,
EVT_001406,sms,2025-07-01 16:25:03,PER_000024,PER_000087,PH_000024,,,,LOC_000032,,,internal,completed,api,
EVT_000199,transaction,2025-07-01 16:40:19,PER_000062,PER_000031,,DEV_000036,IP_000104,ACC_000062,LOC_000033,1026.74,,outbound,completed,pos,p2p
EVT_000842,location_ping,2025-07-01 16:57:56,PER_000026,,,DEV_000025,,,LOC_000059,,,,completed,mobile_app,
EVT_006587,call,2025-07-01 17:23:22,PER_000077,PER_000078,PH_000077,,,,LOC_000035,,45.0,outbound,completed,mobile_app,
EVT_000325,sms,2025-07-01 17:24:27,PER_000016,PER_000018,PH_000016,,,,LOC_000054,,,internal,completed,web,
EVT_001125,location_ping,2025-07-01 20:50:01,PER_000059,,,DEV_000017,,,LOC_000071,,,,completed,web,
EVT_004351,login,2025-07-01 21:55:54,PER_000089,,PH_000089,DEV_000040,IP_000090,,LOC_000047,,,,completed,mobile_app,
EVT_005121,transaction,2025-07-01 23:03:22,PER_000042,PER_000027,,DEV_000106,IP_000091,ACC_000142,LOC_000060,395491.48,,outbound,completed,pos,deposit
EVT_001225,location_ping,2025-07-02 09:11:15,PER_000086,,,DEV_000119,,,LOC_000012,,,,completed,atm,
EVT_002058,location_ping,2025-07-02 11:47:18,PER_000018,,,DEV_000067,,,LOC_000001,,,,completed,atm,
EVT_001508,sms,2025-07-02 11:49:09,PER_000082,PER_000039,PH_000149,,,,LOC_000082,,,outbound,completed,pos,
EVT_006671,login,2025-07-02 12:02:48,PER_000021,,PH_000021,DEV_000053,IP_000085,,LOC_000086,,,,completed,mobile_app,
EVT_001390,location_ping,2025-07-02 12:58:10,PER_000064,,,DEV_000120,,,LOC_000020,,,,completed,ussd,
EVT_006680,location_ping,2025-07-02 13:23:08,PER_000010,,,DEV_000054,,,LOC_000034,,,,completed,ussd,
EVT_006624,call,2025-07-02 15:57:54,PER_000069,PER_000013,PH_000069,,,,LOC_000031,,65.0,internal,completed,web,
EVT_006921,transaction,2025-07-02 18:52:39,PER_000100,PER_000009,,DEV_000009,IP_000061,ACC_000100,LOC_000108,254.38,,internal,completed,mobile_app,deposit
EVT_004572,sms,2025-07-02 19:11:40,PER_000075,PER_000015,PH_000075,,,,LOC_000102,,,internal,completed,mobile_app,
EVT_004817,call,2025-07-02 19:43:16,PER_000059,PER_000087,PH_000059,,,,LOC_000112,,568.0,inbound,completed,pos,
EVT_007055,transaction,2025-07-02 20:09:33,PER_000050,PER_000002,,DEV_000011,IP_000115,ACC_000150,LOC_000058,2838.0,,inbound,completed,ussd,payment
EVT_004989,call,2025-07-02 20:49:45,PER_000089,PER_000028,PH_000089,,,,LOC_000047,,596.0,inbound,completed,mobile_app,
EVT_004030,call,2025-07-02 21:16:19,PER_000059,PER_000094,PH_000059,,,,LOC_000071,,307.0,inbound,completed,mobile_app,
EVT_004985,location_ping,2025-07-03 02:42:33,PER_000050,,,DEV_000049,,,LOC_000058,,,,completed,web,
EVT_005714,call,2025-07-03 06:02:09,PER_000004,PER_000050,PH_000004,,,,LOC_000052,,324.0,internal,completed,atm,
EVT_006700,transaction,2025-07-03 07:45:33,PER_000062,PER_000096,,DEV_000085,IP_000081,ACC_000062,LOC_000033,35058.14,,inbound,completed,ussd,transfer
EVT_002562,transaction,2025-07-03 08:01:22,PER_000007,PER_000022,,DEV_000009,IP_000019,ACC_000007,LOC_000059,564.18,,outbound,completed,pos,p2p
EVT_000985,transaction,2025-07-03 08:41:29,PER_000018,PER_000042,,DEV_000114,IP_000006,ACC_000118,LOC_000001,331242.47,,outbound,completed,api,p2p
EVT_002140,location_ping,2025-07-03 08:56:05,PER_000059,,,DEV_000061,,,LOC_000071,,,,completed,atm,
EVT_007035,location_ping,2025-07-03 10:20:37,PER_000073,,,DEV_000120,,,LOC_000087,,,,completed,ussd,
EVT_005984,login,2025-07-03 10:40:40,PER_000087,,PH_000087,DEV_000028,IP_000050,,LOC_000099,,,,completed,mobile_app,
EVT_007411,login,2025-07-03 10:42:58,PER_000047,,PH_000120,DEV_000077,IP_000005,,LOC_000113,,,,completed,mobile_app,
EVT_000396,call,2025-07-03 11:56:16,PER_000002,PER_000018,PH_000002,,,,LOC_000032,,248.0,inbound,completed,atm,
EVT_000482,login,2025-07-03 12:11:13,PER_000020,,PH_000020,DEV_000115,IP_000087,,LOC_000056,,,,completed,web,
EVT_001906,sms,2025-07-03 13:14:40,PER_000002,PER_000024,PH_000002,,,,LOC_000032,,,internal,completed,mobile_app,
EVT_001272,sms,2025-07-03 13:42:48,PER_000093,PER_000077,PH_000138,,,,LOC_000071,,,outbound,completed,web,
EVT_006114,login,2025-07-03 14:00:00,PER_000096,,PH_000096,DEV_000068,IP_000010,,LOC_000107,,,,completed,atm,
EVT_002026,call,2025-07-03 14:08:36,PER_000015,PER_000067,PH_000015,,,,LOC_000054,,180.0,internal,completed,atm,
EVT_005032,login,2025-07-03 15:34:52,PER_000053,,PH_000259,DEV_000014,IP_000107,,LOC_000046,,,,completed,pos,
EVT_000552,call,2025-07-03 15:56:55,PER_000050,PER_000002,PH_000117,,,,LOC_000058,,79.0,inbound,completed,api,
EVT_004437,sms,2025-07-03 16:53:28,PER_000050,PER_000024,PH_000117,,,,LOC_000058,,,outbound,completed,mobile_app,
EVT_003187,call,2025-07-03 17:43:04,PER_000001,PER_000051,PH_000298,,,,LOC_000104,,128.0,internal,completed,api,
EVT_002515,call,2025-07-03 17:53:53,PER_000004,PER_000028,PH_000289,,,,LOC_000052,,293.0,outbound,completed,mobile_app,
EVT_000773,sms,2025-07-03 18:19:10,PER_000016,PER_000018,PH_000016,,,,LOC_000054,,,inbound,completed,api,
EVT_002355,transaction,2025-07-03 18:51:57,PER_000003,PER_000070,,DEV_000001,IP_000091,ACC_000103,LOC_000054,3599.74,,inbound,completed,ussd,transfer
EVT_002267,location_ping,2025-07-03 19:42:41,PER_000050,,,DEV_000077,,,LOC_000040,,,,completed,mobile_app,
EVT_005117,call,2025-07-04 00:19:12,PER_000035,PER_000078,PH_000035,,,,LOC_000062,,1070.0,outbound,completed,api,
EVT_002520,sms,2025-07-04 02:41:31,PER_000011,PER_000072,PH_000255,,,,LOC_000063,,,outbound,completed,pos,
EVT_004938,sms,2025-07-04 06:16:52,PER_000001,PER_000084,PH_000001,,,,LOC_000029,,,internal,completed,mobile_app,
EVT_002317,transaction,2025-07-04 06:31:00,PER_000083,PER_000030,,DEV_000092,IP_000031,ACC_000083,LOC_000053,3263.48,,internal,completed,pos,transfer
EVT_000152,transaction,2025-07-04 06:35:35,PER_000034,PER_000033,,DEV_000003,IP_000053,ACC_000034,LOC_000075,2602.19,,internal,completed,api,withdrawal
EVT_006482,transaction,2025-07-04 09:17:29,PER_000026,PER_000080,,DEV_000018,IP_000069,ACC_000026,LOC_000059,709.49,,outbound,completed,ussd,payment
EVT_000051,call,2025-07-04 11:45:12,PER_000087,PER_000050,PH_000294,,,,LOC_000099,,1016.0,inbound,completed,mobile_app,
EVT_001553,location_ping,2025-07-04 14:12:26,PER_000009,,,DEV_000002,,,LOC_000107,,,,completed,atm,
EVT_005762,login,2025-07-04 14:44:59,PER_000027,,PH_000027,DEV_000002,IP_000047,,LOC_000097,,,,completed,ussd,
EVT_007310,transaction,2025-07-04 14:45:35,PER_000024,PER_000087,,DEV_000097,IP_000064,ACC_000124,LOC_000083,2407.52,,internal,completed,pos,withdrawal
EVT_003277,login,2025-07-04 15:02:00,PER_000070,,PH_000227,DEV_000064,IP_000096,,LOC_000079,,,,completed,ussd,
EVT_003740,sms,2025-07-04 15:23:54,PER_000059,PER_000069,PH_000158,,,,LOC_000084,,,inbound,completed,mobile_app,
EVT_005293,transaction,2025-07-04 16:09:45,PER_000033,PER_000018,,DEV_000042,IP_000038,ACC_000133,LOC_000022,4491.42,,internal,completed,mobile_app,deposit
EVT_003457,sms,2025-07-04 17:25:23,PER_000008,PER_000065,PH_000135,,,,LOC_000077,,,outbound,completed,atm,
EVT_003487,call,2025-07-04 17:41:21,PER_000064,PER_000096,PH_000101,,,,LOC_000058,,160.0,outbound,completed,ussd,
EVT_004460,location_ping,2025-07-04 17:45:31,PER_000095,,,DEV_000102,,,LOC_000015,,,,completed,pos,
EVT_002830,login,2025-07-04 18:28:50,PER_000015,,PH_000015,DEV_000026,IP_000022,,LOC_000054,,,,completed,ussd,
EVT_003861,login,2025-07-04 18:35:08,PER_000062,,PH_000213,DEV_000028,IP_000072,,LOC_000033,,,,completed,api,
EVT_004399,sms,2025-07-04 20:59:56,PER_000062,PER_000070,PH_000062,,,,LOC_000033,,,inbound,completed,mobile_app,
EVT_003193,call,2025-07-04 22:31:30,PER_000037,PER_000011,PH_000037,,,,LOC_000101,,781.0,internal,completed,mobile_app,
EVT_007393,sms,2025-07-04 23:50:30,PER_000093,PER_000072,PH_000142,,,,LOC_000071,,,inbound,completed,ussd,
EVT_005785,location_ping,2025-07-05 09:26:54,PER_000001,,,DEV_000031,,,LOC_000029,,,,completed,api,
EVT_002455,sms,2025-07-05 09:43:54,PER_000002,PER_000050,PH_000002,,,,LOC_000037,,,internal,completed,web,
EVT_003523,sms,2025-07-05 10:04:38,PER_000028,PER_000075,PH_000028,,,,LOC_000104,,,outbound,completed,pos,
EVT_005227,sms,2025-07-05 10:38:04,PER_000023,PER_000074,PH_000234,,,,LOC_000117,,,internal,completed,mobile_app,
EVT_003406,call,2025-07-05 15:10:28,PER_000018,PER_000097,PH_000018,,,,LOC_000001,,126.0,inbound,completed,pos,
EVT_002703,transaction,2025-07-05 15:57:52,PER_000088,PER_000076,,DEV_000100,IP_000049,ACC_000088,LOC_000060,2656.03,,outbound,completed,api,payment
EVT_004553,call,2025-07-05 16:03:59,PER_000059,PER_000079,PH_000059,,,,LOC_000071,,325.0,internal,completed,api,
EVT_004152,sms,2025-07-05 16:07:36,PER_000096,PER_000049,PH_000146,,,,LOC_000107,,,outbound,completed,pos,
EVT_001123,call,2025-07-05 17:46:33,PER_000042,PER_000016,PH_000199,,,,LOC_000060,,1062.0,inbound,completed,mobile_app,
EVT_002038,transaction,2025-07-05 20:16:59,PER_000083,PER_000047,,DEV_000078,IP_000061,ACC_000083,LOC_000053,3704.82,,inbound,completed,atm,payment
EVT_000007,login,2025-07-06 07:24:58,PER_000001,,PH_000001,DEV_000023,IP_000120,,LOC_000029,,,,completed,api,
EVT_002116,location_ping,2025-07-06 07:40:10,PER_000068,,,DEV_000063,,,LOC_000081,,,,completed,ussd,
EVT_005535,transaction,2025-07-06 09:12:05,PER_000017,PER_000016,,DEV_000097,IP_000064,ACC_000017,LOC_000116,618.02,,inbound,completed,mobile_app,deposit
EVT_003284,sms,2025-07-06 11:38:23,PER_000050,PER_000087,PH_000261,,,,LOC_000058,,,internal,completed,mobile_app,
EVT_003777,location_ping,2025-07-06 12:10:24,PER_000040,,,DEV_000082,,,LOC_000047,,,,completed,mobile_app,
EVT_006709,login,2025-07-06 12:22:42,PER_000002,,PH_000114,DEV_000099,IP_000051,,LOC_000032,,,,completed,atm,
EVT_001284,login,2025-07-06 12:31:48,PER_000041,,PH_000041,DEV_000044,IP_000069,,LOC_000074,,,,completed,pos,
EVT_002843,sms,2025-07-06 13:24:57,PER_000016,PER_000018,PH_000016,,,,LOC_000054,,,inbound,completed,ussd,
EVT_006865,call,2025-07-06 14:07:26,PER_000016,PER_000042,PH_000016,,,,LOC_000054,,236.0,outbound,completed,ussd,
EVT_006088,call,2025-07-06 14:10:18,PER_000001,PER_000042,PH_000298,,,,LOC_000029,,1000.0,outbound,completed,pos,
EVT_004001,transaction,2025-07-06 15:55:03,PER_000050,PER_000016,,DEV_000075,IP_000089,ACC_000150,LOC_000101,3917.46,,inbound,completed,web,payment
EVT_001746,call,2025-07-06 16:14:00,PER_000049,PER_000018,PH_000216,,,,LOC_000072,,280.0,outbound,completed,atm,
EVT_002041,transaction,2025-07-06 17:31:13,PER_000004,PER_000060,,DEV_000026,IP_000070,ACC_000104,LOC_000052,990.11,,outbound,completed,web,withdrawal
EVT_000612,transaction,2025-07-06 18:01:19,PER_000002,PER_000066,,DEV_000090,IP_000064,ACC_000102,LOC_000032,4383.7,,inbound,completed,atm,p2p
EVT_004790,transaction,2025-07-06 19:51:06,PER_000045,PER_000006,,DEV_000001,IP_000001,ACC_000145,LOC_000004,2537.38,,internal,completed,api,transfer
EVT_004551,login,2025-07-06 20:06:49,PER_000082,,PH_000082,DEV_000019,IP_000118,,LOC_000082,,,,completed,web,
EVT_006061,location_ping,2025-07-07 05:26:43,PER_000098,,,DEV_000065,,,LOC_000096,,,,completed,atm,
EVT_002873,call,2025-07-07 05:40:04,PER_000059,PER_000075,PH_000059,,,,LOC_000071,,639.0,outbound,completed,pos,
EVT_006029,sms,2025-07-07 07:43:36,PER_000079,PER_000095,PH_000079,,,,LOC_000004,,,outbound,completed,pos,
EVT_004169,call,2025-07-07 08:43:29,PER_000093,PER_000062,PH_000093,,,,LOC_000015,,1097.0,inbound,completed,web,
EVT_005849,sms,2025-07-07 10:19:11,PER_000069,PER_000010,PH_000069,,,,LOC_000084,,,inbound,completed,api,
EVT_007254,transaction,2025-07-07 12:36:50,PER_000035,PER_000022,,DEV_000025,IP_000095,ACC_000135,LOC_000054,3267.18,,inbound,completed,web,p2p
EVT_002291,transaction,2025-07-07 13:02:14,PER_000016,PER_000015,,DEV_000090,IP_000020,ACC_000116,LOC_000054,3549.12,,internal,completed,api,transfer
EVT_007437,login,2025-07-07 13:21:18,PER_000049,,PH_000148,DEV_000002,IP_000002,,LOC_000072,,,,completed,mobile_app,
EVT_002592,call,2025-07-07 13:36:37,PER_000017,PER_000021,PH_000017,,,,LOC_000116,,276.0,internal,completed,mobile_app,
EVT_007496,login,2025-07-07 13:37:22,PER_000081,,PH_000081,DEV_000118,IP_000014,,LOC_000020,,,,completed,web,
EVT_001889,login,2025-07-07 14:01:16,PER_000062,,PH_000152,DEV_000112,IP_000002,,LOC_000033,,,,completed,web,
EVT_000269,call,2025-07-07 14:34:54,PER_000083,PER_000044,PH_000083,,,,LOC_000053,,95.0,internal,completed,mobile_app,
EVT_004622,transaction,2025-07-07 14:44:30,PER_000059,PER_000090,,DEV_000016,IP_000081,ACC_000059,LOC_000071,25726.9,,internal,completed,atm,withdrawal
EVT_000174,location_ping,2025-07-07 16:29:00,PER_000027,,,DEV_000094,,,LOC_000097,,,,completed,atm,
EVT_005961,location_ping,2025-07-07 16:39:06,PER_000027,,,DEV_000027,,,LOC_000097,,,,completed,ussd,
EVT_005807,sms,2025-07-07 17:23:28,PER_000070,PER_000040,PH_000227,,,,LOC_000001,,,outbound,completed,pos,
EVT_003532,sms,2025-07-07 19:47:22,PER_000073,PER_000067,PH_000175,,,,LOC_000096,,,outbound,completed,pos,
EVT_003107,location_ping,2025-07-07 19:58:41,PER_000069,,,DEV_000034,,,LOC_000031,,,,completed,pos,
EVT_004732,location_ping,2025-07-07 20:59:20,PER_000027,,,DEV_000032,,,LOC_000097,,,,completed,atm,
EVT_007052,sms,2025-07-08 02:14:41,PER_000027,PER_000002,PH_000027,,,,LOC_000097,,,internal,completed,api,
EVT_007306,login,2025-07-08 07:33:44,PER_000098,,PH_000098,DEV_000065,IP_000007,,LOC_000096,,,,completed,pos,
EVT_005328,sms,2025-07-08 07:36:48,PER_000018,PER_000005,PH_000018,,,,LOC_000001,,,inbound,completed,atm,
EVT_006536,sms,2025-07-08 09:11:14,PER_000054,PER_000005,PH_000054,,,,LOC_000030,,,outbound,completed,api,
EVT_006780,transaction,2025-07-08 09:45:58,PER_000007,PER_000090,,DEV_000115,IP_000036,ACC_000007,LOC_000059,107.45,,internal,completed,ussd,payment
EVT_002757,location_ping,2025-07-08 11:37:15,PER_000093,,,DEV_000106,,,LOC_000071,,,,completed,ussd,
EVT_006513,login,2025-07-08 11:56:06,PER_000073,,PH_000162,DEV_000009,IP_000060,,LOC_000015,,,,completed,mobile_app,
EVT_000487,location_ping,2025-07-08 14:02:04,PER_000062,,,DEV_000053,,,LOC_000014,,,,completed,api,
EVT_001926,location_ping,2025-07-08 14:26:14,PER_000083,,,DEV_000011,,,LOC_000053,,,,completed,ussd,
EVT_001824,location_ping,2025-07-08 14:58:45,PER_000043,,,DEV_000001,,,LOC_000110,,,,completed,mobile_app,
EVT_001320,location_ping,2025-07-08 14:59:08,PER_000001,,,DEV_000101,,,LOC_000029,,,,completed,atm,
EVT_005763,sms,2025-07-08 15:29:38,PER_000059,PER_000012,PH_000180,,,,LOC_000116,,,outbound,completed,pos,
EVT_004360,sms,2025-07-08 15:43:15,PER_000027,PER_000091,PH_000245,,,,LOC_000097,,,inbound,completed,mobile_app,
EVT_001129,sms,2025-07-08 15:46:46,PER_000050,PER_000057,PH_000117,,,,LOC_000058,,,inbound,completed,web,
EVT_003911,call,2025-07-08 16:36:19,PER_000018,PER_000016,PH_000018,,,,LOC_000010,,42.0,internal,completed,pos,
EVT_005739,call,2025-07-08 17:22:45,PER_000073,PER_000025,PH_000175,,,,LOC_000015,,150.0,outbound,completed,atm,
EVT_002316,sms,2025-07-09 02:48:16,PER_000079,PER_000051,PH_000079,,,,LOC_000004,,,internal,completed,atm,
EVT_004716,transaction,2025-07-09 05:16:42,PER_000062,PER_000090,,DEV_000093,IP_000037,ACC_000062,LOC_000021,3766.3,,internal,completed,pos,payment
EVT_005076,transaction,2025-07-09 08:44:17,PER_000052,PER_000040,,DEV_000054,IP_000051,ACC_000052,LOC_000071,861.87,,outbound,completed,mobile_app,p2p
EVT_005095,location_ping,2025-07-09 09:39:52,PER_000001,,,DEV_000008,,,LOC_000078,,,,completed,pos,
EVT_002019,sms,2025-07-09 11:38:52,PER_000008,PER_000033,PH_000135,,,,LOC_000019,,,outbound,completed,ussd,
EVT_006633,transaction,2025-07-09 12:15:30,PER_000087,PER_000050,,DEV_000080,IP_000106,ACC_000087,LOC_000099,2722.87,,internal,completed,pos,transfer
EVT_004459,transaction,2025-07-09 12:44:55,PER_000089,PER_000022,,DEV_000050,IP_000040,ACC_000089,LOC_000047,1516.79,,inbound,completed,atm,deposit
EVT_001857,login,2025-07-09 12:52:21,PER_000073,,PH_000244,DEV_000109,IP_000009,,LOC_000015,,,,completed,pos,
EVT_000648,transaction,2025-07-09 13:06:03,PER_000087,PER_000042,,DEV_000025,IP_000038,ACC_000087,LOC_000099,2341.0,,inbound,completed,ussd,p2p
EVT_002856,transaction,2025-07-09 13:28:41,PER_000095,PER_000052,,DEV_000118,IP_000101,ACC_000095,LOC_000120,3242.3,,inbound,completed,pos,payment
EVT_002077,login,2025-07-09 14:06:47,PER_000024,,PH_000024,DEV_000056,IP_000116,,LOC_000083,,,,completed,ussd,
EVT_003841,transaction,2025-07-09 14:57:27,PER_000005,PER_000039,,DEV_000103,IP_000010,ACC_000105,LOC_000100,1888.74,,inbound,completed,mobile_app,withdrawal
EVT_005644,transaction,2025-07-09 15:14:17,PER_000055,PER_000003,,DEV_000103,IP_000020,ACC_000055,LOC_000016,322.99,,outbound,completed,pos,payment
EVT_003338,call,2025-07-09 16:59:44,PER_000062,PER_000087,PH_000152,,,,LOC_000033,,254.0,outbound,completed,mobile_app,
EVT_003916,sms,2025-07-09 17:12:36,PER_000093,PER_000013,PH_000093,,,,LOC_000071,,,inbound,completed,pos,
EVT_001242,call,2025-07-09 17:28:37,PER_000080,PER_000088,PH_000118,,,,LOC_000074,,997.0,inbound,completed,mobile_app,
EVT_007462,location_ping,2025-07-09 17:41:50,PER_000062,,,DEV_000099,,,LOC_000033,,,,completed,atm,
EVT_000954,sms,2025-07-09 18:36:30,PER_000042,PER_000024,PH_000199,,,,LOC_000089,,,inbound,completed,mobile_app,
EVT_007067,call,2025-07-09 18:57:42,PER_000009,PER_000091,PH_000009,,,,LOC_000107,,1127.0,internal,completed,ussd,
EVT_003361,sms,2025-07-09 19:24:40,PER_000042,PER_000018,PH_000199,,,,LOC_000060,,,inbound,completed,api,
EVT_001370,sms,2025-07-10 00:12:36,PER_000078,PER_000089,PH_000078,,,,LOC_000057,,,inbound,completed,pos,
EVT_000432,login,2025-07-10 00:18:41,PER_000078,,PH_000078,DEV_000087,IP_000023,,LOC_000114,,,,completed,api,
EVT_007448,location_ping,2025-07-10 00:26:26,PER_000063,,,DEV_000016,,,LOC_000063,,,,completed,ussd,
EVT_003442,login,2025-07-10 00:36:38,PER_000078,,PH_000078,DEV_000016,IP_000006,,LOC_000114,,,,completed,atm,
EVT_003839,login,2025-07-10 00:37:31,PER_000078,,PH_000078,DEV_000046,IP_000003,,LOC_000114,,,,completed,atm,
EVT_002348,transaction,2025-07-10 00:40:24,PER_000078,PER_000032,,DEV_000110,IP_000001,ACC_000078,LOC_000114,1762.06,,outbound,completed,atm,transfer
EVT_007009,transaction,2025-07-10 00:40:28,PER_000063,PER_000017,,DEV_000031,IP_000105,ACC_000063,LOC_000063,2664.92,,internal,completed,ussd,payment
EVT_002537,call,2025-07-10 01:03:15,PER_000072,PER_000037,PH_000072,,,,LOC_000010,,1191.0,inbound,completed,pos,
EVT_003512,transaction,2025-07-10 01:17:36,PER_000012,PER_000070,,DEV_000117,IP_000069,ACC_000012,LOC_000097,2896.88,,inbound,completed,pos,p2p
EVT_005283,sms,2025-07-10 01:19:12,PER_000012,PER_000005,PH_000012,,,,LOC_000048,,,inbound,completed,api,
EVT_004925,call,2025-07-10 01:20:41,PER_000078,PER_000058,PH_000078,,,,LOC_000114,,248.0,inbound,completed,ussd,
EVT_005291,call,2025-07-10 01:34:31,PER_000072,PER_000071,PH_000072,,,,LOC_000010,,573.0,internal,completed,atm,
EVT_005209,login,2025-07-10 01:40:57,PER_000072,,PH_000072,DEV_000086,IP_000011,,LOC_000010,,,,completed,mobile_app,
EVT_006959,transaction,2025-07-10 01:52:20,PER_000078,PER_000072,,DEV_000026,IP_000025,ACC_000078,LOC_000033,1394.4,,internal,completed,web,payment
EVT_003128,call,2025-07-10 02:11:49,PER_000072,PER_000057,PH_000072,,,,LOC_000002,,779.0,outbound,completed,atm,
EVT_007064,sms,2025-07-10 02:13:11,PER_000012,PER_000083,PH_000012,,,,LOC_000092,,,internal,completed,pos,
EVT_007038,sms,2025-07-10 02:17:52,PER_000072,PER_000077,PH_000072,,,,LOC_000010,,,inbound,completed,api,
EVT_000688,call,2025-07-10 02:21:00,PER_000072,PER_000044,PH_000072,,,,LOC_000008,,1135.0,outbound,completed,mobile_app,
EVT_006765,location_ping,2025-07-10 02:21:10,PER_000063,,,DEV_000021,,,LOC_000043,,,,completed,atm,
EVT_001704,location_ping,2025-07-10 02:24:35,PER_000012,,,DEV_000108,,,LOC_000092,,,,completed,pos,
EVT_003562,sms,2025-07-10 02:35:04,PER_000063,PER_000047,PH_000063,,,,LOC_000063,,,internal,completed,mobile_app,
EVT_002376,sms,2025-07-10 02:40:33,PER_000012,PER_000006,PH_000012,,,,LOC_000092,,,inbound,completed,pos,
EVT_002340,call,2025-07-10 02:51:46,PER_000063,PER_000061,PH_000063,,,,LOC_000063,,610.0,inbound,completed,pos,
EVT_004151,call,2025-07-10 02:53:18,PER_000078,PER_000015,PH_000078,,,,LOC_000114,,382.0,outbound,completed,pos,
EVT_000787,transaction,2025-07-10 02:54:04,PER_000078,PER_000016,,DEV_000059,IP_000047,ACC_000078,LOC_000088,1528.52,,inbound,completed,atm,payment
EVT_005904,call,2025-07-10 02:54:45,PER_000063,PER_000061,PH_000063,,,,LOC_000063,,555.0,inbound,completed,ussd,
EVT_000372,login,2025-07-10 02:58:13,PER_000012,,PH_000012,DEV_000046,IP_000091,,LOC_000092,,,,completed,web,
EVT_000563,call,2025-07-10 02:59:18,PER_000078,PER_000076,PH_000078,,,,LOC_000010,,717.0,internal,completed,ussd,
EVT_007441,sms,2025-07-10 03:15:16,PER_000063,PER_000023,PH_000063,,,,LOC_000063,,,internal,completed,ussd,
EVT_004387,sms,2025-07-10 03:19:42,PER_000063,PER_000027,PH_000063,,,,LOC_000063,,,internal,completed,ussd,
EVT_002319,call,2025-07-10 03:29:19,PER_000012,PER_000087,PH_000012,,,,LOC_000092,,185.0,outbound,completed,api,
EVT_002093,login,2025-07-10 03:33:05,PER_000078,,PH_000078,DEV_000050,IP_000042,,LOC_000114,,,,completed,mobile_app,
EVT_002277,location_ping,2025-07-10 03:33:16,PER_000012,,,DEV_000027,,,LOC_000092,,,,completed,web,
EVT_000845,login,2025-07-10 03:35:01,PER_000063,,PH_000063,DEV_000057,IP_000052,,LOC_000063,,,,completed,pos,
EVT_007304,transaction,2025-07-10 03:38:55,PER_000012,PER_000035,,DEV_000022,IP_000112,ACC_000012,LOC_000092,3216.21,,inbound,completed,api,payment
EVT_000850,transaction,2025-07-10 03:39:26,PER_000085,PER_000021,,DEV_000023,IP_000023,ACC_000085,LOC_000085,3957.66,,outbound,completed,api,deposit
EVT_004113,transaction,2025-07-10 03:40:34,PER_000012,PER_000074,,DEV_000024,IP_000038,ACC_000012,LOC_000092,3898.59,,internal,completed,mobile_app,transfer
EVT_005302,location_ping,2025-07-10 03:44:54,PER_000078,,,DEV_000036,,,LOC_000114,,,,completed,mobile_app,
EVT_002751,transaction,2025-07-10 03:46:21,PER_000078,PER_000070,,DEV_000063,IP_000111,ACC_000078,LOC_000114,815.47,,internal,completed,pos,deposit
EVT_005810,sms,2025-07-10 03:47:18,PER_000072,PER_000078,PH_000072,,,,LOC_000010,,,outbound,completed,ussd,
EVT_005244,login,2025-07-10 03:51:33,PER_000012,,PH_000012,DEV_000092,IP_000113,,LOC_000092,,,,completed,atm,
EVT_003505,location_ping,2025-07-10 03:58:28,PER_000078,,,DEV_000056,,,LOC_000114,,,,completed,ussd,
EVT_002784,sms,2025-07-10 04:01:02,PER_000072,PER_000089,PH_000072,,,,LOC_000010,,,internal,completed,mobile_app,
EVT_001374,location_ping,2025-07-10 04:04:07,PER_000012,,,DEV_000052,,,LOC_000054,,,,completed,pos,
EVT_004748,location_ping,2025-07-10 04:08:19,PER_000012,,,DEV_000017,,,LOC_000092,,,,completed,ussd,
EVT_006876,sms,2025-07-10 04:16:02,PER_000078,PER_000046,PH_000078,,,,LOC_000114,,,outbound,completed,pos,
EVT_003089,call,2025-07-10 04:19:19,PER_000063,PER_000080,PH_000063,,,,LOC_000063,,489.0,internal,completed,ussd,
EVT_000041,location_ping,2025-07-10 04:26:26,PER_000063,,,DEV_000105,,,LOC_000088,,,,completed,pos,
EVT_002303,call,2025-07-10 04:28:24,PER_000072,PER_000036,PH_000072,,,,LOC_000010,,790.0,internal,completed,atm,
EVT_004153,call,2025-07-10 04:34:52,PER_000063,PER_000064,PH_000063,,,,LOC_000063,,814.0,inbound,completed,atm,
EVT_006193,login,2025-07-10 04:36:55,PER_000078,,PH_000078,DEV_000037,IP_000048,,LOC_000114,,,,completed,api,
EVT_003368,location_ping,2025-07-10 04:42:22,PER_000072,,,DEV_000050,,,LOC_000010,,,,completed,web,
EVT_005021,sms,2025-07-10 04:44:33,PER_000063,PER_000074,PH_000063,,,,LOC_000063,,,internal,completed,pos,
EVT_005150,call,2025-07-10 04:48:18,PER_000072,PER_000044,PH_000072,,,,LOC_000010,,1068.0,inbound,completed,web,
EVT_001609,transaction,2025-07-10 04:49:38,PER_000078,PER_000056,,DEV_000032,IP_000074,ACC_000078,LOC_000114,261.31,,outbound,completed,mobile_app,deposit
EVT_003833,location_ping,2025-07-10 04:51:11,PER_000078,,,DEV_000064,,,LOC_000114,,,,completed,web,
EVT_001029,location_ping,2025-07-10 04:51:45,PER_000063,,,DEV_000112,,,LOC_000063,,,,completed,api,
EVT_005967,transaction,2025-07-10 04:54:11,PER_000078,PER_000014,,DEV_000068,IP_000076,ACC_000078,LOC_000114,3388.75,,outbound,completed,api,payment
EVT_005634,location_ping,2025-07-10 05:01:16,PER_000078,,,DEV_000080,,,LOC_000114,,,,completed,ussd,
EVT_002217,login,2025-07-10 05:04:46,PER_000063,,PH_000063,DEV_000008,IP_000057,,LOC_000016,,,,completed,mobile_app,
EVT_002884,location_ping,2025-07-10 05:05:16,PER_000063,,,DEV_000078,,,LOC_000063,,,,completed,web,
EVT_006693,call,2025-07-10 05:07:43,PER_000063,PER_000057,PH_000063,,,,LOC_000063,,378.0,inbound,completed,ussd,
EVT_001835,location_ping,2025-07-10 05:15:18,PER_000078,,,DEV_000020,,,LOC_000114,,,,completed,pos,
EVT_004128,login,2025-07-10 05:22:46,PER_000078,,PH_000078,DEV_000039,IP_000083,,LOC_000114,,,,completed,atm,
EVT_007286,call,2025-07-10 05:23:01,PER_000078,PER_000045,PH_000078,,,,LOC_000114,,651.0,outbound,completed,pos,
EVT_002736,sms,2025-07-10 05:25:45,PER_000072,PER_000034,PH_000072,,,,LOC_000022,,,internal,completed,atm,
EVT_004103,sms,2025-07-10 05:33:58,PER_000072,PER_000031,PH_000072,,,,LOC_000010,,,inbound,completed,ussd,
EVT_006963,login,2025-07-10 05:34:56,PER_000072,,PH_000072,DEV_000074,IP_000051,,LOC_000010,,,,completed,pos,
EVT_005890,sms,2025-07-10 05:35:29,PER_000063,PER_000034,PH_000063,,,,LOC_000063,,,inbound,completed,web,
EVT_004498,login,2025-07-10 05:43:00,PER_000078,,PH_000078,DEV_000090,IP_000084,,LOC_000114,,,,completed,atm,
EVT_002241,location_ping,2025-07-10 05:48:20,PER_000072,,,DEV_000089,,,LOC_000010,,,,completed,ussd,
EVT_004686,sms,2025-07-10 05:52:31,PER_000072,PER_000034,PH_000072,,,,LOC_000010,,,outbound,completed,mobile_app,
EVT_000872,transaction,2025-07-10 06:03:02,PER_000072,PER_000002,,DEV_000092,IP_000104,ACC_000072,LOC_000010,1960.45,,outbound,completed,pos,p2p
EVT_004791,call,2025-07-10 06:17:27,PER_000078,PER_000048,PH_000078,,,,LOC_000114,,949.0,outbound,completed,pos,
EVT_000105,call,2025-07-10 06:22:23,PER_000072,PER_000010,PH_000072,,,,LOC_000010,,544.0,outbound,completed,ussd,
EVT_003669,location_ping,2025-07-10 06:25:23,PER_000072,,,DEV_000003,,,LOC_000010,,,,completed,web,
EVT_001975,call,2025-07-10 06:30:38,PER_000063,PER_000008,PH_000063,,,,LOC_000063,,495.0,internal,completed,ussd,
EVT_005151,transaction,2025-07-10 06:30:46,PER_000072,PER_000014,,DEV_000011,IP_000049,ACC_000072,LOC_000069,2308.28,,outbound,completed,pos,deposit
EVT_000772,transaction,2025-07-10 06:36:24,PER_000093,PER_000085,,DEV_000116,IP_000005,ACC_000093,LOC_000071,84436.99,,inbound,completed,api,transfer
EVT_001329,call,2025-07-10 06:39:37,PER_000072,PER_000015,PH_000072,,,,LOC_000010,,191.0,internal,completed,web,
EVT_003290,transaction,2025-07-10 06:43:44,PER_000078,PER_000074,,DEV_000088,IP_000053,ACC_000078,LOC_000114,2449.23,,inbound,completed,atm,transfer
EVT_004441,call,2025-07-10 06:44:53,PER_000072,PER_000098,PH_000072,,,,LOC_000010,,1003.0,inbound,completed,mobile_app,
EVT_005631,location_ping,2025-07-10 06:48:47,PER_000063,,,DEV_000014,,,LOC_000063,,,,completed,web,
EVT_000785,location_ping,2025-07-10 06:49:30,PER_000058,,,DEV_000109,,,LOC_000091,,,,completed,mobile_app,
EVT_007409,transaction,2025-07-10 07:02:03,PER_000072,PER_000049,,DEV_000023,IP_000007,ACC_000072,LOC_000010,2327.38,,inbound,completed,api,p2p
EVT_005208,sms,2025-07-10 07:07:23,PER_000078,PER_000028,PH_000078,,,,LOC_000114,,,internal,completed,ussd,
EVT_005965,sms,2025-07-10 07:34:05,PER_000078,PER_000028,PH_000078,,,,LOC_000114,,,internal,completed,atm,
EVT_000680,sms,2025-07-10 07:40:38,PER_000063,PER_000023,PH_000063,,,,LOC_000063,,,outbound,completed,atm,
EVT_000115,location_ping,2025-07-10 07:55:29,PER_000063,,,DEV_000083,,,LOC_000063,,,,completed,mobile_app,
EVT_001794,transaction,2025-07-10 07:58:28,PER_000072,PER_000027,,DEV_000050,IP_000079,ACC_000072,LOC_000010,2096.21,,inbound,completed,atm,transfer
EVT_007343,location_ping,2025-07-10 08:00:19,PER_000063,,,DEV_000069,,,LOC_000063,,,,completed,atm,
EVT_004020,login,2025-07-10 08:10:11,PER_000012,,PH_000012,DEV_000091,IP_000030,,LOC_000092,,,,completed,ussd,
EVT_003578,transaction,2025-07-10 08:10:50,PER_000078,PER_000063,,DEV_000101,IP_000055,ACC_000078,LOC_000114,1463.66,,outbound,completed,atm,deposit
EVT_006543,sms,2025-07-10 08:10:53,PER_000072,PER_000100,PH_000072,,,,LOC_000010,,,outbound,completed,atm,
EVT_004789,login,2025-07-10 08:20:04,PER_000078,,PH_000078,DEV_000059,IP_000041,,LOC_000114,,,,completed,web,
EVT_002844,location_ping,2025-07-10 08:23:02,PER_000072,,,DEV_000030,,,LOC_000010,,,,completed,pos,
EVT_003328,call,2025-07-10 08:27:49,PER_000087,PER_000018,PH_000087,,,,LOC_000099,,856.0,inbound,completed,web,
EVT_002265,login,2025-07-10 08:45:42,PER_000012,,PH_000012,DEV_000018,IP_000109,,LOC_000092,,,,completed,ussd,
EVT_006391,location_ping,2025-07-10 08:48:00,PER_000063,,,DEV_000004,,,LOC_000063,,,,completed,atm,
EVT_005883,sms,2025-07-10 08:53:45,PER_000078,PER_000069,PH_000078,,,,LOC_000114,,,internal,completed,api,
EVT_005072,location_ping,2025-07-10 08:58:17,PER_000053,,,DEV_000018,,,LOC_000046,,,,completed,ussd,
EVT_003324,location_ping,2025-07-10 08:58:42,PER_000063,,,DEV_000029,,,LOC_000063,,,,completed,api,
EVT_000920,login,2025-07-10 09:06:14,PER_000063,,PH_000063,DEV_000027,IP_000052,,LOC_000059,,,,completed,api,
EVT_000562,location_ping,2025-07-10 09:15:41,PER_000068,,,DEV_000027,,,LOC_000081,,,,completed,web,
EVT_002834,login,2025-07-10 09:18:57,PER_000072,,PH_000072,DEV_000023,IP_000065,,LOC_000014,,,,completed,ussd,
EVT_006521,transaction,2025-07-10 09:19:30,PER_000063,PER_000058,,DEV_000017,IP_000005,ACC_000063,LOC_000119,2856.89,,inbound,completed,ussd,withdrawal
EVT_006235,location_ping,2025-07-10 09:39:21,PER_000078,,,DEV_000011,,,LOC_000114,,,,completed,web,
EVT_004933,location_ping,2025-07-10 09:42:52,PER_000012,,,DEV_000035,,,LOC_000092,,,,completed,mobile_app,
EVT_005948,transaction,2025-07-10 09:43:32,PER_000063,PER_000068,,DEV_000113,IP_000117,ACC_000063,LOC_000063,451.87,,outbound,completed,ussd,withdrawal
EVT_006047,login,2025-07-10 09:49:38,PER_000063,,PH_000063,DEV_000004,IP_000017,,LOC_000063,,,,completed,api,
EVT_006344,sms,2025-07-10 10:04:50,PER_000072,PER_000054,PH_000072,,,,LOC_000010,,,outbound,completed,api,
EVT_005171,transaction,2025-07-10 10:05:57,PER_000063,PER_000050,,DEV_000105,IP_000105,ACC_000063,LOC_000053,1225.45,,outbound,completed,pos,withdrawal
EVT_000319,transaction,2025-07-10 10:07:21,PER_000072,PER_000057,,DEV_000023,IP_000091,ACC_000072,LOC_000010,3857.82,,outbound,completed,web,withdrawal
EVT_004118,transaction,2025-07-10 10:26:17,PER_000012,PER_000071,,DEV_000011,IP_000012,ACC_000112,LOC_000092,1926.63,,inbound,completed,ussd,transfer
EVT_002255,location_ping,2025-07-10 10:27:26,PER_000078,,,DEV_000095,,,LOC_000104,,,,completed,atm,
EVT_006268,transaction,2025-07-10 10:28:46,PER_000072,PER_000051,,DEV_000022,IP_000008,ACC_000072,LOC_000010,2492.23,,outbound,completed,mobile_app,deposit
EVT_005568,call,2025-07-10 10:33:53,PER_000063,PER_000054,PH_000063,,,,LOC_000063,,86.0,inbound,completed,atm,
EVT_001404,sms,2025-07-10 10:34:09,PER_000072,PER_000027,PH_000072,,,,LOC_000118,,,internal,completed,api,
EVT_000698,call,2025-07-10 10:46:52,PER_000024,PER_000002,PH_000024,,,,LOC_000003,,568.0,outbound,completed,pos,
EVT_001209,login,2025-07-10 10:54:04,PER_000072,,PH_000072,DEV_000017,IP_000047,,LOC_000037,,,,completed,mobile_app,
EVT_002691,transaction,2025-07-10 10:54:26,PER_000072,PER_000054,,DEV_000018,IP_000115,ACC_000072,LOC_000010,3367.04,,internal,completed,pos,payment
EVT_005093,sms,2025-07-10 11:05:37,PER_000063,PER_000089,PH_000063,,,,LOC_000063,,,internal,completed,web,
EVT_002125,transaction,2025-07-10 11:07:09,PER_000072,PER_000008,,DEV_000040,IP_000088,ACC_000072,LOC_000118,1895.79,,outbound,completed,api,transfer
EVT_005744,call,2025-07-10 11:14:24,PER_000063,PER_000009,PH_000063,,,,LOC_000063,,653.0,outbound,completed,ussd,
EVT_001950,call,2025-07-10 11:16:11,PER_000078,PER_000060,PH_000078,,,,LOC_000114,,206.0,inbound,completed,web,
EVT_005236,login,2025-07-10 11:25:27,PER_000012,,PH_000012,DEV_000035,IP_000114,,LOC_000092,,,,completed,mobile_app,
EVT_000460,location_ping,2025-07-10 11:26:51,PER_000078,,,DEV_000033,,,LOC_000114,,,,completed,web,
EVT_000016,call,2025-07-10 11:28:37,PER_000012,PER_000089,PH_000012,,,,LOC_000092,,201.0,outbound,completed,atm,
EVT_001913,login,2025-07-10 11:30:00,PER_000012,,PH_000012,DEV_000063,IP_000038,,LOC_000092,,,,completed,mobile_app,
EVT_000348,sms,2025-07-10 11:36:14,PER_000012,PER_000036,PH_000012,,,,LOC_000092,,,internal,completed,mobile_app,
EVT_000537,sms,2025-07-10 11:36:42,PER_000062,PER_000084,PH_000213,,,,LOC_000033,,,inbound,completed,atm,
EVT_005260,sms,2025-07-10 11:39:29,PER_000078,PER_000023,PH_000078,,,,LOC_000114,,,internal,completed,atm,
EVT_007073,location_ping,2025-07-10 11:44:14,PER_000063,,,DEV_000050,,,LOC_000063,,,,completed,pos,
EVT_004808,sms,2025-07-10 11:44:47,PER_000063,PER_000043,PH_000063,,,,LOC_000024,,,inbound,completed,pos,
EVT_001244,login,2025-07-10 11:47:14,PER_000012,,PH_000012,DEV_000067,IP_000006,,LOC_000092,,,,completed,api,
EVT_001055,call,2025-07-10 12:01:51,PER_000012,PER_000041,PH_000012,,,,LOC_000079,,363.0,outbound,completed,web,
EVT_001306,sms,2025-07-10 12:13:03,PER_000072,PER_000019,PH_000072,,,,LOC_000010,,,outbound,completed,mobile_app,
EVT_003953,transaction,2025-07-10 12:22:40,PER_000078,PER_000036,,DEV_000120,IP_000030,ACC_000078,LOC_000114,1933.53,,inbound,completed,mobile_app,payment
EVT_002965,location_ping,2025-07-10 12:24:38,PER_000078,,,DEV_000004,,,LOC_000114,,,,completed,ussd,
EVT_006404,sms,2025-07-10 12:31:20,PER_000078,PER_000085,PH_000078,,,,LOC_000114,,,inbound,completed,ussd,
EVT_001622,location_ping,2025-07-10 12:34:47,PER_000063,,,DEV_000034,,,LOC_000063,,,,completed,pos,
EVT_001156,login,2025-07-10 12:39:50,PER_000012,,PH_000012,DEV_000040,IP_000072,,LOC_000092,,,,completed,mobile_app,
EVT_003554,transaction,2025-07-10 12:56:31,PER_000012,PER_000092,,DEV_000112,IP_000018,ACC_000112,LOC_000068,3929.9,,internal,completed,ussd,transfer
EVT_002882,transaction,2025-07-10 13:03:04,PER_000078,PER_000060,,DEV_000107,IP_000018,ACC_000078,LOC_000114,3982.89,,outbound,completed,api,withdrawal
EVT_001639,login,2025-07-10 13:07:13,PER_000063,,PH_000063,DEV_000021,IP_000115,,LOC_000063,,,,completed,mobile_app,
EVT_001387,login,2025-07-10 13:13:57,PER_000072,,PH_000072,DEV_000110,IP_000119,,LOC_000010,,,,completed,atm,
EVT_004266,login,2025-07-10 13:17:17,PER_000072,,PH_000072,DEV_000060,IP_000052,,LOC_000010,,,,completed,atm,
EVT_003864,sms,2025-07-10 13:20:53,PER_000072,PER_000089,PH_000072,,,,LOC_000010,,,outbound,completed,mobile_app,
EVT_006761,sms,2025-07-10 13:24:52,PER_000078,PER_000056,PH_000078,,,,LOC_000114,,,internal,completed,mobile_app,
EVT_006423,login,2025-07-10 13:28:38,PER_000012,,PH_000012,DEV_000016,IP_000016,,LOC_000092,,,,completed,ussd,
EVT_004627,transaction,2025-07-10 13:32:22,PER_000012,PER_000084,,DEV_000040,IP_000075,ACC_000112,LOC_000092,3199.65,,internal,completed,pos,payment
EVT_005764,transaction,2025-07-10 13:34:26,PER_000063,PER_000027,,DEV_000006,IP_000078,ACC_000063,LOC_000063,3554.55,,outbound,completed,pos,deposit
EVT_005050,location_ping,2025-07-10 13:36:08,PER_000072,,,DEV_000062,,,LOC_000010,,,,completed,pos,
EVT_001568,login,2025-07-10 13:39:09,PER_000072,,PH_000072,DEV_000092,IP_000110,,LOC_000010,,,,completed,mobile_app,
EVT_002489,transaction,2025-07-10 13:44:57,PER_000072,PER_000097,,DEV_000105,IP_000060,ACC_000072,LOC_000010,4176.87,,outbound,completed,pos,payment
EVT_003855,transaction,2025-07-10 13:50:57,PER_000072,PER_000079,,DEV_000069,IP_000006,ACC_000072,LOC_000010,1856.63,,internal,completed,atm,payment
EVT_003893,sms,2025-07-10 14:00:05,PER_000072,PER_000041,PH_000072,,,,LOC_000004,,,outbound,completed,ussd,
EVT_000586,login,2025-07-10 14:03:44,PER_000001,,PH_000001,DEV_000085,IP_000075,,LOC_000029,,,,completed,ussd,
EVT_003896,location_ping,2025-07-10 14:22:32,PER_000078,,,DEV_000027,,,LOC_000039,,,,completed,atm,
EVT_006796,transaction,2025-07-10 14:22:56,PER_000063,PER_000046,,DEV_000088,IP_000113,ACC_000063,LOC_000063,4177.79,,inbound,completed,pos,withdrawal
EVT_002178,transaction,2025-07-10 14:24:49,PER_000063,PER_000055,,DEV_000031,IP_000048,ACC_000063,LOC_000063,2208.39,,inbound,completed,ussd,transfer
EVT_004287,call,2025-07-10 14:25:00,PER_000094,PER_000075,PH_000198,,,,LOC_000047,,298.0,outbound,completed,web,
EVT_002531,transaction,2025-07-10 14:26:45,PER_000078,PER_000010,,DEV_000008,IP_000066,ACC_000078,LOC_000114,85.42,,outbound,completed,web,transfer
EVT_005897,login,2025-07-10 14:41:27,PER_000063,,PH_000063,DEV_000034,IP_000117,,LOC_000063,,,,completed,api,
EVT_005467,call,2025-07-10 14:59:20,PER_000061,PER_000037,PH_000239,,,,LOC_000062,,735.0,inbound,completed,pos,
EVT_002136,call,2025-07-10 15:00:02,PER_000063,PER_000050,PH_000063,,,,LOC_000018,,195.0,outbound,completed,ussd,
EVT_003182,login,2025-07-10 15:03:52,PER_000078,,PH_000078,DEV_000094,IP_000002,,LOC_000098,,,,completed,web,
EVT_007337,location_ping,2025-07-10 15:05:06,PER_000078,,,DEV_000037,,,LOC_000114,,,,completed,web,
EVT_006667,transaction,2025-07-10 15:12:07,PER_000012,PER_000083,,DEV_000030,IP_000022,ACC_000112,LOC_000092,436.14,,outbound,completed,api,deposit
EVT_005323,transaction,2025-07-10 15:17:10,PER_000063,PER_000078,,DEV_000056,IP_000030,ACC_000063,LOC_000063,1817.49,,internal,completed,web,p2p
EVT_001065,location_ping,2025-07-10 15:21:00,PER_000042,,,DEV_000062,,,LOC_000060,,,,completed,atm,
EVT_003316,login,2025-07-10 15:21:14,PER_000063,,PH_000063,DEV_000075,IP_000045,,LOC_000063,,,,completed,ussd,
EVT_007480,sms,2025-07-10 15:21:21,PER_000072,PER_000013,PH_000072,,,,LOC_000010,,,outbound,completed,pos,
EVT_001680,transaction,2025-07-10 15:27:27,PER_000072,PER_000059,,DEV_000051,IP_000094,ACC_000072,LOC_000010,3954.94,,internal,completed,pos,deposit
EVT_001289,call,2025-07-10 15:58:54,PER_000016,PER_000024,PH_000016,,,,LOC_000054,,826.0,internal,completed,ussd,
EVT_000559,sms,2025-07-10 16:08:57,PER_000072,PER_000044,PH_000072,,,,LOC_000010,,,outbound,completed,atm,
EVT_005449,login,2025-07-10 16:09:57,PER_000027,,PH_000027,DEV_000081,IP_000086,,LOC_000046,,,,completed,pos,
EVT_006763,login,2025-07-10 16:14:00,PER_000063,,PH_000063,DEV_000057,IP_000101,,LOC_000063,,,,completed,ussd,
EVT_005083,sms,2025-07-10 16:14:35,PER_000012,PER_000044,PH_000012,,,,LOC_000092,,,internal,completed,ussd,
EVT_002613,transaction,2025-07-10 16:17:27,PER_000078,PER_000088,,DEV_000008,IP_000047,ACC_000078,LOC_000114,4101.6,,outbound,completed,pos,deposit
EVT_004586,call,2025-07-10 16:20:34,PER_000097,PER_000093,PH_000097,,,,LOC_000084,,468.0,internal,completed,atm,
EVT_006480,login,2025-07-10 16:26:03,PER_000012,,PH_000012,DEV_000090,IP_000045,,LOC_000092,,,,completed,pos,
EVT_005031,location_ping,2025-07-10 16:27:14,PER_000072,,,DEV_000104,,,LOC_000010,,,,completed,api,
EVT_001780,transaction,2025-07-10 16:36:03,PER_000072,PER_000033,,DEV_000001,IP_000090,ACC_000072,LOC_000010,631.56,,inbound,completed,pos,withdrawal
EVT_003651,call,2025-07-10 16:37:50,PER_000072,PER_000041,PH_000072,,,,LOC_000010,,777.0,internal,completed,web,
EVT_002816,location_ping,2025-07-10 16:38:41,PER_000012,,,DEV_000109,,,LOC_000021,,,,completed,mobile_app,
EVT_001068,location_ping,2025-07-10 16:49:00,PER_000078,,,DEV_000107,,,LOC_000114,,,,completed,atm,
EVT_004188,call,2025-07-10 16:49:10,PER_000078,PER_000042,PH_000078,,,,LOC_000117,,1117.0,inbound,completed,atm,
EVT_006559,sms,2025-07-10 16:51:46,PER_000072,PER_000026,PH_000072,,,,LOC_000010,,,internal,completed,ussd,
EVT_001544,call,2025-07-10 16:56:01,PER_000072,PER_000093,PH_000072,,,,LOC_000045,,873.0,internal,completed,mobile_app,
EVT_004691,sms,2025-07-10 16:56:17,PER_000063,PER_000043,PH_000063,,,,LOC_000063,,,outbound,completed,ussd,
EVT_000257,location_ping,2025-07-10 17:00:52,PER_000078,,,DEV_000088,,,LOC_000114,,,,completed,mobile_app,
EVT_001445,sms,2025-07-10 17:06:40,PER_000063,PER_000004,PH_000063,,,,LOC_000063,,,inbound,completed,ussd,
EVT_000584,call,2025-07-10 17:07:34,PER_000063,PER_000047,PH_000063,,,,LOC_000063,,240.0,outbound,completed,pos,
EVT_003206,login,2025-07-10 17:12:09,PER_000063,,PH_000063,DEV_000049,IP_000003,,LOC_000063,,,,completed,ussd,
EVT_006648,sms,2025-07-10 17:12:55,PER_000063,PER_000069,PH_000063,,,,LOC_000063,,,outbound,completed,api,
EVT_002029,call,2025-07-10 17:18:42,PER_000078,PER_000085,PH_000078,,,,LOC_000114,,955.0,internal,completed,api,
EVT_001852,call,2025-07-10 17:24:08,PER_000018,PER_000002,PH_000018,,,,LOC_000001,,643.0,internal,completed,atm,
EVT_005281,location_ping,2025-07-10 17:29:55,PER_000078,,,DEV_000018,,,LOC_000099,,,,completed,pos,
EVT_001136,sms,2025-07-10 17:33:21,PER_000078,PER_000076,PH_000078,,,,LOC_000114,,,inbound,completed,mobile_app,
EVT_001007,sms,2025-07-10 17:34:25,PER_000078,PER_000077,PH_000078,,,,LOC_000114,,,inbound,completed,web,
EVT_002790,sms,2025-07-10 17:38:08,PER_000012,PER_000022,PH_000012,,,,LOC_000092,,,inbound,completed,api,
EVT_005567,transaction,2025-07-10 17:44:28,PER_000087,PER_000050,,DEV_000064,IP_000070,ACC_000087,LOC_000099,442960.22,,outbound,completed,ussd,transfer
EVT_006244,transaction,2025-07-10 17:48:46,PER_000012,PER_000066,,DEV_000014,IP_000039,ACC_000012,LOC_000092,15.36,,outbound,completed,ussd,withdrawal
EVT_001574,login,2025-07-10 17:50:10,PER_000072,,PH_000072,DEV_000007,IP_000003,,LOC_000010,,,,completed,mobile_app,
EVT_003198,location_ping,2025-07-10 17:52:07,PER_000063,,,DEV_000098,,,LOC_000046,,,,completed,api,
EVT_002034,login,2025-07-10 17:52:45,PER_000012,,PH_000012,DEV_000077,IP_000002,,LOC_000092,,,,completed,ussd,
EVT_006347,location_ping,2025-07-10 17:59:45,PER_000072,,,DEV_000001,,,LOC_000010,,,,completed,pos,
EVT_000732,transaction,2025-07-10 18:00:53,PER_000078,PER_000086,,DEV_000015,IP_000023,ACC_000078,LOC_000085,3176.11,,inbound,completed,web,payment
EVT_001825,login,2025-07-10 18:04:35,PER_000001,,PH_000298,DEV_000081,IP_000095,,LOC_000029,,,,completed,ussd,
EVT_003809,call,2025-07-10 18:05:04,PER_000078,PER_000026,PH_000078,,,,LOC_000114,,334.0,outbound,completed,atm,
EVT_004775,call,2025-07-10 18:07:44,PER_000072,PER_000068,PH_000072,,,,LOC_000010,,660.0,internal,completed,web,
EVT_004770,login,2025-07-10 18:17:26,PER_000012,,PH_000012,DEV_000019,IP_000092,,LOC_000092,,,,completed,ussd,
EVT_000261,transaction,2025-07-10 18:20:33,PER_000063,PER_000025,,DEV_000004,IP_000080,ACC_000063,LOC_000063,4277.94,,internal,completed,ussd,withdrawal
EVT_002111,call,2025-07-10 18:27:01,PER_000063,PER_000008,PH_000063,,,,LOC_000063,,646.0,outbound,completed,pos,
EVT_003291,sms,2025-07-10 18:30:28,PER_000012,PER_000001,PH_000012,,,,LOC_000052,,,inbound,completed,web,
EVT_002173,call,2025-07-10 18:31:51,PER_000078,PER_000095,PH_000078,,,,LOC_000114,,610.0,outbound,completed,api,
EVT_002467,call,2025-07-10 18:38:55,PER_000078,PER_000067,PH_000078,,,,LOC_000114,,944.0,inbound,completed,api,
EVT_000971,location_ping,2025-07-10 18:39:41,PER_000063,,,DEV_000026,,,LOC_000063,,,,completed,api,
EVT_002837,login,2025-07-10 18:40:16,PER_000078,,PH_000078,DEV_000057,IP_000072,,LOC_000114,,,,completed,api,
EVT_003380,login,2025-07-10 18:43:20,PER_000078,,PH_000078,DEV_000101,IP_000069,,LOC_000011,,,,completed,web,
EVT_000655,location_ping,2025-07-10 18:44:20,PER_000072,,,DEV_000033,,,LOC_000010,,,,completed,atm,
EVT_004547,login,2025-07-10 18:54:25,PER_000063,,PH_000063,DEV_000003,IP_000104,,LOC_000063,,,,completed,ussd,
EVT_002955,sms,2025-07-10 18:56:17,PER_000072,PER_000042,PH_000072,,,,LOC_000010,,,inbound,completed,pos,
EVT_006356,transaction,2025-07-10 18:57:23,PER_000078,PER_000006,,DEV_000047,IP_000119,ACC_000078,LOC_000114,3261.71,,inbound,completed,mobile_app,payment
EVT_006264,sms,2025-07-10 19:00:50,PER_000012,PER_000049,PH_000012,,,,LOC_000092,,,internal,completed,web,
EVT_007234,sms,2025-07-10 19:06:12,PER_000072,PER_000080,PH_000072,,,,LOC_000010,,,inbound,completed,api,
EVT_004955,transaction,2025-07-10 19:07:48,PER_000063,PER_000015,,DEV_000100,IP_000024,ACC_000063,LOC_000063,3620.77,,outbound,completed,api,transfer
EVT_006797,location_ping,2025-07-10 19:17:07,PER_000072,,,DEV_000017,,,LOC_000010,,,,completed,atm,
EVT_003580,transaction,2025-07-10 19:21:44,PER_000063,PER_000088,,DEV_000013,IP_000050,ACC_000063,LOC_000058,3474.55,,outbound,completed,ussd,deposit
EVT_003719,sms,2025-07-10 19:21:57,PER_000078,PER_000001,PH_000078,,,,LOC_000096,,,inbound,completed,atm,
EVT_001056,call,2025-07-10 19:27:59,PER_000063,PER_000077,PH_000063,,,,LOC_000063,,148.0,outbound,completed,atm,
EVT_007421,transaction,2025-07-10 19:29:49,PER_000063,PER_000011,,DEV_000023,IP_000118,ACC_000063,LOC_000072,1927.25,,internal,completed,ussd,withdrawal
EVT_002149,sms,2025-07-10 19:31:52,PER_000072,PER_000080,PH_000072,,,,LOC_000010,,,internal,completed,atm,
EVT_003023,login,2025-07-10 19:31:59,PER_000078,,PH_000078,DEV_000032,IP_000052,,LOC_000114,,,,completed,atm,
EVT_007142,sms,2025-07-10 19:34:09,PER_000072,PER_000040,PH_000072,,,,LOC_000010,,,inbound,completed,pos,
EVT_003975,call,2025-07-10 19:38:35,PER_000072,PER_000037,PH_000072,,,,LOC_000010,,1141.0,inbound,completed,atm,
EVT_005544,transaction,2025-07-10 19:45:17,PER_000072,PER_000074,,DEV_000070,IP_000033,ACC_000072,LOC_000010,205.52,,internal,completed,pos,payment
EVT_004519,location_ping,2025-07-10 19:48:21,PER_000012,,,DEV_000003,,,LOC_000092,,,,completed,web,
EVT_004347,login,2025-07-10 19:52:11,PER_000072,,PH_000072,DEV_000016,IP_000023,,LOC_000011,,,,completed,ussd,
EVT_000462,transaction,2025-07-10 19:52:50,PER_000078,PER_000049,,DEV_000023,IP_000057,ACC_000078,LOC_000114,1335.91,,inbound,completed,web,transfer
EVT_005767,sms,2025-07-10 19:53:14,PER_000078,PER_000007,PH_000078,,,,LOC_000089,,,inbound,completed,pos,
EVT_002540,login,2025-07-10 19:54:40,PER_000063,,PH_000063,DEV_000105,IP_000034,,LOC_000063,,,,completed,pos,
EVT_003072,location_ping,2025-07-10 19:57:39,PER_000063,,,DEV_000108,,,LOC_000063,,,,completed,web,
EVT_000637,transaction,2025-07-10 20:00:04,PER_000078,PER_000041,,DEV_000052,IP_000011,ACC_000078,LOC_000114,3138.61,,inbound,completed,web,deposit
EVT_001326,login,2025-07-10 20:01:58,PER_000072,,PH_000072,DEV_000059,IP_000022,,LOC_000010,,,,completed,atm,
EVT_001994,login,2025-07-10 20:02:31,PER_000012,,PH_000012,DEV_000074,IP_000097,,LOC_000092,,,,completed,api,
EVT_002865,call,2025-07-10 20:07:57,PER_000072,PER_000025,PH_000072,,,,LOC_000010,,447.0,internal,completed,api,
EVT_006995,sms,2025-07-10 20:17:45,PER_000072,PER_000067,PH_000072,,,,LOC_000011,,,inbound,completed,web,
EVT_000330,location_ping,2025-07-10 20:18:29,PER_000063,,,DEV_000099,,,LOC_000063,,,,completed,pos,
EVT_006846,transaction,2025-07-10 20:18:32,PER_000063,PER_000045,,DEV_000092,IP_000088,ACC_000063,LOC_000063,1883.37,,inbound,completed,mobile_app,transfer
EVT_004216,login,2025-07-10 20:21:08,PER_000063,,PH_000063,DEV_000116,IP_000100,,LOC_000063,,,,completed,web,
EVT_003744,location_ping,2025-07-10 20:21:25,PER_000063,,,DEV_000101,,,LOC_000063,,,,completed,pos,
EVT_002107,call,2025-07-10 20:26:14,PER_000078,PER_000094,PH_000078,,,,LOC_000114,,1136.0,inbound,completed,api,
EVT_002273,login,2025-07-10 20:35:12,PER_000072,,PH_000072,DEV_000060,IP_000067,,LOC_000010,,,,completed,api,
EVT_002080,login,2025-07-10 20:38:06,PER_000078,,PH_000078,DEV_000027,IP_000042,,LOC_000114,,,,completed,pos,
EVT_007266,sms,2025-07-10 20:39:42,PER_000063,PER_000016,PH_000063,,,,LOC_000063,,,outbound,completed,api,
EVT_005806,sms,2025-07-10 20:41:36,PER_000012,PER_000075,PH_000012,,,,LOC_000092,,,internal,completed,mobile_app,
EVT_000742,login,2025-07-10 20:42:39,PER_000072,,PH_000072,DEV_000049,IP_000003,,LOC_000010,,,,completed,atm,
EVT_005588,login,2025-07-10 21:02:37,PER_000018,,PH_000018,DEV_000117,IP_000040,,LOC_000001,,,,completed,web,
EVT_004598,login,2025-07-10 21:03:59,PER_000063,,PH_000063,DEV_000046,IP_000089,,LOC_000063,,,,completed,mobile_app,
EVT_000316,call,2025-07-10 21:06:24,PER_000072,PER_000038,PH_000072,,,,LOC_000010,,1128.0,outbound,completed,ussd,
EVT_004762,location_ping,2025-07-10 21:06:27,PER_000063,,,DEV_000028,,,LOC_000063,,,,completed,atm,
EVT_001198,transaction,2025-07-10 21:22:58,PER_000012,PER_000060,,DEV_000042,IP_000106,ACC_000112,LOC_000092,1657.0,,internal,completed,mobile_app,withdrawal
EVT_007398,location_ping,2025-07-10 21:40:55,PER_000063,,,DEV_000092,,,LOC_000063,,,,completed,mobile_app,
EVT_003928,location_ping,2025-07-10 21:44:28,PER_000078,,,DEV_000118,,,LOC_000114,,,,completed,web,
EVT_001425,login,2025-07-10 21:49:27,PER_000063,,PH_000063,DEV_000011,IP_000110,,LOC_000063,,,,completed,ussd,
EVT_006741,call,2025-07-10 22:00:15,PER_000012,PER_000095,PH_000012,,,,LOC_000092,,332.0,internal,completed,web,
EVT_003006,location_ping,2025-07-10 22:08:57,PER_000078,,,DEV_000074,,,LOC_000114,,,,completed,web,
EVT_007070,sms,2025-07-10 22:16:52,PER_000063,PER_000050,PH_000063,,,,LOC_000062,,,outbound,completed,web,
EVT_005411,login,2025-07-10 22:17:01,PER_000078,,PH_000078,DEV_000030,IP_000083,,LOC_000076,,,,completed,mobile_app,
EVT_002571,sms,2025-07-10 22:27:36,PER_000012,PER_000078,PH_000012,,,,LOC_000077,,,internal,completed,api,
EVT_006568,location_ping,2025-07-10 22:29:41,PER_000012,,,DEV_000117,,,LOC_000092,,,,completed,web,
EVT_006985,location_ping,2025-07-10 22:31:06,PER_000078,,,DEV_000021,,,LOC_000114,,,,completed,mobile_app,
EVT_003756,login,2025-07-10 22:33:53,PER_000063,,PH_000063,DEV_000015,IP_000029,,LOC_000063,,,,completed,mobile_app,
EVT_005850,call,2025-07-10 22:34:09,PER_000078,PER_000034,PH_000078,,,,LOC_000114,,1138.0,inbound,completed,ussd,
EVT_006740,call,2025-07-10 22:34:41,PER_000078,PER_000077,PH_000078,,,,LOC_000114,,775.0,outbound,completed,ussd,
EVT_003402,call,2025-07-10 22:47:01,PER_000012,PER_000034,PH_000012,,,,LOC_000092,,900.0,inbound,completed,web,
EVT_001628,call,2025-07-10 22:53:04,PER_000072,PER_000025,PH_000072,,,,LOC_000010,,963.0,internal,completed,ussd,
EVT_005012,login,2025-07-10 22:53:14,PER_000072,,PH_000072,DEV_000026,IP_000103,,LOC_000010,,,,completed,atm,
EVT_001342,sms,2025-07-10 22:56:48,PER_000072,PER_000035,PH_000072,,,,LOC_000086,,,outbound,completed,mobile_app,
EVT_002987,location_ping,2025-07-10 22:56:50,PER_000063,,,DEV_000027,,,LOC_000063,,,,completed,api,
EVT_006967,transaction,2025-07-10 23:09:48,PER_000063,PER_000076,,DEV_000066,IP_000028,ACC_000063,LOC_000063,2671.69,,inbound,completed,atm,transfer
EVT_007227,sms,2025-07-10 23:15:41,PER_000078,PER_000058,PH_000078,,,,LOC_000114,,,inbound,completed,atm,
EVT_006418,login,2025-07-10 23:17:38,PER_000072,,PH_000072,DEV_000078,IP_000104,,LOC_000010,,,,completed,web,
EVT_004033,login,2025-07-10 23:20:09,PER_000078,,PH_000078,DEV_000086,IP_000083,,LOC_000114,,,,completed,pos,
EVT_001678,sms,2025-07-10 23:23:43,PER_000072,PER_000077,PH_000072,,,,LOC_000010,,,inbound,completed,mobile_app,
EVT_004522,transaction,2025-07-10 23:28:09,PER_000078,PER_000049,,DEV_000067,IP_000094,ACC_000078,LOC_000114,4068.71,,outbound,completed,ussd,deposit
EVT_000212,transaction,2025-07-10 23:35:54,PER_000012,PER_000090,,DEV_000092,IP_000094,ACC_000012,LOC_000092,397.6,,inbound,completed,api,deposit
EVT_006195,sms,2025-07-10 23:50:50,PER_000078,PER_000069,PH_000078,,,,LOC_000114,,,inbound,completed,api,
EVT_006460,transaction,2025-07-10 23:54:13,PER_000072,PER_000013,,DEV_000019,IP_000060,ACC_000072,LOC_000010,3660.57,,outbound,completed,api,payment
EVT_003995,transaction,2025-07-10 23:58:46,PER_000072,PER_000017,,DEV_000062,IP_000047,ACC_000072,LOC_000010,3107.43,,outbound,completed,pos,withdrawal
EVT_005514,call,2025-07-11 00:20:29,PER_000078,PER_000001,PH_000078,,,,LOC_000115,,772.0,inbound,completed,mobile_app,
EVT_006321,sms,2025-07-11 00:24:53,PER_000072,PER_000023,PH_000072,,,,LOC_000072,,,outbound,completed,pos,
EVT_006432,transaction,2025-07-11 00:24:57,PER_000012,PER_000060,,DEV_000002,IP_000037,ACC_000012,LOC_000063,2068.44,,internal,completed,mobile_app,withdrawal
EVT_005316,transaction,2025-07-11 00:33:25,PER_000072,PER_000004,,DEV_000089,IP_000087,ACC_000072,LOC_000010,4418.0,,outbound,completed,atm,transfer
EVT_001684,call,2025-07-11 00:34:23,PER_000078,PER_000005,PH_000078,,,,LOC_000114,,1057.0,internal,completed,pos,
EVT_002880,sms,2025-07-11 00:34:47,PER_000078,PER_000042,PH_000078,,,,LOC_000114,,,outbound,completed,web,
EVT_004449,location_ping,2025-07-11 00:40:04,PER_000072,,,DEV_000071,,,LOC_000010,,,,completed,atm,
EVT_007413,login,2025-07-11 00:53:42,PER_000072,,PH_000072,DEV_000110,IP_000076,,LOC_000010,,,,completed,atm,
EVT_007201,call,2025-07-11 00:58:00,PER_000078,PER_000097,PH_000078,,,,LOC_000114,,710.0,inbound,completed,atm,
EVT_003234,call,2025-07-11 00:59:47,PER_000012,PER_000083,PH_000012,,,,LOC_000092,,49.0,inbound,completed,api,
EVT_001194,sms,2025-07-11 01:00:00,PER_000063,PER_000069,PH_000063,,,,LOC_000063,,,inbound,completed,pos,
EVT_007247,transaction,2025-07-11 01:03:28,PER_000078,PER_000008,,DEV_000005,IP_000064,ACC_000078,LOC_000114,1217.52,,outbound,completed,ussd,deposit
EVT_006381,call,2025-07-11 01:06:41,PER_000072,PER_000037,PH_000072,,,,LOC_000010,,767.0,inbound,completed,pos,
EVT_003007,call,2025-07-11 01:18:16,PER_000063,PER_000021,PH_000063,,,,LOC_000063,,390.0,internal,completed,pos,
EVT_005943,login,2025-07-11 01:33:34,PER_000078,,PH_000078,DEV_000109,IP_000002,,LOC_000114,,,,completed,api,
EVT_004089,location_ping,2025-07-11 01:43:24,PER_000072,,,DEV_000015,,,LOC_000010,,,,completed,mobile_app,
EVT_005108,location_ping,2025-07-11 01:47:04,PER_000078,,,DEV_000071,,,LOC_000114,,,,completed,web,
EVT_000247,login,2025-07-11 01:52:21,PER_000078,,PH_000078,DEV_000024,IP_000055,,LOC_000114,,,,completed,api,
EVT_006316,transaction,2025-07-11 01:57:41,PER_000063,PER_000013,,DEV_000101,IP_000019,ACC_000063,LOC_000063,1443.13,,inbound,completed,api,deposit
EVT_001343,location_ping,2025-07-11 02:01:15,PER_000072,,,DEV_000002,,,LOC_000010,,,,completed,api,
EVT_003386,login,2025-07-11 02:10:30,PER_000012,,PH_000012,DEV_000004,IP_000103,,LOC_000001,,,,completed,mobile_app,
EVT_003620,login,2025-07-11 02:11:42,PER_000012,,PH_000012,DEV_000038,IP_000010,,LOC_000092,,,,completed,atm,
EVT_006485,call,2025-07-11 02:13:06,PER_000012,PER_000019,PH_000012,,,,LOC_000092,,679.0,outbound,completed,atm,
EVT_003566,login,2025-07-11 02:15:23,PER_000078,,PH_000078,DEV_000012,IP_000092,,LOC_000114,,,,completed,mobile_app,
EVT_003348,sms,2025-07-11 02:22:34,PER_000012,PER_000041,PH_000012,,,,LOC_000036,,,internal,completed,pos,
EVT_003500,login,2025-07-11 02:24:53,PER_000078,,PH_000078,DEV_000113,IP_000025,,LOC_000114,,,,completed,pos,
EVT_003010,location_ping,2025-07-11 02:25:11,PER_000012,,,DEV_000029,,,LOC_000092,,,,completed,mobile_app,
EVT_000921,login,2025-07-11 02:28:25,PER_000078,,PH_000078,DEV_000042,IP_000086,,LOC_000114,,,,completed,ussd,
EVT_002948,sms,2025-07-11 02:32:15,PER_000063,PER_000059,PH_000063,,,,LOC_000063,,,outbound,completed,api,
EVT_000551,transaction,2025-07-11 02:32:30,PER_000072,PER_000055,,DEV_000069,IP_000104,ACC_000072,LOC_000010,740.83,,internal,completed,pos,payment
EVT_004275,transaction,2025-07-11 02:38:51,PER_000012,PER_000069,,DEV_000119,IP_000073,ACC_000012,LOC_000115,3901.84,,outbound,completed,api,withdrawal
EVT_002954,transaction,2025-07-11 02:50:22,PER_000012,PER_000085,,DEV_000103,IP_000068,ACC_000012,LOC_000062,233.49,,outbound,completed,ussd,withdrawal
EVT_002801,location_ping,2025-07-11 02:51:04,PER_000063,,,DEV_000069,,,LOC_000075,,,,completed,api,
EVT_001774,sms,2025-07-11 03:02:01,PER_000078,PER_000073,PH_000078,,,,LOC_000114,,,outbound,completed,web,
EVT_005700,call,2025-07-11 03:08:33,PER_000072,PER_000068,PH_000072,,,,LOC_000010,,61.0,internal,completed,atm,
EVT_003602,login,2025-07-11 03:11:56,PER_000012,,PH_000012,DEV_000002,IP_000067,,LOC_000102,,,,completed,atm,
EVT_001943,sms,2025-07-11 03:45:26,PER_000012,PER_000002,PH_000012,,,,LOC_000092,,,inbound,completed,atm,
EVT_006481,login,2025-07-11 03:49:42,PER_000012,,PH_000012,DEV_000008,IP_000115,,LOC_000092,,,,completed,mobile_app,
EVT_001159,location_ping,2025-07-11 03:50:52,PER_000012,,,DEV_000045,,,LOC_000028,,,,completed,web,
EVT_000292,call,2025-07-11 04:01:33,PER_000012,PER_000090,PH_000012,,,,LOC_000092,,1125.0,internal,completed,atm,
EVT_004094,call,2025-07-11 04:03:43,PER_000012,PER_000059,PH_000012,,,,LOC_000092,,231.0,outbound,completed,ussd,
EVT_003640,login,2025-07-11 04:12:24,PER_000072,,PH_000072,DEV_000017,IP_000032,,LOC_000010,,,,completed,mobile_app,
EVT_005082,call,2025-07-11 04:14:24,PER_000072,PER_000029,PH_000072,,,,LOC_000010,,880.0,outbound,completed,mobile_app,
EVT_000936,login,2025-07-11 04:16:55,PER_000078,,PH_000078,DEV_000089,IP_000087,,LOC_000114,,,,completed,atm,
EVT_005127,call,2025-07-11 04:20:04,PER_000078,PER_000051,PH_000078,,,,LOC_000061,,620.0,inbound,completed,ussd,
EVT_003017,sms,2025-07-11 04:33:54,PER_000078,PER_000085,PH_000078,,,,LOC_000114,,,inbound,completed,mobile_app,
EVT_001215,call,2025-07-11 04:34:50,PER_000063,PER_000007,PH_000063,,,,LOC_000063,,951.0,outbound,completed,mobile_app,
EVT_000117,transaction,2025-07-11 04:34:51,PER_000063,PER_000029,,DEV_000018,IP_000060,ACC_000063,LOC_000063,3818.2,,outbound,completed,ussd,withdrawal
EVT_006858,sms,2025-07-11 04:37:15,PER_000078,PER_000087,PH_000078,,,,LOC_000024,,,internal,completed,pos,
EVT_002618,login,2025-07-11 04:48:27,PER_000063,,PH_000063,DEV_000085,IP_000055,,LOC_000063,,,,completed,atm,
EVT_002572,call,2025-07-11 04:49:25,PER_000012,PER_000049,PH_000012,,,,LOC_000092,,106.0,inbound,completed,api,
EVT_004758,transaction,2025-07-11 04:51:12,PER_000072,PER_000003,,DEV_000038,IP_000072,ACC_000072,LOC_000010,57.74,,inbound,completed,web,deposit
EVT_006660,location_ping,2025-07-11 04:52:36,PER_000063,,,DEV_000011,,,LOC_000042,,,,completed,ussd,
EVT_006326,call,2025-07-11 04:55:39,PER_000063,PER_000099,PH_000063,,,,LOC_000063,,48.0,internal,completed,atm,
EVT_005476,transaction,2025-07-11 04:57:33,PER_000063,PER_000009,,DEV_000043,IP_000093,ACC_000063,LOC_000063,3498.94,,inbound,completed,web,deposit
EVT_001905,call,2025-07-11 05:03:34,PER_000012,PER_000042,PH_000012,,,,LOC_000054,,156.0,internal,completed,api,
EVT_005313,login,2025-07-11 05:19:13,PER_000072,,PH_000072,DEV_000056,IP_000084,,LOC_000010,,,,completed,ussd,
EVT_002150,location_ping,2025-07-11 05:22:03,PER_000012,,,DEV_000068,,,LOC_000092,,,,completed,api,
EVT_005895,sms,2025-07-11 05:30:36,PER_000012,PER_000020,PH_000012,,,,LOC_000092,,,inbound,completed,atm,
EVT_006217,transaction,2025-07-11 05:36:11,PER_000072,PER_000070,,DEV_000001,IP_000017,ACC_000072,LOC_000086,1245.92,,inbound,completed,ussd,payment
EVT_001349,call,2025-07-11 05:40:38,PER_000012,PER_000064,PH_000012,,,,LOC_000092,,165.0,outbound,completed,ussd,
EVT_003498,location_ping,2025-07-11 05:43:22,PER_000012,,,DEV_000094,,,LOC_000092,,,,completed,web,
EVT_002504,location_ping,2025-07-11 05:47:22,PER_000012,,,DEV_000053,,,LOC_000092,,,,completed,pos,
EVT_006690,login,2025-07-11 05:51:42,PER_000078,,PH_000078,DEV_000063,IP_000012,,LOC_000114,,,,completed,atm,
EVT_002402,transaction,2025-07-11 06:01:17,PER_000063,PER_000011,,DEV_000042,IP_000009,ACC_000063,LOC_000063,3048.14,,outbound,completed,ussd,transfer
EVT_006329,location_ping,2025-07-11 06:05:36,PER_000063,,,DEV_000028,,,LOC_000063,,,,completed,atm,
EVT_001771,call,2025-07-11 06:09:31,PER_000063,PER_000094,PH_000063,,,,LOC_000063,,22.0,inbound,completed,web,
EVT_000675,login,2025-07-11 06:21:26,PER_000012,,PH_000012,DEV_000019,IP_000004,,LOC_000092,,,,completed,ussd,
EVT_002735,call,2025-07-11 06:22:25,PER_000012,PER_000007,PH_000012,,,,LOC_000092,,236.0,inbound,completed,ussd,
EVT_006957,transaction,2025-07-11 06:30:32,PER_000078,PER_000038,,DEV_000020,IP_000061,ACC_000078,LOC_000114,4319.27,,internal,completed,ussd,p2p
EVT_004207,login,2025-07-11 06:39:18,PER_000072,,PH_000072,DEV_000014,IP_000066,,LOC_000056,,,,completed,api,
EVT_005189,sms,2025-07-11 06:45:47,PER_000072,PER_000047,PH_000072,,,,LOC_000010,,,internal,completed,atm,
EVT_001693,location_ping,2025-07-11 06:47:37,PER_000012,,,DEV_000079,,,LOC_000092,,,,completed,atm,
EVT_005148,call,2025-07-11 06:50:45,PER_000078,PER_000042,PH_000078,,,,LOC_000114,,690.0,internal,completed,ussd,
EVT_005797,login,2025-07-11 06:53:00,PER_000012,,PH_000012,DEV_000009,IP_000089,,LOC_000053,,,,completed,mobile_app,
EVT_002546,call,2025-07-11 07:01:21,PER_000012,PER_000011,PH_000012,,,,LOC_000092,,1191.0,internal,completed,mobile_app,
EVT_007275,transaction,2025-07-11 07:04:31,PER_000012,PER_000099,,DEV_000081,IP_000109,ACC_000012,LOC_000098,1856.68,,outbound,completed,web,p2p
EVT_002460,login,2025-07-11 07:07:51,PER_000063,,PH_000063,DEV_000012,IP_000024,,LOC_000063,,,,completed,mobile_app,
EVT_000064,login,2025-07-11 07:14:26,PER_000078,,PH_000078,DEV_000050,IP_000001,,LOC_000114,,,,completed,api,
EVT_005891,location_ping,2025-07-11 07:21:18,PER_000078,,,DEV_000097,,,LOC_000114,,,,completed,api,
EVT_002478,location_ping,2025-07-11 07:21:52,PER_000072,,,DEV_000092,,,LOC_000010,,,,completed,pos,
EVT_002861,location_ping,2025-07-11 07:26:32,PER_000063,,,DEV_000005,,,LOC_000063,,,,completed,mobile_app,
EVT_006777,sms,2025-07-11 07:26:50,PER_000012,PER_000027,PH_000012,,,,LOC_000092,,,internal,completed,atm,
EVT_000106,login,2025-07-11 07:31:54,PER_000078,,PH_000078,DEV_000003,IP_000050,,LOC_000114,,,,completed,api,
EVT_003813,call,2025-07-11 07:39:57,PER_000078,PER_000057,PH_000078,,,,LOC_000114,,90.0,outbound,completed,api,
EVT_002879,login,2025-07-11 07:45:38,PER_000063,,PH_000063,DEV_000044,IP_000033,,LOC_000063,,,,completed,pos,
EVT_004518,sms,2025-07-11 07:48:12,PER_000063,PER_000009,PH_000063,,,,LOC_000063,,,outbound,completed,atm,
EVT_005315,login,2025-07-11 07:51:50,PER_000072,,PH_000072,DEV_000028,IP_000025,,LOC_000073,,,,completed,api,
EVT_007229,login,2025-07-11 07:57:33,PER_000078,,PH_000078,DEV_000049,IP_000023,,LOC_000114,,,,completed,pos,
EVT_003428,call,2025-07-11 07:57:44,PER_000078,PER_000011,PH_000078,,,,LOC_000114,,623.0,internal,completed,mobile_app,
EVT_006549,location_ping,2025-07-11 08:08:35,PER_000012,,,DEV_000095,,,LOC_000092,,,,completed,atm,
EVT_003075,call,2025-07-11 08:11:59,PER_000012,PER_000035,PH_000012,,,,LOC_000093,,654.0,outbound,completed,pos,
EVT_005690,login,2025-07-11 08:13:51,PER_000078,,PH_000078,DEV_000004,IP_000012,,LOC_000105,,,,completed,mobile_app,
EVT_006779,sms,2025-07-11 08:14:07,PER_000050,PER_000035,PH_000050,,,,LOC_000058,,,outbound,completed,ussd,
EVT_003873,call,2025-07-11 08:18:10,PER_000072,PER_000068,PH_000072,,,,LOC_000010,,138.0,outbound,completed,pos,
EVT_002148,login,2025-07-11 08:18:49,PER_000063,,PH_000063,DEV_000098,IP_000016,,LOC_000063,,,,completed,ussd,
EVT_006788,location_ping,2025-07-11 08:20:25,PER_000072,,,DEV_000114,,,LOC_000010,,,,completed,web,
EVT_004214,transaction,2025-07-11 08:27:57,PER_000078,PER_000039,,DEV_000055,IP_000090,ACC_000078,LOC_000114,530.33,,internal,completed,atm,withdrawal
EVT_000375,login,2025-07-11 08:37:59,PER_000016,,PH_000016,DEV_000108,IP_000042,,LOC_000054,,,,completed,pos,
EVT_005659,transaction,2025-07-11 08:38:18,PER_000072,PER_000045,,DEV_000009,IP_000008,ACC_000072,LOC_000053,3176.09,,internal,completed,pos,p2p
EVT_001096,sms,2025-07-11 08:43:12,PER_000072,PER_000026,PH_000072,,,,LOC_000010,,,outbound,completed,pos,
EVT_005057,location_ping,2025-07-11 08:47:56,PER_000063,,,DEV_000010,,,LOC_000063,,,,completed,mobile_app,
EVT_005091,sms,2025-07-11 08:48:37,PER_000078,PER_000006,PH_000078,,,,LOC_000114,,,internal,completed,mobile_app,
EVT_002612,login,2025-07-11 08:55:12,PER_000063,,PH_000063,DEV_000005,IP_000075,,LOC_000063,,,,completed,mobile_app,
EVT_001588,login,2025-07-11 08:59:27,PER_000063,,PH_000063,DEV_000066,IP_000051,,LOC_000063,,,,completed,pos,
EVT_002898,sms,2025-07-11 08:59:52,PER_000072,PER_000084,PH_000072,,,,LOC_000010,,,outbound,completed,atm,
EVT_001446,call,2025-07-11 09:04:30,PER_000012,PER_000093,PH_000012,,,,LOC_000092,,914.0,outbound,completed,atm,
EVT_000451,call,2025-07-11 09:04:52,PER_000063,PER_000006,PH_000063,,,,LOC_000063,,970.0,outbound,completed,api,
EVT_006516,call,2025-07-11 09:05:55,PER_000063,PER_000047,PH_000063,,,,LOC_000063,,863.0,internal,completed,api,
EVT_006722,call,2025-07-11 09:05:58,PER_000012,PER_000019,PH_000012,,,,LOC_000092,,1016.0,inbound,completed,api,
EVT_001630,sms,2025-07-11 09:09:51,PER_000078,PER_000095,PH_000078,,,,LOC_000114,,,outbound,completed,api,
EVT_000536,login,2025-07-11 09:12:35,PER_000063,,PH_000063,DEV_000033,IP_000087,,LOC_000019,,,,completed,ussd,
EVT_003161,login,2025-07-11 09:13:06,PER_000063,,PH_000063,DEV_000047,IP_000058,,LOC_000063,,,,completed,web,
EVT_005010,sms,2025-07-11 09:14:00,PER_000012,PER_000078,PH_000012,,,,LOC_000116,,,outbound,completed,pos,
EVT_002083,call,2025-07-11 09:19:10,PER_000078,PER_000091,PH_000078,,,,LOC_000114,,916.0,inbound,completed,web,
EVT_002871,location_ping,2025-07-11 09:19:10,PER_000063,,,DEV_000056,,,LOC_000063,,,,completed,web,
EVT_007072,call,2025-07-11 09:19:49,PER_000078,PER_000073,PH_000078,,,,LOC_000114,,1117.0,inbound,completed,ussd,
EVT_000055,transaction,2025-07-11 09:25:23,PER_000078,PER_000033,,DEV_000060,IP_000039,ACC_000078,LOC_000114,2533.14,,internal,completed,web,deposit
EVT_004860,call,2025-07-11 09:28:58,PER_000093,PER_000009,PH_000262,,,,LOC_000071,,925.0,internal,completed,mobile_app,
EVT_001870,location_ping,2025-07-11 09:30:29,PER_000072,,,DEV_000080,,,LOC_000004,,,,completed,pos,
EVT_001482,call,2025-07-11 09:32:35,PER_000078,PER_000065,PH_000078,,,,LOC_000114,,520.0,internal,completed,ussd,
EVT_002315,transaction,2025-07-11 09:40:43,PER_000063,PER_000079,,DEV_000016,IP_000113,ACC_000063,LOC_000063,3143.22,,outbound,completed,atm,payment
EVT_000475,login,2025-07-11 09:41:32,PER_000063,,PH_000063,DEV_000095,IP_000012,,LOC_000063,,,,completed,pos,
EVT_005357,sms,2025-07-11 09:46:53,PER_000012,PER_000080,PH_000012,,,,LOC_000092,,,inbound,completed,web,
EVT_002868,call,2025-07-11 09:47:08,PER_000072,PER_000085,PH_000072,,,,LOC_000089,,242.0,internal,completed,web,
EVT_002349,location_ping,2025-07-11 09:48:35,PER_000072,,,DEV_000004,,,LOC_000010,,,,completed,api,
EVT_007280,login,2025-07-11 09:49:50,PER_000078,,PH_000078,DEV_000015,IP_000054,,LOC_000114,,,,completed,ussd,
EVT_004225,location_ping,2025-07-11 10:00:22,PER_000078,,,DEV_000045,,,LOC_000114,,,,completed,atm,
EVT_001103,sms,2025-07-11 10:00:42,PER_000012,PER_000054,PH_000012,,,,LOC_000092,,,internal,completed,mobile_app,
EVT_000984,transaction,2025-07-11 10:02:28,PER_000078,PER_000045,,DEV_000019,IP_000105,ACC_000078,LOC_000114,402.71,,inbound,completed,pos,payment
EVT_001932,location_ping,2025-07-11 10:10:14,PER_000078,,,DEV_000034,,,LOC_000114,,,,completed,ussd,
EVT_007183,transaction,2025-07-11 10:13:05,PER_000012,PER_000082,,DEV_000016,IP_000100,ACC_000012,LOC_000092,3934.77,,internal,completed,pos,withdrawal
EVT_006271,login,2025-07-11 10:16:54,PER_000072,,PH_000072,DEV_000027,IP_000083,,LOC_000010,,,,completed,web,
EVT_002984,sms,2025-07-11 10:18:49,PER_000012,PER_000072,PH_000012,,,,LOC_000092,,,inbound,completed,mobile_app,
EVT_001865,call,2025-07-11 10:20:08,PER_000078,PER_000090,PH_000078,,,,LOC_000036,,882.0,internal,completed,ussd,
EVT_003876,location_ping,2025-07-11 10:30:21,PER_000063,,,DEV_000062,,,LOC_000063,,,,completed,mobile_app,
EVT_002511,login,2025-07-11 10:42:25,PER_000072,,PH_000072,DEV_000001,IP_000110,,LOC_000010,,,,completed,atm,
EVT_003721,call,2025-07-11 10:42:34,PER_000063,PER_000048,PH_000063,,,,LOC_000063,,1148.0,outbound,completed,api,
EVT_002181,transaction,2025-07-11 10:56:12,PER_000063,PER_000093,,DEV_000057,IP_000099,ACC_000063,LOC_000035,3170.62,,outbound,completed,ussd,withdrawal
EVT_005052,sms,2025-07-11 10:57:41,PER_000012,PER_000007,PH_000012,,,,LOC_000092,,,inbound,completed,web,
EVT_000975,login,2025-07-11 10:57:55,PER_000063,,PH_000063,DEV_000102,IP_000086,,LOC_000063,,,,completed,web,
EVT_000858,location_ping,2025-07-11 11:00:32,PER_000012,,,DEV_000110,,,LOC_000092,,,,completed,ussd,
EVT_001100,call,2025-07-11 11:01:36,PER_000072,PER_000025,PH_000072,,,,LOC_000010,,571.0,inbound,completed,pos,
EVT_003000,transaction,2025-07-11 11:03:24,PER_000072,PER_000042,,DEV_000063,IP_000045,ACC_000072,LOC_000010,3913.38,,internal,completed,api,withdrawal
EVT_006565,call,2025-07-11 11:17:12,PER_000012,PER_000040,PH_000012,,,,LOC_000092,,256.0,inbound,completed,ussd,
EVT_000784,call,2025-07-11 11:23:58,PER_000078,PER_000085,PH_000078,,,,LOC_000114,,252.0,internal,completed,atm,
EVT_005718,sms,2025-07-11 11:24:29,PER_000012,PER_000020,PH_000012,,,,LOC_000092,,,inbound,completed,atm,
EVT_002381,login,2025-07-11 11:28:59,PER_000078,,PH_000078,DEV_000119,IP_000102,,LOC_000114,,,,completed,mobile_app,
EVT_006784,sms,2025-07-11 11:55:18,PER_000059,PER_000067,PH_000137,,,,LOC_000071,,,inbound,completed,ussd,
EVT_006782,sms,2025-07-11 11:55:35,PER_000012,PER_000061,PH_000012,,,,LOC_000092,,,internal,completed,ussd,
EVT_006735,call,2025-07-11 11:58:35,PER_000063,PER_000055,PH_000063,,,,LOC_000063,,137.0,internal,completed,mobile_app,
EVT_005037,location_ping,2025-07-11 12:00:07,PER_000024,,,DEV_000104,,,LOC_000083,,,,completed,mobile_app,
EVT_001539,login,2025-07-11 12:03:59,PER_000012,,PH_000012,DEV_000034,IP_000089,,LOC_000092,,,,completed,mobile_app,
EVT_001556,login,2025-07-11 12:05:22,PER_000012,,PH_000012,DEV_000024,IP_000016,,LOC_000092,,,,completed,atm,
EVT_005538,login,2025-07-11 12:05:50,PER_000072,,PH_000072,DEV_000021,IP_000106,,LOC_000010,,,,completed,atm,
EVT_003367,login,2025-07-11 12:05:52,PER_000063,,PH_000063,DEV_000088,IP_000068,,LOC_000063,,,,completed,pos,
EVT_005465,location_ping,2025-07-11 12:17:22,PER_000078,,,DEV_000093,,,LOC_000114,,,,completed,pos,
EVT_005382,call,2025-07-11 12:23:25,PER_000072,PER_000096,PH_000072,,,,LOC_000010,,123.0,outbound,completed,web,
EVT_005683,login,2025-07-11 12:25:29,PER_000012,,PH_000012,DEV_000002,IP_000042,,LOC_000092,,,,completed,api,
EVT_005301,transaction,2025-07-11 12:48:30,PER_000063,PER_000093,,DEV_000047,IP_000070,ACC_000063,LOC_000063,177.36,,inbound,completed,ussd,p2p
EVT_002000,transaction,2025-07-11 12:53:42,PER_000063,PER_000026,,DEV_000072,IP_000095,ACC_000063,LOC_000063,4251.98,,internal,completed,atm,p2p
EVT_000846,sms,2025-07-11 12:53:49,PER_000012,PER_000076,PH_000012,,,,LOC_000092,,,internal,completed,pos,
EVT_006614,call,2025-07-11 12:54:20,PER_000072,PER_000085,PH_000072,,,,LOC_000010,,381.0,internal,completed,mobile_app,
EVT_003024,sms,2025-07-11 13:00:06,PER_000072,PER_000022,PH_000072,,,,LOC_000010,,,internal,completed,ussd,
EVT_002616,login,2025-07-11 13:01:10,PER_000072,,PH_000072,DEV_000097,IP_000009,,LOC_000068,,,,completed,atm,
EVT_004571,call,2025-07-11 13:02:36,PER_000072,PER_000023,PH_000072,,,,LOC_000010,,365.0,outbound,completed,ussd,
EVT_000500,transaction,2025-07-11 13:06:30,PER_000072,PER_000092,,DEV_000082,IP_000089,ACC_000072,LOC_000010,3314.45,,inbound,completed,api,payment
EVT_006054,call,2025-07-11 13:14:31,PER_000063,PER_000056,PH_000063,,,,LOC_000063,,559.0,outbound,completed,api,
EVT_005221,transaction,2025-07-11 13:16:58,PER_000063,PER_000071,,DEV_000088,IP_000085,ACC_000063,LOC_000063,4378.38,,outbound,completed,api,payment
EVT_002363,location_ping,2025-07-11 13:17:24,PER_000072,,,DEV_000066,,,LOC_000010,,,,completed,atm,
EVT_002394,location_ping,2025-07-11 13:25:28,PER_000063,,,DEV_000118,,,LOC_000063,,,,completed,ussd,
EVT_001281,call,2025-07-11 13:28:37,PER_000063,PER_000076,PH_000063,,,,LOC_000063,,65.0,outbound,completed,web,
EVT_005309,login,2025-07-11 13:33:42,PER_000050,,PH_000248,DEV_000120,IP_000075,,LOC_000058,,,,completed,ussd,
EVT_005457,login,2025-07-11 13:34:02,PER_000072,,PH_000072,DEV_000103,IP_000076,,LOC_000010,,,,completed,mobile_app,
EVT_004687,transaction,2025-07-11 13:34:07,PER_000012,PER_000080,,DEV_000103,IP_000034,ACC_000112,LOC_000092,2765.72,,internal,completed,mobile_app,deposit
EVT_006874,login,2025-07-11 13:40:24,PER_000072,,PH_000072,DEV_000102,IP_000009,,LOC_000010,,,,completed,ussd,
EVT_004195,call,2025-07-11 13:42:43,PER_000063,PER_000006,PH_000063,,,,LOC_000063,,362.0,outbound,completed,pos,
EVT_004697,login,2025-07-11 13:49:08,PER_000063,,PH_000063,DEV_000031,IP_000003,,LOC_000097,,,,completed,ussd,
EVT_003646,location_ping,2025-07-11 13:55:52,PER_000072,,,DEV_000108,,,LOC_000010,,,,completed,web,
EVT_002430,call,2025-07-11 14:04:31,PER_000072,PER_000004,PH_000072,,,,LOC_000010,,1086.0,outbound,completed,web,
EVT_003814,login,2025-07-11 14:10:16,PER_000012,,PH_000012,DEV_000095,IP_000006,,LOC_000092,,,,completed,web,
EVT_005685,transaction,2025-07-11 14:19:42,PER_000012,PER_000084,,DEV_000098,IP_000117,ACC_000112,LOC_000092,3097.99,,internal,completed,web,withdrawal
EVT_003288,transaction,2025-07-11 14:22:09,PER_000012,PER_000061,,DEV_000052,IP_000105,ACC_000012,LOC_000092,434.87,,inbound,completed,web,transfer
EVT_002947,call,2025-07-11 14:25:44,PER_000018,PER_000050,PH_000018,,,,LOC_000001,,1154.0,internal,completed,mobile_app,
EVT_002216,location_ping,2025-07-11 14:29:02,PER_000057,,,DEV_000073,,,LOC_000030,,,,completed,mobile_app,
EVT_004961,sms,2025-07-11 14:35:09,PER_000012,PER_000008,PH_000012,,,,LOC_000101,,,outbound,completed,mobile_app,
EVT_006396,location_ping,2025-07-11 14:36:15,PER_000078,,,DEV_000023,,,LOC_000114,,,,completed,api,
EVT_005835,sms,2025-07-11 14:37:29,PER_000072,PER_000082,PH_000072,,,,LOC_000010,,,inbound,completed,ussd,
EVT_004909,transaction,2025-07-11 14:37:33,PER_000078,PER_000027,,DEV_000033,IP_000022,ACC_000078,LOC_000114,809.38,,outbound,completed,mobile_app,transfer
EVT_005624,location_ping,2025-07-11 14:39:52,PER_000063,,,DEV_000019,,,LOC_000063,,,,completed,pos,
EVT_003354,login,2025-07-11 14:40:32,PER_000063,,PH_000063,DEV_000042,IP_000032,,LOC_000045,,,,completed,web,
EVT_000182,sms,2025-07-11 14:52:38,PER_000072,PER_000078,PH_000072,,,,LOC_000010,,,inbound,completed,atm,
EVT_004261,sms,2025-07-11 14:55:43,PER_000078,PER_000012,PH_000078,,,,LOC_000114,,,internal,completed,pos,
EVT_003936,location_ping,2025-07-11 14:56:19,PER_000063,,,DEV_000085,,,LOC_000080,,,,completed,web,
EVT_004217,login,2025-07-11 15:03:34,PER_000062,,PH_000213,DEV_000085,IP_000054,,LOC_000033,,,,completed,ussd,
EVT_006698,location_ping,2025-07-11 15:05:22,PER_000065,,,DEV_000074,,,LOC_000072,,,,completed,ussd,
EVT_002179,location_ping,2025-07-11 15:12:00,PER_000063,,,DEV_000035,,,LOC_000030,,,,completed,atm,
EVT_004878,call,2025-07-11 15:12:34,PER_000093,PER_000091,PH_000142,,,,LOC_000071,,449.0,outbound,completed,atm,
EVT_006783,sms,2025-07-11 15:19:02,PER_000063,PER_000059,PH_000063,,,,LOC_000063,,,outbound,completed,api,
EVT_003366,transaction,2025-07-11 15:23:28,PER_000072,PER_000023,,DEV_000026,IP_000089,ACC_000072,LOC_000010,3611.83,,internal,completed,pos,payment
EVT_004073,location_ping,2025-07-11 15:31:27,PER_000012,,,DEV_000119,,,LOC_000092,,,,completed,web,
EVT_000923,call,2025-07-11 15:31:39,PER_000078,PER_000085,PH_000078,,,,LOC_000114,,1144.0,inbound,completed,mobile_app,
EVT_006091,location_ping,2025-07-11 15:31:57,PER_000078,,,DEV_000035,,,LOC_000114,,,,completed,atm,
EVT_002544,location_ping,2025-07-11 15:45:04,PER_000012,,,DEV_000027,,,LOC_000092,,,,completed,atm,
EVT_005981,transaction,2025-07-11 15:45:36,PER_000012,PER_000002,,DEV_000028,IP_000014,ACC_000112,LOC_000057,4039.58,,inbound,completed,web,p2p
EVT_002760,sms,2025-07-11 15:49:09,PER_000012,PER_000002,PH_000012,,,,LOC_000092,,,internal,completed,atm,
EVT_003106,sms,2025-07-11 15:59:33,PER_000078,PER_000009,PH_000078,,,,LOC_000114,,,internal,completed,pos,
EVT_001608,login,2025-07-11 16:09:28,PER_000078,,PH_000078,DEV_000109,IP_000059,,LOC_000114,,,,completed,pos,
EVT_004932,location_ping,2025-07-11 16:15:27,PER_000072,,,DEV_000008,,,LOC_000010,,,,completed,atm,
EVT_006919,login,2025-07-11 16:16:19,PER_000078,,PH_000078,DEV_000022,IP_000010,,LOC_000114,,,,completed,mobile_app,
EVT_003781,location_ping,2025-07-11 16:24:01,PER_000072,,,DEV_000068,,,LOC_000010,,,,completed,mobile_app,
EVT_000681,login,2025-07-11 16:38:40,PER_000001,,PH_000001,DEV_000119,IP_000023,,LOC_000029,,,,completed,pos,
EVT_004773,sms,2025-07-11 16:40:07,PER_000072,PER_000030,PH_000072,,,,LOC_000010,,,outbound,completed,mobile_app,
EVT_006815,sms,2025-07-11 16:43:33,PER_000072,PER_000024,PH_000072,,,,LOC_000010,,,internal,completed,pos,
EVT_004753,login,2025-07-11 16:49:51,PER_000012,,PH_000012,DEV_000066,IP_000092,,LOC_000092,,,,completed,atm,
EVT_005174,login,2025-07-11 16:51:03,PER_000012,,PH_000012,DEV_000061,IP_000024,,LOC_000092,,,,completed,pos,
EVT_007322,transaction,2025-07-11 16:53:30,PER_000012,PER_000090,,DEV_000028,IP_000115,ACC_000012,LOC_000092,1769.49,,inbound,completed,pos,deposit
EVT_002723,login,2025-07-11 16:53:48,PER_000088,,PH_000088,DEV_000041,IP_000042,,LOC_000060,,,,completed,pos,
EVT_005505,sms,2025-07-11 16:54:43,PER_000072,PER_000050,PH_000072,,,,LOC_000010,,,internal,completed,pos,
EVT_001692,call,2025-07-11 16:54:46,PER_000063,PER_000020,PH_000063,,,,LOC_000063,,200.0,inbound,completed,mobile_app,
EVT_006209,sms,2025-07-11 16:55:36,PER_000063,PER_000014,PH_000063,,,,LOC_000063,,,internal,completed,pos,
EVT_001487,call,2025-07-11 16:57:19,PER_000063,PER_000001,PH_000063,,,,LOC_000063,,1184.0,internal,completed,atm,
EVT_007030,login,2025-07-11 16:58:02,PER_000012,,PH_000012,DEV_000053,IP_000087,,LOC_000092,,,,completed,mobile_app,
EVT_005096,login,2025-07-11 17:00:34,PER_000072,,PH_000072,DEV_000035,IP_000086,,LOC_000010,,,,completed,atm,
EVT_002897,call,2025-07-11 17:03:57,PER_000012,PER_000022,PH_000012,,,,LOC_000092,,738.0,inbound,completed,atm,
EVT_003003,call,2025-07-11 17:11:27,PER_000072,PER_000031,PH_000072,,,,LOC_000010,,43.0,internal,completed,pos,
EVT_001650,call,2025-07-11 17:14:27,PER_000072,PER_000027,PH_000072,,,,LOC_000010,,929.0,inbound,completed,mobile_app,
EVT_001572,login,2025-07-11 17:20:23,PER_000012,,PH_000012,DEV_000106,IP_000031,,LOC_000092,,,,completed,mobile_app,
EVT_004490,sms,2025-07-11 17:20:26,PER_000063,PER_000006,PH_000063,,,,LOC_000063,,,internal,completed,ussd,
EVT_006212,sms,2025-07-11 17:23:27,PER_000078,PER_000049,PH_000078,,,,LOC_000114,,,outbound,completed,ussd,
EVT_000714,sms,2025-07-11 17:27:29,PER_000078,PER_000017,PH_000078,,,,LOC_000114,,,outbound,completed,api,
EVT_005045,transaction,2025-07-11 17:46:18,PER_000012,PER_000082,,DEV_000089,IP_000017,ACC_000012,LOC_000092,3158.86,,inbound,completed,ussd,payment
EVT_004028,location_ping,2025-07-11 17:46:41,PER_000012,,,DEV_000091,,,LOC_000092,,,,completed,api,
EVT_000617,call,2025-07-11 17:50:14,PER_000051,PER_000066,PH_000246,,,,LOC_000052,,509.0,internal,completed,pos,
EVT_002155,sms,2025-07-11 17:50:56,PER_000057,PER_000069,PH_000270,,,,LOC_000030,,,inbound,completed,atm,
EVT_004201,login,2025-07-11 17:54:44,PER_000012,,PH_000012,DEV_000003,IP_000066,,LOC_000092,,,,completed,pos,
EVT_006215,login,2025-07-11 18:19:31,PER_000012,,PH_000012,DEV_000091,IP_000033,,LOC_000092,,,,completed,pos,
EVT_000683,call,2025-07-11 18:23:16,PER_000063,PER_000004,PH_000063,,,,LOC_000047,,1134.0,internal,completed,pos,
EVT_003707,location_ping,2025-07-11 18:26:54,PER_000078,,,DEV_000092,,,LOC_000114,,,,completed,ussd,
EVT_005816,transaction,2025-07-11 18:30:29,PER_000093,PER_000084,,DEV_000005,IP_000114,ACC_000093,LOC_000071,3648.48,,outbound,completed,api,payment
EVT_000461,sms,2025-07-11 18:31:22,PER_000072,PER_000006,PH_000072,,,,LOC_000010,,,inbound,completed,pos,
EVT_002862,sms,2025-07-11 18:32:13,PER_000078,PER_000005,PH_000078,,,,LOC_000114,,,outbound,completed,web,
EVT_004121,sms,2025-07-11 18:38:27,PER_000072,PER_000061,PH_000072,,,,LOC_000105,,,internal,completed,web,
EVT_007468,sms,2025-07-11 18:47:11,PER_000078,PER_000026,PH_000078,,,,LOC_000114,,,internal,completed,web,
EVT_005928,sms,2025-07-11 18:52:11,PER_000063,PER_000028,PH_000063,,,,LOC_000063,,,inbound,completed,api,
EVT_004324,transaction,2025-07-11 18:56:27,PER_000072,PER_000027,,DEV_000102,IP_000105,ACC_000072,LOC_000073,3797.96,,outbound,completed,pos,deposit
EVT_003087,sms,2025-07-11 19:01:10,PER_000063,PER_000085,PH_000063,,,,LOC_000063,,,inbound,completed,web,
EVT_006145,transaction,2025-07-11 19:05:00,PER_000072,PER_000036,,DEV_000053,IP_000018,ACC_000072,LOC_000010,2765.96,,outbound,completed,atm,payment
EVT_003614,sms,2025-07-11 19:13:19,PER_000072,PER_000041,PH_000072,,,,LOC_000010,,,outbound,completed,api,
EVT_001793,login,2025-07-11 19:25:36,PER_000078,,PH_000078,DEV_000112,IP_000109,,LOC_000114,,,,completed,atm,
EVT_007004,call,2025-07-11 19:26:54,PER_000063,PER_000087,PH_000063,,,,LOC_000063,,139.0,inbound,completed,atm,
EVT_003441,login,2025-07-11 19:27:23,PER_000012,,PH_000012,DEV_000021,IP_000081,,LOC_000092,,,,completed,ussd,
EVT_000731,login,2025-07-11 19:32:00,PER_000063,,PH_000063,DEV_000070,IP_000062,,LOC_000063,,,,completed,web,
EVT_005040,sms,2025-07-11 19:45:42,PER_000078,PER_000011,PH_000078,,,,LOC_000114,,,outbound,completed,web,
EVT_003282,call,2025-07-11 19:50:27,PER_000078,PER_000075,PH_000078,,,,LOC_000114,,1187.0,internal,completed,web,
EVT_001561,login,2025-07-11 19:53:08,PER_000012,,PH_000012,DEV_000093,IP_000072,,LOC_000087,,,,completed,mobile_app,
EVT_006459,sms,2025-07-11 19:53:23,PER_000012,PER_000076,PH_000012,,,,LOC_000092,,,internal,completed,ussd,
EVT_005269,sms,2025-07-11 19:54:33,PER_000078,PER_000050,PH_000078,,,,LOC_000114,,,outbound,completed,atm,
EVT_006034,call,2025-07-11 19:55:52,PER_000012,PER_000088,PH_000012,,,,LOC_000092,,218.0,internal,completed,web,
EVT_001625,transaction,2025-07-11 19:57:47,PER_000063,PER_000017,,DEV_000115,IP_000068,ACC_000063,LOC_000063,1837.87,,internal,completed,pos,transfer
EVT_000942,login,2025-07-11 20:05:17,PER_000063,,PH_000063,DEV_000061,IP_000037,,LOC_000063,,,,completed,ussd,
EVT_003349,location_ping,2025-07-11 20:11:45,PER_000072,,,DEV_000033,,,LOC_000010,,,,completed,api,
EVT_002958,transaction,2025-07-11 20:12:37,PER_000078,PER_000014,,DEV_000103,IP_000110,ACC_000078,LOC_000114,1745.12,,internal,completed,pos,transfer
EVT_001577,location_ping,2025-07-11 20:12:56,PER_000078,,,DEV_000037,,,LOC_000056,,,,completed,pos,
EVT_003369,transaction,2025-07-11 20:13:42,PER_000063,PER_000023,,DEV_000005,IP_000013,ACC_000063,LOC_000063,2151.8,,inbound,completed,atm,p2p
EVT_001839,transaction,2025-07-11 20:15:45,PER_000012,PER_000006,,DEV_000028,IP_000119,ACC_000112,LOC_000092,1554.59,,internal,completed,mobile_app,deposit
EVT_000183,transaction,2025-07-11 20:18:11,PER_000078,PER_000031,,DEV_000049,IP_000099,ACC_000078,LOC_000114,15.88,,inbound,completed,pos,payment
EVT_005625,transaction,2025-07-11 20:19:30,PER_000063,PER_000051,,DEV_000005,IP_000101,ACC_000063,LOC_000063,3791.18,,outbound,completed,api,withdrawal
EVT_004761,sms,2025-07-11 20:23:07,PER_000063,PER_000093,PH_000063,,,,LOC_000017,,,internal,completed,pos,
EVT_004781,transaction,2025-07-11 20:24:11,PER_000078,PER_000036,,DEV_000110,IP_000024,ACC_000078,LOC_000114,4324.7,,outbound,completed,pos,p2p
EVT_000926,transaction,2025-07-11 20:26:41,PER_000063,PER_000099,,DEV_000087,IP_000013,ACC_000063,LOC_000063,3838.92,,outbound,completed,web,deposit
EVT_006127,location_ping,2025-07-11 20:32:44,PER_000072,,,DEV_000035,,,LOC_000010,,,,completed,atm,
EVT_004494,login,2025-07-11 20:42:43,PER_000072,,PH_000072,DEV_000036,IP_000022,,LOC_000010,,,,completed,web,
EVT_004215,sms,2025-07-11 20:46:03,PER_000063,PER_000073,PH_000063,,,,LOC_000116,,,internal,completed,atm,
EVT_002509,sms,2025-07-11 20:49:59,PER_000078,PER_000053,PH_000078,,,,LOC_000114,,,inbound,completed,api,
EVT_005342,call,2025-07-11 20:51:41,PER_000072,PER_000089,PH_000072,,,,LOC_000010,,765.0,inbound,completed,atm,
EVT_005955,transaction,2025-07-11 20:51:57,PER_000012,PER_000034,,DEV_000084,IP_000082,ACC_000012,LOC_000092,1170.67,,inbound,completed,mobile_app,transfer
EVT_006744,location_ping,2025-07-11 20:52:12,PER_000072,,,DEV_000095,,,LOC_000010,,,,completed,atm,
EVT_007093,sms,2025-07-11 20:55:32,PER_000042,PER_000027,PH_000199,,,,LOC_000117,,,internal,completed,mobile_app,
EVT_003525,sms,2025-07-11 20:55:43,PER_000063,PER_000086,PH_000063,,,,LOC_000063,,,inbound,completed,atm,
EVT_004036,sms,2025-07-11 21:00:53,PER_000012,PER_000004,PH_000012,,,,LOC_000092,,,outbound,completed,api,
EVT_002609,login,2025-07-11 21:02:09,PER_000072,,PH_000072,DEV_000098,IP_000010,,LOC_000078,,,,completed,web,
EVT_000387,transaction,2025-07-11 21:02:15,PER_000078,PER_000080,,DEV_000089,IP_000087,ACC_000078,LOC_000114,77.23,,outbound,completed,web,withdrawal
EVT_002750,sms,2025-07-11 21:04:47,PER_000072,PER_000095,PH_000072,,,,LOC_000010,,,internal,completed,pos,
EVT_000238,sms,2025-07-11 21:12:38,PER_000078,PER_000032,PH_000078,,,,LOC_000114,,,internal,completed,api,
EVT_000859,login,2025-07-11 21:14:33,PER_000063,,PH_000063,DEV_000070,IP_000057,,LOC_000063,,,,completed,api,
EVT_007005,transaction,2025-07-11 21:16:10,PER_000063,PER_000077,,DEV_000035,IP_000059,ACC_000063,LOC_000063,3860.86,,outbound,completed,web,transfer
EVT_003517,call,2025-07-11 21:18:39,PER_000012,PER_000089,PH_000012,,,,LOC_000092,,117.0,inbound,completed,ussd,
EVT_005927,call,2025-07-11 21:26:52,PER_000078,PER_000089,PH_000078,,,,LOC_000114,,524.0,internal,completed,mobile_app,
EVT_002343,sms,2025-07-11 21:29:22,PER_000012,PER_000095,PH_000012,,,,LOC_000092,,,outbound,completed,web,
EVT_003404,location_ping,2025-07-11 21:31:14,PER_000012,,,DEV_000118,,,LOC_000092,,,,completed,pos,
EVT_003347,call,2025-07-11 21:34:21,PER_000063,PER_000006,PH_000063,,,,LOC_000063,,954.0,internal,completed,web,
EVT_002245,call,2025-07-11 21:37:09,PER_000078,PER_000004,PH_000078,,,,LOC_000114,,740.0,internal,completed,pos,
EVT_007151,transaction,2025-07-11 21:39:39,PER_000078,PER_000015,,DEV_000111,IP_000021,ACC_000078,LOC_000114,1166.88,,outbound,completed,pos,withdrawal
EVT_007211,login,2025-07-11 21:48:20,PER_000012,,PH_000012,DEV_000091,IP_000017,,LOC_000092,,,,completed,atm,
EVT_005598,call,2025-07-11 21:51:41,PER_000072,PER_000082,PH_000072,,,,LOC_000010,,889.0,internal,completed,api,
EVT_002936,transaction,2025-07-11 22:13:08,PER_000012,PER_000040,,DEV_000032,IP_000070,ACC_000012,LOC_000092,3696.94,,outbound,completed,web,deposit
EVT_005491,call,2025-07-11 22:14:46,PER_000012,PER_000013,PH_000012,,,,LOC_000062,,1092.0,internal,completed,mobile_app,
EVT_007081,sms,2025-07-11 22:16:43,PER_000012,PER_000087,PH_000012,,,,LOC_000092,,,internal,completed,web,
EVT_006433,call,2025-07-11 22:22:00,PER_000012,PER_000023,PH_000012,,,,LOC_000092,,445.0,internal,completed,ussd,
EVT_000083,location_ping,2025-07-11 22:25:26,PER_000078,,,DEV_000114,,,LOC_000114,,,,completed,pos,
EVT_007359,location_ping,2025-07-11 22:32:26,PER_000012,,,DEV_000040,,,LOC_000092,,,,completed,web,
EVT_004966,location_ping,2025-07-11 22:38:20,PER_000072,,,DEV_000099,,,LOC_000010,,,,completed,mobile_app,
EVT_000154,sms,2025-07-11 22:38:44,PER_000063,PER_000044,PH_000063,,,,LOC_000063,,,outbound,completed,web,
EVT_003032,login,2025-07-11 22:38:49,PER_000012,,PH_000012,DEV_000075,IP_000081,,LOC_000092,,,,completed,api,
EVT_003218,location_ping,2025-07-11 22:41:33,PER_000063,,,DEV_000112,,,LOC_000063,,,,completed,ussd,
EVT_000039,call,2025-07-11 22:44:21,PER_000072,PER_000070,PH_000072,,,,LOC_000010,,554.0,outbound,completed,pos,
EVT_006589,call,2025-07-11 22:44:41,PER_000012,PER_000024,PH_000012,,,,LOC_000092,,874.0,outbound,completed,ussd,
EVT_004445,sms,2025-07-11 22:45:14,PER_000012,PER_000063,PH_000012,,,,LOC_000086,,,outbound,completed,pos,
EVT_004701,sms,2025-07-11 22:45:34,PER_000063,PER_000076,PH_000063,,,,LOC_000063,,,internal,completed,ussd,
EVT_000022,sms,2025-07-11 22:47:47,PER_000078,PER_000068,PH_000078,,,,LOC_000101,,,inbound,completed,api,
EVT_007123,login,2025-07-11 22:47:52,PER_000012,,PH_000012,DEV_000106,IP_000084,,LOC_000092,,,,completed,ussd,
EVT_006719,call,2025-07-11 22:48:56,PER_000012,PER_000067,PH_000012,,,,LOC_000092,,88.0,internal,completed,mobile_app,
EVT_001057,sms,2025-07-11 22:51:20,PER_000072,PER_000091,PH_000072,,,,LOC_000010,,,inbound,completed,web,
EVT_001641,location_ping,2025-07-11 22:55:57,PER_000063,,,DEV_000046,,,LOC_000063,,,,completed,api,
EVT_003329,call,2025-07-11 22:56:26,PER_000078,PER_000086,PH_000078,,,,LOC_000114,,897.0,outbound,completed,ussd,
EVT_005820,login,2025-07-11 23:00:34,PER_000012,,PH_000012,DEV_000064,IP_000017,,LOC_000036,,,,completed,pos,
EVT_005715,call,2025-07-11 23:00:44,PER_000078,PER_000035,PH_000078,,,,LOC_000018,,981.0,internal,completed,ussd,
EVT_004511,transaction,2025-07-11 23:05:51,PER_000078,PER_000051,,DEV_000028,IP_000033,ACC_000078,LOC_000114,3008.75,,inbound,completed,ussd,deposit
EVT_001157,transaction,2025-07-11 23:20:43,PER_000078,PER_000032,,DEV_000085,IP_000115,ACC_000078,LOC_000114,4320.69,,outbound,completed,atm,deposit
EVT_002232,transaction,2025-07-11 23:20:54,PER_000078,PER_000096,,DEV_000100,IP_000013,ACC_000078,LOC_000114,2021.21,,internal,completed,api,p2p
EVT_007068,location_ping,2025-07-11 23:22:35,PER_000078,,,DEV_000014,,,LOC_000114,,,,completed,pos,
EVT_007455,location_ping,2025-07-11 23:26:29,PER_000012,,,DEV_000052,,,LOC_000092,,,,completed,api,
EVT_002085,call,2025-07-11 23:31:20,PER_000072,PER_000044,PH_000072,,,,LOC_000088,,1021.0,inbound,completed,web,
EVT_006961,call,2025-07-11 23:40:16,PER_000063,PER_000094,PH_000063,,,,LOC_000063,,957.0,internal,completed,web,
EVT_005361,location_ping,2025-07-11 23:48:39,PER_000078,,,DEV_000041,,,LOC_000114,,,,completed,pos,
EVT_002775,sms,2025-07-11 23:50:11,PER_000078,PER_000011,PH_000078,,,,LOC_000114,,,internal,completed,ussd,
EVT_000794,login,2025-07-11 23:51:24,PER_000012,,PH_000012,DEV_000036,IP_000035,,LOC_000092,,,,completed,api,
EVT_007330,call,2025-07-11 23:53:32,PER_000012,PER_000042,PH_000012,,,,LOC_000120,,871.0,outbound,completed,pos,
EVT_006000,call,2025-07-11 23:59:17,PER_000063,PER_000057,PH_000063,,,,LOC_000063,,25.0,inbound,completed,api,
EVT_003571,sms,2025-07-12 00:11:46,PER_000078,PER_000019,PH_000078,,,,LOC_000114,,,internal,completed,ussd,
EVT_006546,transaction,2025-07-12 00:16:13,PER_000012,PER_000040,,DEV_000023,IP_000118,ACC_000012,LOC_000092,3193.46,,outbound,completed,api,withdrawal
EVT_003164,transaction,2025-07-12 00:18:22,PER_000063,PER_000066,,DEV_000058,IP_000097,ACC_000063,LOC_000063,3075.88,,internal,completed,pos,withdrawal
EVT_002167,call,2025-07-12 00:21:01,PER_000012,PER_000007,PH_000012,,,,LOC_000092,,553.0,inbound,completed,mobile_app,
EVT_004517,login,2025-07-12 00:27:28,PER_000078,,PH_000078,DEV_000016,IP_000001,,LOC_000114,,,,completed,mobile_app,
EVT_005164,transaction,2025-07-12 00:36:37,PER_000012,PER_000023,,DEV_000088,IP_000023,ACC_000112,LOC_000092,2798.55,,outbound,completed,web,withdrawal
EVT_002070,call,2025-07-12 00:39:52,PER_000012,PER_000096,PH_000012,,,,LOC_000092,,1194.0,outbound,completed,atm,
EVT_006653,login,2025-07-12 00:42:46,PER_000063,,PH_000063,DEV_000090,IP_000105,,LOC_000063,,,,completed,atm,
EVT_005860,call,2025-07-12 00:44:50,PER_000072,PER_000079,PH_000072,,,,LOC_000010,,1174.0,outbound,completed,web,
EVT_004821,transaction,2025-07-12 00:47:15,PER_000078,PER_000099,,DEV_000011,IP_000022,ACC_000078,LOC_000114,1047.19,,internal,completed,ussd,withdrawal
EVT_001846,location_ping,2025-07-12 00:53:20,PER_000012,,,DEV_000081,,,LOC_000092,,,,completed,mobile_app,
EVT_000218,sms,2025-07-12 00:56:24,PER_000063,PER_000037,PH_000063,,,,LOC_000012,,,inbound,completed,atm,
EVT_007424,sms,2025-07-12 01:01:49,PER_000078,PER_000097,PH_000078,,,,LOC_000114,,,internal,completed,pos,
EVT_005691,location_ping,2025-07-12 01:04:23,PER_000063,,,DEV_000031,,,LOC_000059,,,,completed,web,
EVT_002517,login,2025-07-12 01:05:29,PER_000063,,PH_000063,DEV_000024,IP_000044,,LOC_000063,,,,completed,mobile_app,
EVT_003940,location_ping,2025-07-12 01:21:44,PER_000078,,,DEV_000109,,,LOC_000114,,,,completed,ussd,
EVT_005327,transaction,2025-07-12 01:22:14,PER_000012,PER_000015,,DEV_000107,IP_000090,ACC_000112,LOC_000070,986.34,,inbound,completed,ussd,transfer
EVT_003184,sms,2025-07-12 01:30:22,PER_000012,PER_000050,PH_000012,,,,LOC_000092,,,outbound,completed,api,
EVT_002094,transaction,2025-07-12 01:30:58,PER_000072,PER_000037,,DEV_000081,IP_000077,ACC_000072,LOC_000010,1058.34,,inbound,completed,ussd,withdrawal
EVT_002663,location_ping,2025-07-12 01:38:10,PER_000012,,,DEV_000112,,,LOC_000092,,,,completed,ussd,
EVT_002342,login,2025-07-12 01:39:10,PER_000012,,PH_000012,DEV_000063,IP_000079,,LOC_000092,,,,completed,mobile_app,
EVT_002804,location_ping,2025-07-12 01:57:43,PER_000012,,,DEV_000104,,,LOC_000092,,,,completed,atm,
EVT_004162,sms,2025-07-12 02:05:20,PER_000012,PER_000083,PH_000012,,,,LOC_000092,,,internal,completed,pos,
EVT_002374,location_ping,2025-07-12 02:14:32,PER_000072,,,DEV_000025,,,LOC_000010,,,,completed,pos,
EVT_000746,transaction,2025-07-12 02:16:23,PER_000012,PER_000028,,DEV_000070,IP_000064,ACC_000112,LOC_000031,2322.22,,inbound,completed,atm,payment
EVT_005349,call,2025-07-12 02:16:31,PER_000012,PER_000099,PH_000012,,,,LOC_000092,,15.0,outbound,completed,mobile_app,
EVT_003356,call,2025-07-12 02:23:42,PER_000078,PER_000080,PH_000078,,,,LOC_000021,,273.0,inbound,completed,pos,
EVT_005882,call,2025-07-12 02:27:06,PER_000063,PER_000043,PH_000063,,,,LOC_000063,,805.0,outbound,completed,pos,
EVT_005162,login,2025-07-12 02:31:10,PER_000063,,PH_000063,DEV_000005,IP_000035,,LOC_000063,,,,completed,mobile_app,
EVT_002240,transaction,2025-07-12 02:40:49,PER_000078,PER_000015,,DEV_000118,IP_000024,ACC_000078,LOC_000114,1863.02,,outbound,completed,pos,p2p
EVT_007402,login,2025-07-12 02:42:41,PER_000063,,PH_000063,DEV_000101,IP_000009,,LOC_000063,,,,completed,mobile_app,
EVT_003842,call,2025-07-12 02:54:42,PER_000072,PER_000024,PH_000072,,,,LOC_000010,,239.0,internal,completed,api,
EVT_001986,location_ping,2025-07-12 02:55:00,PER_000012,,,DEV_000058,,,LOC_000092,,,,completed,pos,
EVT_005317,login,2025-07-12 02:56:45,PER_000063,,PH_000063,DEV_000080,IP_000055,,LOC_000063,,,,completed,ussd,
EVT_002435,location_ping,2025-07-12 03:08:56,PER_000078,,,DEV_000024,,,LOC_000114,,,,completed,api,
EVT_002895,transaction,2025-07-12 03:14:13,PER_000078,PER_000073,,DEV_000117,IP_000075,ACC_000078,LOC_000114,3538.6,,outbound,completed,pos,transfer
EVT_005462,sms,2025-07-12 03:19:32,PER_000012,PER_000077,PH_000012,,,,LOC_000092,,,outbound,completed,web,
EVT_001321,transaction,2025-07-12 03:24:51,PER_000078,PER_000012,,DEV_000063,IP_000038,ACC_000078,LOC_000114,3033.29,,outbound,completed,web,p2p
EVT_000058,location_ping,2025-07-12 03:33:36,PER_000012,,,DEV_000044,,,LOC_000092,,,,completed,api,
EVT_000367,location_ping,2025-07-12 03:40:08,PER_000078,,,DEV_000001,,,LOC_000114,,,,completed,pos,
EVT_006236,transaction,2025-07-12 03:44:05,PER_000063,PER_000096,,DEV_000114,IP_000109,ACC_000063,LOC_000070,2231.67,,outbound,completed,api,p2p
EVT_006541,call,2025-07-12 03:48:48,PER_000063,PER_000021,PH_000063,,,,LOC_000063,,390.0,internal,completed,mobile_app,
EVT_007152,location_ping,2025-07-12 03:53:23,PER_000078,,,DEV_000101,,,LOC_000114,,,,completed,mobile_app,
EVT_005689,login,2025-07-12 04:05:22,PER_000063,,PH_000063,DEV_000030,IP_000103,,LOC_000063,,,,completed,atm,
EVT_005825,location_ping,2025-07-12 04:15:44,PER_000072,,,DEV_000030,,,LOC_000010,,,,completed,mobile_app,
EVT_006900,call,2025-07-12 04:17:25,PER_000063,PER_000082,PH_000063,,,,LOC_000063,,409.0,outbound,completed,atm,
EVT_003712,transaction,2025-07-12 04:24:09,PER_000012,PER_000091,,DEV_000051,IP_000007,ACC_000012,LOC_000092,1590.85,,internal,completed,ussd,transfer
EVT_005990,call,2025-07-12 04:26:17,PER_000012,PER_000087,PH_000012,,,,LOC_000092,,54.0,outbound,completed,mobile_app,
EVT_001138,location_ping,2025-07-12 04:26:58,PER_000078,,,DEV_000002,,,LOC_000114,,,,completed,web,
EVT_000915,location_ping,2025-07-12 04:27:50,PER_000012,,,DEV_000093,,,LOC_000092,,,,completed,mobile_app,
EVT_004234,transaction,2025-07-12 04:31:13,PER_000012,PER_000031,,DEV_000045,IP_000095,ACC_000012,LOC_000118,3082.54,,internal,completed,ussd,withdrawal
EVT_004846,login,2025-07-12 04:39:00,PER_000063,,PH_000063,DEV_000118,IP_000097,,LOC_000063,,,,completed,mobile_app,
EVT_002382,location_ping,2025-07-12 04:39:35,PER_000063,,,DEV_000034,,,LOC_000063,,,,completed,ussd,
EVT_005782,location_ping,2025-07-12 04:58:32,PER_000078,,,DEV_000095,,,LOC_000114,,,,completed,web,
EVT_000309,sms,2025-07-12 05:00:02,PER_000012,PER_000058,PH_000012,,,,LOC_000092,,,inbound,completed,api,
EVT_001904,call,2025-07-12 05:00:11,PER_000078,PER_000007,PH_000078,,,,LOC_000114,,775.0,inbound,completed,pos,
EVT_001140,transaction,2025-07-12 05:06:11,PER_000078,PER_000037,,DEV_000093,IP_000117,ACC_000078,LOC_000113,1772.05,,internal,completed,ussd,withdrawal
EVT_000251,location_ping,2025-07-12 05:26:05,PER_000078,,,DEV_000054,,,LOC_000114,,,,completed,web,
EVT_002763,transaction,2025-07-12 05:27:28,PER_000078,PER_000079,,DEV_000110,IP_000043,ACC_000078,LOC_000114,3974.82,,outbound,completed,pos,payment
EVT_006552,location_ping,2025-07-12 05:32:43,PER_000063,,,DEV_000042,,,LOC_000063,,,,completed,api,
EVT_000357,login,2025-07-12 05:39:44,PER_000063,,PH_000063,DEV_000119,IP_000108,,LOC_000063,,,,completed,web,
EVT_000546,sms,2025-07-12 05:48:39,PER_000072,PER_000086,PH_000072,,,,LOC_000010,,,outbound,completed,ussd,
EVT_001020,location_ping,2025-07-12 05:55:06,PER_000012,,,DEV_000104,,,LOC_000092,,,,completed,pos,
EVT_002172,sms,2025-07-12 06:00:22,PER_000063,PER_000096,PH_000063,,,,LOC_000063,,,inbound,completed,web,
EVT_007013,call,2025-07-12 06:01:12,PER_000049,PER_000019,PH_000258,,,,LOC_000033,,473.0,outbound,completed,atm,
EVT_007122,login,2025-07-12 06:05:24,PER_000063,,PH_000063,DEV_000097,IP_000076,,LOC_000063,,,,completed,api,
EVT_004608,login,2025-07-12 06:06:22,PER_000078,,PH_000078,DEV_000063,IP_000046,,LOC_000114,,,,completed,api,
EVT_006279,call,2025-07-12 06:07:01,PER_000012,PER_000098,PH_000012,,,,LOC_000092,,341.0,outbound,completed,mobile_app,
EVT_000082,login,2025-07-12 06:15:59,PER_000012,,PH_000012,DEV_000014,IP_000052,,LOC_000092,,,,completed,ussd,
EVT_001855,sms,2025-07-12 06:16:48,PER_000072,PER_000007,PH_000072,,,,LOC_000010,,,internal,completed,pos,
EVT_005583,sms,2025-07-12 06:19:45,PER_000063,PER_000073,PH_000063,,,,LOC_000063,,,internal,completed,api,
EVT_000793,transaction,2025-07-12 06:23:07,PER_000078,PER_000090,,DEV_000036,IP_000065,ACC_000078,LOC_000114,1237.97,,internal,completed,mobile_app,deposit
EVT_002361,call,2025-07-12 06:26:45,PER_000012,PER_000033,PH_000012,,,,LOC_000092,,821.0,inbound,completed,api,
EVT_006299,transaction,2025-07-12 06:47:44,PER_000012,PER_000006,,DEV_000116,IP_000019,ACC_000012,LOC_000092,4092.16,,internal,completed,mobile_app,deposit
EVT_005595,transaction,2025-07-12 06:58:19,PER_000078,PER_000057,,DEV_000054,IP_000002,ACC_000078,LOC_000114,4426.01,,outbound,completed,api,deposit
EVT_000465,location_ping,2025-07-12 07:10:54,PER_000078,,,DEV_000061,,,LOC_000030,,,,completed,mobile_app,
EVT_003528,location_ping,2025-07-12 07:12:09,PER_000012,,,DEV_000079,,,LOC_000092,,,,completed,atm,
EVT_006469,sms,2025-07-12 07:14:24,PER_000063,PER_000045,PH_000063,,,,LOC_000063,,,outbound,completed,web,
EVT_007033,location_ping,2025-07-12 07:16:12,PER_000063,,,DEV_000005,,,LOC_000116,,,,completed,api,
EVT_005758,call,2025-07-12 07:19:22,PER_000072,PER_000075,PH_000072,,,,LOC_000010,,1074.0,internal,completed,mobile_app,
EVT_006570,call,2025-07-12 07:25:28,PER_000072,PER_000045,PH_000072,,,,LOC_000010,,822.0,outbound,completed,api,
EVT_003879,transaction,2025-07-12 07:27:40,PER_000078,PER_000033,,DEV_000087,IP_000106,ACC_000078,LOC_000114,3405.6,,internal,completed,atm,p2p
EVT_001148,login,2025-07-12 07:33:49,PER_000063,,PH_000063,DEV_000080,IP_000027,,LOC_000063,,,,completed,web,
EVT_002914,location_ping,2025-07-12 07:39:38,PER_000012,,,DEV_000024,,,LOC_000092,,,,completed,mobile_app,
EVT_006056,login,2025-07-12 07:39:51,PER_000063,,PH_000063,DEV_000120,IP_000099,,LOC_000063,,,,completed,pos,
EVT_001486,sms,2025-07-12 07:41:36,PER_000078,PER_000081,PH_000078,,,,LOC_000114,,,internal,completed,pos,
EVT_003133,transaction,2025-07-12 07:43:20,PER_000063,PER_000033,,DEV_000068,IP_000083,ACC_000063,LOC_000063,3099.41,,inbound,completed,ussd,payment
EVT_006101,location_ping,2025-07-12 07:45:43,PER_000063,,,DEV_000109,,,LOC_000063,,,,completed,ussd,
EVT_003844,call,2025-07-12 07:50:18,PER_000012,PER_000063,PH_000012,,,,LOC_000092,,98.0,internal,completed,api,
EVT_005611,call,2025-07-12 07:51:54,PER_000078,PER_000004,PH_000078,,,,LOC_000114,,848.0,outbound,completed,atm,
EVT_004916,call,2025-07-12 07:55:36,PER_000063,PER_000036,PH_000063,,,,LOC_000057,,949.0,inbound,completed,api,
EVT_005142,call,2025-07-12 07:56:59,PER_000063,PER_000028,PH_000063,,,,LOC_000063,,1005.0,inbound,completed,web,
EVT_005728,transaction,2025-07-12 08:01:54,PER_000002,PER_000018,,DEV_000108,IP_000111,ACC_000102,LOC_000032,260.54,,internal,completed,mobile_app,deposit
EVT_000993,location_ping,2025-07-12 08:03:15,PER_000078,,,DEV_000055,,,LOC_000088,,,,completed,pos,
EVT_005804,transaction,2025-07-12 08:04:40,PER_000012,PER_000098,,DEV_000014,IP_000090,ACC_000012,LOC_000009,564.86,,outbound,completed,api,payment
EVT_002551,location_ping,2025-07-12 08:07:21,PER_000078,,,DEV_000025,,,LOC_000114,,,,completed,api,
EVT_005508,login,2025-07-12 08:10:18,PER_000063,,PH_000063,DEV_000077,IP_000115,,LOC_000063,,,,completed,api,
EVT_003799,call,2025-07-12 08:10:20,PER_000078,PER_000075,PH_000078,,,,LOC_000088,,627.0,inbound,completed,web,
EVT_006943,location_ping,2025-07-12 08:11:39,PER_000078,,,DEV_000010,,,LOC_000112,,,,completed,ussd,
EVT_005322,call,2025-07-12 08:24:16,PER_000072,PER_000025,PH_000072,,,,LOC_000010,,971.0,outbound,completed,ussd,
EVT_005587,login,2025-07-12 08:28:29,PER_000072,,PH_000072,DEV_000083,IP_000087,,LOC_000010,,,,completed,pos,
EVT_002439,sms,2025-07-12 08:30:10,PER_000012,PER_000061,PH_000012,,,,LOC_000092,,,inbound,completed,atm,
EVT_003117,login,2025-07-12 08:32:11,PER_000063,,PH_000063,DEV_000057,IP_000015,,LOC_000074,,,,completed,api,
EVT_001560,sms,2025-07-12 08:39:01,PER_000061,PER_000027,PH_000061,,,,LOC_000062,,,outbound,completed,mobile_app,
EVT_004362,sms,2025-07-12 08:45:00,PER_000072,PER_000100,PH_000072,,,,LOC_000010,,,internal,completed,web,
EVT_006097,call,2025-07-12 08:49:49,PER_000078,PER_000055,PH_000078,,,,LOC_000114,,670.0,internal,completed,web,
EVT_004414,sms,2025-07-12 08:51:06,PER_000063,PER_000036,PH_000063,,,,LOC_000063,,,outbound,completed,pos,
EVT_001097,call,2025-07-12 08:52:16,PER_000063,PER_000031,PH_000063,,,,LOC_000063,,1084.0,inbound,completed,api,
EVT_004990,location_ping,2025-07-12 08:57:22,PER_000078,,,DEV_000064,,,LOC_000024,,,,completed,atm,
EVT_002652,transaction,2025-07-12 09:04:42,PER_000072,PER_000046,,DEV_000048,IP_000111,ACC_000072,LOC_000010,3408.5,,outbound,completed,web,p2p
EVT_003572,login,2025-07-12 09:07:53,PER_000072,,PH_000072,DEV_000002,IP_000019,,LOC_000010,,,,completed,ussd,
EVT_003245,sms,2025-07-12 09:16:50,PER_000063,PER_000098,PH_000063,,,,LOC_000063,,,outbound,completed,atm,
EVT_001618,transaction,2025-07-12 09:17:26,PER_000063,PER_000038,,DEV_000098,IP_000095,ACC_000063,LOC_000063,648.94,,inbound,completed,pos,payment
EVT_000239,location_ping,2025-07-12 09:19:52,PER_000078,,,DEV_000070,,,LOC_000114,,,,completed,api,
EVT_000810,login,2025-07-12 09:20:18,PER_000078,,PH_000078,DEV_000014,IP_000019,,LOC_000114,,,,completed,ussd,
EVT_007432,transaction,2025-07-12 09:21:32,PER_000063,PER_000085,,DEV_000101,IP_000044,ACC_000063,LOC_000063,3911.01,,internal,completed,api,deposit
EVT_001023,login,2025-07-12 09:29:45,PER_000063,,PH_000063,DEV_000042,IP_000003,,LOC_000063,,,,completed,pos,
EVT_001106,sms,2025-07-12 09:56:33,PER_000063,PER_000053,PH_000063,,,,LOC_000036,,,inbound,completed,web,
EVT_007057,call,2025-07-12 09:58:48,PER_000012,PER_000098,PH_000012,,,,LOC_000092,,967.0,outbound,completed,web,
EVT_005991,transaction,2025-07-12 10:04:08,PER_000062,PER_000010,,DEV_000094,IP_000076,ACC_000062,LOC_000033,2863.32,,outbound,completed,api,p2p
EVT_003865,location_ping,2025-07-12 10:06:06,PER_000078,,,DEV_000080,,,LOC_000114,,,,completed,api,
EVT_000250,location_ping,2025-07-12 10:06:56,PER_000012,,,DEV_000079,,,LOC_000092,,,,completed,web,
EVT_004595,login,2025-07-12 10:11:53,PER_000063,,PH_000063,DEV_000037,IP_000003,,LOC_000063,,,,completed,pos,
EVT_002545,location_ping,2025-07-12 10:25:39,PER_000072,,,DEV_000028,,,LOC_000010,,,,completed,atm,
EVT_002925,call,2025-07-12 10:29:15,PER_000012,PER_000057,PH_000012,,,,LOC_000092,,382.0,outbound,completed,ussd,
EVT_004044,location_ping,2025-07-12 10:29:40,PER_000009,,,DEV_000087,,,LOC_000107,,,,completed,web,
EVT_004041,transaction,2025-07-12 10:35:06,PER_000072,PER_000076,,DEV_000026,IP_000047,ACC_000072,LOC_000038,3330.7,,inbound,completed,web,payment
EVT_001135,sms,2025-07-12 10:41:14,PER_000063,PER_000014,PH_000063,,,,LOC_000063,,,outbound,completed,api,
EVT_001910,location_ping,2025-07-12 10:54:32,PER_000078,,,DEV_000002,,,LOC_000114,,,,completed,pos,
EVT_006261,location_ping,2025-07-12 10:58:09,PER_000078,,,DEV_000105,,,LOC_000114,,,,completed,ussd,
EVT_005088,login,2025-07-12 11:08:37,PER_000078,,PH_000078,DEV_000031,IP_000037,,LOC_000114,,,,completed,api,
EVT_000383,location_ping,2025-07-12 11:11:17,PER_000078,,,DEV_000046,,,LOC_000114,,,,completed,web,
EVT_003741,location_ping,2025-07-12 11:25:20,PER_000063,,,DEV_000114,,,LOC_000063,,,,completed,web,
EVT_005170,sms,2025-07-12 11:28:03,PER_000072,PER_000043,PH_000072,,,,LOC_000012,,,internal,completed,api,
EVT_001615,location_ping,2025-07-12 11:43:46,PER_000063,,,DEV_000110,,,LOC_000063,,,,completed,ussd,
EVT_004421,call,2025-07-12 11:52:09,PER_000012,PER_000017,PH_000012,,,,LOC_000092,,51.0,internal,completed,ussd,
EVT_001151,location_ping,2025-07-12 11:52:29,PER_000012,,,DEV_000065,,,LOC_000092,,,,completed,atm,
EVT_001053,location_ping,2025-07-12 11:54:05,PER_000042,,,DEV_000011,,,LOC_000060,,,,completed,pos,
EVT_006306,location_ping,2025-07-12 11:55:15,PER_000012,,,DEV_000114,,,LOC_000059,,,,completed,atm,
EVT_004039,sms,2025-07-12 11:57:14,PER_000063,PER_000032,PH_000063,,,,LOC_000063,,,outbound,completed,ussd,
EVT_003067,location_ping,2025-07-12 12:00:08,PER_000012,,,DEV_000027,,,LOC_000070,,,,completed,pos,
EVT_007162,sms,2025-07-12 12:04:14,PER_000072,PER_000034,PH_000072,,,,LOC_000010,,,internal,completed,mobile_app,
EVT_001191,transaction,2025-07-12 12:10:53,PER_000063,PER_000080,,DEV_000024,IP_000082,ACC_000063,LOC_000063,3331.03,,internal,completed,mobile_app,p2p
EVT_002498,call,2025-07-12 12:17:19,PER_000078,PER_000011,PH_000078,,,,LOC_000094,,974.0,internal,completed,web,
EVT_003999,transaction,2025-07-12 12:17:19,PER_000012,PER_000061,,DEV_000109,IP_000020,ACC_000112,LOC_000092,4393.11,,inbound,completed,atm,transfer
EVT_006403,login,2025-07-12 12:22:52,PER_000063,,PH_000063,DEV_000012,IP_000107,,LOC_000007,,,,completed,api,
EVT_006191,login,2025-07-12 12:25:20,PER_000012,,PH_000012,DEV_000117,IP_000024,,LOC_000092,,,,completed,pos,
EVT_002161,login,2025-07-12 12:26:55,PER_000012,,PH_000012,DEV_000011,IP_000086,,LOC_000092,,,,completed,web,
EVT_006870,call,2025-07-12 12:28:24,PER_000078,PER_000038,PH_000078,,,,LOC_000114,,556.0,internal,completed,ussd,
EVT_005138,sms,2025-07-12 12:29:08,PER_000012,PER_000022,PH_000012,,,,LOC_000092,,,outbound,completed,ussd,
EVT_002406,transaction,2025-07-12 12:32:30,PER_000072,PER_000099,,DEV_000045,IP_000020,ACC_000072,LOC_000010,3015.24,,internal,completed,api,deposit
EVT_000837,call,2025-07-12 12:33:38,PER_000078,PER_000068,PH_000078,,,,LOC_000114,,1047.0,outbound,completed,pos,
EVT_003163,location_ping,2025-07-12 12:35:52,PER_000078,,,DEV_000023,,,LOC_000114,,,,completed,api,
EVT_004350,location_ping,2025-07-12 12:40:52,PER_000072,,,DEV_000028,,,LOC_000010,,,,completed,web,
EVT_001112,location_ping,2025-07-12 12:55:33,PER_000063,,,DEV_000036,,,LOC_000063,,,,completed,api,
EVT_000040,sms,2025-07-12 12:57:15,PER_000072,PER_000035,PH_000072,,,,LOC_000010,,,internal,completed,atm,
EVT_006242,transaction,2025-07-12 12:59:57,PER_000072,PER_000091,,DEV_000112,IP_000001,ACC_000072,LOC_000010,3778.26,,inbound,completed,web,deposit
EVT_004435,transaction,2025-07-12 13:00:54,PER_000078,PER_000093,,DEV_000039,IP_000113,ACC_000078,LOC_000114,3672.77,,inbound,completed,mobile_app,p2p
EVT_007050,transaction,2025-07-12 13:04:29,PER_000012,PER_000007,,DEV_000007,IP_000080,ACC_000112,LOC_000092,2122.9,,internal,completed,atm,payment
EVT_007023,sms,2025-07-12 13:08:01,PER_000063,PER_000009,PH_000063,,,,LOC_000063,,,outbound,completed,atm,
EVT_005267,sms,2025-07-12 13:10:16,PER_000063,PER_000048,PH_000063,,,,LOC_000063,,,outbound,completed,pos,
EVT_000727,sms,2025-07-12 13:16:16,PER_000072,PER_000073,PH_000072,,,,LOC_000010,,,inbound,completed,ussd,
EVT_000354,call,2025-07-12 13:16:27,PER_000078,PER_000096,PH_000078,,,,LOC_000114,,758.0,inbound,completed,pos,
EVT_001318,login,2025-07-12 13:27:01,PER_000072,,PH_000072,DEV_000073,IP_000059,,LOC_000010,,,,completed,ussd,
EVT_001049,sms,2025-07-12 13:29:37,PER_000072,PER_000029,PH_000072,,,,LOC_000090,,,internal,completed,ussd,
EVT_005649,call,2025-07-12 13:39:29,PER_000012,PER_000075,PH_000012,,,,LOC_000092,,909.0,internal,completed,ussd,
EVT_004177,call,2025-07-12 13:42:51,PER_000059,PER_000033,PH_000180,,,,LOC_000065,,1051.0,outbound,completed,api,
EVT_007236,sms,2025-07-12 13:44:26,PER_000012,PER_000088,PH_000012,,,,LOC_000092,,,inbound,completed,mobile_app,
EVT_005576,transaction,2025-07-12 13:45:38,PER_000078,PER_000065,,DEV_000025,IP_000112,ACC_000078,LOC_000114,3816.09,,outbound,completed,web,transfer
EVT_006940,transaction,2025-07-12 13:53:32,PER_000063,PER_000062,,DEV_000012,IP_000050,ACC_000063,LOC_000063,2539.11,,internal,completed,mobile_app,deposit
EVT_007041,location_ping,2025-07-12 13:54:10,PER_000072,,,DEV_000076,,,LOC_000010,,,,completed,pos,
EVT_006007,transaction,2025-07-12 13:57:40,PER_000078,PER_000065,,DEV_000066,IP_000075,ACC_000078,LOC_000114,924.79,,outbound,completed,api,payment
EVT_005386,sms,2025-07-12 14:02:14,PER_000012,PER_000050,PH_000012,,,,LOC_000092,,,inbound,completed,pos,
EVT_000998,sms,2025-07-12 14:02:19,PER_000084,PER_000024,PH_000084,,,,LOC_000043,,,internal,completed,pos,
EVT_006049,login,2025-07-12 14:10:29,PER_000078,,PH_000078,DEV_000081,IP_000049,,LOC_000046,,,,completed,ussd,
EVT_001407,call,2025-07-12 14:15:55,PER_000063,PER_000084,PH_000063,,,,LOC_000063,,229.0,inbound,completed,pos,
EVT_007047,call,2025-07-12 14:19:51,PER_000042,PER_000027,PH_000199,,,,LOC_000060,,1064.0,outbound,completed,web,
EVT_001240,sms,2025-07-12 14:37:26,PER_000063,PER_000037,PH_000063,,,,LOC_000021,,,internal,completed,api,
EVT_002940,transaction,2025-07-12 14:46:18,PER_000063,PER_000025,,DEV_000008,IP_000080,ACC_000063,LOC_000063,2401.54,,internal,completed,api,withdrawal
EVT_006289,location_ping,2025-07-12 14:47:55,PER_000072,,,DEV_000067,,,LOC_000010,,,,completed,ussd,
EVT_000445,sms,2025-07-12 14:57:25,PER_000078,PER_000077,PH_000078,,,,LOC_000114,,,internal,completed,ussd,
EVT_006524,call,2025-07-12 15:00:18,PER_000012,PER_000021,PH_000012,,,,LOC_000092,,357.0,outbound,completed,pos,
EVT_003132,call,2025-07-12 15:03:36,PER_000072,PER_000076,PH_000072,,,,LOC_000010,,368.0,outbound,completed,mobile_app,
EVT_003244,sms,2025-07-12 15:03:57,PER_000012,PER_000046,PH_000012,,,,LOC_000092,,,internal,completed,ussd,
EVT_001569,sms,2025-07-12 15:04:34,PER_000063,PER_000002,PH_000063,,,,LOC_000098,,,outbound,completed,mobile_app,
EVT_000207,transaction,2025-07-12 15:06:59,PER_000063,PER_000059,,DEV_000055,IP_000052,ACC_000063,LOC_000063,1782.77,,internal,completed,pos,deposit
EVT_003917,location_ping,2025-07-12 15:09:37,PER_000012,,,DEV_000020,,,LOC_000092,,,,completed,pos,
EVT_001709,sms,2025-07-12 15:20:08,PER_000062,PER_000099,PH_000213,,,,LOC_000033,,,inbound,completed,api,
EVT_007465,transaction,2025-07-12 15:22:30,PER_000012,PER_000088,,DEV_000043,IP_000046,ACC_000012,LOC_000092,712.46,,internal,completed,pos,transfer
EVT_004175,sms,2025-07-12 15:26:55,PER_000063,PER_000051,PH_000063,,,,LOC_000063,,,outbound,completed,web,
EVT_002031,call,2025-07-12 15:26:58,PER_000012,PER_000098,PH_000012,,,,LOC_000092,,1132.0,outbound,completed,web,
EVT_005336,location_ping,2025-07-12 15:32:49,PER_000072,,,DEV_000097,,,LOC_000010,,,,completed,atm,
EVT_007299,login,2025-07-12 15:39:22,PER_000012,,PH_000012,DEV_000005,IP_000024,,LOC_000092,,,,completed,atm,
EVT_006892,sms,2025-07-12 15:40:48,PER_000012,PER_000029,PH_000012,,,,LOC_000092,,,internal,completed,pos,
EVT_005899,sms,2025-07-12 15:42:52,PER_000078,PER_000054,PH_000078,,,,LOC_000114,,,inbound,completed,api,
EVT_005768,sms,2025-07-12 15:42:53,PER_000012,PER_000063,PH_000012,,,,LOC_000106,,,internal,completed,mobile_app,
EVT_002973,login,2025-07-12 15:45:02,PER_000063,,PH_000063,DEV_000072,IP_000104,,LOC_000063,,,,completed,api,
EVT_000735,location_ping,2025-07-12 15:45:39,PER_000063,,,DEV_000069,,,LOC_000079,,,,completed,ussd,
EVT_007356,login,2025-07-12 15:57:22,PER_000072,,PH_000072,DEV_000032,IP_000008,,LOC_000010,,,,completed,mobile_app,
EVT_003257,sms,2025-07-12 15:57:47,PER_000063,PER_000053,PH_000063,,,,LOC_000063,,,internal,completed,pos,
EVT_006012,call,2025-07-12 15:58:59,PER_000078,PER_000097,PH_000078,,,,LOC_000114,,875.0,inbound,completed,web,
EVT_004741,call,2025-07-12 16:05:05,PER_000078,PER_000005,PH_000078,,,,LOC_000010,,828.0,inbound,completed,atm,
EVT_007447,call,2025-07-12 16:05:40,PER_000072,PER_000010,PH_000072,,,,LOC_000010,,882.0,internal,completed,atm,
EVT_002454,location_ping,2025-07-12 16:12:14,PER_000078,,,DEV_000060,,,LOC_000114,,,,completed,ussd,
EVT_000033,sms,2025-07-12 16:24:39,PER_000078,PER_000053,PH_000078,,,,LOC_000114,,,inbound,completed,web,
EVT_001421,transaction,2025-07-12 16:25:48,PER_000078,PER_000012,,DEV_000105,IP_000026,ACC_000078,LOC_000055,3862.69,,outbound,completed,api,deposit
EVT_002096,call,2025-07-12 16:30:35,PER_000063,PER_000058,PH_000063,,,,LOC_000063,,861.0,outbound,completed,pos,
EVT_003556,location_ping,2025-07-12 16:40:34,PER_000012,,,DEV_000002,,,LOC_000092,,,,completed,web,
EVT_006616,location_ping,2025-07-12 16:40:38,PER_000078,,,DEV_000051,,,LOC_000094,,,,completed,ussd,
EVT_002910,transaction,2025-07-12 16:46:15,PER_000078,PER_000003,,DEV_000088,IP_000120,ACC_000078,LOC_000114,1885.64,,internal,completed,pos,deposit
EVT_002445,login,2025-07-12 16:53:34,PER_000012,,PH_000012,DEV_000031,IP_000087,,LOC_000075,,,,completed,ussd,
EVT_005650,login,2025-07-12 16:54:06,PER_000072,,PH_000072,DEV_000078,IP_000044,,LOC_000010,,,,completed,ussd,
EVT_004469,location_ping,2025-07-12 17:13:24,PER_000072,,,DEV_000023,,,LOC_000010,,,,completed,pos,
EVT_005058,location_ping,2025-07-12 17:17:03,PER_000078,,,DEV_000095,,,LOC_000114,,,,completed,pos,
EVT_002917,call,2025-07-12 17:21:31,PER_000078,PER_000032,PH_000078,,,,LOC_000114,,1193.0,inbound,completed,atm,
EVT_001025,transaction,2025-07-12 17:25:23,PER_000063,PER_000030,,DEV_000077,IP_000113,ACC_000063,LOC_000088,2043.32,,outbound,completed,ussd,transfer
EVT_006197,sms,2025-07-12 17:42:17,PER_000063,PER_000092,PH_000063,,,,LOC_000063,,,internal,completed,api,
EVT_002808,transaction,2025-07-12 17:46:11,PER_000072,PER_000085,,DEV_000084,IP_000103,ACC_000072,LOC_000010,114.29,,outbound,completed,web,transfer
EVT_002557,sms,2025-07-12 17:54:30,PER_000012,PER_000055,PH_000012,,,,LOC_000050,,,inbound,completed,ussd,
EVT_002649,transaction,2025-07-12 17:55:09,PER_000012,PER_000045,,DEV_000032,IP_000007,ACC_000012,LOC_000092,1487.63,,internal,completed,api,p2p
EVT_003397,transaction,2025-07-12 17:58:58,PER_000012,PER_000037,,DEV_000080,IP_000119,ACC_000112,LOC_000092,3562.52,,inbound,completed,api,payment
EVT_005924,transaction,2025-07-12 18:03:24,PER_000063,PER_000003,,DEV_000069,IP_000051,ACC_000063,LOC_000063,1134.45,,internal,completed,pos,withdrawal
EVT_004923,sms,2025-07-12 18:05:53,PER_000078,PER_000095,PH_000078,,,,LOC_000114,,,inbound,completed,ussd,
EVT_005749,location_ping,2025-07-12 18:08:07,PER_000072,,,DEV_000095,,,LOC_000010,,,,completed,pos,
EVT_004528,location_ping,2025-07-12 18:09:46,PER_000072,,,DEV_000063,,,LOC_000010,,,,completed,api,
EVT_001377,location_ping,2025-07-12 18:10:29,PER_000027,,,DEV_000017,,,LOC_000097,,,,completed,pos,
EVT_005102,location_ping,2025-07-12 18:15:23,PER_000078,,,DEV_000027,,,LOC_000021,,,,completed,atm,
EVT_000254,sms,2025-07-12 18:16:25,PER_000078,PER_000076,PH_000078,,,,LOC_000114,,,internal,completed,atm,
EVT_003077,sms,2025-07-12 18:20:59,PER_000012,PER_000089,PH_000012,,,,LOC_000092,,,outbound,completed,ussd,
EVT_001797,transaction,2025-07-12 18:21:44,PER_000012,PER_000069,,DEV_000043,IP_000067,ACC_000112,LOC_000092,3802.06,,inbound,completed,web,withdrawal
EVT_005004,login,2025-07-12 18:24:26,PER_000078,,PH_000078,DEV_000114,IP_000056,,LOC_000114,,,,completed,pos,
EVT_005070,login,2025-07-12 18:26:11,PER_000072,,PH_000072,DEV_000089,IP_000075,,LOC_000010,,,,completed,pos,
EVT_000023,transaction,2025-07-12 18:27:32,PER_000078,PER_000073,,DEV_000050,IP_000035,ACC_000078,LOC_000114,4032.51,,outbound,completed,ussd,transfer
EVT_005388,login,2025-07-12 18:28:40,PER_000012,,PH_000012,DEV_000120,IP_000063,,LOC_000092,,,,completed,pos,
EVT_002326,transaction,2025-07-12 18:29:13,PER_000063,PER_000082,,DEV_000053,IP_000109,ACC_000063,LOC_000063,1025.6,,outbound,completed,web,withdrawal
EVT_006111,location_ping,2025-07-12 18:31:06,PER_000078,,,DEV_000016,,,LOC_000114,,,,completed,atm,
EVT_007146,transaction,2025-07-12 18:32:44,PER_000063,PER_000080,,DEV_000026,IP_000062,ACC_000063,LOC_000063,4290.55,,internal,completed,ussd,transfer
EVT_003351,transaction,2025-07-12 18:39:39,PER_000012,PER_000040,,DEV_000003,IP_000114,ACC_000012,LOC_000092,3830.55,,inbound,completed,atm,deposit
EVT_006720,location_ping,2025-07-12 18:40:09,PER_000063,,,DEV_000099,,,LOC_000063,,,,completed,ussd,
EVT_007347,location_ping,2025-07-12 18:40:39,PER_000078,,,DEV_000014,,,LOC_000114,,,,completed,pos,
EVT_001507,transaction,2025-07-12 18:43:06,PER_000012,PER_000007,,DEV_000047,IP_000040,ACC_000012,LOC_000092,2130.2,,inbound,completed,pos,deposit
EVT_002059,location_ping,2025-07-12 18:46:44,PER_000063,,,DEV_000020,,,LOC_000028,,,,completed,ussd,
EVT_000202,location_ping,2025-07-12 18:46:55,PER_000063,,,DEV_000041,,,LOC_000063,,,,completed,mobile_app,
EVT_006569,login,2025-07-12 18:48:24,PER_000078,,PH_000078,DEV_000056,IP_000027,,LOC_000114,,,,completed,api,
EVT_007159,login,2025-07-12 18:53:36,PER_000078,,PH_000078,DEV_000075,IP_000027,,LOC_000114,,,,completed,ussd,
EVT_003570,call,2025-07-12 18:55:47,PER_000072,PER_000097,PH_000072,,,,LOC_000010,,589.0,outbound,completed,atm,
EVT_002420,location_ping,2025-07-12 18:57:16,PER_000078,,,DEV_000076,,,LOC_000043,,,,completed,atm,
EVT_003584,transaction,2025-07-12 19:06:56,PER_000072,PER_000046,,DEV_000096,IP_000088,ACC_000072,LOC_000010,2617.87,,outbound,completed,atm,p2p
EVT_000263,login,2025-07-12 19:11:19,PER_000012,,PH_000012,DEV_000099,IP_000055,,LOC_000092,,,,completed,web,
EVT_000515,sms,2025-07-12 19:11:29,PER_000012,PER_000070,PH_000012,,,,LOC_000120,,,internal,completed,ussd,
EVT_006368,call,2025-07-12 19:16:04,PER_000078,PER_000024,PH_000078,,,,LOC_000010,,90.0,inbound,completed,atm,
EVT_003594,call,2025-07-12 19:16:40,PER_000072,PER_000034,PH_000072,,,,LOC_000010,,1076.0,inbound,completed,pos,
EVT_004895,call,2025-07-12 19:18:02,PER_000072,PER_000051,PH_000072,,,,LOC_000010,,1070.0,internal,completed,atm,
EVT_002002,call,2025-07-12 19:18:22,PER_000078,PER_000066,PH_000078,,,,LOC_000114,,462.0,internal,completed,ussd,
EVT_001985,login,2025-07-12 19:18:24,PER_000063,,PH_000063,DEV_000023,IP_000076,,LOC_000063,,,,completed,pos,
EVT_006831,login,2025-07-12 19:22:17,PER_000063,,PH_000063,DEV_000118,IP_000091,,LOC_000063,,,,completed,mobile_app,
EVT_004027,transaction,2025-07-12 19:22:27,PER_000078,PER_000048,,DEV_000055,IP_000086,ACC_000078,LOC_000114,1197.56,,outbound,completed,api,p2p
EVT_000647,call,2025-07-12 19:29:48,PER_000072,PER_000071,PH_000072,,,,LOC_000010,,1055.0,inbound,completed,ussd,
EVT_006646,location_ping,2025-07-12 19:30:46,PER_000072,,,DEV_000008,,,LOC_000010,,,,completed,web,
EVT_004083,transaction,2025-07-12 19:31:23,PER_000072,PER_000083,,DEV_000026,IP_000027,ACC_000072,LOC_000010,2671.27,,internal,completed,ussd,deposit
EVT_007100,sms,2025-07-12 19:33:45,PER_000078,PER_000049,PH_000078,,,,LOC_000114,,,outbound,completed,web,
EVT_004921,call,2025-07-12 19:37:26,PER_000072,PER_000007,PH_000072,,,,LOC_000010,,1086.0,inbound,completed,atm,
EVT_006461,login,2025-07-12 19:38:09,PER_000012,,PH_000012,DEV_000038,IP_000037,,LOC_000092,,,,completed,pos,
EVT_005633,sms,2025-07-12 19:40:54,PER_000093,PER_000100,PH_000138,,,,LOC_000039,,,inbound,completed,ussd,
EVT_000597,location_ping,2025-07-12 19:44:13,PER_000078,,,DEV_000058,,,LOC_000114,,,,completed,atm,
EVT_005978,location_ping,2025-07-12 19:54:03,PER_000072,,,DEV_000113,,,LOC_000020,,,,completed,web,
EVT_001552,call,2025-07-12 20:01:48,PER_000063,PER_000020,PH_000063,,,,LOC_000063,,863.0,inbound,completed,mobile_app,
EVT_005492,call,2025-07-12 20:02:16,PER_000072,PER_000010,PH_000072,,,,LOC_000010,,865.0,internal,completed,mobile_app,
EVT_005571,call,2025-07-12 20:04:13,PER_000063,PER_000086,PH_000063,,,,LOC_000059,,373.0,internal,completed,mobile_app,
EVT_000844,sms,2025-07-12 20:10:46,PER_000072,PER_000028,PH_000072,,,,LOC_000010,,,outbound,completed,pos,
EVT_001703,login,2025-07-12 20:14:04,PER_000012,,PH_000012,DEV_000093,IP_000077,,LOC_000022,,,,completed,pos,
EVT_000638,transaction,2025-07-12 20:16:53,PER_000012,PER_000081,,DEV_000004,IP_000029,ACC_000012,LOC_000092,3878.33,,outbound,completed,mobile_app,deposit
EVT_002673,location_ping,2025-07-12 20:17:49,PER_000093,,,DEV_000050,,,LOC_000071,,,,completed,ussd,
EVT_005524,transaction,2025-07-12 20:18:55,PER_000078,PER_000066,,DEV_000103,IP_000092,ACC_000078,LOC_000114,550.71,,internal,completed,mobile_app,withdrawal
EVT_002886,login,2025-07-12 20:28:43,PER_000012,,PH_000012,DEV_000023,IP_000005,,LOC_000093,,,,completed,api,
EVT_005716,location_ping,2025-07-12 20:32:20,PER_000078,,,DEV_000104,,,LOC_000114,,,,completed,atm,
EVT_006563,location_ping,2025-07-12 20:32:28,PER_000012,,,DEV_000100,,,LOC_000092,,,,completed,atm,
EVT_006267,sms,2025-07-12 20:33:37,PER_000063,PER_000019,PH_000063,,,,LOC_000063,,,outbound,completed,web,
EVT_007408,location_ping,2025-07-12 20:37:12,PER_000078,,,DEV_000045,,,LOC_000008,,,,completed,pos,
EVT_005794,location_ping,2025-07-12 20:38:59,PER_000078,,,DEV_000022,,,LOC_000114,,,,completed,mobile_app,
EVT_000350,login,2025-07-12 20:40:44,PER_000012,,PH_000012,DEV_000031,IP_000015,,LOC_000092,,,,completed,ussd,
EVT_001997,login,2025-07-12 20:49:36,PER_000063,,PH_000063,DEV_000004,IP_000090,,LOC_000063,,,,completed,api,
EVT_000931,login,2025-07-12 20:55:46,PER_000012,,PH_000012,DEV_000114,IP_000044,,LOC_000009,,,,completed,mobile_app,
EVT_005736,login,2025-07-12 21:07:48,PER_000012,,PH_000012,DEV_000028,IP_000091,,LOC_000092,,,,completed,web,
EVT_000616,login,2025-07-12 21:13:01,PER_000063,,PH_000063,DEV_000045,IP_000102,,LOC_000063,,,,completed,api,
EVT_003964,login,2025-07-12 21:13:13,PER_000078,,PH_000078,DEV_000057,IP_000022,,LOC_000114,,,,completed,ussd,
EVT_007378,sms,2025-07-12 21:23:35,PER_000078,PER_000066,PH_000078,,,,LOC_000114,,,outbound,completed,web,
EVT_005777,call,2025-07-12 21:27:08,PER_000078,PER_000026,PH_000078,,,,LOC_000114,,443.0,internal,completed,atm,
EVT_002766,sms,2025-07-12 21:29:02,PER_000072,PER_000016,PH_000072,,,,LOC_000010,,,inbound,completed,ussd,
EVT_000527,location_ping,2025-07-12 21:30:30,PER_000072,,,DEV_000084,,,LOC_000010,,,,completed,api,
EVT_001415,location_ping,2025-07-12 21:31:58,PER_000012,,,DEV_000028,,,LOC_000092,,,,completed,pos,
EVT_006999,call,2025-07-12 21:33:46,PER_000036,PER_000035,PH_000036,,,,LOC_000090,,971.0,inbound,completed,ussd,
EVT_007017,transaction,2025-07-12 21:36:26,PER_000063,PER_000022,,DEV_000113,IP_000028,ACC_000063,LOC_000063,635.69,,internal,completed,ussd,payment
EVT_004665,call,2025-07-12 21:42:49,PER_000012,PER_000053,PH_000012,,,,LOC_000018,,1027.0,outbound,completed,atm,
EVT_001070,call,2025-07-12 21:48:21,PER_000078,PER_000010,PH_000078,,,,LOC_000114,,642.0,internal,completed,api,
EVT_006363,transaction,2025-07-12 21:51:22,PER_000063,PER_000086,,DEV_000003,IP_000005,ACC_000063,LOC_000063,3030.33,,inbound,completed,mobile_app,deposit
EVT_002501,sms,2025-07-12 21:52:38,PER_000063,PER_000095,PH_000063,,,,LOC_000063,,,internal,completed,api,
EVT_000394,login,2025-07-12 21:53:26,PER_000072,,PH_000072,DEV_000107,IP_000087,,LOC_000010,,,,completed,mobile_app,
EVT_002807,sms,2025-07-12 21:55:32,PER_000078,PER_000096,PH_000078,,,,LOC_000114,,,inbound,completed,pos,
EVT_005374,call,2025-07-12 22:01:25,PER_000063,PER_000011,PH_000063,,,,LOC_000063,,471.0,inbound,completed,atm,
EVT_000470,location_ping,2025-07-12 22:02:46,PER_000072,,,DEV_000082,,,LOC_000010,,,,completed,web,
EVT_002337,login,2025-07-12 22:08:10,PER_000063,,PH_000063,DEV_000002,IP_000028,,LOC_000063,,,,completed,atm,
EVT_003878,login,2025-07-12 22:12:16,PER_000072,,PH_000072,DEV_000024,IP_000073,,LOC_000049,,,,completed,pos,
EVT_007489,location_ping,2025-07-12 22:17:04,PER_000072,,,DEV_000083,,,LOC_000010,,,,completed,atm,
EVT_005251,sms,2025-07-12 22:19:18,PER_000012,PER_000082,PH_000012,,,,LOC_000105,,,internal,completed,api,
EVT_002601,call,2025-07-12 22:23:04,PER_000012,PER_000068,PH_000012,,,,LOC_000092,,386.0,inbound,completed,mobile_app,
EVT_005581,call,2025-07-12 22:24:42,PER_000012,PER_000048,PH_000012,,,,LOC_000092,,31.0,internal,completed,mobile_app,
EVT_004978,location_ping,2025-07-12 22:25:04,PER_000078,,,DEV_000049,,,LOC_000114,,,,completed,mobile_app,
EVT_001229,location_ping,2025-07-12 22:26:41,PER_000012,,,DEV_000019,,,LOC_000092,,,,completed,api,
EVT_000972,location_ping,2025-07-12 22:28:05,PER_000078,,,DEV_000027,,,LOC_000114,,,,completed,web,
EVT_005444,transaction,2025-07-12 22:35:30,PER_000012,PER_000045,,DEV_000097,IP_000076,ACC_000012,LOC_000092,2205.59,,outbound,completed,web,withdrawal
EVT_005159,transaction,2025-07-12 22:38:42,PER_000078,PER_000036,,DEV_000047,IP_000074,ACC_000078,LOC_000114,1466.57,,outbound,completed,web,payment
EVT_007345,transaction,2025-07-12 22:43:49,PER_000012,PER_000018,,DEV_000028,IP_000019,ACC_000112,LOC_000021,2362.43,,internal,completed,api,withdrawal
EVT_000790,transaction,2025-07-12 22:46:05,PER_000072,PER_000059,,DEV_000118,IP_000106,ACC_000072,LOC_000010,673.18,,inbound,completed,atm,transfer
EVT_003479,call,2025-07-12 22:47:16,PER_000063,PER_000086,PH_000063,,,,LOC_000063,,460.0,internal,completed,ussd,
EVT_006214,location_ping,2025-07-12 22:47:23,PER_000012,,,DEV_000104,,,LOC_000092,,,,completed,atm,
EVT_002857,login,2025-07-12 22:49:38,PER_000072,,PH_000072,DEV_000006,IP_000072,,LOC_000010,,,,completed,ussd,
EVT_003792,transaction,2025-07-12 22:51:52,PER_000078,PER_000049,,DEV_000082,IP_000063,ACC_000078,LOC_000114,1247.46,,internal,completed,atm,p2p
EVT_002580,sms,2025-07-12 22:52:57,PER_000072,PER_000053,PH_000072,,,,LOC_000010,,,inbound,completed,api,
EVT_001668,login,2025-07-12 23:02:32,PER_000012,,PH_000012,DEV_000112,IP_000017,,LOC_000092,,,,completed,api,
EVT_006952,call,2025-07-12 23:14:51,PER_000072,PER_000008,PH_000072,,,,LOC_000010,,269.0,inbound,completed,mobile_app,
EVT_006677,login,2025-07-12 23:18:37,PER_000012,,PH_000012,DEV_000112,IP_000076,,LOC_000092,,,,completed,web,
EVT_005503,login,2025-07-12 23:29:18,PER_000012,,PH_000012,DEV_000057,IP_000108,,LOC_000092,,,,completed,pos,
EVT_006748,location_ping,2025-07-12 23:35:35,PER_000063,,,DEV_000105,,,LOC_000063,,,,completed,api,
EVT_007204,transaction,2025-07-12 23:45:27,PER_000012,PER_000009,,DEV_000047,IP_000055,ACC_000112,LOC_000092,4402.51,,inbound,completed,atm,deposit
EVT_005937,call,2025-07-12 23:50:04,PER_000078,PER_000057,PH_000078,,,,LOC_000114,,1115.0,outbound,completed,mobile_app,
EVT_002324,sms,2025-07-12 23:55:52,PER_000063,PER_000010,PH_000063,,,,LOC_000063,,,internal,completed,web,
EVT_002305,call,2025-07-12 23:57:37,PER_000012,PER_000007,PH_000012,,,,LOC_000092,,469.0,inbound,completed,pos,
EVT_007382,location_ping,2025-07-13 03:38:52,PER_000042,,,DEV_000027,,,LOC_000060,,,,completed,web,
EVT_002187,transaction,2025-07-13 04:58:23,PER_000081,PER_000091,,DEV_000024,IP_000048,ACC_000081,LOC_000084,452.54,,outbound,completed,web,p2p
EVT_007484,sms,2025-07-13 05:32:32,PER_000024,PER_000050,PH_000024,,,,LOC_000094,,,internal,completed,pos,
EVT_003073,location_ping,2025-07-13 06:09:10,PER_000059,,,DEV_000010,,,LOC_000071,,,,completed,ussd,
EVT_001832,login,2025-07-13 09:28:29,PER_000025,,PH_000025,DEV_000077,IP_000096,,LOC_000053,,,,completed,pos,
EVT_002279,call,2025-07-13 10:31:44,PER_000059,PER_000073,PH_000180,,,,LOC_000071,,594.0,inbound,completed,web,
EVT_001034,call,2025-07-13 11:08:00,PER_000006,PER_000038,PH_000121,,,,LOC_000060,,1123.0,internal,completed,pos,
EVT_000496,login,2025-07-13 11:10:30,PER_000062,,PH_000152,DEV_000055,IP_000065,,LOC_000033,,,,completed,pos,
EVT_001515,login,2025-07-13 12:59:10,PER_000073,,PH_000244,DEV_000104,IP_000051,,LOC_000029,,,,completed,mobile_app,
EVT_006791,location_ping,2025-07-13 13:38:00,PER_000055,,,DEV_000007,,,LOC_000016,,,,completed,mobile_app,
EVT_003059,call,2025-07-13 14:07:42,PER_000060,PER_000069,PH_000060,,,,LOC_000014,,528.0,internal,completed,pos,
EVT_006772,call,2025-07-13 15:19:51,PER_000032,PER_000093,PH_000032,,,,LOC_000028,,1173.0,inbound,completed,web,
EVT_007365,sms,2025-07-13 16:11:14,PER_000050,PER_000016,PH_000248,,,,LOC_000058,,,internal,completed,atm,
EVT_007269,login,2025-07-13 16:30:05,PER_000100,,PH_000251,DEV_000073,IP_000068,,LOC_000108,,,,completed,atm,
EVT_004648,sms,2025-07-13 17:45:26,PER_000071,PER_000058,PH_000071,,,,LOC_000005,,,internal,completed,ussd,
EVT_005546,location_ping,2025-07-13 18:13:53,PER_000024,,,DEV_000035,,,LOC_000040,,,,completed,mobile_app,
EVT_003888,sms,2025-07-13 19:59:30,PER_000073,PER_000011,PH_000116,,,,LOC_000015,,,outbound,completed,atm,
EVT_004065,transaction,2025-07-13 20:39:31,PER_000055,PER_000081,,DEV_000006,IP_000109,ACC_000055,LOC_000016,1841.44,,internal,completed,atm,payment
EVT_005429,transaction,2025-07-14 00:04:35,PER_000094,PER_000036,,DEV_000050,IP_000042,ACC_000094,LOC_000060,4053.14,,internal,completed,web,payment
EVT_001928,location_ping,2025-07-14 10:24:39,PER_000081,,,DEV_000017,,,LOC_000084,,,,completed,api,
EVT_002532,sms,2025-07-14 10:42:24,PER_000073,PER_000029,PH_000116,,,,LOC_000015,,,outbound,completed,pos,
EVT_004998,sms,2025-07-14 15:08:31,PER_000059,PER_000004,PH_000180,,,,LOC_000071,,,outbound,completed,web,
EVT_007213,sms,2025-07-14 16:49:11,PER_000040,PER_000005,PH_000040,,,,LOC_000047,,,outbound,completed,web,
EVT_001214,sms,2025-07-14 22:09:55,PER_000062,PER_000075,PH_000062,,,,LOC_000033,,,internal,completed,api,
EVT_000187,location_ping,2025-07-15 08:05:49,PER_000005,,,DEV_000118,,,LOC_000100,,,,completed,pos,
EVT_000108,login,2025-07-15 10:25:52,PER_000037,,PH_000037,DEV_000061,IP_000021,,LOC_000101,,,,completed,pos,
EVT_004367,transaction,2025-07-15 10:36:58,PER_000024,PER_000036,,DEV_000098,IP_000033,ACC_000024,LOC_000083,315913.0,,outbound,completed,mobile_app,transfer
EVT_006282,location_ping,2025-07-15 10:58:11,PER_000062,,,DEV_000030,,,LOC_000033,,,,completed,api,
EVT_005706,location_ping,2025-07-15 11:06:19,PER_000084,,,DEV_000079,,,LOC_000043,,,,completed,ussd,
EVT_004499,location_ping,2025-07-15 11:10:41,PER_000001,,,DEV_000064,,,LOC_000029,,,,completed,api,
EVT_002153,login,2025-07-15 11:26:35,PER_000018,,PH_000018,DEV_000073,IP_000081,,LOC_000001,,,,completed,api,
EVT_006968,transaction,2025-07-15 11:57:08,PER_000050,PER_000018,,DEV_000057,IP_000024,ACC_000050,LOC_000065,1336.27,,inbound,completed,atm,deposit
EVT_004737,transaction,2025-07-15 16:21:01,PER_000079,PER_000087,,DEV_000096,IP_000067,ACC_000079,LOC_000004,2574.29,,internal,completed,web,deposit
EVT_000516,login,2025-07-15 19:41:41,PER_000062,,PH_000213,DEV_000110,IP_000056,,LOC_000033,,,,completed,web,
EVT_000791,call,2025-07-15 21:32:46,PER_000082,PER_000011,PH_000149,,,,LOC_000082,,541.0,outbound,completed,web,
EVT_006762,login,2025-07-15 21:34:44,PER_000065,,PH_000065,DEV_000038,IP_000048,,LOC_000072,,,,completed,atm,
EVT_000499,transaction,2025-07-16 06:31:19,PER_000051,PER_000084,,DEV_000053,IP_000114,ACC_000051,LOC_000016,886.11,,internal,completed,pos,withdrawal
EVT_005134,transaction,2025-07-16 09:16:30,PER_000085,PER_000033,,DEV_000109,IP_000044,ACC_000085,LOC_000085,4271.1,,outbound,completed,web,transfer
EVT_006964,call,2025-07-16 10:09:42,PER_000024,PER_000061,PH_000024,,,,LOC_000079,,772.0,internal,completed,ussd,
EVT_000366,sms,2025-07-16 10:45:27,PER_000051,PER_000096,PH_000246,,,,LOC_000052,,,inbound,completed,mobile_app,
EVT_001652,transaction,2025-07-16 13:06:57,PER_000052,PER_000019,,DEV_000004,IP_000114,ACC_000052,LOC_000071,2576.3,,outbound,completed,mobile_app,transfer
EVT_007206,location_ping,2025-07-16 14:12:52,PER_000092,,,DEV_000004,,,LOC_000091,,,,completed,api,
EVT_003573,sms,2025-07-16 15:50:43,PER_000001,PER_000045,PH_000001,,,,LOC_000029,,,inbound,completed,web,
EVT_000233,call,2025-07-16 16:03:05,PER_000001,PER_000056,PH_000298,,,,LOC_000029,,420.0,inbound,completed,atm,
EVT_002073,transaction,2025-07-16 16:20:39,PER_000059,PER_000035,,DEV_000096,IP_000074,ACC_000059,LOC_000071,1726.5,,outbound,completed,mobile_app,payment
EVT_005379,sms,2025-07-16 17:22:21,PER_000059,PER_000067,PH_000180,,,,LOC_000071,,,internal,completed,pos,
EVT_001542,call,2025-07-16 18:53:53,PER_000016,PER_000094,PH_000016,,,,LOC_000054,,1053.0,outbound,completed,ussd,
EVT_005506,location_ping,2025-07-16 18:56:07,PER_000073,,,DEV_000078,,,LOC_000015,,,,completed,atm,
EVT_000583,sms,2025-07-16 21:26:35,PER_000018,PER_000042,PH_000018,,,,LOC_000001,,,internal,completed,ussd,
EVT_000631,location_ping,2025-07-16 21:27:12,PER_000016,,,DEV_000048,,,LOC_000054,,,,completed,web,
EVT_006760,sms,2025-07-17 04:44:48,PER_000080,PER_000087,PH_000080,,,,LOC_000074,,,inbound,completed,api,
EVT_001829,login,2025-07-17 04:44:56,PER_000086,,PH_000086,DEV_000091,IP_000076,,LOC_000012,,,,completed,mobile_app,
EVT_004599,login,2025-07-17 08:46:45,PER_000042,,PH_000199,DEV_000033,IP_000114,,LOC_000060,,,,completed,pos,
EVT_005292,login,2025-07-17 09:16:37,PER_000025,,PH_000132,DEV_000089,IP_000011,,LOC_000003,,,,completed,ussd,
EVT_001308,login,2025-07-17 10:07:00,PER_000087,,PH_000087,DEV_000105,IP_000038,,LOC_000099,,,,completed,web,
EVT_005234,sms,2025-07-17 10:40:32,PER_000007,PER_000060,PH_000007,,,,LOC_000034,,,inbound,completed,web,
EVT_006734,transaction,2025-07-17 10:43:18,PER_000034,PER_000076,,DEV_000109,IP_000111,ACC_000134,LOC_000050,1817.82,,internal,completed,api,deposit
EVT_003924,location_ping,2025-07-17 12:09:20,PER_000024,,,DEV_000056,,,LOC_000083,,,,completed,mobile_app,
EVT_004944,call,2025-07-17 12:45:34,PER_000079,PER_000068,PH_000079,,,,LOC_000004,,958.0,outbound,completed,web,
EVT_004526,call,2025-07-17 13:46:54,PER_000075,PER_000074,PH_000127,,,,LOC_000087,,1043.0,internal,completed,web,
EVT_002619,login,2025-07-17 15:39:16,PER_000087,,PH_000294,DEV_000057,IP_000096,,LOC_000099,,,,completed,api,
EVT_001480,login,2025-07-17 18:06:41,PER_000073,,PH_000073,DEV_000055,IP_000097,,LOC_000015,,,,completed,mobile_app,
EVT_003583,transaction,2025-07-17 18:17:46,PER_000049,PER_000054,,DEV_000002,IP_000002,ACC_000149,LOC_000072,775.54,,inbound,completed,ussd,payment
EVT_002297,call,2025-07-17 18:29:06,PER_000036,PER_000039,PH_000139,,,,LOC_000090,,739.0,inbound,completed,web,
EVT_000808,login,2025-07-17 19:04:50,PER_000067,,PH_000200,DEV_000034,IP_000114,,LOC_000040,,,,completed,ussd,
EVT_003659,sms,2025-07-17 19:20:01,PER_000046,PER_000037,PH_000046,,,,LOC_000028,,,outbound,completed,ussd,
EVT_003155,sms,2025-07-17 19:42:48,PER_000002,PER_000024,PH_000114,,,,LOC_000032,,,outbound,completed,atm,
EVT_005305,login,2025-07-18 02:34:36,PER_000062,,PH_000213,DEV_000100,IP_000109,,LOC_000033,,,,completed,mobile_app,
EVT_003715,login,2025-07-18 03:09:06,PER_000073,,PH_000244,DEV_000063,IP_000096,,LOC_000015,,,,completed,ussd,
EVT_003559,transaction,2025-07-18 03:39:24,PER_000097,PER_000011,,DEV_000105,IP_000052,ACC_000097,LOC_000064,177.93,,inbound,completed,mobile_app,withdrawal
EVT_006818,location_ping,2025-07-18 04:03:39,PER_000082,,,DEV_000101,,,LOC_000077,,,,completed,atm,
EVT_002671,transaction,2025-07-18 04:33:28,PER_000022,PER_000086,,DEV_000040,IP_000120,ACC_000122,LOC_000050,2780.47,,outbound,completed,ussd,p2p
EVT_003414,call,2025-07-18 04:39:17,PER_000093,PER_000003,PH_000262,,,,LOC_000071,,1034.0,internal,completed,api,
EVT_006154,location_ping,2025-07-18 05:51:27,PER_000065,,,DEV_000010,,,LOC_000112,,,,completed,pos,
EVT_007461,login,2025-07-18 06:13:55,PER_000015,,PH_000015,DEV_000020,IP_000078,,LOC_000054,,,,completed,ussd,
EVT_004472,call,2025-07-18 07:42:21,PER_000062,PER_000022,PH_000062,,,,LOC_000033,,990.0,inbound,completed,pos,
EVT_004508,location_ping,2025-07-18 09:00:39,PER_000073,,,DEV_000050,,,LOC_000015,,,,completed,api,
EVT_003930,sms,2025-07-18 10:32:19,PER_000083,PER_000013,PH_000186,,,,LOC_000053,,,outbound,completed,mobile_app,
EVT_004264,sms,2025-07-18 13:07:03,PER_000062,PER_000092,PH_000062,,,,LOC_000089,,,inbound,completed,pos,
EVT_005030,location_ping,2025-07-18 14:09:07,PER_000073,,,DEV_000056,,,LOC_000015,,,,completed,web,
EVT_000175,location_ping,2025-07-18 15:12:33,PER_000016,,,DEV_000099,,,LOC_000054,,,,completed,atm,
EVT_005067,call,2025-07-18 19:18:39,PER_000062,PER_000015,PH_000213,,,,LOC_000033,,713.0,inbound,completed,atm,
EVT_005380,location_ping,2025-07-19 04:38:14,PER_000059,,,DEV_000036,,,LOC_000030,,,,completed,atm,
EVT_002855,login,2025-07-19 06:00:18,PER_000060,,PH_000060,DEV_000054,IP_000071,,LOC_000014,,,,completed,web,
EVT_003076,login,2025-07-19 07:40:31,PER_000002,,PH_000114,DEV_000041,IP_000061,,LOC_000032,,,,completed,mobile_app,
EVT_002099,login,2025-07-19 08:29:26,PER_000031,,PH_000279,DEV_000061,IP_000037,,LOC_000017,,,,completed,mobile_app,
EVT_000095,location_ping,2025-07-19 09:15:32,PER_000096,,,DEV_000089,,,LOC_000050,,,,completed,pos,
EVT_005111,transaction,2025-07-19 10:01:25,PER_000002,PER_000024,,DEV_000003,IP_000080,ACC_000102,LOC_000032,1877.43,,outbound,completed,pos,deposit
EVT_002314,location_ping,2025-07-19 11:28:59,PER_000062,,,DEV_000056,,,LOC_000033,,,,completed,api,
EVT_003362,login,2025-07-19 12:53:48,PER_000084,,PH_000238,DEV_000053,IP_000027,,LOC_000043,,,,completed,api,
EVT_003435,sms,2025-07-19 13:02:47,PER_000073,PER_000021,PH_000175,,,,LOC_000026,,,internal,completed,pos,
EVT_005608,login,2025-07-19 13:28:57,PER_000002,,PH_000114,DEV_000035,IP_000091,,LOC_000032,,,,completed,ussd,
EVT_000554,location_ping,2025-07-19 14:08:07,PER_000050,,,DEV_000102,,,LOC_000058,,,,completed,ussd,
EVT_007021,transaction,2025-07-19 15:34:19,PER_000090,PER_000081,,DEV_000063,IP_000014,ACC_000090,LOC_000027,2971.2,,inbound,completed,web,withdrawal
EVT_000483,call,2025-07-19 18:44:19,PER_000083,PER_000057,PH_000083,,,,LOC_000053,,782.0,outbound,completed,mobile_app,
EVT_000271,login,2025-07-19 19:04:50,PER_000024,,PH_000024,DEV_000064,IP_000069,,LOC_000003,,,,completed,web,
EVT_001671,call,2025-07-19 20:22:17,PER_000059,PER_000037,PH_000059,,,,LOC_000071,,810.0,inbound,completed,pos,
EVT_003984,login,2025-07-19 21:05:31,PER_000043,,PH_000205,DEV_000001,IP_000001,,LOC_000110,,,,completed,mobile_app,
EVT_002134,login,2025-07-20 04:44:16,PER_000043,,PH_000160,DEV_000001,IP_000001,,LOC_000110,,,,completed,pos,
EVT_006483,call,2025-07-20 06:46:34,PER_000055,PER_000078,PH_000055,,,,LOC_000016,,270.0,internal,completed,atm,
EVT_001690,login,2025-07-20 07:13:11,PER_000004,,PH_000004,DEV_000098,IP_000009,,LOC_000052,,,,completed,ussd,
EVT_002097,sms,2025-07-20 08:28:34,PER_000050,PER_000002,PH_000261,,,,LOC_000058,,,internal,completed,atm,
EVT_003874,transaction,2025-07-20 09:01:05,PER_000009,PER_000065,,DEV_000099,IP_000012,ACC_000109,LOC_000107,3716.05,,outbound,completed,api,transfer
EVT_006220,sms,2025-07-20 09:55:39,PER_000042,PER_000067,PH_000199,,,,LOC_000009,,,internal,completed,pos,
EVT_004641,call,2025-07-20 13:32:07,PER_000042,PER_000050,PH_000042,,,,LOC_000060,,824.0,inbound,completed,ussd,
EVT_003333,call,2025-07-20 14:11:53,PER_000059,PER_000035,PH_000180,,,,LOC_000071,,994.0,inbound,completed,ussd,
EVT_006355,transaction,2025-07-20 15:12:18,PER_000024,PER_000087,,DEV_000071,IP_000083,ACC_000024,LOC_000083,295750.09,,inbound,completed,pos,transfer
EVT_001661,location_ping,2025-07-20 17:10:35,PER_000011,,,DEV_000023,,,LOC_000063,,,,completed,web,
EVT_000476,transaction,2025-07-20 18:39:52,PER_000092,PER_000023,,DEV_000032,IP_000023,ACC_000092,LOC_000091,443.47,,outbound,completed,api,p2p
EVT_002221,location_ping,2025-07-20 20:20:49,PER_000087,,,DEV_000077,,,LOC_000099,,,,completed,atm,
EVT_000913,call,2025-07-20 20:24:09,PER_000024,PER_000066,PH_000024,,,,LOC_000083,,66.0,inbound,completed,api,
EVT_002282,call,2025-07-20 21:13:00,PER_000073,PER_000026,PH_000162,,,,LOC_000015,,76.0,outbound,completed,web,
EVT_000630,transaction,2025-07-21 07:06:37,PER_000024,PER_000042,,DEV_000022,IP_000102,ACC_000024,LOC_000063,1233.46,,inbound,completed,pos,payment
EVT_005670,transaction,2025-07-21 08:18:11,PER_000084,PER_000069,,DEV_000032,IP_000039,ACC_000084,LOC_000043,2315.45,,outbound,completed,pos,deposit
EVT_007500,location_ping,2025-07-21 08:35:03,PER_000027,,,DEV_000098,,,LOC_000097,,,,completed,api,
EVT_001277,sms,2025-07-21 09:40:24,PER_000080,PER_000034,PH_000118,,,,LOC_000074,,,inbound,completed,ussd,
EVT_005232,call,2025-07-21 09:54:26,PER_000042,PER_000018,PH_000199,,,,LOC_000060,,785.0,internal,completed,ussd,
EVT_000650,login,2025-07-21 12:06:14,PER_000050,,PH_000248,DEV_000064,IP_000027,,LOC_000058,,,,completed,atm,
EVT_005957,transaction,2025-07-21 12:53:06,PER_000016,PER_000002,,DEV_000017,IP_000056,ACC_000016,LOC_000054,430314.73,,internal,completed,pos,deposit
EVT_005460,sms,2025-07-21 15:43:01,PER_000001,PER_000097,PH_000298,,,,LOC_000017,,,inbound,completed,pos,
EVT_004492,call,2025-07-21 15:52:12,PER_000044,PER_000017,PH_000250,,,,LOC_000089,,331.0,inbound,completed,api,
EVT_006514,login,2025-07-21 16:40:26,PER_000027,,PH_000245,DEV_000057,IP_000080,,LOC_000097,,,,completed,atm,
EVT_002169,call,2025-07-21 17:34:21,PER_000040,PER_000085,PH_000181,,,,LOC_000047,,766.0,internal,completed,mobile_app,
EVT_002842,transaction,2025-07-21 17:50:37,PER_000087,PER_000024,,DEV_000097,IP_000007,ACC_000087,LOC_000099,4338.09,,outbound,completed,api,payment
EVT_000574,sms,2025-07-21 18:43:38,PER_000059,PER_000025,PH_000059,,,,LOC_000071,,,inbound,completed,api,
EVT_002870,sms,2025-07-21 18:51:56,PER_000076,PER_000089,PH_000260,,,,LOC_000016,,,inbound,completed,ussd,
EVT_002901,location_ping,2025-07-21 18:57:08,PER_000040,,,DEV_000004,,,LOC_000047,,,,completed,api,
EVT_003663,login,2025-07-21 20:24:05,PER_000042,,PH_000199,DEV_000112,IP_000106,,LOC_000108,,,,completed,api,
EVT_003309,call,2025-07-21 21:32:51,PER_000095,PER_000026,PH_000095,,,,LOC_000106,,695.0,inbound,completed,web,
EVT_007111,login,2025-07-22 04:06:09,PER_000024,,PH_000024,DEV_000015,IP_000102,,LOC_000083,,,,completed,pos,
EVT_003685,call,2025-07-22 06:39:51,PER_000084,PER_000081,PH_000224,,,,LOC_000043,,865.0,inbound,completed,api,
EVT_000328,sms,2025-07-22 11:25:44,PER_000016,PER_000002,PH_000016,,,,LOC_000054,,,inbound,completed,ussd,
EVT_001299,call,2025-07-22 11:28:30,PER_000066,PER_000065,PH_000123,,,,LOC_000049,,586.0,outbound,completed,atm,
EVT_003216,location_ping,2025-07-22 11:51:10,PER_000002,,,DEV_000094,,,LOC_000032,,,,completed,web,
EVT_001052,login,2025-07-22 13:37:13,PER_000087,,PH_000294,DEV_000056,IP_000109,,LOC_000099,,,,completed,ussd,
EVT_003005,transaction,2025-07-22 15:38:25,PER_000059,PER_000009,,DEV_000011,IP_000019,ACC_000059,LOC_000058,3153.24,,inbound,completed,api,p2p
EVT_006383,call,2025-07-22 18:12:18,PER_000002,PER_000027,PH_000002,,,,LOC_000032,,481.0,internal,completed,mobile_app,
EVT_004879,transaction,2025-07-22 19:20:04,PER_000100,PER_000070,,DEV_000088,IP_000048,ACC_000100,LOC_000108,214.96,,internal,completed,web,withdrawal
EVT_005652,call,2025-07-23 04:12:22,PER_000093,PER_000079,PH_000138,,,,LOC_000071,,110.0,internal,completed,web,
EVT_003412,location_ping,2025-07-23 05:59:55,PER_000045,,,DEV_000001,,,LOC_000004,,,,completed,web,
EVT_004359,location_ping,2025-07-23 08:00:54,PER_000024,,,DEV_000017,,,LOC_000083,,,,completed,web,
EVT_005941,sms,2025-07-23 08:07:00,PER_000005,PER_000003,PH_000005,,,,LOC_000100,,,outbound,completed,atm,
EVT_001909,sms,2025-07-23 08:38:06,PER_000044,PER_000042,PH_000250,,,,LOC_000032,,,outbound,completed,ussd,
EVT_004282,location_ping,2025-07-23 09:08:32,PER_000075,,,DEV_000001,,,LOC_000102,,,,completed,web,
EVT_003702,call,2025-07-23 10:20:43,PER_000024,PER_000061,PH_000024,,,,LOC_000083,,843.0,internal,completed,web,
EVT_002566,transaction,2025-07-23 10:27:38,PER_000034,PER_000073,,DEV_000088,IP_000080,ACC_000134,LOC_000075,650.34,,inbound,completed,web,deposit
EVT_000151,call,2025-07-23 12:06:44,PER_000073,PER_000021,PH_000073,,,,LOC_000015,,936.0,outbound,completed,api,
EVT_003785,location_ping,2025-07-23 12:55:37,PER_000042,,,DEV_000111,,,LOC_000060,,,,completed,mobile_app,
EVT_003967,sms,2025-07-23 13:16:37,PER_000017,PER_000035,PH_000017,,,,LOC_000116,,,outbound,completed,api,
EVT_002483,sms,2025-07-23 13:32:15,PER_000034,PER_000050,PH_000167,,,,LOC_000075,,,inbound,completed,web,
EVT_001754,transaction,2025-07-23 16:25:10,PER_000027,PER_000078,,DEV_000020,IP_000016,ACC_000127,LOC_000097,170067.17,,inbound,completed,web,payment
EVT_005471,sms,2025-07-23 16:54:58,PER_000024,PER_000087,PH_000024,,,,LOC_000083,,,internal,completed,atm,
EVT_002233,sms,2025-07-23 17:03:30,PER_000002,PER_000087,PH_000114,,,,LOC_000032,,,inbound,completed,ussd,
EVT_007457,transaction,2025-07-23 19:20:35,PER_000065,PER_000047,,DEV_000115,IP_000032,ACC_000065,LOC_000111,2210.98,,inbound,completed,ussd,withdrawal
EVT_000566,sms,2025-07-23 19:31:43,PER_000008,PER_000070,PH_000008,,,,LOC_000077,,,inbound,completed,pos,
EVT_002102,transaction,2025-07-23 21:22:46,PER_000073,PER_000065,,DEV_000031,IP_000096,ACC_000073,LOC_000015,3605.2,,outbound,completed,atm,p2p
EVT_003954,location_ping,2025-07-23 22:50:47,PER_000062,,,DEV_000015,,,LOC_000033,,,,completed,ussd,
EVT_001719,login,2025-07-24 02:09:53,PER_000085,,PH_000085,DEV_000102,IP_000040,,LOC_000112,,,,completed,atm,
EVT_001810,login,2025-07-24 05:05:09,PER_000003,,PH_000003,DEV_000076,IP_000052,,LOC_000054,,,,completed,api,
EVT_006472,location_ping,2025-07-24 05:35:34,PER_000062,,,DEV_000082,,,LOC_000033,,,,completed,api,
EVT_004689,call,2025-07-24 05:42:00,PER_000001,PER_000084,PH_000001,,,,LOC_000029,,796.0,internal,completed,pos,
EVT_002132,location_ping,2025-07-24 06:01:51,PER_000059,,,DEV_000006,,,LOC_000071,,,,completed,mobile_app,
EVT_001688,login,2025-07-24 08:01:47,PER_000065,,PH_000159,DEV_000103,IP_000082,,LOC_000072,,,,completed,api,
EVT_000949,sms,2025-07-24 10:23:00,PER_000049,PER_000057,PH_000151,,,,LOC_000072,,,outbound,completed,mobile_app,
EVT_007241,call,2025-07-24 10:33:57,PER_000062,PER_000058,PH_000213,,,,LOC_000033,,190.0,outbound,completed,api,
EVT_003972,sms,2025-07-24 13:31:59,PER_000073,PER_000038,PH_000116,,,,LOC_000015,,,inbound,completed,pos,
EVT_002274,call,2025-07-24 14:38:28,PER_000029,PER_000068,PH_000029,,,,LOC_000100,,1138.0,internal,completed,atm,
EVT_007215,transaction,2025-07-24 14:50:12,PER_000030,PER_000016,,DEV_000066,IP_000079,ACC_000030,LOC_000108,2850.71,,inbound,completed,pos,withdrawal
EVT_003859,transaction,2025-07-24 18:46:42,PER_000059,PER_000011,,DEV_000009,IP_000102,ACC_000059,LOC_000071,3695.42,,inbound,completed,pos,payment
EVT_006977,call,2025-07-24 19:29:36,PER_000002,PER_000050,PH_000114,,,,LOC_000044,,367.0,inbound,completed,pos,
EVT_004451,call,2025-07-24 20:22:09,PER_000047,PER_000024,PH_000120,,,,LOC_000113,,999.0,inbound,completed,ussd,
EVT_005703,sms,2025-07-25 05:23:18,PER_000037,PER_000097,PH_000233,,,,LOC_000101,,,outbound,completed,pos,
EVT_002641,location_ping,2025-07-25 06:24:12,PER_000077,,,DEV_000003,,,LOC_000046,,,,completed,pos,
EVT_006274,location_ping,2025-07-25 08:16:59,PER_000001,,,DEV_000078,,,LOC_000029,,,,completed,atm,
EVT_000076,call,2025-07-25 08:25:29,PER_000024,PER_000027,PH_000024,,,,LOC_000083,,135.0,internal,completed,api,
EVT_007007,call,2025-07-25 09:13:56,PER_000057,PER_000036,PH_000270,,,,LOC_000030,,331.0,outbound,completed,pos,
EVT_003138,sms,2025-07-25 09:32:07,PER_000016,PER_000042,PH_000016,,,,LOC_000054,,,inbound,completed,web,
EVT_005258,sms,2025-07-25 12:22:57,PER_000047,PER_000098,PH_000047,,,,LOC_000113,,,inbound,completed,atm,
EVT_001812,call,2025-07-25 12:24:45,PER_000073,PER_000099,PH_000244,,,,LOC_000015,,464.0,outbound,completed,ussd,
EVT_006937,location_ping,2025-07-25 14:57:03,PER_000049,,,DEV_000002,,,LOC_000072,,,,completed,mobile_app,
EVT_001409,sms,2025-07-25 16:42:03,PER_000050,PER_000018,PH_000261,,,,LOC_000058,,,outbound,completed,pos,
EVT_006369,transaction,2025-07-25 17:38:55,PER_000066,PER_000011,,DEV_000030,IP_000076,ACC_000066,LOC_000049,1102.09,,outbound,completed,web,transfer
EVT_001170,transaction,2025-07-25 18:06:29,PER_000026,PER_000071,,DEV_000060,IP_000002,ACC_000026,LOC_000059,367.5,,internal,completed,mobile_app,transfer
EVT_006319,login,2025-07-25 18:15:28,PER_000093,,PH_000225,DEV_000044,IP_000045,,LOC_000071,,,,completed,pos,
EVT_003039,sms,2025-07-25 18:48:36,PER_000037,PER_000030,PH_000037,,,,LOC_000101,,,internal,completed,web,
EVT_006294,location_ping,2025-07-25 19:14:04,PER_000059,,,DEV_000046,,,LOC_000071,,,,completed,mobile_app,
EVT_002688,call,2025-07-25 19:35:37,PER_000018,PER_000024,PH_000018,,,,LOC_000001,,332.0,outbound,completed,pos,
EVT_005230,location_ping,2025-07-25 20:28:15,PER_000088,,,DEV_000084,,,LOC_000060,,,,completed,api,
EVT_002200,sms,2025-07-25 20:50:00,PER_000044,PER_000018,PH_000044,,,,LOC_000032,,,inbound,completed,ussd,
EVT_004532,transaction,2025-07-26 03:00:47,PER_000048,PER_000097,,DEV_000020,IP_000011,ACC_000148,LOC_000027,992.08,,outbound,completed,mobile_app,withdrawal
EVT_007262,call,2025-07-26 05:00:47,PER_000050,PER_000042,PH_000117,,,,LOC_000058,,798.0,inbound,completed,mobile_app,
EVT_004778,login,2025-07-26 05:32:18,PER_000093,,PH_000262,DEV_000051,IP_000048,,LOC_000071,,,,completed,atm,
EVT_005003,login,2025-07-26 07:42:52,PER_000093,,PH_000093,DEV_000021,IP_000105,,LOC_000071,,,,completed,web,
EVT_001249,location_ping,2025-07-26 09:10:52,PER_000024,,,DEV_000119,,,LOC_000056,,,,completed,mobile_app,
EVT_004138,location_ping,2025-07-26 10:28:33,PER_000002,,,DEV_000048,,,LOC_000032,,,,completed,ussd,
EVT_001178,login,2025-07-26 13:43:59,PER_000093,,PH_000093,DEV_000059,IP_000062,,LOC_000071,,,,completed,pos,
EVT_000668,sms,2025-07-26 14:42:00,PER_000073,PER_000060,PH_000244,,,,LOC_000015,,,internal,completed,atm,
EVT_007157,transaction,2025-07-26 15:52:04,PER_000097,PER_000091,,DEV_000120,IP_000087,ACC_000097,LOC_000071,365.02,,inbound,completed,web,transfer
EVT_006122,location_ping,2025-07-26 18:48:37,PER_000059,,,DEV_000019,,,LOC_000093,,,,completed,api,
EVT_005536,call,2025-07-26 19:33:16,PER_000015,PER_000054,PH_000015,,,,LOC_000054,,1124.0,inbound,completed,pos,
EVT_001051,login,2025-07-27 02:52:27,PER_000008,,PH_000008,DEV_000054,IP_000061,,LOC_000077,,,,completed,atm,
EVT_003392,login,2025-07-27 03:38:49,PER_000059,,PH_000137,DEV_000103,IP_000114,,LOC_000071,,,,completed,pos,
EVT_007456,transaction,2025-07-27 03:56:09,PER_000093,PER_000033,,DEV_000044,IP_000044,ACC_000093,LOC_000071,1213.22,,internal,completed,web,transfer
EVT_006529,location_ping,2025-07-27 05:02:01,PER_000096,,,DEV_000035,,,LOC_000107,,,,completed,api,
EVT_003221,sms,2025-07-27 06:22:09,PER_000089,PER_000058,PH_000089,,,,LOC_000047,,,internal,completed,atm,
EVT_003927,location_ping,2025-07-27 08:47:21,PER_000001,,,DEV_000120,,,LOC_000029,,,,completed,mobile_app,
EVT_002407,call,2025-07-27 09:18:07,PER_000062,PER_000045,PH_000213,,,,LOC_000033,,205.0,inbound,completed,api,
EVT_003983,call,2025-07-27 09:38:18,PER_000093,PER_000018,PH_000138,,,,LOC_000032,,159.0,inbound,completed,ussd,
EVT_004839,transaction,2025-07-27 10:46:02,PER_000081,PER_000016,,DEV_000104,IP_000055,ACC_000081,LOC_000084,2377.32,,inbound,completed,pos,payment
EVT_006840,location_ping,2025-07-27 11:31:16,PER_000059,,,DEV_000054,,,LOC_000031,,,,completed,web,
EVT_005398,login,2025-07-27 13:40:41,PER_000010,,PH_000010,DEV_000026,IP_000103,,LOC_000034,,,,completed,atm,
EVT_001708,login,2025-07-27 13:52:52,PER_000073,,PH_000073,DEV_000032,IP_000079,,LOC_000015,,,,completed,pos,
EVT_000347,sms,2025-07-27 15:15:07,PER_000093,PER_000020,PH_000138,,,,LOC_000071,,,inbound,completed,ussd,
EVT_000607,transaction,2025-07-27 20:05:19,PER_000001,PER_000093,,DEV_000112,IP_000054,ACC_000001,LOC_000029,137705.22,,outbound,completed,atm,transfer
EVT_001137,call,2025-07-28 03:54:02,PER_000029,PER_000094,PH_000029,,,,LOC_000100,,210.0,inbound,completed,atm,
EVT_004544,transaction,2025-07-28 06:53:22,PER_000016,PER_000024,,DEV_000104,IP_000024,ACC_000016,LOC_000120,396494.35,,inbound,completed,atm,p2p
EVT_001557,transaction,2025-07-28 07:50:07,PER_000091,PER_000064,,DEV_000002,IP_000002,ACC_000091,LOC_000057,2054.72,,inbound,completed,web,transfer
EVT_001715,location_ping,2025-07-28 08:11:12,PER_000073,,,DEV_000049,,,LOC_000015,,,,completed,api,
EVT_001963,login,2025-07-28 08:18:02,PER_000052,,PH_000163,DEV_000079,IP_000093,,LOC_000071,,,,completed,mobile_app,
EVT_005412,call,2025-07-28 10:44:43,PER_000087,PER_000050,PH_000294,,,,LOC_000099,,850.0,outbound,completed,pos,
EVT_002309,location_ping,2025-07-28 10:44:59,PER_000039,,,DEV_000048,,,LOC_000002,,,,completed,web,
EVT_004993,call,2025-07-28 11:45:35,PER_000089,PER_000016,PH_000089,,,,LOC_000047,,36.0,internal,completed,web,
EVT_004979,call,2025-07-28 12:32:53,PER_000067,PER_000046,PH_000067,,,,LOC_000040,,152.0,outbound,completed,pos,
EVT_004416,call,2025-07-28 16:00:42,PER_000093,PER_000035,PH_000262,,,,LOC_000062,,337.0,internal,completed,api,
EVT_000427,location_ping,2025-07-28 16:28:05,PER_000039,,,DEV_000101,,,LOC_000002,,,,completed,mobile_app,
EVT_006829,transaction,2025-07-28 16:54:15,PER_000025,PER_000024,,DEV_000061,IP_000007,ACC_000025,LOC_000007,2277.05,,outbound,completed,ussd,withdrawal
EVT_006256,transaction,2025-07-28 17:54:23,PER_000039,PER_000009,,DEV_000060,IP_000013,ACC_000139,LOC_000002,4421.49,,internal,completed,mobile_app,withdrawal
EVT_002123,location_ping,2025-07-28 21:23:39,PER_000007,,,DEV_000039,,,LOC_000059,,,,completed,pos,
EVT_000216,login,2025-07-29 02:28:05,PER_000087,,PH_000087,DEV_000032,IP_000113,,LOC_000099,,,,completed,ussd,
EVT_002493,call,2025-07-29 02:45:13,PER_000042,PER_000087,PH_000042,,,,LOC_000060,,109.0,internal,completed,api,
EVT_004396,call,2025-07-29 04:05:43,PER_000027,PER_000016,PH_000245,,,,LOC_000097,,1092.0,internal,completed,ussd,
EVT_000506,transaction,2025-07-29 04:28:40,PER_000024,PER_000014,,DEV_000011,IP_000038,ACC_000024,LOC_000083,170085.95,,outbound,completed,atm,deposit
EVT_007056,transaction,2025-07-29 06:42:40,PER_000016,PER_000002,,DEV_000114,IP_000095,ACC_000116,LOC_000054,2921.74,,inbound,completed,atm,p2p
EVT_000206,call,2025-07-29 07:48:00,PER_000059,PER_000035,PH_000180,,,,LOC_000071,,914.0,outbound,completed,web,
EVT_007282,sms,2025-07-29 08:50:25,PER_000046,PER_000045,PH_000046,,,,LOC_000028,,,outbound,completed,pos,
EVT_003029,sms,2025-07-29 09:02:45,PER_000062,PER_000069,PH_000152,,,,LOC_000033,,,outbound,completed,api,
EVT_002372,sms,2025-07-29 10:37:37,PER_000024,PER_000016,PH_000024,,,,LOC_000083,,,outbound,completed,mobile_app,
EVT_000414,location_ping,2025-07-29 12:07:07,PER_000016,,,DEV_000074,,,LOC_000054,,,,completed,web,
EVT_000830,call,2025-07-29 13:22:41,PER_000073,PER_000018,PH_000175,,,,LOC_000015,,539.0,outbound,completed,mobile_app,
EVT_002292,location_ping,2025-07-29 14:00:24,PER_000032,,,DEV_000004,,,LOC_000101,,,,completed,web,
EVT_004903,transaction,2025-07-29 14:06:14,PER_000001,PER_000029,,DEV_000034,IP_000057,ACC_000001,LOC_000029,120950.39,,inbound,completed,mobile_app,transfer
EVT_000352,login,2025-07-29 14:16:55,PER_000062,,PH_000213,DEV_000008,IP_000063,,LOC_000033,,,,completed,web,
EVT_005886,sms,2025-07-29 15:14:56,PER_000093,PER_000040,PH_000142,,,,LOC_000071,,,outbound,completed,web,
EVT_007194,transaction,2025-07-29 16:31:41,PER_000090,PER_000012,,DEV_000119,IP_000002,ACC_000090,LOC_000027,526.0,,inbound,completed,ussd,deposit
EVT_002202,call,2025-07-29 18:23:28,PER_000016,PER_000087,PH_000016,,,,LOC_000054,,1190.0,inbound,completed,atm,
EVT_003738,location_ping,2025-07-29 19:13:21,PER_000020,,,DEV_000040,,,LOC_000056,,,,completed,pos,
EVT_006588,transaction,2025-07-29 19:38:17,PER_000027,PER_000024,,DEV_000120,IP_000077,ACC_000027,LOC_000097,4472.68,,internal,completed,pos,payment
EVT_000279,login,2025-07-30 05:15:11,PER_000067,,PH_000067,DEV_000077,IP_000024,,LOC_000040,,,,completed,web,
EVT_000203,login,2025-07-30 07:19:28,PER_000062,,PH_000213,DEV_000120,IP_000106,,LOC_000033,,,,completed,mobile_app,
EVT_001862,transaction,2025-07-30 08:35:21,PER_000024,PER_000027,,DEV_000086,IP_000074,ACC_000024,LOC_000083,304030.24,,inbound,completed,web,p2p
EVT_000803,login,2025-07-30 10:12:40,PER_000054,,PH_000054,DEV_000080,IP_000029,,LOC_000030,,,,completed,ussd,
EVT_004907,transaction,2025-07-30 13:22:54,PER_000036,PER_000076,,DEV_000048,IP_000003,ACC_000136,LOC_000090,3745.22,,outbound,completed,mobile_app,payment
EVT_003265,sms,2025-07-30 13:58:41,PER_000002,PER_000018,PH_000114,,,,LOC_000032,,,outbound,completed,atm,
EVT_004233,login,2025-07-30 14:31:24,PER_000093,,PH_000138,DEV_000015,IP_000082,,LOC_000071,,,,completed,api,
EVT_006520,call,2025-07-30 14:56:24,PER_000073,PER_000085,PH_000244,,,,LOC_000015,,712.0,inbound,completed,web,
EVT_000866,call,2025-07-30 15:08:09,PER_000016,PER_000018,PH_000016,,,,LOC_000054,,411.0,internal,completed,pos,
EVT_004674,location_ping,2025-07-30 15:44:15,PER_000004,,,DEV_000106,,,LOC_000052,,,,completed,ussd,
EVT_004358,sms,2025-07-30 16:19:28,PER_000059,PER_000018,PH_000158,,,,LOC_000071,,,outbound,completed,api,
EVT_004394,location_ping,2025-07-30 18:15:57,PER_000057,,,DEV_000003,,,LOC_000059,,,,completed,atm,
EVT_005122,sms,2025-07-30 22:31:30,PER_000062,PER_000099,PH_000213,,,,LOC_000033,,,outbound,completed,api,
EVT_005648,transaction,2025-07-31 03:51:55,PER_000093,PER_000071,,DEV_000060,IP_000052,ACC_000093,LOC_000071,2093.21,,outbound,completed,pos,transfer
EVT_002669,sms,2025-07-31 08:19:17,PER_000027,PER_000034,PH_000245,,,,LOC_000097,,,inbound,completed,mobile_app,
EVT_005613,login,2025-07-31 09:03:08,PER_000059,,PH_000059,DEV_000081,IP_000064,,LOC_000071,,,,completed,pos,
EVT_004139,transaction,2025-07-31 09:30:04,PER_000021,PER_000084,,DEV_000060,IP_000044,ACC_000021,LOC_000086,3261.5,,outbound,completed,web,transfer
EVT_000641,location_ping,2025-07-31 09:40:28,PER_000018,,,DEV_000067,,,LOC_000001,,,,completed,api,
EVT_001333,call,2025-07-31 10:53:46,PER_000087,PER_000027,PH_000087,,,,LOC_000099,,159.0,outbound,completed,web,
EVT_003592,transaction,2025-07-31 11:31:27,PER_000062,PER_000079,,DEV_000077,IP_000118,ACC_000062,LOC_000033,1031.21,,inbound,completed,ussd,withdrawal
EVT_003459,login,2025-07-31 11:55:18,PER_000020,,PH_000256,DEV_000082,IP_000106,,LOC_000056,,,,completed,pos,
EVT_000891,location_ping,2025-07-31 12:46:10,PER_000001,,,DEV_000032,,,LOC_000029,,,,completed,web,
EVT_007373,transaction,2025-07-31 14:54:51,PER_000062,PER_000040,,DEV_000095,IP_000055,ACC_000062,LOC_000033,1414.44,,internal,completed,pos,deposit
EVT_005389,sms,2025-07-31 16:23:45,PER_000086,PER_000058,PH_000231,,,,LOC_000012,,,inbound,completed,pos,
EVT_003194,transaction,2025-07-31 16:48:05,PER_000093,PER_000061,,DEV_000086,IP_000117,ACC_000093,LOC_000071,71075.18,,outbound,completed,ussd,withdrawal
EVT_002892,location_ping,2025-07-31 17:07:30,PER_000042,,,DEV_000071,,,LOC_000084,,,,completed,web,
EVT_004430,call,2025-07-31 17:44:12,PER_000054,PER_000050,PH_000222,,,,LOC_000030,,666.0,inbound,completed,api,
EVT_003061,sms,2025-07-31 18:33:06,PER_000057,PER_000075,PH_000057,,,,LOC_000030,,,inbound,completed,ussd,
EVT_001845,location_ping,2025-07-31 19:10:40,PER_000087,,,DEV_000103,,,LOC_000099,,,,completed,web,
EVT_005048,location_ping,2025-07-31 20:07:51,PER_000001,,,DEV_000066,,,LOC_000026,,,,completed,atm,
EVT_006277,transaction,2025-07-31 21:01:00,PER_000091,PER_000082,,DEV_000002,IP_000002,ACC_000091,LOC_000057,3837.85,,internal,completed,web,withdrawal
EVT_004158,location_ping,2025-08-01 03:28:27,PER_000001,,,DEV_000036,,,LOC_000029,,,,completed,api,
EVT_005450,login,2025-08-01 03:51:09,PER_000024,,PH_000024,DEV_000093,IP_000118,,LOC_000083,,,,completed,atm,
EVT_004792,sms,2025-08-01 07:32:13,PER_000011,PER_000084,PH_000011,,,,LOC_000063,,,outbound,completed,atm,
EVT_007449,sms,2025-08-01 08:51:13,PER_000001,PER_000011,PH_000001,,,,LOC_000029,,,internal,completed,web,
EVT_001073,transaction,2025-08-01 09:10:57,PER_000062,PER_000055,,DEV_000094,IP_000021,ACC_000062,LOC_000033,2881.02,,inbound,completed,atm,p2p
EVT_000311,transaction,2025-08-01 09:11:35,PER_000073,PER_000060,,DEV_000097,IP_000118,ACC_000073,LOC_000015,3705.25,,inbound,completed,pos,p2p
EVT_005719,sms,2025-08-01 09:27:32,PER_000052,PER_000005,PH_000052,,,,LOC_000071,,,inbound,completed,ussd,
EVT_004337,transaction,2025-08-01 09:57:06,PER_000061,PER_000003,,DEV_000086,IP_000117,ACC_000061,LOC_000062,820.11,,outbound,completed,mobile_app,withdrawal
EVT_007139,transaction,2025-08-01 11:08:13,PER_000027,PER_000002,,DEV_000073,IP_000013,ACC_000127,LOC_000097,2917.3,,outbound,completed,api,transfer
EVT_003225,location_ping,2025-08-01 11:28:11,PER_000053,,,DEV_000100,,,LOC_000046,,,,completed,ussd,
EVT_005482,location_ping,2025-08-01 12:35:50,PER_000093,,,DEV_000099,,,LOC_000071,,,,completed,pos,
EVT_004161,call,2025-08-01 13:19:52,PER_000087,PER_000042,PH_000294,,,,LOC_000099,,973.0,inbound,completed,pos,
EVT_002320,call,2025-08-01 16:04:54,PER_000055,PER_000076,PH_000191,,,,LOC_000016,,1068.0,internal,completed,api,
EVT_001604,call,2025-08-01 16:06:27,PER_000060,PER_000004,PH_000060,,,,LOC_000020,,801.0,outbound,completed,mobile_app,
EVT_000123,sms,2025-08-01 17:51:21,PER_000085,PER_000094,PH_000085,,,,LOC_000085,,,outbound,completed,ussd,
EVT_006863,call,2025-08-01 17:54:56,PER_000043,PER_000077,PH_000228,,,,LOC_000110,,579.0,internal,completed,atm,
EVT_000847,transaction,2025-08-01 19:12:13,PER_000096,PER_000012,,DEV_000062,IP_000033,ACC_000096,LOC_000003,1810.38,,inbound,completed,web,payment
EVT_002289,sms,2025-08-02 05:05:20,PER_000049,PER_000018,PH_000284,,,,LOC_000072,,,inbound,completed,ussd,
EVT_007271,login,2025-08-02 06:59:42,PER_000042,,PH_000042,DEV_000083,IP_000105,,LOC_000060,,,,completed,web,
EVT_003635,sms,2025-08-02 07:01:23,PER_000035,PER_000025,PH_000035,,,,LOC_000105,,,inbound,completed,api,
EVT_003670,transaction,2025-08-02 09:45:22,PER_000041,PER_000010,,DEV_000008,IP_000052,ACC_000041,LOC_000085,502.29,,internal,completed,api,payment
EVT_003838,location_ping,2025-08-02 10:14:56,PER_000003,,,DEV_000028,,,LOC_000054,,,,completed,pos,
EVT_002013,call,2025-08-02 11:08:30,PER_000090,PER_000024,PH_000090,,,,LOC_000027,,210.0,inbound,completed,atm,
EVT_006190,sms,2025-08-02 11:21:56,PER_000016,PER_000027,PH_000016,,,,LOC_000054,,,inbound,completed,mobile_app,
EVT_007220,transaction,2025-08-02 11:40:36,PER_000040,PER_000058,,DEV_000107,IP_000106,ACC_000140,LOC_000047,1521.94,,inbound,completed,api,payment
EVT_004231,location_ping,2025-08-02 12:55:44,PER_000097,,,DEV_000004,,,LOC_000071,,,,completed,api,
EVT_001876,login,2025-08-02 13:59:07,PER_000093,,PH_000225,DEV_000118,IP_000070,,LOC_000071,,,,completed,web,
EVT_002874,transaction,2025-08-02 16:44:11,PER_000093,PER_000020,,DEV_000013,IP_000051,ACC_000093,LOC_000071,4434.57,,internal,completed,mobile_app,withdrawal
EVT_001935,login,2025-08-02 16:45:31,PER_000097,,PH_000097,DEV_000077,IP_000030,,LOC_000071,,,,completed,ussd,
EVT_001978,login,2025-08-02 17:27:05,PER_000082,,PH_000082,DEV_000099,IP_000054,,LOC_000082,,,,completed,api,
EVT_002507,location_ping,2025-08-02 18:58:45,PER_000068,,,DEV_000097,,,LOC_000081,,,,completed,pos,
EVT_000298,transaction,2025-08-02 19:43:34,PER_000003,PER_000018,,DEV_000045,IP_000054,ACC_000103,LOC_000054,297.33,,inbound,completed,web,withdrawal
EVT_000077,call,2025-08-02 19:58:37,PER_000021,PER_000063,PH_000103,,,,LOC_000086,,282.0,outbound,completed,ussd,
EVT_003050,sms,2025-08-02 21:00:24,PER_000002,PER_000042,PH_000114,,,,LOC_000032,,,inbound,completed,ussd,
EVT_005075,transaction,2025-08-02 22:18:59,PER_000055,PER_000046,,DEV_000094,IP_000028,ACC_000055,LOC_000016,2198.94,,outbound,completed,web,deposit
EVT_006586,location_ping,2025-08-03 06:09:23,PER_000096,,,DEV_000108,,,LOC_000107,,,,completed,pos,
EVT_000280,transaction,2025-08-03 10:00:35,PER_000039,PER_000031,,DEV_000016,IP_000068,ACC_000039,LOC_000002,2097.01,,internal,completed,ussd,withdrawal
EVT_001286,sms,2025-08-03 12:21:44,PER_000082,PER_000038,PH_000082,,,,LOC_000082,,,outbound,completed,atm,
EVT_006509,transaction,2025-08-03 12:29:09,PER_000028,PER_000004,,DEV_000087,IP_000111,ACC_000028,LOC_000003,1228.65,,outbound,completed,ussd,transfer
EVT_002888,location_ping,2025-08-03 13:37:05,PER_000096,,,DEV_000019,,,LOC_000107,,,,completed,pos,
EVT_006817,location_ping,2025-08-03 13:59:34,PER_000018,,,DEV_000089,,,LOC_000001,,,,completed,atm,
EVT_006269,call,2025-08-03 16:05:45,PER_000083,PER_000067,PH_000186,,,,LOC_000053,,912.0,outbound,completed,pos,
EVT_002065,call,2025-08-03 17:25:32,PER_000098,PER_000009,PH_000098,,,,LOC_000061,,942.0,inbound,completed,mobile_app,
EVT_004241,location_ping,2025-08-03 17:44:41,PER_000011,,,DEV_000041,,,LOC_000063,,,,completed,pos,
EVT_002695,call,2025-08-03 18:21:30,PER_000041,PER_000008,PH_000041,,,,LOC_000019,,1096.0,internal,completed,web,
EVT_001315,login,2025-08-03 18:35:12,PER_000025,,PH_000132,DEV_000071,IP_000019,,LOC_000007,,,,completed,ussd,
EVT_003534,sms,2025-08-03 20:09:48,PER_000018,PER_000050,PH_000018,,,,LOC_000001,,,outbound,completed,web,
EVT_005527,call,2025-08-04 02:04:41,PER_000049,PER_000091,PH_000276,,,,LOC_000072,,128.0,inbound,completed,atm,
EVT_007039,transaction,2025-08-04 06:20:50,PER_000062,PER_000097,,DEV_000058,IP_000005,ACC_000062,LOC_000033,4063.51,,internal,completed,mobile_app,p2p
EVT_001420,sms,2025-08-04 08:35:29,PER_000001,PER_000052,PH_000298,,,,LOC_000029,,,internal,completed,atm,
EVT_003808,login,2025-08-04 08:57:41,PER_000073,,PH_000244,DEV_000004,IP_000101,,LOC_000095,,,,completed,atm,
EVT_002472,location_ping,2025-08-04 09:12:15,PER_000002,,,DEV_000028,,,LOC_000032,,,,completed,pos,
EVT_001686,sms,2025-08-04 10:26:56,PER_000024,PER_000075,PH_000024,,,,LOC_000083,,,internal,completed,pos,
EVT_004824,location_ping,2025-08-04 10:28:44,PER_000073,,,DEV_000114,,,LOC_000015,,,,completed,pos,
EVT_006972,location_ping,2025-08-04 12:09:45,PER_000100,,,DEV_000101,,,LOC_000108,,,,completed,ussd,
EVT_004240,location_ping,2025-08-04 12:15:05,PER_000088,,,DEV_000019,,,LOC_000060,,,,completed,api,
EVT_006997,transaction,2025-08-04 15:33:57,PER_000050,PER_000068,,DEV_000090,IP_000065,ACC_000150,LOC_000018,269729.5,,internal,completed,mobile_app,withdrawal
EVT_002209,location_ping,2025-08-04 16:47:53,PER_000027,,,DEV_000043,,,LOC_000034,,,,completed,atm,
EVT_002044,location_ping,2025-08-04 17:13:56,PER_000073,,,DEV_000034,,,LOC_000015,,,,completed,pos,
EVT_003717,call,2025-08-04 17:43:10,PER_000062,PER_000073,PH_000213,,,,LOC_000033,,788.0,outbound,completed,ussd,
EVT_006632,login,2025-08-05 04:11:25,PER_000073,,PH_000073,DEV_000079,IP_000087,,LOC_000015,,,,completed,mobile_app,
EVT_000043,call,2025-08-05 05:05:43,PER_000017,PER_000057,PH_000017,,,,LOC_000116,,152.0,inbound,completed,atm,
EVT_005836,login,2025-08-05 05:13:12,PER_000035,,PH_000166,DEV_000063,IP_000099,,LOC_000066,,,,completed,web,
EVT_002554,location_ping,2025-08-05 06:05:09,PER_000001,,,DEV_000027,,,LOC_000029,,,,completed,mobile_app,
EVT_001757,call,2025-08-05 07:31:51,PER_000059,PER_000013,PH_000158,,,,LOC_000071,,779.0,outbound,completed,ussd,
EVT_005187,call,2025-08-05 10:44:16,PER_000021,PER_000097,PH_000103,,,,LOC_000037,,287.0,inbound,completed,api,
EVT_004749,call,2025-08-05 10:46:48,PER_000024,PER_000050,PH_000024,,,,LOC_000083,,344.0,outbound,completed,ussd,
EVT_004381,transaction,2025-08-05 11:07:26,PER_000073,PER_000096,,DEV_000102,IP_000027,ACC_000073,LOC_000015,3688.79,,internal,completed,atm,withdrawal
EVT_001313,login,2025-08-05 11:17:05,PER_000086,,PH_000086,DEV_000002,IP_000116,,LOC_000039,,,,completed,web,
EVT_001767,call,2025-08-05 11:39:12,PER_000001,PER_000031,PH_000001,,,,LOC_000029,,159.0,inbound,completed,atm,
EVT_005857,location_ping,2025-08-05 12:08:00,PER_000061,,,DEV_000059,,,LOC_000062,,,,completed,atm,
EVT_003297,call,2025-08-05 12:58:32,PER_000001,PER_000035,PH_000298,,,,LOC_000029,,319.0,inbound,completed,api,
EVT_003795,transaction,2025-08-05 13:30:53,PER_000093,PER_000094,,DEV_000054,IP_000009,ACC_000093,LOC_000071,1322.28,,inbound,completed,mobile_app,withdrawal
EVT_002110,login,2025-08-05 17:58:18,PER_000018,,PH_000018,DEV_000041,IP_000036,,LOC_000001,,,,completed,ussd,
EVT_003998,call,2025-08-05 19:00:34,PER_000100,PER_000052,PH_000100,,,,LOC_000029,,885.0,internal,completed,mobile_app,
EVT_005628,call,2025-08-05 20:50:51,PER_000062,PER_000018,PH_000213,,,,LOC_000033,,381.0,inbound,completed,web,
EVT_005299,location_ping,2025-08-05 20:52:59,PER_000093,,,DEV_000021,,,LOC_000071,,,,completed,pos,
EVT_000759,transaction,2025-08-06 02:13:39,PER_000060,PER_000073,,DEV_000049,IP_000048,ACC_000060,LOC_000002,2374.12,,inbound,completed,mobile_app,deposit
EVT_004242,call,2025-08-06 07:20:59,PER_000087,PER_000042,PH_000294,,,,LOC_000099,,1062.0,inbound,completed,mobile_app,
EVT_003079,call,2025-08-06 07:27:28,PER_000082,PER_000013,PH_000149,,,,LOC_000085,,1038.0,outbound,completed,mobile_app,
EVT_004994,location_ping,2025-08-06 07:30:53,PER_000002,,,DEV_000019,,,LOC_000032,,,,completed,atm,
EVT_002448,transaction,2025-08-06 07:35:39,PER_000032,PER_000007,,DEV_000115,IP_000114,ACC_000032,LOC_000028,1656.4,,outbound,completed,api,transfer
EVT_000495,sms,2025-08-06 08:11:38,PER_000059,PER_000032,PH_000158,,,,LOC_000026,,,inbound,completed,atm,
EVT_001799,location_ping,2025-08-06 08:47:17,PER_000009,,,DEV_000026,,,LOC_000107,,,,completed,atm,
EVT_005526,login,2025-08-06 09:46:07,PER_000026,,PH_000176,DEV_000053,IP_000047,,LOC_000059,,,,completed,ussd,
EVT_001831,sms,2025-08-06 09:54:40,PER_000004,PER_000046,PH_000297,,,,LOC_000052,,,outbound,completed,mobile_app,
EVT_002438,transaction,2025-08-06 11:11:12,PER_000024,PER_000017,,DEV_000064,IP_000083,ACC_000024,LOC_000083,3180.15,,outbound,completed,atm,deposit
EVT_001237,sms,2025-08-06 11:59:22,PER_000062,PER_000072,PH_000152,,,,LOC_000033,,,outbound,completed,mobile_app,
EVT_000702,login,2025-08-06 12:36:46,PER_000069,,PH_000217,DEV_000099,IP_000067,,LOC_000031,,,,completed,pos,
EVT_005737,location_ping,2025-08-06 14:23:06,PER_000050,,,DEV_000066,,,LOC_000072,,,,completed,mobile_app,
EVT_000741,transaction,2025-08-06 14:32:47,PER_000027,PER_000018,,DEV_000026,IP_000013,ACC_000127,LOC_000074,1011.8,,inbound,completed,pos,deposit
EVT_001951,login,2025-08-06 16:51:33,PER_000093,,PH_000225,DEV_000015,IP_000011,,LOC_000071,,,,completed,pos,
EVT_000748,call,2025-08-06 17:31:10,PER_000016,PER_000042,PH_000016,,,,LOC_000054,,906.0,outbound,completed,atm,
EVT_005359,location_ping,2025-08-06 17:55:35,PER_000050,,,DEV_000071,,,LOC_000058,,,,completed,ussd,
EVT_003222,transaction,2025-08-06 18:31:07,PER_000016,PER_000027,,DEV_000027,IP_000075,ACC_000116,LOC_000054,431104.61,,inbound,completed,api,p2p
EVT_005805,call,2025-08-06 18:44:07,PER_000090,PER_000007,PH_000090,,,,LOC_000027,,976.0,internal,completed,pos,
EVT_002276,call,2025-08-06 20:19:22,PER_000013,PER_000057,PH_000013,,,,LOC_000041,,524.0,inbound,completed,mobile_app,
EVT_005666,location_ping,2025-08-07 03:56:44,PER_000001,,,DEV_000004,,,LOC_000080,,,,completed,web,
EVT_006283,location_ping,2025-08-07 06:46:47,PER_000028,,,DEV_000077,,,LOC_000003,,,,completed,pos,
EVT_007277,location_ping,2025-08-07 09:12:54,PER_000024,,,DEV_000110,,,LOC_000010,,,,completed,pos,
EVT_004928,login,2025-08-07 10:16:02,PER_000016,,PH_000016,DEV_000071,IP_000083,,LOC_000054,,,,completed,ussd,
EVT_000219,call,2025-08-07 10:53:35,PER_000050,PER_000024,PH_000117,,,,LOC_000058,,444.0,internal,completed,pos,
EVT_002656,login,2025-08-07 12:08:12,PER_000014,,PH_000014,DEV_000101,IP_000054,,LOC_000050,,,,completed,atm,
EVT_005011,location_ping,2025-08-07 12:39:50,PER_000093,,,DEV_000040,,,LOC_000071,,,,completed,mobile_app,
EVT_000721,location_ping,2025-08-07 13:18:20,PER_000075,,,DEV_000041,,,LOC_000006,,,,completed,api,
EVT_000382,location_ping,2025-08-07 13:18:36,PER_000032,,,DEV_000071,,,LOC_000028,,,,completed,ussd,
EVT_001248,login,2025-08-07 13:45:27,PER_000042,,PH_000199,DEV_000064,IP_000004,,LOC_000060,,,,completed,web,
EVT_002106,login,2025-08-07 14:04:19,PER_000036,,PH_000139,DEV_000061,IP_000058,,LOC_000066,,,,completed,api,
EVT_004992,sms,2025-08-07 14:06:10,PER_000065,PER_000036,PH_000159,,,,LOC_000072,,,outbound,completed,ussd,
EVT_004061,login,2025-08-07 14:54:12,PER_000024,,PH_000024,DEV_000098,IP_000072,,LOC_000083,,,,completed,pos,
EVT_003266,sms,2025-08-07 15:41:06,PER_000071,PER_000032,PH_000071,,,,LOC_000005,,,inbound,completed,ussd,
EVT_001443,login,2025-08-07 18:09:49,PER_000002,,PH_000114,DEV_000079,IP_000079,,LOC_000032,,,,completed,atm,
EVT_006164,location_ping,2025-08-07 19:22:34,PER_000059,,,DEV_000052,,,LOC_000071,,,,completed,api,
EVT_004443,transaction,2025-08-07 19:54:53,PER_000016,PER_000050,,DEV_000006,IP_000117,ACC_000116,LOC_000054,3611.73,,inbound,completed,mobile_app,deposit
EVT_006593,location_ping,2025-08-07 20:10:22,PER_000022,,,DEV_000098,,,LOC_000062,,,,completed,api,
EVT_001640,location_ping,2025-08-08 10:03:08,PER_000039,,,DEV_000092,,,LOC_000002,,,,completed,atm,
EVT_000337,call,2025-08-08 11:22:22,PER_000049,PER_000054,PH_000197,,,,LOC_000072,,654.0,outbound,completed,mobile_app,
EVT_001673,transaction,2025-08-08 11:51:04,PER_000002,PER_000087,,DEV_000013,IP_000066,ACC_000102,LOC_000032,861.7,,inbound,completed,web,p2p
EVT_000613,login,2025-08-08 12:23:11,PER_000018,,PH_000018,DEV_000070,IP_000056,,LOC_000001,,,,completed,api,
EVT_001922,login,2025-08-08 14:26:45,PER_000073,,PH_000175,DEV_000044,IP_000008,,LOC_000015,,,,completed,pos,
EVT_005607,call,2025-08-08 15:53:10,PER_000042,PER_000027,PH_000042,,,,LOC_000060,,598.0,inbound,completed,ussd,
EVT_003301,location_ping,2025-08-08 16:36:53,PER_000073,,,DEV_000058,,,LOC_000015,,,,completed,ussd,
EVT_000327,transaction,2025-08-08 18:12:54,PER_000050,PER_000087,,DEV_000087,IP_000048,ACC_000050,LOC_000058,286678.26,,inbound,completed,api,transfer
EVT_004062,location_ping,2025-08-08 18:58:19,PER_000046,,,DEV_000056,,,LOC_000042,,,,completed,api,
EVT_005734,call,2025-08-08 19:13:25,PER_000042,PER_000045,PH_000042,,,,LOC_000060,,784.0,outbound,completed,api,
EVT_005204,sms,2025-08-08 19:58:39,PER_000024,PER_000087,PH_000024,,,,LOC_000083,,,internal,completed,pos,
EVT_005183,transaction,2025-08-08 20:19:26,PER_000092,PER_000051,,DEV_000078,IP_000062,ACC_000092,LOC_000091,3298.48,,outbound,completed,web,withdrawal
EVT_007037,sms,2025-08-08 20:52:12,PER_000073,PER_000085,PH_000175,,,,LOC_000015,,,internal,completed,pos,
EVT_006557,sms,2025-08-08 21:35:53,PER_000073,PER_000054,PH_000073,,,,LOC_000015,,,inbound,completed,pos,
EVT_001551,location_ping,2025-08-09 06:06:44,PER_000050,,,DEV_000028,,,LOC_000058,,,,completed,ussd,
EVT_002908,transaction,2025-08-09 06:26:25,PER_000033,PER_000014,,DEV_000046,IP_000013,ACC_000133,LOC_000022,2467.61,,inbound,completed,api,transfer
EVT_005827,location_ping,2025-08-09 07:33:51,PER_000016,,,DEV_000070,,,LOC_000054,,,,completed,mobile_app,
EVT_006611,login,2025-08-09 08:05:08,PER_000003,,PH_000126,DEV_000017,IP_000007,,LOC_000054,,,,completed,atm,
EVT_003131,transaction,2025-08-09 09:01:02,PER_000032,PER_000051,,DEV_000024,IP_000043,ACC_000132,LOC_000028,3928.41,,inbound,completed,web,p2p
EVT_000333,call,2025-08-09 10:56:58,PER_000002,PER_000027,PH_000114,,,,LOC_000032,,1155.0,outbound,completed,web,
EVT_004679,call,2025-08-09 11:01:57,PER_000052,PER_000071,PH_000052,,,,LOC_000071,,43.0,outbound,completed,api,
EVT_000885,transaction,2025-08-09 11:23:23,PER_000042,PER_000031,,DEV_000070,IP_000046,ACC_000042,LOC_000018,2611.63,,internal,completed,atm,withdrawal
EVT_005968,location_ping,2025-08-09 13:01:04,PER_000079,,,DEV_000035,,,LOC_000004,,,,completed,api,
EVT_002599,location_ping,2025-08-09 15:36:10,PER_000047,,,DEV_000116,,,LOC_000113,,,,completed,pos,
EVT_003549,sms,2025-08-09 15:54:50,PER_000026,PER_000093,PH_000176,,,,LOC_000059,,,outbound,completed,ussd,
EVT_003253,sms,2025-08-09 17:46:09,PER_000059,PER_000012,PH_000137,,,,LOC_000047,,,outbound,completed,atm,
EVT_001319,sms,2025-08-09 18:56:44,PER_000001,PER_000099,PH_000298,,,,LOC_000029,,,outbound,completed,atm,
EVT_007400,location_ping,2025-08-09 18:57:12,PER_000047,,,DEV_000085,,,LOC_000113,,,,completed,mobile_app,
EVT_004057,sms,2025-08-09 20:13:29,PER_000015,PER_000008,PH_000015,,,,LOC_000054,,,internal,completed,api,
EVT_001903,location_ping,2025-08-09 20:36:40,PER_000073,,,DEV_000089,,,LOC_000067,,,,completed,ussd,
EVT_000364,sms,2025-08-09 20:54:13,PER_000049,PER_000078,PH_000154,,,,LOC_000072,,,inbound,completed,mobile_app,
EVT_001751,location_ping,2025-08-09 21:02:08,PER_000093,,,DEV_000045,,,LOC_000085,,,,completed,atm,
EVT_001463,call,2025-08-09 21:24:04,PER_000024,PER_000018,PH_000024,,,,LOC_000083,,234.0,internal,completed,mobile_app,
EVT_003118,login,2025-08-09 22:13:47,PER_000014,,PH_000014,DEV_000002,IP_000053,,LOC_000050,,,,completed,api,
EVT_006470,login,2025-08-10 01:12:02,PER_000093,,PH_000138,DEV_000106,IP_000067,,LOC_000071,,,,completed,api,
EVT_000604,login,2025-08-10 01:12:25,PER_000016,,PH_000016,DEV_000009,IP_000041,,LOC_000063,,,,completed,mobile_app,
EVT_002165,sms,2025-08-10 04:34:30,PER_000040,PER_000086,PH_000181,,,,LOC_000047,,,outbound,completed,mobile_app,
EVT_004549,location_ping,2025-08-10 06:17:49,PER_000062,,,DEV_000009,,,LOC_000033,,,,completed,web,
EVT_002434,sms,2025-08-10 07:24:33,PER_000003,PER_000057,PH_000126,,,,LOC_000096,,,internal,completed,pos,
EVT_007404,login,2025-08-10 07:36:50,PER_000073,,PH_000162,DEV_000018,IP_000120,,LOC_000015,,,,completed,web,
EVT_005523,location_ping,2025-08-10 07:56:38,PER_000014,,,DEV_000019,,,LOC_000050,,,,completed,pos,
EVT_001006,call,2025-08-10 08:02:55,PER_000053,PER_000042,PH_000220,,,,LOC_000046,,275.0,outbound,completed,ussd,
EVT_000792,call,2025-08-10 09:07:50,PER_000096,PER_000025,PH_000146,,,,LOC_000107,,1189.0,inbound,completed,web,
EVT_001496,transaction,2025-08-10 09:28:36,PER_000086,PER_000007,,DEV_000117,IP_000093,ACC_000086,LOC_000012,1873.79,,inbound,completed,ussd,withdrawal
EVT_004370,login,2025-08-10 11:31:05,PER_000026,,PH_000026,DEV_000052,IP_000040,,LOC_000091,,,,completed,mobile_app,
EVT_007473,call,2025-08-10 12:59:55,PER_000015,PER_000086,PH_000015,,,,LOC_000054,,478.0,outbound,completed,pos,
EVT_003914,transaction,2025-08-10 13:47:11,PER_000018,PER_000088,,DEV_000111,IP_000103,ACC_000118,LOC_000064,432806.13,,inbound,completed,web,payment
EVT_002607,sms,2025-08-10 14:50:31,PER_000039,PER_000017,PH_000039,,,,LOC_000002,,,inbound,completed,pos,
EVT_002867,location_ping,2025-08-10 17:56:15,PER_000055,,,DEV_000104,,,LOC_000016,,,,completed,api,
EVT_007268,call,2025-08-10 18:30:46,PER_000018,PER_000016,PH_000018,,,,LOC_000068,,866.0,inbound,completed,web,
EVT_003542,call,2025-08-10 22:36:37,PER_000049,PER_000085,PH_000154,,,,LOC_000072,,1098.0,inbound,completed,web,
EVT_002660,transaction,2025-08-11 06:51:11,PER_000042,PER_000056,,DEV_000027,IP_000048,ACC_000142,LOC_000060,407250.73,,inbound,completed,pos,p2p
EVT_006916,transaction,2025-08-11 07:20:43,PER_000059,PER_000054,,DEV_000107,IP_000106,ACC_000059,LOC_000071,3213.56,,internal,completed,mobile_app,deposit
EVT_000243,transaction,2025-08-11 07:45:58,PER_000087,PER_000002,,DEV_000079,IP_000066,ACC_000087,LOC_000099,4356.03,,outbound,completed,atm,deposit
EVT_002968,transaction,2025-08-11 07:47:01,PER_000059,PER_000018,,DEV_000099,IP_000071,ACC_000059,LOC_000071,1894.86,,inbound,completed,pos,transfer
EVT_006015,location_ping,2025-08-11 08:31:58,PER_000001,,,DEV_000069,,,LOC_000029,,,,completed,atm,
EVT_000701,location_ping,2025-08-11 08:55:27,PER_000044,,,DEV_000104,,,LOC_000120,,,,completed,api,
EVT_004844,transaction,2025-08-11 09:24:14,PER_000050,PER_000042,,DEV_000051,IP_000025,ACC_000050,LOC_000058,960.45,,outbound,completed,ussd,withdrawal
EVT_001122,location_ping,2025-08-11 09:29:01,PER_000002,,,DEV_000077,,,LOC_000032,,,,completed,mobile_app,
EVT_005597,call,2025-08-11 09:38:26,PER_000032,PER_000035,PH_000102,,,,LOC_000028,,1151.0,inbound,completed,mobile_app,
EVT_002754,login,2025-08-11 12:48:46,PER_000018,,PH_000018,DEV_000075,IP_000071,,LOC_000001,,,,completed,mobile_app,
EVT_005822,sms,2025-08-11 14:43:22,PER_000046,PER_000088,PH_000046,,,,LOC_000120,,,inbound,completed,pos,
EVT_003167,location_ping,2025-08-11 17:13:45,PER_000073,,,DEV_000096,,,LOC_000112,,,,completed,ussd,
EVT_004651,transaction,2025-08-11 18:19:18,PER_000073,PER_000003,,DEV_000081,IP_000012,ACC_000073,LOC_000015,1182.74,,outbound,completed,mobile_app,transfer
EVT_007216,sms,2025-08-11 20:37:37,PER_000055,PER_000056,PH_000055,,,,LOC_000016,,,outbound,completed,web,
EVT_003252,sms,2025-08-11 21:44:07,PER_000001,PER_000026,PH_000298,,,,LOC_000029,,,inbound,completed,atm,
EVT_003093,sms,2025-08-12 08:33:38,PER_000001,PER_000028,PH_000001,,,,LOC_000029,,,internal,completed,api,
EVT_007419,login,2025-08-12 13:34:38,PER_000087,,PH_000294,DEV_000076,IP_000111,,LOC_000099,,,,completed,api,
EVT_004458,transaction,2025-08-12 13:53:26,PER_000082,PER_000007,,DEV_000064,IP_000002,ACC_000082,LOC_000082,180.92,,inbound,completed,ussd,payment
EVT_003530,transaction,2025-08-12 14:10:35,PER_000056,PER_000001,,DEV_000026,IP_000114,ACC_000056,LOC_000036,3857.24,,inbound,completed,web,deposit
EVT_007260,location_ping,2025-08-12 15:03:47,PER_000024,,,DEV_000042,,,LOC_000083,,,,completed,ussd,
EVT_007296,location_ping,2025-08-12 15:27:54,PER_000024,,,DEV_000023,,,LOC_000083,,,,completed,atm,
EVT_000565,call,2025-08-12 16:04:30,PER_000058,PER_000054,PH_000058,,,,LOC_000091,,108.0,inbound,completed,mobile_app,
EVT_006737,sms,2025-08-12 16:20:43,PER_000027,PER_000050,PH_000245,,,,LOC_000097,,,inbound,completed,atm,
EVT_003598,call,2025-08-12 16:47:35,PER_000087,PER_000002,PH_000087,,,,LOC_000099,,926.0,outbound,completed,mobile_app,
EVT_002512,sms,2025-08-12 17:11:25,PER_000008,PER_000080,PH_000008,,,,LOC_000077,,,internal,completed,pos,
EVT_005915,login,2025-08-12 17:22:09,PER_000077,,PH_000077,DEV_000120,IP_000049,,LOC_000082,,,,completed,api,
EVT_003591,call,2025-08-12 18:37:07,PER_000027,PER_000033,PH_000245,,,,LOC_000097,,518.0,inbound,completed,api,
EVT_001462,sms,2025-08-12 19:15:29,PER_000050,PER_000087,PH_000117,,,,LOC_000058,,,inbound,completed,api,
EVT_001187,location_ping,2025-08-12 19:32:31,PER_000080,,,DEV_000108,,,LOC_000074,,,,completed,ussd,
EVT_007119,call,2025-08-12 20:31:19,PER_000002,PER_000030,PH_000002,,,,LOC_000107,,496.0,inbound,completed,pos,
EVT_005919,call,2025-08-12 20:45:44,PER_000050,PER_000024,PH_000117,,,,LOC_000061,,358.0,internal,completed,api,
EVT_002456,sms,2025-08-12 23:14:18,PER_000075,PER_000084,PH_000075,,,,LOC_000102,,,outbound,completed,api,
EVT_003241,call,2025-08-13 05:03:36,PER_000049,PER_000076,PH_000293,,,,LOC_000072,,1041.0,outbound,completed,pos,
EVT_003857,transaction,2025-08-13 08:21:14,PER_000066,PER_000096,,DEV_000078,IP_000040,ACC_000066,LOC_000049,3223.24,,outbound,completed,mobile_app,p2p
EVT_002653,login,2025-08-13 09:49:21,PER_000059,,PH_000158,DEV_000058,IP_000099,,LOC_000071,,,,completed,pos,
EVT_003615,call,2025-08-13 10:10:40,PER_000018,PER_000042,PH_000018,,,,LOC_000001,,488.0,outbound,completed,api,
EVT_005565,login,2025-08-13 10:34:23,PER_000053,,PH_000053,DEV_000036,IP_000045,,LOC_000046,,,,completed,api,
EVT_001038,sms,2025-08-13 11:16:31,PER_000002,PER_000050,PH_000114,,,,LOC_000032,,,outbound,completed,pos,
EVT_000720,transaction,2025-08-13 12:11:32,PER_000049,PER_000094,,DEV_000002,IP_000002,ACC_000049,LOC_000072,2545.13,,inbound,completed,pos,transfer
EVT_000685,call,2025-08-13 12:27:40,PER_000018,PER_000002,PH_000018,,,,LOC_000001,,120.0,outbound,completed,pos,
EVT_006971,transaction,2025-08-13 12:44:54,PER_000016,PER_000050,,DEV_000115,IP_000072,ACC_000116,LOC_000054,475297.58,,outbound,completed,pos,withdrawal
EVT_004709,login,2025-08-13 12:48:23,PER_000054,,PH_000222,DEV_000017,IP_000060,,LOC_000030,,,,completed,api,
EVT_000809,call,2025-08-13 13:30:52,PER_000092,PER_000094,PH_000092,,,,LOC_000091,,759.0,outbound,completed,api,
EVT_004610,login,2025-08-13 14:35:14,PER_000002,,PH_000114,DEV_000029,IP_000042,,LOC_000032,,,,completed,ussd,
EVT_007132,location_ping,2025-08-13 15:37:37,PER_000014,,,DEV_000032,,,LOC_000050,,,,completed,api,
EVT_001312,login,2025-08-13 15:53:04,PER_000076,,PH_000157,DEV_000001,IP_000001,,LOC_000006,,,,completed,pos,
EVT_002959,transaction,2025-08-13 17:05:22,PER_000001,PER_000076,,DEV_000014,IP_000014,ACC_000001,LOC_000029,30512.49,,internal,completed,mobile_app,withdrawal
EVT_007403,transaction,2025-08-14 05:33:04,PER_000043,PER_000056,,DEV_000001,IP_000001,ACC_000143,LOC_000110,2425.34,,outbound,completed,atm,transfer
EVT_001521,call,2025-08-14 09:47:37,PER_000059,PER_000061,PH_000059,,,,LOC_000071,,940.0,internal,completed,mobile_app,
EVT_005668,login,2025-08-14 10:38:13,PER_000035,,PH_000035,DEV_000089,IP_000115,,LOC_000019,,,,completed,web,
EVT_006359,call,2025-08-14 11:28:34,PER_000093,PER_000048,PH_000262,,,,LOC_000071,,320.0,internal,completed,mobile_app,
EVT_005936,location_ping,2025-08-14 14:31:09,PER_000070,,,DEV_000100,,,LOC_000082,,,,completed,mobile_app,
EVT_007469,sms,2025-08-14 16:13:54,PER_000024,PER_000051,PH_000024,,,,LOC_000083,,,inbound,completed,ussd,
EVT_003623,sms,2025-08-14 16:18:19,PER_000090,PER_000070,PH_000090,,,,LOC_000027,,,inbound,completed,mobile_app,
EVT_003451,call,2025-08-14 18:33:17,PER_000062,PER_000093,PH_000152,,,,LOC_000033,,934.0,inbound,completed,atm,
EVT_001921,transaction,2025-08-14 18:46:18,PER_000050,PER_000058,,DEV_000101,IP_000095,ACC_000050,LOC_000058,483.28,,outbound,completed,atm,p2p
EVT_001710,location_ping,2025-08-14 18:50:23,PER_000016,,,DEV_000087,,,LOC_000106,,,,completed,api,
EVT_004779,login,2025-08-14 19:24:33,PER_000059,,PH_000158,DEV_000060,IP_000043,,LOC_000071,,,,completed,atm,
EVT_005801,login,2025-08-14 21:28:53,PER_000032,,PH_000032,DEV_000077,IP_000071,,LOC_000028,,,,completed,atm,
EVT_001769,call,2025-08-15 02:20:27,PER_000050,PER_000027,PH_000050,,,,LOC_000058,,820.0,internal,completed,web,
EVT_003507,login,2025-08-15 06:02:36,PER_000037,,PH_000233,DEV_000087,IP_000007,,LOC_000101,,,,completed,pos,
EVT_005964,location_ping,2025-08-15 06:22:53,PER_000073,,,DEV_000025,,,LOC_000015,,,,completed,pos,
EVT_007264,location_ping,2025-08-15 07:25:29,PER_000030,,,DEV_000067,,,LOC_000108,,,,completed,atm,
EVT_003892,login,2025-08-15 09:05:40,PER_000014,,PH_000014,DEV_000067,IP_000086,,LOC_000050,,,,completed,mobile_app,
EVT_003092,call,2025-08-15 10:08:14,PER_000050,PER_000042,PH_000050,,,,LOC_000058,,1158.0,outbound,completed,mobile_app,
EVT_001022,login,2025-08-15 11:09:47,PER_000053,,PH_000220,DEV_000109,IP_000079,,LOC_000046,,,,completed,atm,
EVT_000823,call,2025-08-15 12:49:41,PER_000073,PER_000025,PH_000244,,,,LOC_000033,,569.0,internal,completed,pos,
EVT_005769,login,2025-08-15 12:56:07,PER_000026,,PH_000176,DEV_000088,IP_000052,,LOC_000059,,,,completed,web,
EVT_005158,sms,2025-08-15 13:27:10,PER_000042,PER_000002,PH_000199,,,,LOC_000060,,,outbound,completed,mobile_app,
EVT_003714,login,2025-08-15 13:39:40,PER_000067,,PH_000067,DEV_000037,IP_000063,,LOC_000040,,,,completed,api,
EVT_004625,sms,2025-08-15 13:48:54,PER_000079,PER_000002,PH_000079,,,,LOC_000004,,,internal,completed,pos,
EVT_002510,transaction,2025-08-15 14:08:27,PER_000051,PER_000062,,DEV_000047,IP_000087,ACC_000051,LOC_000052,2267.12,,internal,completed,ussd,withdrawal
EVT_003524,sms,2025-08-15 14:58:48,PER_000018,PER_000087,PH_000018,,,,LOC_000001,,,outbound,completed,api,
EVT_006050,call,2025-08-15 15:04:13,PER_000085,PER_000005,PH_000085,,,,LOC_000085,,370.0,inbound,completed,atm,
EVT_003563,login,2025-08-15 15:12:03,PER_000093,,PH_000262,DEV_000107,IP_000120,,LOC_000071,,,,completed,web,
EVT_001867,transaction,2025-08-15 20:25:11,PER_000076,PER_000042,,DEV_000001,IP_000001,ACC_000076,LOC_000016,1757.87,,internal,completed,api,withdrawal
EVT_003894,sms,2025-08-15 21:15:16,PER_000016,PER_000018,PH_000016,,,,LOC_000045,,,internal,completed,atm,
EVT_005049,transaction,2025-08-15 21:55:12,PER_000092,PER_000020,,DEV_000020,IP_000116,ACC_000092,LOC_000089,3364.4,,inbound,completed,atm,transfer
EVT_007192,sms,2025-08-16 05:53:33,PER_000003,PER_000011,PH_000221,,,,LOC_000054,,,inbound,completed,atm,
EVT_000765,sms,2025-08-16 06:02:17,PER_000011,PER_000079,PH_000011,,,,LOC_000063,,,outbound,completed,api,
EVT_001802,call,2025-08-16 06:12:44,PER_000027,PER_000024,PH_000027,,,,LOC_000097,,192.0,internal,completed,api,
EVT_006016,sms,2025-08-16 07:52:24,PER_000048,PER_000060,PH_000048,,,,LOC_000025,,,internal,completed,ussd,
EVT_007231,sms,2025-08-16 08:10:17,PER_000047,PER_000100,PH_000047,,,,LOC_000092,,,internal,completed,ussd,
EVT_002734,call,2025-08-16 10:15:42,PER_000087,PER_000018,PH_000294,,,,LOC_000103,,545.0,inbound,completed,ussd,
EVT_005290,location_ping,2025-08-16 10:38:50,PER_000093,,,DEV_000060,,,LOC_000071,,,,completed,pos,
EVT_005223,transaction,2025-08-16 10:59:23,PER_000097,PER_000055,,DEV_000051,IP_000044,ACC_000097,LOC_000028,2072.34,,outbound,completed,pos,deposit
EVT_005238,location_ping,2025-08-16 11:16:21,PER_000035,,,DEV_000109,,,LOC_000007,,,,completed,pos,
EVT_003220,call,2025-08-16 12:45:08,PER_000085,PER_000077,PH_000085,,,,LOC_000085,,488.0,inbound,completed,web,
EVT_006110,location_ping,2025-08-16 13:09:02,PER_000081,,,DEV_000079,,,LOC_000106,,,,completed,pos,
EVT_006078,transaction,2025-08-16 14:09:45,PER_000059,PER_000053,,DEV_000093,IP_000028,ACC_000059,LOC_000071,33203.51,,internal,completed,api,transfer
EVT_004495,sms,2025-08-16 14:16:12,PER_000015,PER_000059,PH_000015,,,,LOC_000054,,,outbound,completed,pos,
EVT_003422,call,2025-08-16 15:10:22,PER_000062,PER_000041,PH_000062,,,,LOC_000033,,164.0,inbound,completed,ussd,
EVT_007361,location_ping,2025-08-16 16:20:52,PER_000016,,,DEV_000052,,,LOC_000054,,,,completed,pos,
EVT_002832,call,2025-08-16 17:32:40,PER_000004,PER_000071,PH_000289,,,,LOC_000052,,712.0,inbound,completed,pos,
EVT_007364,login,2025-08-16 19:07:32,PER_000036,,PH_000139,DEV_000090,IP_000061,,LOC_000090,,,,completed,atm,
EVT_007498,call,2025-08-16 20:08:01,PER_000005,PER_000028,PH_000005,,,,LOC_000100,,773.0,internal,completed,ussd,
EVT_004305,call,2025-08-16 20:57:00,PER_000016,PER_000042,PH_000016,,,,LOC_000054,,927.0,outbound,completed,ussd,
EVT_005319,call,2025-08-16 21:44:50,PER_000016,PER_000050,PH_000016,,,,LOC_000054,,609.0,inbound,completed,web,
EVT_000405,login,2025-08-17 03:41:13,PER_000019,,PH_000019,DEV_000090,IP_000045,,LOC_000069,,,,completed,atm,
EVT_000306,sms,2025-08-17 06:22:05,PER_000093,PER_000042,PH_000093,,,,LOC_000071,,,inbound,completed,mobile_app,
EVT_000032,transaction,2025-08-17 09:00:16,PER_000094,PER_000027,,DEV_000089,IP_000009,ACC_000094,LOC_000060,230.94,,internal,completed,web,transfer
EVT_001575,sms,2025-08-17 09:05:59,PER_000001,PER_000014,PH_000001,,,,LOC_000029,,,internal,completed,atm,
EVT_001338,call,2025-08-17 09:52:28,PER_000062,PER_000036,PH_000213,,,,LOC_000033,,178.0,inbound,completed,atm,
EVT_002418,transaction,2025-08-17 10:19:24,PER_000070,PER_000001,,DEV_000023,IP_000075,ACC_000070,LOC_000014,4136.05,,internal,completed,pos,p2p
EVT_003747,transaction,2025-08-17 10:20:43,PER_000085,PER_000019,,DEV_000043,IP_000045,ACC_000085,LOC_000054,1219.38,,outbound,completed,ussd,p2p
EVT_000307,location_ping,2025-08-17 10:43:42,PER_000016,,,DEV_000066,,,LOC_000054,,,,completed,ussd,
EVT_004975,call,2025-08-17 11:12:55,PER_000051,PER_000065,PH_000124,,,,LOC_000052,,626.0,internal,completed,mobile_app,
EVT_003904,transaction,2025-08-17 11:16:13,PER_000023,PER_000084,,DEV_000007,IP_000056,ACC_000123,LOC_000117,2611.93,,outbound,completed,mobile_app,p2p
EVT_006991,location_ping,2025-08-17 11:20:43,PER_000087,,,DEV_000004,,,LOC_000070,,,,completed,web,
EVT_004463,transaction,2025-08-17 11:43:31,PER_000043,PER_000032,,DEV_000001,IP_000001,ACC_000043,LOC_000110,321.29,,outbound,completed,mobile_app,p2p
EVT_000021,transaction,2025-08-17 11:56:09,PER_000036,PER_000005,,DEV_000083,IP_000038,ACC_000136,LOC_000090,408.43,,inbound,completed,ussd,transfer
EVT_005436,transaction,2025-08-17 12:45:15,PER_000003,PER_000021,,DEV_000101,IP_000024,ACC_000003,LOC_000054,4320.87,,inbound,completed,api,deposit
EVT_005720,location_ping,2025-08-17 13:21:52,PER_000073,,,DEV_000110,,,LOC_000098,,,,completed,pos,
EVT_005988,sms,2025-08-17 15:00:25,PER_000022,PER_000088,PH_000022,,,,LOC_000031,,,internal,completed,web,
EVT_003065,transaction,2025-08-17 16:37:52,PER_000002,PER_000027,,DEV_000057,IP_000013,ACC_000102,LOC_000032,429.32,,internal,completed,ussd,payment
EVT_001430,location_ping,2025-08-17 17:08:03,PER_000098,,,DEV_000015,,,LOC_000096,,,,completed,pos,
EVT_006643,location_ping,2025-08-17 19:44:51,PER_000050,,,DEV_000068,,,LOC_000058,,,,completed,mobile_app,
EVT_001291,transaction,2025-08-17 21:08:45,PER_000002,PER_000024,,DEV_000082,IP_000104,ACC_000102,LOC_000032,289148.56,,outbound,completed,api,withdrawal
EVT_003899,location_ping,2025-08-18 03:30:02,PER_000042,,,DEV_000013,,,LOC_000060,,,,completed,pos,
EVT_003357,call,2025-08-18 05:27:55,PER_000024,PER_000087,PH_000024,,,,LOC_000083,,1192.0,inbound,completed,pos,
EVT_002535,transaction,2025-08-18 06:49:49,PER_000062,PER_000073,,DEV_000081,IP_000089,ACC_000062,LOC_000033,4228.41,,inbound,completed,ussd,p2p
EVT_000097,transaction,2025-08-18 08:11:43,PER_000025,PER_000010,,DEV_000023,IP_000095,ACC_000025,LOC_000007,1200.11,,inbound,completed,pos,p2p
EVT_000440,location_ping,2025-08-18 09:20:00,PER_000073,,,DEV_000025,,,LOC_000104,,,,completed,web,
EVT_003576,sms,2025-08-18 09:44:08,PER_000033,PER_000077,PH_000033,,,,LOC_000022,,,outbound,completed,ussd,
EVT_005909,sms,2025-08-18 10:35:01,PER_000042,PER_000050,PH_000199,,,,LOC_000060,,,outbound,completed,pos,
EVT_006014,location_ping,2025-08-18 11:38:51,PER_000059,,,DEV_000101,,,LOC_000071,,,,completed,atm,
EVT_001172,sms,2025-08-18 12:04:57,PER_000024,PER_000018,PH_000024,,,,LOC_000083,,,internal,completed,mobile_app,
EVT_006869,transaction,2025-08-18 12:05:28,PER_000018,PER_000002,,DEV_000006,IP_000052,ACC_000118,LOC_000001,84765.83,,internal,completed,pos,payment
EVT_007292,call,2025-08-18 13:16:11,PER_000081,PER_000017,PH_000202,,,,LOC_000084,,246.0,inbound,completed,ussd,
EVT_006440,call,2025-08-18 13:21:55,PER_000087,PER_000018,PH_000087,,,,LOC_000099,,571.0,internal,completed,api,
EVT_001149,location_ping,2025-08-18 14:49:12,PER_000002,,,DEV_000039,,,LOC_000117,,,,completed,ussd,
EVT_000258,transaction,2025-08-18 15:24:43,PER_000002,PER_000042,,DEV_000013,IP_000118,ACC_000102,LOC_000056,183170.57,,internal,completed,ussd,deposit
EVT_003142,login,2025-08-18 17:53:27,PER_000062,,PH_000152,DEV_000019,IP_000065,,LOC_000033,,,,completed,api,
EVT_003880,location_ping,2025-08-18 18:23:39,PER_000032,,,DEV_000043,,,LOC_000028,,,,completed,api,
EVT_002409,location_ping,2025-08-18 21:24:34,PER_000088,,,DEV_000096,,,LOC_000060,,,,completed,web,
EVT_000658,location_ping,2025-08-19 05:56:33,PER_000062,,,DEV_000034,,,LOC_000051,,,,completed,ussd,
EVT_006464,transaction,2025-08-19 06:17:32,PER_000018,PER_000037,,DEV_000052,IP_000091,ACC_000118,LOC_000001,257814.0,,inbound,completed,api,deposit
EVT_005639,location_ping,2025-08-19 06:26:53,PER_000034,,,DEV_000023,,,LOC_000075,,,,completed,web,
EVT_004905,call,2025-08-19 07:58:16,PER_000093,PER_000073,PH_000138,,,,LOC_000071,,753.0,inbound,completed,pos,
EVT_006157,call,2025-08-19 09:27:20,PER_000042,PER_000027,PH_000042,,,,LOC_000060,,969.0,internal,completed,ussd,
EVT_006076,sms,2025-08-19 10:35:30,PER_000050,PER_000086,PH_000248,,,,LOC_000115,,,internal,completed,web,
EVT_004842,sms,2025-08-19 10:47:33,PER_000069,PER_000002,PH_000217,,,,LOC_000031,,,inbound,completed,ussd,
EVT_003513,sms,2025-08-19 13:05:26,PER_000016,PER_000002,PH_000016,,,,LOC_000054,,,internal,completed,mobile_app,
EVT_005940,login,2025-08-19 13:20:24,PER_000022,,PH_000022,DEV_000113,IP_000023,,LOC_000048,,,,completed,mobile_app,
EVT_005555,transaction,2025-08-19 15:35:07,PER_000024,PER_000016,,DEV_000063,IP_000004,ACC_000024,LOC_000083,430752.2,,inbound,completed,api,withdrawal
EVT_004046,transaction,2025-08-19 16:38:56,PER_000086,PER_000041,,DEV_000101,IP_000046,ACC_000086,LOC_000012,2731.67,,outbound,completed,api,transfer
EVT_003638,sms,2025-08-19 17:39:03,PER_000093,PER_000022,PH_000138,,,,LOC_000077,,,internal,completed,api,
EVT_003980,sms,2025-08-19 18:52:11,PER_000022,PER_000098,PH_000022,,,,LOC_000099,,,inbound,completed,atm,
EVT_002785,call,2025-08-19 19:48:58,PER_000027,PER_000042,PH_000245,,,,LOC_000097,,231.0,outbound,completed,api,
EVT_005698,sms,2025-08-20 02:52:21,PER_000093,PER_000077,PH_000142,,,,LOC_000071,,,outbound,completed,web,
EVT_000798,transaction,2025-08-20 05:43:29,PER_000027,PER_000042,,DEV_000080,IP_000046,ACC_000127,LOC_000097,4453.72,,inbound,completed,web,p2p
EVT_003619,sms,2025-08-20 06:29:26,PER_000059,PER_000004,PH_000180,,,,LOC_000071,,,outbound,completed,api,
EVT_004874,transaction,2025-08-20 08:46:18,PER_000086,PER_000084,,DEV_000081,IP_000038,ACC_000086,LOC_000012,3677.67,,outbound,completed,mobile_app,deposit
EVT_003497,login,2025-08-20 12:08:01,PER_000093,,PH_000225,DEV_000046,IP_000075,,LOC_000071,,,,completed,api,
EVT_001393,login,2025-08-20 12:08:36,PER_000087,,PH_000294,DEV_000052,IP_000088,,LOC_000099,,,,completed,mobile_app,
EVT_000645,login,2025-08-20 12:55:39,PER_000042,,PH_000042,DEV_000100,IP_000052,,LOC_000060,,,,completed,pos,
EVT_000296,transaction,2025-08-20 13:31:32,PER_000062,PER_000069,,DEV_000061,IP_000091,ACC_000062,LOC_000033,135497.37,,internal,completed,atm,transfer
EVT_003634,location_ping,2025-08-20 14:21:29,PER_000050,,,DEV_000109,,,LOC_000058,,,,completed,web,
EVT_006803,login,2025-08-20 15:41:39,PER_000073,,PH_000244,DEV_000016,IP_000086,,LOC_000015,,,,completed,atm,
EVT_004924,login,2025-08-20 16:52:27,PER_000050,,PH_000117,DEV_000080,IP_000049,,LOC_000058,,,,completed,atm,
EVT_003600,transaction,2025-08-20 16:57:59,PER_000054,PER_000025,,DEV_000084,IP_000013,ACC_000054,LOC_000030,1829.29,,internal,completed,atm,withdrawal
EVT_001942,login,2025-08-20 18:43:36,PER_000024,,PH_000024,DEV_000003,IP_000102,,LOC_000089,,,,completed,ussd,
EVT_001823,transaction,2025-08-20 19:45:58,PER_000087,PER_000042,,DEV_000085,IP_000057,ACC_000087,LOC_000099,628.12,,internal,completed,pos,withdrawal
EVT_000227,transaction,2025-08-20 19:53:19,PER_000059,PER_000028,,DEV_000023,IP_000015,ACC_000059,LOC_000071,3598.63,,outbound,completed,mobile_app,payment
EVT_004047,transaction,2025-08-20 20:44:11,PER_000045,PER_000068,,DEV_000001,IP_000001,ACC_000045,LOC_000004,744.0,,internal,completed,ussd,payment
EVT_004632,transaction,2025-08-21 03:16:37,PER_000024,PER_000087,,DEV_000010,IP_000052,ACC_000024,LOC_000083,4269.14,,internal,completed,atm,payment
EVT_004694,sms,2025-08-21 04:20:27,PER_000062,PER_000015,PH_000152,,,,LOC_000033,,,inbound,completed,web,
EVT_003112,sms,2025-08-21 07:59:13,PER_000040,PER_000097,PH_000181,,,,LOC_000047,,,internal,completed,api,
EVT_004148,sms,2025-08-21 10:02:00,PER_000062,PER_000065,PH_000062,,,,LOC_000033,,,outbound,completed,mobile_app,
EVT_000605,transaction,2025-08-21 10:02:34,PER_000015,PER_000021,,DEV_000019,IP_000082,ACC_000015,LOC_000054,294.87,,internal,completed,web,payment
EVT_000236,transaction,2025-08-21 10:31:01,PER_000043,PER_000009,,DEV_000001,IP_000001,ACC_000043,LOC_000110,3459.22,,outbound,completed,pos,deposit
EVT_002313,location_ping,2025-08-21 10:42:05,PER_000050,,,DEV_000090,,,LOC_000058,,,,completed,mobile_app,
EVT_002208,location_ping,2025-08-21 10:43:40,PER_000042,,,DEV_000108,,,LOC_000060,,,,completed,web,
EVT_002207,location_ping,2025-08-21 10:48:53,PER_000015,,,DEV_000059,,,LOC_000002,,,,completed,pos,
EVT_003021,location_ping,2025-08-21 11:35:03,PER_000073,,,DEV_000102,,,LOC_000015,,,,completed,pos,
EVT_006726,login,2025-08-21 13:58:16,PER_000019,,PH_000019,DEV_000073,IP_000088,,LOC_000039,,,,completed,mobile_app,
EVT_004298,transaction,2025-08-21 15:34:06,PER_000089,PER_000072,,DEV_000062,IP_000059,ACC_000089,LOC_000047,3961.41,,outbound,completed,api,deposit
EVT_005643,call,2025-08-21 16:31:09,PER_000083,PER_000010,PH_000203,,,,LOC_000053,,129.0,internal,completed,atm,
EVT_005263,sms,2025-08-21 17:42:20,PER_000041,PER_000076,PH_000041,,,,LOC_000015,,,inbound,completed,api,
EVT_003293,call,2025-08-21 18:10:01,PER_000067,PER_000032,PH_000200,,,,LOC_000040,,40.0,inbound,completed,pos,
EVT_000084,sms,2025-08-21 19:21:35,PER_000002,PER_000042,PH_000114,,,,LOC_000032,,,outbound,completed,web,
EVT_001165,call,2025-08-21 19:26:49,PER_000042,PER_000050,PH_000042,,,,LOC_000060,,118.0,outbound,completed,api,
EVT_004696,login,2025-08-21 22:45:19,PER_000002,,PH_000114,DEV_000034,IP_000089,,LOC_000032,,,,completed,pos,
EVT_004852,login,2025-08-22 02:47:49,PER_000031,,PH_000031,DEV_000090,IP_000052,,LOC_000017,,,,completed,web,
EVT_002786,call,2025-08-22 04:49:08,PER_000005,PER_000088,PH_000005,,,,LOC_000100,,1027.0,inbound,completed,ussd,
EVT_000455,transaction,2025-08-22 09:15:23,PER_000024,PER_000086,,DEV_000068,IP_000103,ACC_000124,LOC_000009,874.69,,outbound,completed,web,withdrawal
EVT_004539,login,2025-08-22 11:11:17,PER_000089,,PH_000089,DEV_000065,IP_000078,,LOC_000047,,,,completed,api,
EVT_000962,transaction,2025-08-22 11:17:12,PER_000014,PER_000092,,DEV_000037,IP_000021,ACC_000014,LOC_000050,3906.8,,outbound,completed,web,transfer
EVT_005173,call,2025-08-22 11:25:11,PER_000073,PER_000096,PH_000073,,,,LOC_000015,,852.0,outbound,completed,api,
EVT_005392,call,2025-08-22 12:27:17,PER_000077,PER_000069,PH_000077,,,,LOC_000035,,67.0,outbound,completed,api,
EVT_003650,call,2025-08-22 13:20:05,PER_000036,PER_000080,PH_000036,,,,LOC_000090,,934.0,outbound,completed,web,
EVT_006540,login,2025-08-22 13:35:35,PER_000059,,PH_000180,DEV_000075,IP_000047,,LOC_000071,,,,completed,api,
EVT_007433,transaction,2025-08-22 14:44:43,PER_000093,PER_000098,,DEV_000043,IP_000062,ACC_000093,LOC_000071,3833.12,,outbound,completed,web,deposit
EVT_007167,transaction,2025-08-22 15:24:08,PER_000001,PER_000022,,DEV_000089,IP_000036,ACC_000001,LOC_000029,3204.68,,outbound,completed,mobile_app,transfer
EVT_005727,transaction,2025-08-22 15:32:50,PER_000062,PER_000048,,DEV_000107,IP_000090,ACC_000062,LOC_000033,144.82,,internal,completed,web,p2p
EVT_004783,transaction,2025-08-22 16:56:31,PER_000029,PER_000059,,DEV_000016,IP_000023,ACC_000129,LOC_000100,1733.89,,outbound,completed,ussd,p2p
EVT_002335,sms,2025-08-22 18:58:50,PER_000060,PER_000075,PH_000060,,,,LOC_000110,,,inbound,completed,ussd,
EVT_004952,call,2025-08-22 19:59:12,PER_000073,PER_000012,PH_000116,,,,LOC_000015,,1187.0,inbound,completed,ussd,
EVT_006973,login,2025-08-22 20:24:26,PER_000059,,PH_000059,DEV_000059,IP_000059,,LOC_000071,,,,completed,api,
EVT_004095,call,2025-08-23 04:53:49,PER_000035,PER_000086,PH_000166,,,,LOC_000086,,327.0,inbound,completed,mobile_app,
EVT_007118,call,2025-08-23 06:40:27,PER_000082,PER_000020,PH_000082,,,,LOC_000082,,365.0,outbound,completed,pos,
EVT_002408,sms,2025-08-23 06:59:49,PER_000025,PER_000080,PH_000025,,,,LOC_000007,,,internal,completed,pos,
EVT_006620,location_ping,2025-08-23 09:10:03,PER_000062,,,DEV_000050,,,LOC_000033,,,,completed,web,
EVT_000285,sms,2025-08-23 10:46:12,PER_000062,PER_000082,PH_000152,,,,LOC_000033,,,internal,completed,api,
EVT_004077,sms,2025-08-23 11:23:53,PER_000074,PER_000058,PH_000274,,,,LOC_000106,,,inbound,completed,ussd,
EVT_006293,location_ping,2025-08-23 11:55:11,PER_000021,,,DEV_000031,,,LOC_000086,,,,completed,pos,
EVT_002410,call,2025-08-23 12:19:38,PER_000087,PER_000050,PH_000294,,,,LOC_000099,,573.0,inbound,completed,web,
EVT_006490,sms,2025-08-23 13:44:11,PER_000062,PER_000003,PH_000152,,,,LOC_000033,,,outbound,completed,atm,
EVT_002043,call,2025-08-23 14:26:49,PER_000015,PER_000013,PH_000015,,,,LOC_000054,,479.0,internal,completed,atm,
EVT_001842,location_ping,2025-08-23 15:33:33,PER_000062,,,DEV_000076,,,LOC_000033,,,,completed,mobile_app,
EVT_001980,transaction,2025-08-23 15:54:00,PER_000090,PER_000045,,DEV_000010,IP_000107,ACC_000090,LOC_000027,4261.75,,internal,completed,atm,p2p
EVT_007065,login,2025-08-23 16:05:24,PER_000014,,PH_000014,DEV_000032,IP_000062,,LOC_000050,,,,completed,api,
EVT_006340,login,2025-08-23 16:09:12,PER_000027,,PH_000027,DEV_000098,IP_000085,,LOC_000014,,,,completed,ussd,
EVT_004286,location_ping,2025-08-23 17:19:33,PER_000033,,,DEV_000005,,,LOC_000022,,,,completed,mobile_app,
EVT_004176,call,2025-08-23 18:21:14,PER_000016,PER_000066,PH_000016,,,,LOC_000054,,612.0,inbound,completed,mobile_app,
EVT_007331,location_ping,2025-08-23 18:41:07,PER_000005,,,DEV_000012,,,LOC_000100,,,,completed,ussd,
EVT_004072,location_ping,2025-08-23 19:15:49,PER_000062,,,DEV_000016,,,LOC_000055,,,,completed,mobile_app,
EVT_003728,sms,2025-08-23 19:30:04,PER_000001,PER_000019,PH_000298,,,,LOC_000050,,,internal,completed,api,
EVT_006205,login,2025-08-23 21:47:04,PER_000059,,PH_000158,DEV_000001,IP_000004,,LOC_000071,,,,completed,atm,
EVT_003169,transaction,2025-08-24 09:13:31,PER_000093,PER_000063,,DEV_000055,IP_000018,ACC_000093,LOC_000071,1598.56,,internal,completed,ussd,payment
EVT_005330,transaction,2025-08-24 09:26:45,PER_000067,PER_000001,,DEV_000087,IP_000074,ACC_000067,LOC_000040,2581.78,,inbound,completed,api,payment
EVT_005401,location_ping,2025-08-24 12:04:52,PER_000032,,,DEV_000069,,,LOC_000028,,,,completed,api,
EVT_007355,login,2025-08-24 12:36:35,PER_000035,,PH_000166,DEV_000031,IP_000026,,LOC_000099,,,,completed,web,
EVT_007379,call,2025-08-24 13:43:57,PER_000022,PER_000044,PH_000022,,,,LOC_000027,,463.0,internal,completed,mobile_app,
EVT_005907,location_ping,2025-08-24 14:02:52,PER_000042,,,DEV_000017,,,LOC_000059,,,,completed,web,
EVT_004616,location_ping,2025-08-24 15:21:12,PER_000095,,,DEV_000100,,,LOC_000120,,,,completed,mobile_app,
EVT_003783,call,2025-08-24 15:39:47,PER_000068,PER_000017,PH_000208,,,,LOC_000081,,637.0,outbound,completed,atm,
EVT_003078,call,2025-08-24 16:04:51,PER_000027,PER_000002,PH_000245,,,,LOC_000097,,67.0,internal,completed,mobile_app,
EVT_001509,location_ping,2025-08-24 16:12:16,PER_000027,,,DEV_000109,,,LOC_000097,,,,completed,mobile_app,
EVT_006736,sms,2025-08-24 16:46:14,PER_000015,PER_000039,PH_000015,,,,LOC_000039,,,internal,completed,web,
EVT_005147,location_ping,2025-08-24 17:33:47,PER_000085,,,DEV_000043,,,LOC_000085,,,,completed,api,
EVT_001750,sms,2025-08-24 17:48:23,PER_000018,PER_000050,PH_000018,,,,LOC_000001,,,inbound,completed,mobile_app,
EVT_000836,sms,2025-08-24 18:23:21,PER_000087,PER_000042,PH_000294,,,,LOC_000099,,,inbound,completed,api,
EVT_005483,location_ping,2025-08-24 20:52:11,PER_000070,,,DEV_000100,,,LOC_000001,,,,completed,pos,
EVT_005979,sms,2025-08-25 02:31:13,PER_000016,PER_000027,PH_000016,,,,LOC_000054,,,internal,completed,ussd,
EVT_005282,transaction,2025-08-25 06:05:15,PER_000041,PER_000029,,DEV_000086,IP_000042,ACC_000041,LOC_000090,951.43,,internal,completed,ussd,payment
EVT_001243,transaction,2025-08-25 09:27:00,PER_000018,PER_000042,,DEV_000099,IP_000016,ACC_000018,LOC_000001,465.19,,internal,completed,web,payment
EVT_002633,login,2025-08-25 12:16:23,PER_000059,,PH_000158,DEV_000087,IP_000014,,LOC_000032,,,,completed,pos,
EVT_004771,call,2025-08-25 12:56:23,PER_000042,PER_000002,PH_000199,,,,LOC_000060,,29.0,outbound,completed,ussd,
EVT_004415,login,2025-08-25 13:10:05,PER_000040,,PH_000040,DEV_000100,IP_000074,,LOC_000084,,,,completed,pos,
EVT_003114,location_ping,2025-08-25 13:53:35,PER_000047,,,DEV_000086,,,LOC_000108,,,,completed,api,
EVT_004353,sms,2025-08-25 14:21:36,PER_000085,PER_000054,PH_000085,,,,LOC_000085,,,inbound,completed,ussd,
EVT_002753,transaction,2025-08-25 14:51:08,PER_000019,PER_000046,,DEV_000024,IP_000056,ACC_000119,LOC_000069,2672.86,,inbound,completed,web,p2p
EVT_005097,login,2025-08-25 15:23:23,PER_000073,,PH_000175,DEV_000117,IP_000113,,LOC_000015,,,,completed,atm,
EVT_000111,location_ping,2025-08-25 15:41:35,PER_000097,,,DEV_000038,,,LOC_000071,,,,completed,mobile_app,
EVT_000259,login,2025-08-25 15:49:43,PER_000093,,PH_000138,DEV_000094,IP_000087,,LOC_000071,,,,completed,api,
EVT_002199,call,2025-08-25 18:17:11,PER_000060,PER_000016,PH_000060,,,,LOC_000014,,298.0,inbound,completed,api,
EVT_001808,sms,2025-08-25 19:32:04,PER_000096,PER_000046,PH_000096,,,,LOC_000107,,,inbound,completed,atm,
EVT_002368,call,2025-08-25 19:51:38,PER_000073,PER_000092,PH_000244,,,,LOC_000015,,1032.0,internal,completed,mobile_app,
EVT_006407,location_ping,2025-08-25 20:32:46,PER_000094,,,DEV_000065,,,LOC_000060,,,,completed,ussd,
EVT_004491,transaction,2025-08-25 22:45:27,PER_000065,PER_000005,,DEV_000060,IP_000118,ACC_000065,LOC_000072,253.61,,outbound,completed,web,deposit
EVT_005705,call,2025-08-26 05:50:34,PER_000027,PER_000009,PH_000245,,,,LOC_000097,,753.0,inbound,completed,api,
EVT_004957,sms,2025-08-26 07:01:16,PER_000059,PER_000087,PH_000158,,,,LOC_000071,,,inbound,completed,ussd,
EVT_005252,call,2025-08-26 07:41:44,PER_000024,PER_000018,PH_000024,,,,LOC_000083,,141.0,internal,completed,api,
EVT_003633,location_ping,2025-08-26 07:44:37,PER_000049,,,DEV_000002,,,LOC_000072,,,,completed,mobile_app,
EVT_001900,sms,2025-08-26 08:35:37,PER_000004,PER_000100,PH_000004,,,,LOC_000052,,,internal,completed,api,
EVT_000948,login,2025-08-26 09:28:09,PER_000052,,PH_000052,DEV_000095,IP_000097,,LOC_000071,,,,completed,web,
EVT_006392,location_ping,2025-08-26 10:01:47,PER_000042,,,DEV_000045,,,LOC_000060,,,,completed,pos,
EVT_006180,location_ping,2025-08-26 11:12:07,PER_000016,,,DEV_000093,,,LOC_000054,,,,completed,pos,
EVT_005707,location_ping,2025-08-26 13:48:23,PER_000049,,,DEV_000002,,,LOC_000022,,,,completed,mobile_app,
EVT_007063,sms,2025-08-26 13:53:34,PER_000076,PER_000014,PH_000219,,,,LOC_000016,,,internal,completed,pos,
EVT_002595,location_ping,2025-08-26 14:19:29,PER_000050,,,DEV_000093,,,LOC_000058,,,,completed,pos,
EVT_005892,transaction,2025-08-26 14:54:28,PER_000027,PER_000050,,DEV_000030,IP_000051,ACC_000127,LOC_000097,1932.29,,inbound,completed,mobile_app,p2p
EVT_006454,call,2025-08-26 17:10:56,PER_000093,PER_000059,PH_000142,,,,LOC_000071,,1044.0,outbound,completed,mobile_app,
EVT_003589,login,2025-08-26 17:50:25,PER_000073,,PH_000244,DEV_000019,IP_000090,,LOC_000015,,,,completed,api,
EVT_001359,login,2025-08-26 23:56:01,PER_000027,,PH_000027,DEV_000001,IP_000117,,LOC_000097,,,,completed,atm,
EVT_002920,call,2025-08-27 03:40:03,PER_000016,PER_000090,PH_000016,,,,LOC_000054,,536.0,outbound,completed,mobile_app,
EVT_005438,login,2025-08-27 08:53:07,PER_000087,,PH_000294,DEV_000026,IP_000015,,LOC_000099,,,,completed,mobile_app,
EVT_000286,call,2025-08-27 09:29:26,PER_000059,PER_000022,PH_000158,,,,LOC_000071,,363.0,internal,completed,api,
EVT_002494,call,2025-08-27 10:35:06,PER_000073,PER_000017,PH_000244,,,,LOC_000015,,505.0,internal,completed,web,
EVT_000660,sms,2025-08-27 11:43:09,PER_000064,PER_000068,PH_000111,,,,LOC_000020,,,outbound,completed,atm,
EVT_005914,sms,2025-08-27 11:44:38,PER_000059,PER_000095,PH_000158,,,,LOC_000071,,,inbound,completed,ussd,
EVT_007199,transaction,2025-08-27 14:11:01,PER_000015,PER_000002,,DEV_000080,IP_000011,ACC_000015,LOC_000054,776.83,,inbound,completed,mobile_app,p2p
EVT_007144,call,2025-08-27 15:47:13,PER_000042,PER_000016,PH_000199,,,,LOC_000019,,331.0,internal,completed,mobile_app,
EVT_001697,call,2025-08-27 17:46:34,PER_000089,PER_000015,PH_000282,,,,LOC_000047,,570.0,internal,completed,pos,
EVT_002675,sms,2025-08-28 00:13:14,PER_000001,PER_000064,PH_000298,,,,LOC_000029,,,inbound,completed,pos,
EVT_002100,login,2025-08-28 03:22:05,PER_000062,,PH_000152,DEV_000077,IP_000057,,LOC_000033,,,,completed,web,
EVT_004785,login,2025-08-28 03:41:27,PER_000027,,PH_000027,DEV_000008,IP_000112,,LOC_000097,,,,completed,ussd,
EVT_006718,location_ping,2025-08-28 05:11:28,PER_000082,,,DEV_000099,,,LOC_000110,,,,completed,ussd,
EVT_002590,location_ping,2025-08-28 06:01:05,PER_000073,,,DEV_000097,,,LOC_000015,,,,completed,atm,
EVT_002878,call,2025-08-28 06:30:06,PER_000093,PER_000086,PH_000262,,,,LOC_000071,,1016.0,outbound,completed,mobile_app,
EVT_005838,location_ping,2025-08-28 08:01:50,PER_000077,,,DEV_000059,,,LOC_000035,,,,completed,web,
EVT_002602,sms,2025-08-28 08:35:43,PER_000073,PER_000012,PH_000175,,,,LOC_000015,,,internal,completed,api,
EVT_007126,call,2025-08-28 11:36:59,PER_000001,PER_000046,PH_000001,,,,LOC_000029,,461.0,outbound,completed,pos,
EVT_002631,sms,2025-08-28 12:01:46,PER_000002,PER_000042,PH_000114,,,,LOC_000032,,,internal,completed,web,
EVT_002358,transaction,2025-08-28 12:26:09,PER_000027,PER_000018,,DEV_000099,IP_000112,ACC_000027,LOC_000097,4016.53,,outbound,completed,pos,p2p
EVT_000865,login,2025-08-28 13:20:08,PER_000050,,PH_000248,DEV_000001,IP_000010,,LOC_000058,,,,completed,api,
EVT_006942,login,2025-08-28 15:50:20,PER_000050,,PH_000050,DEV_000082,IP_000070,,LOC_000030,,,,completed,mobile_app,
EVT_002625,login,2025-08-28 16:17:41,PER_000027,,PH_000245,DEV_000035,IP_000089,,LOC_000096,,,,completed,web,
EVT_004863,login,2025-08-28 16:50:27,PER_000071,,PH_000071,DEV_000012,IP_000089,,LOC_000082,,,,completed,ussd,
EVT_002679,sms,2025-08-28 17:02:23,PER_000029,PER_000054,PH_000029,,,,LOC_000100,,,inbound,completed,atm,
EVT_004389,location_ping,2025-08-28 17:24:28,PER_000057,,,DEV_000032,,,LOC_000030,,,,completed,api,
EVT_006210,login,2025-08-28 21:01:56,PER_000013,,PH_000292,DEV_000080,IP_000083,,LOC_000041,,,,completed,atm,
EVT_001739,location_ping,2025-08-28 21:19:16,PER_000024,,,DEV_000065,,,LOC_000083,,,,completed,pos,
EVT_002701,location_ping,2025-08-29 04:05:28,PER_000081,,,DEV_000049,,,LOC_000084,,,,completed,ussd,
EVT_003048,call,2025-08-29 07:32:26,PER_000016,PER_000027,PH_000016,,,,LOC_000054,,1159.0,outbound,completed,ussd,
EVT_000321,call,2025-08-29 08:07:58,PER_000076,PER_000033,PH_000130,,,,LOC_000016,,268.0,outbound,completed,web,
EVT_005821,login,2025-08-29 09:16:23,PER_000075,,PH_000075,DEV_000059,IP_000009,,LOC_000102,,,,completed,ussd,
EVT_000709,transaction,2025-08-29 10:18:39,PER_000084,PER_000004,,DEV_000048,IP_000006,ACC_000084,LOC_000117,2746.54,,outbound,completed,ussd,transfer
EVT_001788,transaction,2025-08-29 11:27:17,PER_000018,PER_000002,,DEV_000068,IP_000058,ACC_000118,LOC_000001,98283.38,,internal,completed,pos,withdrawal
EVT_004455,transaction,2025-08-29 11:34:18,PER_000004,PER_000053,,DEV_000019,IP_000106,ACC_000004,LOC_000052,430.51,,inbound,completed,atm,deposit
EVT_007179,login,2025-08-29 12:49:51,PER_000022,,PH_000022,DEV_000114,IP_000100,,LOC_000030,,,,completed,web,
EVT_000832,location_ping,2025-08-29 13:02:49,PER_000087,,,DEV_000089,,,LOC_000099,,,,completed,ussd,
EVT_001372,call,2025-08-29 13:19:24,PER_000088,PER_000078,PH_000088,,,,LOC_000060,,522.0,inbound,completed,web,
EVT_003418,sms,2025-08-29 13:23:39,PER_000088,PER_000001,PH_000088,,,,LOC_000060,,,internal,completed,atm,
EVT_002393,transaction,2025-08-29 14:31:35,PER_000087,PER_000034,,DEV_000057,IP_000001,ACC_000087,LOC_000099,252.07,,inbound,completed,pos,payment
EVT_001174,login,2025-08-29 15:34:06,PER_000014,,PH_000014,DEV_000116,IP_000060,,LOC_000050,,,,completed,mobile_app,
EVT_004525,location_ping,2025-08-29 15:34:40,PER_000016,,,DEV_000070,,,LOC_000054,,,,completed,pos,
EVT_001401,call,2025-08-29 16:25:05,PER_000062,PER_000007,PH_000213,,,,LOC_000033,,1050.0,outbound,completed,pos,
EVT_003303,location_ping,2025-08-29 17:15:27,PER_000084,,,DEV_000062,,,LOC_000043,,,,completed,ussd,
EVT_003763,transaction,2025-08-29 17:16:38,PER_000074,PER_000027,,DEV_000100,IP_000062,ACC_000074,LOC_000106,966.87,,internal,completed,ussd,p2p
EVT_002529,sms,2025-08-29 17:24:10,PER_000027,PER_000018,PH_000245,,,,LOC_000097,,,inbound,completed,api,
EVT_006501,location_ping,2025-08-29 17:37:18,PER_000019,,,DEV_000030,,,LOC_000076,,,,completed,ussd,
EVT_006159,sms,2025-08-29 21:47:13,PER_000001,PER_000054,PH_000001,,,,LOC_000029,,,outbound,completed,mobile_app,
EVT_004733,login,2025-08-29 22:28:09,PER_000062,,PH_000062,DEV_000080,IP_000049,,LOC_000033,,,,completed,ussd,
EVT_000235,login,2025-08-29 23:14:14,PER_000062,,PH_000062,DEV_000111,IP_000115,,LOC_000051,,,,completed,mobile_app,
EVT_001102,transaction,2025-08-30 04:48:15,PER_000062,PER_000070,,DEV_000064,IP_000030,ACC_000062,LOC_000003,629.43,,outbound,completed,api,transfer
EVT_006612,call,2025-08-30 06:09:30,PER_000018,PER_000042,PH_000018,,,,LOC_000081,,1071.0,outbound,completed,web,
EVT_004680,location_ping,2025-08-30 09:34:00,PER_000023,,,DEV_000082,,,LOC_000117,,,,completed,pos,
EVT_002121,sms,2025-08-30 13:57:12,PER_000062,PER_000038,PH_000062,,,,LOC_000033,,,outbound,completed,mobile_app,
EVT_005009,call,2025-08-30 13:59:34,PER_000094,PER_000021,PH_000198,,,,LOC_000060,,49.0,outbound,completed,pos,
EVT_007097,sms,2025-08-30 14:32:53,PER_000060,PER_000046,PH_000060,,,,LOC_000014,,,internal,completed,atm,
EVT_004433,login,2025-08-30 15:02:23,PER_000018,,PH_000018,DEV_000102,IP_000069,,LOC_000001,,,,completed,atm,
EVT_003090,call,2025-08-30 15:07:31,PER_000089,PER_000033,PH_000089,,,,LOC_000047,,1047.0,internal,completed,ussd,
EVT_000148,transaction,2025-08-30 15:39:21,PER_000031,PER_000048,,DEV_000064,IP_000055,ACC_000031,LOC_000017,1269.14,,inbound,completed,atm,payment
EVT_002229,call,2025-08-30 16:00:01,PER_000065,PER_000042,PH_000065,,,,LOC_000072,,177.0,inbound,completed,atm,
EVT_006357,call,2025-08-30 16:29:07,PER_000039,PER_000033,PH_000039,,,,LOC_000002,,190.0,inbound,completed,mobile_app,
EVT_004249,location_ping,2025-08-30 20:01:41,PER_000050,,,DEV_000061,,,LOC_000095,,,,completed,pos,
EVT_003478,call,2025-08-30 20:13:44,PER_000080,PER_000095,PH_000080,,,,LOC_000074,,388.0,outbound,completed,web,
EVT_005249,sms,2025-08-30 20:15:34,PER_000042,PER_000050,PH_000199,,,,LOC_000060,,,inbound,completed,api,
EVT_007239,call,2025-08-30 21:11:10,PER_000016,PER_000087,PH_000016,,,,LOC_000054,,1059.0,internal,completed,api,
EVT_006625,location_ping,2025-08-30 21:54:28,PER_000059,,,DEV_000035,,,LOC_000071,,,,completed,atm,
EVT_002584,location_ping,2025-08-30 23:10:00,PER_000018,,,DEV_000057,,,LOC_000001,,,,completed,pos,
EVT_005995,location_ping,2025-08-31 05:50:14,PER_000042,,,DEV_000099,,,LOC_000060,,,,completed,pos,
EVT_005772,location_ping,2025-08-31 05:50:31,PER_000027,,,DEV_000120,,,LOC_000097,,,,completed,api,
EVT_006262,transaction,2025-08-31 06:08:08,PER_000025,PER_000087,,DEV_000093,IP_000011,ACC_000125,LOC_000007,1630.32,,inbound,completed,api,transfer
EVT_003978,transaction,2025-08-31 06:42:24,PER_000005,PER_000011,,DEV_000020,IP_000079,ACC_000105,LOC_000100,1196.97,,internal,completed,api,deposit
EVT_000389,sms,2025-08-31 07:27:01,PER_000073,PER_000015,PH_000116,,,,LOC_000061,,,inbound,completed,web,
EVT_002729,location_ping,2025-08-31 08:16:39,PER_000087,,,DEV_000045,,,LOC_000099,,,,completed,web,
EVT_005875,call,2025-08-31 08:19:20,PER_000069,PER_000043,PH_000217,,,,LOC_000031,,1030.0,outbound,completed,api,
EVT_001762,login,2025-08-31 09:51:46,PER_000032,,PH_000032,DEV_000070,IP_000034,,LOC_000104,,,,completed,api,
EVT_003821,login,2025-08-31 10:03:43,PER_000059,,PH_000137,DEV_000009,IP_000044,,LOC_000071,,,,completed,web,
EVT_001493,location_ping,2025-08-31 10:16:53,PER_000080,,,DEV_000071,,,LOC_000031,,,,completed,web,
EVT_001734,login,2025-08-31 12:00:03,PER_000007,,PH_000196,DEV_000002,IP_000076,,LOC_000103,,,,completed,web,
EVT_004960,sms,2025-08-31 13:32:27,PER_000006,PER_000027,PH_000243,,,,LOC_000060,,,internal,completed,atm,
EVT_007136,login,2025-08-31 14:02:22,PER_000073,,PH_000162,DEV_000085,IP_000104,,LOC_000119,,,,completed,mobile_app,
EVT_000224,login,2025-08-31 14:51:02,PER_000087,,PH_000087,DEV_000062,IP_000020,,LOC_000069,,,,completed,atm,
EVT_000672,call,2025-08-31 15:01:53,PER_000059,PER_000066,PH_000180,,,,LOC_000071,,496.0,outbound,completed,pos,
EVT_004837,location_ping,2025-08-31 17:03:45,PER_000093,,,DEV_000061,,,LOC_000071,,,,completed,ussd,
EVT_003180,transaction,2025-08-31 17:09:50,PER_000064,PER_000097,,DEV_000059,IP_000016,ACC_000064,LOC_000020,1913.03,,inbound,completed,mobile_app,payment
EVT_003227,sms,2025-08-31 18:06:30,PER_000001,PER_000032,PH_000001,,,,LOC_000029,,,outbound,completed,ussd,
EVT_000442,call,2025-08-31 18:15:21,PER_000032,PER_000007,PH_000102,,,,LOC_000100,,913.0,internal,completed,ussd,
EVT_000828,location_ping,2025-08-31 18:41:38,PER_000042,,,DEV_000100,,,LOC_000060,,,,completed,atm,
EVT_005871,login,2025-08-31 18:43:41,PER_000085,,PH_000085,DEV_000044,IP_000025,,LOC_000085,,,,completed,pos,
EVT_006213,login,2025-08-31 21:07:11,PER_000022,,PH_000022,DEV_000069,IP_000101,,LOC_000002,,,,completed,atm,
EVT_001613,login,2025-09-01 02:46:23,PER_000016,,PH_000016,DEV_000090,IP_000038,,LOC_000054,,,,completed,mobile_app,
EVT_000674,sms,2025-09-01 07:30:18,PER_000070,PER_000038,PH_000227,,,,LOC_000001,,,inbound,completed,atm,
EVT_006945,transaction,2025-09-01 08:18:56,PER_000018,PER_000016,,DEV_000090,IP_000112,ACC_000018,LOC_000025,162376.1,,outbound,completed,atm,deposit
EVT_002146,location_ping,2025-09-01 08:21:09,PER_000042,,,DEV_000030,,,LOC_000060,,,,completed,pos,
EVT_004987,transaction,2025-09-01 09:27:03,PER_000073,PER_000039,,DEV_000008,IP_000039,ACC_000073,LOC_000015,710.05,,outbound,completed,atm,payment
EVT_003446,location_ping,2025-09-01 09:40:43,PER_000093,,,DEV_000029,,,LOC_000071,,,,completed,api,
EVT_003958,call,2025-09-01 10:57:28,PER_000077,PER_000084,PH_000077,,,,LOC_000035,,55.0,outbound,completed,mobile_app,
EVT_005960,location_ping,2025-09-01 11:10:42,PER_000037,,,DEV_000068,,,LOC_000101,,,,completed,atm,
EVT_002623,call,2025-09-01 11:14:29,PER_000062,PER_000027,PH_000062,,,,LOC_000033,,806.0,internal,completed,web,
EVT_002826,location_ping,2025-09-01 12:12:56,PER_000059,,,DEV_000011,,,LOC_000071,,,,completed,web,
EVT_000335,login,2025-09-01 12:35:54,PER_000074,,PH_000074,DEV_000065,IP_000008,,LOC_000106,,,,completed,ussd,
EVT_000853,call,2025-09-01 15:29:26,PER_000001,PER_000070,PH_000298,,,,LOC_000029,,277.0,inbound,completed,pos,
EVT_006281,login,2025-09-01 15:45:19,PER_000059,,PH_000059,DEV_000110,IP_000023,,LOC_000071,,,,completed,mobile_app,
EVT_000994,call,2025-09-01 16:16:34,PER_000087,PER_000016,PH_000087,,,,LOC_000099,,676.0,outbound,completed,pos,
EVT_002817,sms,2025-09-01 16:24:06,PER_000051,PER_000061,PH_000275,,,,LOC_000052,,,inbound,completed,api,
EVT_006678,sms,2025-09-01 16:51:06,PER_000016,PER_000018,PH_000016,,,,LOC_000054,,,inbound,completed,api,
EVT_000411,sms,2025-09-01 17:13:28,PER_000073,PER_000010,PH_000162,,,,LOC_000015,,,inbound,completed,ussd,
EVT_004145,sms,2025-09-01 19:13:40,PER_000061,PER_000014,PH_000239,,,,LOC_000062,,,outbound,completed,ussd,
EVT_001001,transaction,2025-09-01 20:25:32,PER_000086,PER_000032,,DEV_000016,IP_000004,ACC_000086,LOC_000012,2015.77,,internal,completed,mobile_app,withdrawal
EVT_001350,login,2025-09-02 02:16:02,PER_000092,,PH_000092,DEV_000062,IP_000065,,LOC_000091,,,,completed,mobile_app,
EVT_003083,call,2025-09-02 06:47:14,PER_000098,PER_000092,PH_000098,,,,LOC_000096,,503.0,inbound,completed,ussd,
EVT_006567,transaction,2025-09-02 07:05:03,PER_000045,PER_000041,,DEV_000001,IP_000001,ACC_000145,LOC_000008,483.79,,internal,completed,mobile_app,payment
EVT_002369,login,2025-09-02 09:33:19,PER_000016,,PH_000016,DEV_000040,IP_000087,,LOC_000054,,,,completed,api,
EVT_004255,location_ping,2025-09-02 09:38:15,PER_000050,,,DEV_000097,,,LOC_000058,,,,completed,mobile_app,
EVT_003804,transaction,2025-09-02 10:08:14,PER_000024,PER_000050,,DEV_000002,IP_000001,ACC_000124,LOC_000083,3663.04,,outbound,completed,pos,p2p
EVT_004232,location_ping,2025-09-02 13:03:19,PER_000097,,,DEV_000027,,,LOC_000071,,,,completed,pos,
EVT_002756,call,2025-09-02 13:56:47,PER_000067,PER_000006,PH_000200,,,,LOC_000040,,488.0,internal,completed,pos,
EVT_005383,login,2025-09-02 15:24:49,PER_000069,,PH_000217,DEV_000006,IP_000048,,LOC_000031,,,,completed,atm,
EVT_003210,transaction,2025-09-02 16:30:30,PER_000087,PER_000024,,DEV_000011,IP_000019,ACC_000087,LOC_000099,440498.21,,inbound,completed,ussd,payment
EVT_000930,login,2025-09-02 17:10:49,PER_000061,,PH_000061,DEV_000076,IP_000089,,LOC_000075,,,,completed,ussd,
EVT_006063,location_ping,2025-09-02 18:52:02,PER_000034,,,DEV_000112,,,LOC_000067,,,,completed,pos,
EVT_001817,location_ping,2025-09-02 21:39:38,PER_000001,,,DEV_000067,,,LOC_000029,,,,completed,atm,
EVT_002133,transaction,2025-09-02 22:16:28,PER_000062,PER_000052,,DEV_000078,IP_000044,ACC_000062,LOC_000033,4374.65,,inbound,completed,web,transfer
EVT_006328,sms,2025-09-03 06:46:47,PER_000017,PER_000024,PH_000017,,,,LOC_000116,,,inbound,completed,ussd,
EVT_000979,location_ping,2025-09-03 09:04:46,PER_000002,,,DEV_000028,,,LOC_000032,,,,completed,web,
EVT_003631,transaction,2025-09-03 09:13:33,PER_000044,PER_000093,,DEV_000015,IP_000007,ACC_000144,LOC_000032,4177.56,,internal,completed,web,payment
EVT_001114,location_ping,2025-09-03 10:25:58,PER_000016,,,DEV_000007,,,LOC_000054,,,,completed,mobile_app,
EVT_006854,location_ping,2025-09-03 10:33:20,PER_000059,,,DEV_000064,,,LOC_000071,,,,completed,atm,
EVT_002066,call,2025-09-03 10:42:14,PER_000059,PER_000092,PH_000158,,,,LOC_000071,,364.0,outbound,completed,api,
EVT_001256,login,2025-09-03 11:36:17,PER_000002,,PH_000002,DEV_000030,IP_000107,,LOC_000032,,,,completed,pos,
EVT_007003,location_ping,2025-09-03 14:47:54,PER_000002,,,DEV_000039,,,LOC_000032,,,,completed,web,
EVT_006296,login,2025-09-03 14:53:39,PER_000073,,PH_000116,DEV_000067,IP_000049,,LOC_000015,,,,completed,pos,
EVT_005020,login,2025-09-03 15:10:49,PER_000080,,PH_000118,DEV_000101,IP_000065,,LOC_000074,,,,completed,mobile_app,
EVT_000577,transaction,2025-09-03 16:09:15,PER_000040,PER_000008,,DEV_000081,IP_000070,ACC_000040,LOC_000047,1345.87,,outbound,completed,web,p2p
EVT_005066,location_ping,2025-09-03 16:16:49,PER_000067,,,DEV_000054,,,LOC_000040,,,,completed,ussd,
EVT_002721,transaction,2025-09-03 16:32:07,PER_000087,PER_000027,,DEV_000052,IP_000076,ACC_000087,LOC_000099,469289.57,,outbound,completed,atm,payment
EVT_000705,transaction,2025-09-03 17:40:54,PER_000001,PER_000073,,DEV_000053,IP_000008,ACC_000001,LOC_000029,1990.37,,internal,completed,ussd,deposit
EVT_006311,sms,2025-09-03 17:49:56,PER_000015,PER_000007,PH_000015,,,,LOC_000054,,,outbound,completed,pos,
EVT_006781,login,2025-09-03 17:56:36,PER_000032,,PH_000032,DEV_000110,IP_000043,,LOC_000028,,,,completed,mobile_app,
EVT_000918,login,2025-09-03 17:58:57,PER_000045,,PH_000136,DEV_000001,IP_000001,,LOC_000004,,,,completed,atm,
EVT_002226,call,2025-09-04 03:02:57,PER_000059,PER_000012,PH_000158,,,,LOC_000076,,284.0,internal,completed,ussd,
EVT_005999,login,2025-09-04 03:06:34,PER_000027,,PH_000245,DEV_000035,IP_000054,,LOC_000097,,,,completed,mobile_app,
EVT_003359,login,2025-09-04 07:58:52,PER_000058,,PH_000058,DEV_000035,IP_000005,,LOC_000091,,,,completed,pos,
EVT_001651,call,2025-09-04 08:23:14,PER_000059,PER_000094,PH_000180,,,,LOC_000071,,1056.0,internal,completed,mobile_app,
EVT_000416,login,2025-09-04 09:36:19,PER_000001,,PH_000298,DEV_000116,IP_000044,,LOC_000029,,,,completed,api,
EVT_007161,login,2025-09-04 11:19:06,PER_000059,,PH_000137,DEV_000006,IP_000092,,LOC_000071,,,,completed,web,
EVT_000160,transaction,2025-09-04 11:34:14,PER_000040,PER_000012,,DEV_000040,IP_000047,ACC_000140,LOC_000047,2362.07,,outbound,completed,atm,transfer
EVT_006390,call,2025-09-04 13:16:38,PER_000087,PER_000018,PH_000087,,,,LOC_000099,,921.0,internal,completed,api,
EVT_007207,call,2025-09-04 13:57:05,PER_000045,PER_000077,PH_000169,,,,LOC_000041,,498.0,internal,completed,mobile_app,
EVT_005015,sms,2025-09-04 14:55:25,PER_000030,PER_000028,PH_000242,,,,LOC_000108,,,inbound,completed,ussd,
EVT_003599,location_ping,2025-09-04 14:56:50,PER_000087,,,DEV_000094,,,LOC_000099,,,,completed,atm,
EVT_000314,location_ping,2025-09-04 15:36:27,PER_000047,,,DEV_000081,,,LOC_000105,,,,completed,web,
EVT_001620,sms,2025-09-04 16:42:46,PER_000097,PER_000008,PH_000097,,,,LOC_000071,,,internal,completed,mobile_app,
EVT_001660,login,2025-09-04 17:08:42,PER_000035,,PH_000035,DEV_000047,IP_000040,,LOC_000111,,,,completed,api,
EVT_000429,call,2025-09-04 17:17:38,PER_000001,PER_000034,PH_000298,,,,LOC_000029,,108.0,inbound,completed,ussd,
EVT_004254,call,2025-09-04 18:04:03,PER_000065,PER_000007,PH_000065,,,,LOC_000072,,505.0,inbound,completed,api,
EVT_002035,login,2025-09-04 18:11:02,PER_000087,,PH_000087,DEV_000003,IP_000046,,LOC_000099,,,,completed,api,
EVT_004974,sms,2025-09-04 18:31:43,PER_000001,PER_000076,PH_000298,,,,LOC_000091,,,internal,completed,atm,
EVT_005190,sms,2025-09-04 19:26:22,PER_000069,PER_000027,PH_000217,,,,LOC_000031,,,internal,completed,pos,
EVT_005959,sms,2025-09-04 20:50:08,PER_000065,PER_000081,PH_000159,,,,LOC_000072,,,inbound,completed,pos,
EVT_003622,transaction,2025-09-04 21:28:30,PER_000024,PER_000042,,DEV_000073,IP_000018,ACC_000124,LOC_000065,3069.92,,inbound,completed,mobile_app,transfer
EVT_005902,login,2025-09-04 21:33:24,PER_000055,,PH_000055,DEV_000079,IP_000069,,LOC_000016,,,,completed,pos,
EVT_005310,call,2025-09-05 05:02:24,PER_000016,PER_000024,PH_000016,,,,LOC_000054,,870.0,internal,completed,atm,
EVT_002553,call,2025-09-05 06:00:34,PER_000064,PER_000002,PH_000111,,,,LOC_000020,,763.0,internal,completed,ussd,
EVT_004991,sms,2025-09-05 06:32:19,PER_000062,PER_000090,PH_000062,,,,LOC_000033,,,outbound,completed,web,
EVT_001685,login,2025-09-05 06:41:28,PER_000002,,PH_000002,DEV_000003,IP_000105,,LOC_000032,,,,completed,web,
EVT_006751,call,2025-09-05 07:45:14,PER_000001,PER_000098,PH_000298,,,,LOC_000029,,857.0,outbound,completed,atm,
EVT_000656,location_ping,2025-09-05 08:07:17,PER_000067,,,DEV_000019,,,LOC_000040,,,,completed,mobile_app,
EVT_005452,transaction,2025-09-05 08:49:22,PER_000048,PER_000030,,DEV_000044,IP_000100,ACC_000148,LOC_000025,432.15,,outbound,completed,api,payment
EVT_001740,location_ping,2025-09-05 09:02:38,PER_000093,,,DEV_000006,,,LOC_000071,,,,completed,ussd,
EVT_001045,transaction,2025-09-05 09:50:04,PER_000001,PER_000030,,DEV_000118,IP_000022,ACC_000101,LOC_000029,4407.87,,inbound,completed,api,deposit
EVT_004250,transaction,2025-09-05 10:45:44,PER_000027,PER_000043,,DEV_000001,IP_000075,ACC_000027,LOC_000097,279634.3,,inbound,completed,pos,withdrawal
EVT_003261,call,2025-09-05 11:28:38,PER_000027,PER_000016,PH_000245,,,,LOC_000097,,402.0,outbound,completed,ussd,
EVT_003919,transaction,2025-09-05 13:32:50,PER_000093,PER_000026,,DEV_000092,IP_000105,ACC_000093,LOC_000071,3385.58,,outbound,completed,web,payment
EVT_003226,sms,2025-09-05 14:55:33,PER_000004,PER_000044,PH_000004,,,,LOC_000052,,,internal,completed,api,
EVT_003189,sms,2025-09-05 15:59:40,PER_000047,PER_000021,PH_000120,,,,LOC_000113,,,internal,completed,pos,
EVT_005854,login,2025-09-05 16:08:18,PER_000026,,PH_000176,DEV_000003,IP_000072,,LOC_000059,,,,completed,web,
EVT_006850,transaction,2025-09-05 16:08:19,PER_000048,PER_000056,,DEV_000028,IP_000005,ACC_000048,LOC_000025,3745.4,,internal,completed,ussd,deposit
EVT_006130,login,2025-09-05 17:12:29,PER_000018,,PH_000018,DEV_000092,IP_000070,,LOC_000001,,,,completed,atm,
EVT_000195,location_ping,2025-09-05 17:39:46,PER_000027,,,DEV_000089,,,LOC_000097,,,,completed,api,
EVT_004385,transaction,2025-09-05 21:47:53,PER_000059,PER_000095,,DEV_000011,IP_000024,ACC_000059,LOC_000071,3931.6,,outbound,completed,mobile_app,withdrawal
EVT_004564,location_ping,2025-09-06 04:52:34,PER_000018,,,DEV_000062,,,LOC_000001,,,,completed,pos,
EVT_006922,call,2025-09-06 05:08:05,PER_000059,PER_000080,PH_000137,,,,LOC_000071,,1061.0,outbound,completed,atm,
EVT_002646,login,2025-09-06 07:38:28,PER_000046,,PH_000046,DEV_000076,IP_000104,,LOC_000028,,,,completed,api,
EVT_007298,sms,2025-09-06 08:14:47,PER_000001,PER_000044,PH_000001,,,,LOC_000029,,,inbound,completed,pos,
EVT_006410,transaction,2025-09-06 09:27:50,PER_000018,PER_000024,,DEV_000116,IP_000009,ACC_000118,LOC_000001,307.32,,internal,completed,atm,p2p
EVT_000508,transaction,2025-09-06 10:30:48,PER_000098,PER_000044,,DEV_000044,IP_000048,ACC_000098,LOC_000105,1712.28,,inbound,completed,mobile_app,payment
EVT_007372,location_ping,2025-09-06 10:58:35,PER_000062,,,DEV_000119,,,LOC_000018,,,,completed,mobile_app,
EVT_006601,call,2025-09-06 12:40:46,PER_000042,PER_000092,PH_000199,,,,LOC_000060,,1031.0,inbound,completed,atm,
EVT_004548,login,2025-09-06 14:32:40,PER_000081,,PH_000081,DEV_000106,IP_000109,,LOC_000084,,,,completed,atm,
EVT_005479,call,2025-09-06 14:51:06,PER_000093,PER_000080,PH_000142,,,,LOC_000071,,1004.0,inbound,completed,web,
EVT_001983,login,2025-09-06 15:27:30,PER_000014,,PH_000014,DEV_000066,IP_000064,,LOC_000050,,,,completed,mobile_app,
EVT_006057,login,2025-09-06 15:49:16,PER_000087,,PH_000087,DEV_000030,IP_000075,,LOC_000099,,,,completed,web,
EVT_001667,login,2025-09-06 17:42:02,PER_000019,,PH_000019,DEV_000052,IP_000036,,LOC_000069,,,,completed,api,
EVT_002400,login,2025-09-06 19:55:57,PER_000100,,PH_000100,DEV_000047,IP_000022,,LOC_000108,,,,completed,api,
EVT_006019,sms,2025-09-07 06:03:15,PER_000091,PER_000021,PH_000285,,,,LOC_000057,,,internal,completed,ussd,
EVT_001042,login,2025-09-07 07:27:48,PER_000016,,PH_000016,DEV_000086,IP_000100,,LOC_000020,,,,completed,pos,
EVT_003726,call,2025-09-07 12:27:44,PER_000040,PER_000047,PH_000181,,,,LOC_000047,,238.0,internal,completed,api,
EVT_000825,sms,2025-09-07 13:00:20,PER_000015,PER_000067,PH_000015,,,,LOC_000054,,,internal,completed,pos,
EVT_003551,location_ping,2025-09-07 16:21:49,PER_000087,,,DEV_000066,,,LOC_000099,,,,completed,ussd,
EVT_004505,sms,2025-09-07 17:42:02,PER_000032,PER_000009,PH_000032,,,,LOC_000028,,,inbound,completed,atm,
EVT_000240,location_ping,2025-09-07 20:07:37,PER_000092,,,DEV_000042,,,LOC_000091,,,,completed,mobile_app,
EVT_003710,transaction,2025-09-07 21:58:31,PER_000001,PER_000021,,DEV_000092,IP_000076,ACC_000101,LOC_000029,1560.39,,inbound,completed,web,p2p
EVT_006708,sms,2025-09-08 03:10:50,PER_000093,PER_000039,PH_000093,,,,LOC_000071,,,outbound,completed,mobile_app,
EVT_003001,login,2025-09-08 04:43:57,PER_000097,,PH_000097,DEV_000118,IP_000012,,LOC_000071,,,,completed,pos,
EVT_003149,transaction,2025-09-08 06:16:20,PER_000047,PER_000071,,DEV_000016,IP_000065,ACC_000047,LOC_000113,1115.62,,outbound,completed,ussd,p2p
EVT_006902,call,2025-09-08 06:58:54,PER_000024,PER_000002,PH_000024,,,,LOC_000083,,177.0,internal,completed,mobile_app,
EVT_003148,location_ping,2025-09-08 09:24:16,PER_000035,,,DEV_000118,,,LOC_000013,,,,completed,mobile_app,
EVT_003590,call,2025-09-08 09:56:06,PER_000043,PER_000076,PH_000209,,,,LOC_000110,,642.0,inbound,completed,pos,
EVT_003396,transaction,2025-09-08 10:02:35,PER_000043,PER_000022,,DEV_000001,IP_000001,ACC_000143,LOC_000110,1193.0,,inbound,completed,pos,transfer
EVT_001094,login,2025-09-08 13:17:27,PER_000032,,PH_000032,DEV_000033,IP_000001,,LOC_000028,,,,completed,web,
EVT_003099,location_ping,2025-09-08 14:53:46,PER_000093,,,DEV_000059,,,LOC_000071,,,,completed,mobile_app,
EVT_000457,location_ping,2025-09-08 15:13:46,PER_000093,,,DEV_000101,,,LOC_000071,,,,completed,pos,
EVT_000379,sms,2025-09-08 15:28:56,PER_000066,PER_000050,PH_000123,,,,LOC_000049,,,inbound,completed,pos,
EVT_003850,transaction,2025-09-08 15:45:33,PER_000073,PER_000069,,DEV_000015,IP_000114,ACC_000073,LOC_000015,1184.38,,outbound,completed,ussd,payment
EVT_002852,sms,2025-09-08 16:32:23,PER_000027,PER_000082,PH_000027,,,,LOC_000097,,,internal,completed,mobile_app,
EVT_003695,transaction,2025-09-08 17:59:38,PER_000094,PER_000011,,DEV_000105,IP_000075,ACC_000094,LOC_000060,2436.6,,internal,completed,pos,deposit
EVT_004580,location_ping,2025-09-08 18:15:30,PER_000027,,,DEV_000090,,,LOC_000097,,,,completed,mobile_app,
EVT_005531,transaction,2025-09-08 18:37:00,PER_000032,PER_000025,,DEV_000065,IP_000009,ACC_000132,LOC_000028,57.79,,outbound,completed,mobile_app,transfer
EVT_006187,login,2025-09-08 18:55:47,PER_000064,,PH_000111,DEV_000009,IP_000088,,LOC_000020,,,,completed,web,
EVT_001296,sms,2025-09-08 19:10:01,PER_000087,PER_000050,PH_000294,,,,LOC_000046,,,outbound,completed,api,
EVT_006126,location_ping,2025-09-08 19:17:10,PER_000024,,,DEV_000001,,,LOC_000083,,,,completed,mobile_app,
EVT_005181,transaction,2025-09-08 20:03:26,PER_000019,PER_000087,,DEV_000086,IP_000086,ACC_000019,LOC_000069,3595.69,,inbound,completed,mobile_app,payment
EVT_000471,location_ping,2025-09-08 23:01:11,PER_000005,,,DEV_000009,,,LOC_000100,,,,completed,mobile_app,
EVT_004019,transaction,2025-09-09 06:16:00,PER_000050,PER_000015,,DEV_000082,IP_000047,ACC_000150,LOC_000058,75490.32,,inbound,completed,web,deposit
EVT_002558,transaction,2025-09-09 09:43:05,PER_000055,PER_000022,,DEV_000016,IP_000071,ACC_000055,LOC_000016,382.18,,outbound,completed,api,p2p
EVT_002249,transaction,2025-09-09 10:55:21,PER_000016,PER_000087,,DEV_000113,IP_000002,ACC_000016,LOC_000054,208633.45,,internal,completed,mobile_app,withdrawal
EVT_003780,location_ping,2025-09-09 11:02:48,PER_000002,,,DEV_000054,,,LOC_000032,,,,completed,atm,
EVT_000579,call,2025-09-09 11:10:07,PER_000050,PER_000018,PH_000248,,,,LOC_000058,,324.0,outbound,completed,web,
EVT_005339,transaction,2025-09-09 11:14:33,PER_000054,PER_000089,,DEV_000030,IP_000081,ACC_000054,LOC_000030,68.43,,outbound,completed,web,withdrawal
EVT_000561,transaction,2025-09-09 11:23:21,PER_000059,PER_000039,,DEV_000013,IP_000086,ACC_000059,LOC_000071,1635.81,,inbound,completed,mobile_app,deposit
EVT_004855,location_ping,2025-09-09 12:47:32,PER_000009,,,DEV_000092,,,LOC_000107,,,,completed,mobile_app,
EVT_005042,login,2025-09-09 12:59:11,PER_000045,,PH_000140,DEV_000001,IP_000001,,LOC_000004,,,,completed,ussd,
EVT_001587,transaction,2025-09-09 13:54:09,PER_000024,PER_000018,,DEV_000011,IP_000063,ACC_000124,LOC_000083,581.09,,inbound,completed,mobile_app,transfer
EVT_001175,call,2025-09-09 13:57:52,PER_000059,PER_000077,PH_000137,,,,LOC_000071,,1187.0,outbound,completed,pos,
EVT_002710,login,2025-09-09 15:54:31,PER_000087,,PH_000087,DEV_000011,IP_000036,,LOC_000099,,,,completed,pos,
EVT_003968,login,2025-09-09 16:25:47,PER_000093,,PH_000093,DEV_000039,IP_000008,,LOC_000071,,,,completed,mobile_app,
EVT_005877,sms,2025-09-09 18:30:41,PER_000093,PER_000007,PH_000138,,,,LOC_000071,,,internal,completed,web,
EVT_002930,location_ping,2025-09-09 19:03:46,PER_000087,,,DEV_000072,,,LOC_000084,,,,completed,pos,
EVT_002051,call,2025-09-09 19:07:07,PER_000059,PER_000036,PH_000180,,,,LOC_000071,,1147.0,outbound,completed,api,
EVT_003933,location_ping,2025-09-09 19:11:29,PER_000001,,,DEV_000119,,,LOC_000029,,,,completed,atm,
EVT_000899,sms,2025-09-09 19:12:50,PER_000018,PER_000024,PH_000018,,,,LOC_000001,,,internal,completed,api,
EVT_000012,login,2025-09-09 20:03:09,PER_000024,,PH_000024,DEV_000012,IP_000006,,LOC_000067,,,,completed,pos,
EVT_005557,location_ping,2025-09-09 20:17:57,PER_000001,,,DEV_000008,,,LOC_000029,,,,completed,mobile_app,
EVT_000838,location_ping,2025-09-09 21:18:36,PER_000042,,,DEV_000082,,,LOC_000060,,,,completed,ussd,
EVT_004068,sms,2025-09-10 09:24:15,PER_000050,PER_000042,PH_000050,,,,LOC_000058,,,internal,completed,atm,
EVT_006558,login,2025-09-10 09:38:32,PER_000082,,PH_000170,DEV_000068,IP_000073,,LOC_000082,,,,completed,mobile_app,
EVT_001403,call,2025-09-10 10:42:50,PER_000018,PER_000057,PH_000018,,,,LOC_000001,,679.0,outbound,completed,pos,
EVT_007289,sms,2025-09-10 11:13:35,PER_000013,PER_000071,PH_000292,,,,LOC_000041,,,outbound,completed,api,
EVT_006166,transaction,2025-09-10 11:22:23,PER_000062,PER_000010,,DEV_000108,IP_000097,ACC_000062,LOC_000033,2609.02,,outbound,completed,mobile_app,withdrawal
EVT_005331,sms,2025-09-10 11:59:34,PER_000073,PER_000088,PH_000116,,,,LOC_000091,,,internal,completed,pos,
EVT_002805,login,2025-09-10 13:31:30,PER_000027,,PH_000245,DEV_000037,IP_000100,,LOC_000097,,,,completed,atm,
EVT_004228,sms,2025-09-10 16:42:33,PER_000027,PER_000052,PH_000245,,,,LOC_000097,,,outbound,completed,web,
EVT_000332,location_ping,2025-09-10 16:50:29,PER_000085,,,DEV_000038,,,LOC_000085,,,,completed,atm,
EVT_003129,location_ping,2025-09-10 18:56:51,PER_000073,,,DEV_000038,,,LOC_000015,,,,completed,atm,
EVT_005112,transaction,2025-09-10 19:28:12,PER_000048,PER_000094,,DEV_000034,IP_000046,ACC_000148,LOC_000025,3627.43,,inbound,completed,mobile_app,withdrawal
EVT_006317,transaction,2025-09-10 20:26:35,PER_000018,PER_000050,,DEV_000120,IP_000069,ACC_000118,LOC_000001,92594.94,,outbound,completed,pos,withdrawal
EVT_002471,call,2025-09-10 21:06:47,PER_000008,PER_000089,PH_000135,,,,LOC_000077,,149.0,inbound,completed,ussd,
EVT_003170,location_ping,2025-09-10 22:43:29,PER_000073,,,DEV_000011,,,LOC_000015,,,,completed,api,
EVT_005969,login,2025-09-11 03:42:52,PER_000088,,PH_000088,DEV_000074,IP_000034,,LOC_000060,,,,completed,atm,
EVT_001274,transaction,2025-09-11 04:09:16,PER_000027,PER_000002,,DEV_000041,IP_000084,ACC_000027,LOC_000090,1882.51,,inbound,completed,atm,transfer
EVT_000989,call,2025-09-11 06:09:58,PER_000065,PER_000010,PH_000159,,,,LOC_000072,,212.0,internal,completed,mobile_app,
EVT_002450,transaction,2025-09-11 06:21:36,PER_000027,PER_000042,,DEV_000048,IP_000004,ACC_000127,LOC_000097,362579.81,,outbound,completed,api,payment
EVT_002859,location_ping,2025-09-11 08:33:08,PER_000069,,,DEV_000072,,,LOC_000060,,,,completed,atm,
EVT_005426,login,2025-09-11 09:32:02,PER_000016,,PH_000016,DEV_000100,IP_000105,,LOC_000054,,,,completed,ussd,
EVT_000706,transaction,2025-09-11 11:08:14,PER_000027,PER_000016,,DEV_000030,IP_000015,ACC_000027,LOC_000097,299130.13,,inbound,completed,ussd,p2p
EVT_001761,location_ping,2025-09-11 11:16:40,PER_000042,,,DEV_000051,,,LOC_000060,,,,completed,pos,
EVT_005218,login,2025-09-11 12:07:36,PER_000018,,PH_000018,DEV_000078,IP_000011,,LOC_000001,,,,completed,ussd,
EVT_005724,sms,2025-09-11 13:16:40,PER_000001,PER_000083,PH_000001,,,,LOC_000080,,,internal,completed,pos,
EVT_004859,call,2025-09-11 13:32:21,PER_000027,PER_000024,PH_000245,,,,LOC_000097,,403.0,internal,completed,ussd,
EVT_005451,login,2025-09-11 14:03:59,PER_000050,,PH_000117,DEV_000057,IP_000007,,LOC_000058,,,,completed,web,
EVT_002476,login,2025-09-11 15:34:35,PER_000031,,PH_000031,DEV_000071,IP_000091,,LOC_000017,,,,completed,ussd,
EVT_005180,call,2025-09-11 16:03:12,PER_000076,PER_000067,PH_000147,,,,LOC_000016,,465.0,internal,completed,web,
EVT_004780,sms,2025-09-11 16:31:21,PER_000075,PER_000003,PH_000075,,,,LOC_000102,,,internal,completed,mobile_app,
EVT_002556,login,2025-09-11 17:23:33,PER_000010,,PH_000212,DEV_000050,IP_000020,,LOC_000034,,,,completed,web,
EVT_002416,location_ping,2025-09-11 17:42:59,PER_000042,,,DEV_000002,,,LOC_000060,,,,completed,mobile_app,
EVT_004116,transaction,2025-09-11 18:39:51,PER_000022,PER_000071,,DEV_000120,IP_000077,ACC_000022,LOC_000007,2566.52,,inbound,completed,mobile_app,transfer
EVT_003488,transaction,2025-09-11 20:21:57,PER_000028,PER_000051,,DEV_000079,IP_000107,ACC_000128,LOC_000003,2842.56,,inbound,completed,pos,deposit
EVT_005443,location_ping,2025-09-11 20:24:59,PER_000023,,,DEV_000086,,,LOC_000117,,,,completed,mobile_app,
EVT_005268,sms,2025-09-11 23:53:08,PER_000073,PER_000027,PH_000244,,,,LOC_000015,,,outbound,completed,mobile_app,
EVT_001090,location_ping,2025-09-12 03:00:07,PER_000033,,,DEV_000076,,,LOC_000022,,,,completed,ussd,
EVT_004178,login,2025-09-12 03:19:45,PER_000009,,PH_000009,DEV_000089,IP_000070,,LOC_000112,,,,completed,web,
EVT_003177,login,2025-09-12 04:28:13,PER_000088,,PH_000088,DEV_000116,IP_000093,,LOC_000060,,,,completed,atm,
EVT_004375,sms,2025-09-12 08:40:01,PER_000059,PER_000025,PH_000158,,,,LOC_000071,,,internal,completed,web,
EVT_002264,transaction,2025-09-12 10:07:57,PER_000041,PER_000052,,DEV_000103,IP_000030,ACC_000041,LOC_000066,4413.27,,internal,completed,api,withdrawal
EVT_001071,call,2025-09-12 10:37:13,PER_000085,PER_000069,PH_000085,,,,LOC_000050,,687.0,internal,completed,ussd,
EVT_001222,location_ping,2025-09-12 10:46:07,PER_000060,,,DEV_000063,,,LOC_000014,,,,completed,ussd,
EVT_006484,sms,2025-09-12 12:01:48,PER_000006,PER_000089,PH_000006,,,,LOC_000060,,,internal,completed,atm,
EVT_002659,call,2025-09-12 13:58:59,PER_000036,PER_000083,PH_000036,,,,LOC_000044,,608.0,outbound,completed,ussd,
EVT_003448,location_ping,2025-09-12 14:01:18,PER_000068,,,DEV_000043,,,LOC_000081,,,,completed,api,
EVT_000851,call,2025-09-12 15:13:19,PER_000059,PER_000052,PH_000158,,,,LOC_000071,,694.0,outbound,completed,web,
EVT_003673,location_ping,2025-09-12 15:15:00,PER_000073,,,DEV_000088,,,LOC_000015,,,,completed,mobile_app,
EVT_006893,sms,2025-09-12 15:24:53,PER_000050,PER_000087,PH_000248,,,,LOC_000058,,,outbound,completed,mobile_app,
EVT_002715,login,2025-09-12 16:16:32,PER_000001,,PH_000298,DEV_000037,IP_000064,,LOC_000029,,,,completed,atm,
EVT_001649,sms,2025-09-12 16:25:12,PER_000059,PER_000010,PH_000180,,,,LOC_000071,,,outbound,completed,web,
EVT_005053,sms,2025-09-12 17:03:09,PER_000061,PER_000019,PH_000239,,,,LOC_000062,,,outbound,completed,web,
EVT_002824,sms,2025-09-12 17:04:23,PER_000044,PER_000047,PH_000250,,,,LOC_000032,,,internal,completed,web,
EVT_005944,transaction,2025-09-12 19:46:10,PER_000011,PER_000032,,DEV_000064,IP_000034,ACC_000011,LOC_000063,2930.56,,inbound,completed,pos,withdrawal
EVT_000545,login,2025-09-12 20:32:43,PER_000018,,PH_000018,DEV_000052,IP_000002,,LOC_000096,,,,completed,web,
EVT_005133,sms,2025-09-12 21:03:18,PER_000096,PER_000079,PH_000146,,,,LOC_000107,,,inbound,completed,atm,
EVT_000340,transaction,2025-09-12 21:32:51,PER_000059,PER_000099,,DEV_000022,IP_000079,ACC_000059,LOC_000071,4383.87,,outbound,completed,pos,payment
EVT_004930,transaction,2025-09-12 23:52:03,PER_000050,PER_000016,,DEV_000026,IP_000097,ACC_000050,LOC_000058,327164.51,,internal,completed,api,p2p
EVT_002039,login,2025-09-13 03:05:15,PER_000059,,PH_000180,DEV_000058,IP_000094,,LOC_000071,,,,completed,api,
EVT_005029,call,2025-09-13 09:01:17,PER_000023,PER_000094,PH_000234,,,,LOC_000117,,1157.0,internal,completed,web,
EVT_005064,login,2025-09-13 09:21:15,PER_000087,,PH_000087,DEV_000096,IP_000058,,LOC_000099,,,,completed,atm,
EVT_004534,transaction,2025-09-13 12:25:39,PER_000045,PER_000098,,DEV_000001,IP_000001,ACC_000045,LOC_000004,3666.71,,outbound,completed,ussd,payment
EVT_006901,call,2025-09-13 12:47:02,PER_000079,PER_000051,PH_000079,,,,LOC_000004,,1140.0,internal,completed,atm,
EVT_000947,transaction,2025-09-13 13:19:48,PER_000087,PER_000027,,DEV_000030,IP_000076,ACC_000087,LOC_000099,1469.79,,inbound,completed,atm,payment
EVT_002231,location_ping,2025-09-13 13:39:08,PER_000062,,,DEV_000111,,,LOC_000033,,,,completed,atm,
EVT_006753,transaction,2025-09-13 13:46:45,PER_000002,PER_000016,,DEV_000017,IP_000005,ACC_000002,LOC_000032,1166.35,,internal,completed,web,transfer
EVT_000951,location_ping,2025-09-13 14:27:27,PER_000087,,,DEV_000063,,,LOC_000099,,,,completed,web,
EVT_006729,sms,2025-09-13 14:46:57,PER_000024,PER_000018,PH_000024,,,,LOC_000083,,,outbound,completed,mobile_app,
EVT_001305,location_ping,2025-09-13 15:01:25,PER_000083,,,DEV_000113,,,LOC_000067,,,,completed,ussd,
EVT_005629,transaction,2025-09-13 16:18:24,PER_000068,PER_000077,,DEV_000067,IP_000045,ACC_000068,LOC_000081,1244.36,,outbound,completed,ussd,p2p
EVT_003287,call,2025-09-13 17:21:12,PER_000073,PER_000020,PH_000116,,,,LOC_000015,,349.0,inbound,completed,api,
EVT_004531,login,2025-09-13 18:35:32,PER_000059,,PH_000180,DEV_000105,IP_000044,,LOC_000071,,,,completed,mobile_app,
EVT_003616,login,2025-09-13 21:35:01,PER_000089,,PH_000089,DEV_000087,IP_000074,,LOC_000047,,,,completed,web,
EVT_004070,transaction,2025-09-14 06:55:42,PER_000030,PER_000039,,DEV_000078,IP_000081,ACC_000030,LOC_000108,4151.28,,outbound,completed,atm,deposit
EVT_001675,sms,2025-09-14 11:52:24,PER_000042,PER_000024,PH_000042,,,,LOC_000060,,,internal,completed,atm,
EVT_000968,sms,2025-09-14 12:20:20,PER_000020,PER_000051,PH_000256,,,,LOC_000056,,,internal,completed,api,
EVT_003063,call,2025-09-14 13:23:17,PER_000094,PER_000044,PH_000198,,,,LOC_000060,,190.0,outbound,completed,ussd,
EVT_000677,transaction,2025-09-14 14:54:55,PER_000059,PER_000066,,DEV_000045,IP_000116,ACC_000059,LOC_000071,3240.65,,internal,completed,mobile_app,withdrawal
EVT_007094,sms,2025-09-14 15:07:16,PER_000018,PER_000050,PH_000018,,,,LOC_000001,,,outbound,completed,pos,
EVT_005755,location_ping,2025-09-14 15:21:36,PER_000045,,,DEV_000001,,,LOC_000004,,,,completed,api,
EVT_002617,transaction,2025-09-14 15:24:30,PER_000026,PER_000077,,DEV_000107,IP_000028,ACC_000026,LOC_000053,244.01,,inbound,completed,atm,payment
EVT_006196,transaction,2025-09-14 15:29:16,PER_000093,PER_000020,,DEV_000015,IP_000045,ACC_000093,LOC_000071,2132.84,,outbound,completed,mobile_app,payment
EVT_000503,transaction,2025-09-14 18:34:42,PER_000033,PER_000050,,DEV_000094,IP_000053,ACC_000033,LOC_000022,1221.56,,inbound,completed,ussd,withdrawal
EVT_007230,login,2025-09-14 21:10:59,PER_000093,,PH_000142,DEV_000066,IP_000078,,LOC_000071,,,,completed,atm,
EVT_004926,sms,2025-09-14 21:36:03,PER_000066,PER_000013,PH_000066,,,,LOC_000049,,,outbound,completed,api,
EVT_002889,login,2025-09-14 23:15:20,PER_000073,,PH_000116,DEV_000060,IP_000066,,LOC_000015,,,,completed,ussd,
EVT_000205,sms,2025-09-15 03:54:38,PER_000062,PER_000061,PH_000213,,,,LOC_000063,,,outbound,completed,pos,
EVT_003232,login,2025-09-15 05:18:48,PER_000062,,PH_000152,DEV_000101,IP_000061,,LOC_000033,,,,completed,web,
EVT_002145,login,2025-09-15 06:01:39,PER_000082,,PH_000149,DEV_000036,IP_000042,,LOC_000082,,,,completed,atm,
EVT_001205,sms,2025-09-15 06:08:19,PER_000037,PER_000080,PH_000037,,,,LOC_000004,,,outbound,completed,mobile_app,
EVT_006129,location_ping,2025-09-15 06:38:50,PER_000080,,,DEV_000061,,,LOC_000074,,,,completed,web,
EVT_004838,transaction,2025-09-15 09:31:02,PER_000042,PER_000002,,DEV_000033,IP_000053,ACC_000042,LOC_000060,4428.11,,internal,completed,ussd,deposit
EVT_006257,location_ping,2025-09-15 11:12:50,PER_000059,,,DEV_000074,,,LOC_000035,,,,completed,atm,
EVT_005128,sms,2025-09-15 11:19:32,PER_000016,PER_000002,PH_000016,,,,LOC_000054,,,outbound,completed,api,
EVT_005632,location_ping,2025-09-15 11:59:46,PER_000045,,,DEV_000001,,,LOC_000004,,,,completed,mobile_app,
EVT_001844,transaction,2025-09-15 12:03:03,PER_000093,PER_000013,,DEV_000062,IP_000032,ACC_000093,LOC_000071,33115.36,,outbound,completed,ussd,deposit
EVT_001163,login,2025-09-15 12:12:04,PER_000098,,PH_000098,DEV_000086,IP_000025,,LOC_000096,,,,completed,web,
EVT_005038,transaction,2025-09-15 14:45:00,PER_000051,PER_000073,,DEV_000020,IP_000049,ACC_000051,LOC_000052,3286.36,,inbound,completed,api,transfer
EVT_006544,login,2025-09-15 15:37:53,PER_000014,,PH_000014,DEV_000055,IP_000047,,LOC_000103,,,,completed,web,
EVT_005487,sms,2025-09-15 15:44:42,PER_000001,PER_000091,PH_000001,,,,LOC_000029,,,internal,completed,ussd,
EVT_003568,call,2025-09-15 16:06:48,PER_000008,PER_000084,PH_000008,,,,LOC_000077,,230.0,inbound,completed,pos,
EVT_000318,sms,2025-09-15 16:14:53,PER_000059,PER_000025,PH_000059,,,,LOC_000071,,,outbound,completed,mobile_app,
EVT_006053,transaction,2025-09-15 16:31:41,PER_000075,PER_000024,,DEV_000022,IP_000004,ACC_000075,LOC_000102,1475.25,,outbound,completed,web,withdrawal
EVT_003231,location_ping,2025-09-15 16:35:04,PER_000069,,,DEV_000081,,,LOC_000031,,,,completed,ussd,
EVT_001595,location_ping,2025-09-15 16:51:11,PER_000027,,,DEV_000068,,,LOC_000097,,,,completed,pos,
EVT_005582,sms,2025-09-15 18:56:53,PER_000027,PER_000032,PH_000245,,,,LOC_000097,,,internal,completed,web,
EVT_005799,transaction,2025-09-15 19:11:00,PER_000042,PER_000027,,DEV_000097,IP_000009,ACC_000042,LOC_000060,474834.06,,inbound,completed,atm,transfer
EVT_004122,transaction,2025-09-15 20:04:55,PER_000035,PER_000051,,DEV_000111,IP_000007,ACC_000035,LOC_000014,2418.76,,internal,completed,mobile_app,transfer
EVT_000654,location_ping,2025-09-15 21:10:48,PER_000030,,,DEV_000100,,,LOC_000108,,,,completed,api,
EVT_007384,transaction,2025-09-16 07:37:21,PER_000001,PER_000100,,DEV_000058,IP_000062,ACC_000001,LOC_000029,1592.36,,inbound,completed,web,payment
EVT_006479,sms,2025-09-16 09:54:28,PER_000001,PER_000043,PH_000001,,,,LOC_000029,,,internal,completed,web,
EVT_006979,call,2025-09-16 11:02:53,PER_000074,PER_000036,PH_000274,,,,LOC_000106,,742.0,outbound,completed,api,
EVT_003711,sms,2025-09-16 12:49:18,PER_000030,PER_000012,PH_000229,,,,LOC_000108,,,internal,completed,ussd,
EVT_000289,login,2025-09-16 13:02:27,PER_000006,,PH_000243,DEV_000051,IP_000062,,LOC_000060,,,,completed,mobile_app,
EVT_005989,location_ping,2025-09-16 16:20:58,PER_000024,,,DEV_000058,,,LOC_000083,,,,completed,mobile_app,
EVT_002268,call,2025-09-16 20:02:47,PER_000050,PER_000002,PH_000050,,,,LOC_000058,,211.0,internal,completed,pos,
EVT_006928,call,2025-09-16 20:26:45,PER_000002,PER_000087,PH_000114,,,,LOC_000032,,1068.0,outbound,completed,pos,
EVT_005314,call,2025-09-17 04:37:42,PER_000082,PER_000061,PH_000082,,,,LOC_000082,,86.0,internal,completed,atm,
EVT_003250,location_ping,2025-09-17 05:31:53,PER_000033,,,DEV_000018,,,LOC_000022,,,,completed,mobile_app,
EVT_002354,transaction,2025-09-17 05:43:27,PER_000062,PER_000024,,DEV_000058,IP_000091,ACC_000062,LOC_000033,2650.21,,outbound,completed,mobile_app,payment
EVT_004066,sms,2025-09-17 05:45:50,PER_000073,PER_000024,PH_000244,,,,LOC_000015,,,inbound,completed,mobile_app,
EVT_007439,transaction,2025-09-17 07:36:14,PER_000018,PER_000024,,DEV_000044,IP_000074,ACC_000118,LOC_000001,353648.0,,inbound,completed,mobile_app,deposit
EVT_001285,sms,2025-09-17 09:51:38,PER_000029,PER_000004,PH_000029,,,,LOC_000100,,,inbound,completed,pos,
EVT_006754,location_ping,2025-09-17 09:58:26,PER_000062,,,DEV_000006,,,LOC_000033,,,,completed,api,
EVT_006819,location_ping,2025-09-17 10:38:15,PER_000042,,,DEV_000034,,,LOC_000060,,,,completed,web,
EVT_000081,call,2025-09-17 11:14:35,PER_000027,PER_000024,PH_000027,,,,LOC_000097,,1035.0,outbound,completed,pos,
EVT_005276,location_ping,2025-09-17 12:32:00,PER_000007,,,DEV_000104,,,LOC_000059,,,,completed,web,
EVT_000059,transaction,2025-09-17 14:19:54,PER_000086,PER_000022,,DEV_000038,IP_000013,ACC_000086,LOC_000012,3436.69,,internal,completed,atm,p2p
EVT_006189,location_ping,2025-09-17 14:32:25,PER_000027,,,DEV_000110,,,LOC_000097,,,,completed,ussd,
EVT_002184,sms,2025-09-17 14:55:48,PER_000009,PER_000068,PH_000278,,,,LOC_000107,,,internal,completed,mobile_app,
EVT_000001,login,2025-09-17 15:18:40,PER_000002,,PH_000114,DEV_000055,IP_000090,,LOC_000032,,,,completed,ussd,
EVT_002926,sms,2025-09-17 15:25:55,PER_000042,PER_000016,PH_000199,,,,LOC_000060,,,internal,completed,web,
EVT_006649,location_ping,2025-09-17 17:00:44,PER_000053,,,DEV_000022,,,LOC_000046,,,,completed,mobile_app,
EVT_005459,login,2025-09-17 17:12:28,PER_000024,,PH_000024,DEV_000018,IP_000116,,LOC_000083,,,,completed,atm,
EVT_007069,call,2025-09-17 18:27:35,PER_000067,PER_000039,PH_000200,,,,LOC_000040,,837.0,internal,completed,ussd,
EVT_005308,call,2025-09-17 18:42:04,PER_000087,PER_000024,PH_000294,,,,LOC_000099,,611.0,internal,completed,web,
EVT_005848,login,2025-09-17 19:06:01,PER_000016,,PH_000016,DEV_000020,IP_000039,,LOC_000054,,,,completed,atm,
EVT_000425,login,2025-09-18 04:48:32,PER_000024,,PH_000024,DEV_000015,IP_000035,,LOC_000083,,,,completed,ussd,
EVT_006962,login,2025-09-18 05:19:08,PER_000061,,PH_000239,DEV_000016,IP_000006,,LOC_000062,,,,completed,api,
EVT_001775,sms,2025-09-18 05:42:22,PER_000050,PER_000087,PH_000261,,,,LOC_000094,,,inbound,completed,web,
EVT_003421,location_ping,2025-09-18 05:49:00,PER_000024,,,DEV_000024,,,LOC_000083,,,,completed,mobile_app,
EVT_005729,call,2025-09-18 06:29:51,PER_000059,PER_000005,PH_000137,,,,LOC_000071,,872.0,inbound,completed,pos,
EVT_001488,call,2025-09-18 07:12:51,PER_000027,PER_000042,PH_000245,,,,LOC_000097,,718.0,internal,completed,pos,
EVT_007259,location_ping,2025-09-18 10:58:19,PER_000001,,,DEV_000082,,,LOC_000089,,,,completed,atm,
EVT_007492,call,2025-09-18 11:30:36,PER_000062,PER_000070,PH_000152,,,,LOC_000068,,814.0,internal,completed,api,
EVT_004685,call,2025-09-18 11:45:06,PER_000011,PER_000100,PH_000255,,,,LOC_000117,,479.0,outbound,completed,web,
EVT_001947,login,2025-09-18 12:21:04,PER_000073,,PH_000116,DEV_000107,IP_000043,,LOC_000015,,,,completed,api,
EVT_003869,login,2025-09-18 12:27:28,PER_000001,,PH_000298,DEV_000111,IP_000043,,LOC_000029,,,,completed,atm,
EVT_005474,call,2025-09-18 12:59:36,PER_000073,PER_000046,PH_000116,,,,LOC_000015,,547.0,internal,completed,pos,
EVT_002803,sms,2025-09-18 13:33:01,PER_000043,PER_000045,PH_000043,,,,LOC_000110,,,internal,completed,pos,
EVT_003536,location_ping,2025-09-18 14:44:43,PER_000090,,,DEV_000028,,,LOC_000027,,,,completed,pos,
EVT_007474,login,2025-09-18 15:39:15,PER_000093,,PH_000262,DEV_000062,IP_000064,,LOC_000071,,,,completed,atm,
EVT_004546,transaction,2025-09-18 16:25:21,PER_000050,PER_000024,,DEV_000034,IP_000027,ACC_000150,LOC_000058,304496.55,,internal,completed,atm,transfer
EVT_006582,sms,2025-09-18 16:43:30,PER_000005,PER_000042,PH_000005,,,,LOC_000100,,,outbound,completed,web,
EVT_000904,login,2025-09-18 17:33:54,PER_000002,,PH_000002,DEV_000066,IP_000048,,LOC_000013,,,,completed,pos,
EVT_006623,login,2025-09-18 17:43:39,PER_000093,,PH_000262,DEV_000087,IP_000011,,LOC_000071,,,,completed,atm,
EVT_005442,call,2025-09-18 19:50:20,PER_000027,PER_000042,PH_000245,,,,LOC_000097,,529.0,internal,completed,atm,
EVT_006290,login,2025-09-18 21:00:06,PER_000074,,PH_000074,DEV_000091,IP_000054,,LOC_000106,,,,completed,ussd,
EVT_005813,location_ping,2025-09-19 05:23:41,PER_000014,,,DEV_000005,,,LOC_000050,,,,completed,atm,
EVT_001565,call,2025-09-19 05:47:14,PER_000027,PER_000050,PH_000027,,,,LOC_000097,,282.0,internal,completed,ussd,
EVT_004640,call,2025-09-19 07:53:46,PER_000073,PER_000027,PH_000162,,,,LOC_000015,,674.0,internal,completed,atm,
EVT_002045,location_ping,2025-09-19 07:57:30,PER_000050,,,DEV_000028,,,LOC_000058,,,,completed,atm,
EVT_002781,transaction,2025-09-19 09:21:39,PER_000087,PER_000027,,DEV_000099,IP_000070,ACC_000087,LOC_000099,439713.66,,internal,completed,pos,withdrawal
EVT_004289,call,2025-09-19 09:54:23,PER_000080,PER_000084,PH_000118,,,,LOC_000074,,450.0,internal,completed,ussd,
EVT_007288,login,2025-09-19 10:04:35,PER_000007,,PH_000007,DEV_000055,IP_000078,,LOC_000059,,,,completed,ussd,
EVT_003508,location_ping,2025-09-19 10:14:01,PER_000020,,,DEV_000070,,,LOC_000056,,,,completed,pos,
EVT_006714,call,2025-09-19 10:35:39,PER_000002,PER_000016,PH_000002,,,,LOC_000032,,897.0,outbound,completed,atm,
EVT_002755,sms,2025-09-19 11:36:12,PER_000071,PER_000049,PH_000071,,,,LOC_000005,,,internal,completed,pos,
EVT_001009,login,2025-09-19 12:31:24,PER_000027,,PH_000027,DEV_000061,IP_000044,,LOC_000097,,,,completed,atm,
EVT_002144,login,2025-09-19 13:32:21,PER_000002,,PH_000114,DEV_000069,IP_000094,,LOC_000032,,,,completed,pos,
EVT_003399,login,2025-09-19 15:16:56,PER_000023,,PH_000234,DEV_000006,IP_000038,,LOC_000117,,,,completed,pos,
EVT_006343,transaction,2025-09-19 15:56:24,PER_000030,PER_000064,,DEV_000059,IP_000003,ACC_000030,LOC_000108,3581.03,,inbound,completed,ussd,payment
EVT_004743,location_ping,2025-09-19 16:53:05,PER_000062,,,DEV_000092,,,LOC_000033,,,,completed,atm,
EVT_001465,transaction,2025-09-19 23:42:58,PER_000048,PER_000015,,DEV_000069,IP_000020,ACC_000148,LOC_000025,1351.32,,inbound,completed,ussd,payment
EVT_005393,login,2025-09-20 04:51:04,PER_000044,,PH_000044,DEV_000027,IP_000067,,LOC_000032,,,,completed,web,
EVT_000017,login,2025-09-20 07:03:43,PER_000046,,PH_000046,DEV_000034,IP_000105,,LOC_000028,,,,completed,pos,
EVT_002344,call,2025-09-20 07:07:39,PER_000011,PER_000040,PH_000255,,,,LOC_000063,,369.0,inbound,completed,mobile_app,
EVT_003262,call,2025-09-20 08:01:06,PER_000042,PER_000018,PH_000042,,,,LOC_000060,,469.0,outbound,completed,web,
EVT_002480,call,2025-09-20 09:06:07,PER_000027,PER_000018,PH_000245,,,,LOC_000097,,653.0,outbound,completed,ussd,
EVT_007429,login,2025-09-20 10:22:26,PER_000023,,PH_000234,DEV_000110,IP_000047,,LOC_000089,,,,completed,mobile_app,
EVT_006394,location_ping,2025-09-20 11:59:58,PER_000045,,,DEV_000001,,,LOC_000004,,,,completed,api,
EVT_000485,login,2025-09-20 12:06:52,PER_000006,,PH_000121,DEV_000042,IP_000072,,LOC_000060,,,,completed,ussd,
EVT_006738,transaction,2025-09-20 16:29:19,PER_000011,PER_000036,,DEV_000016,IP_000044,ACC_000011,LOC_000063,1491.77,,internal,completed,mobile_app,p2p
EVT_003413,login,2025-09-20 16:31:12,PER_000032,,PH_000032,DEV_000104,IP_000008,,LOC_000028,,,,completed,atm,
EVT_003483,login,2025-09-20 17:39:50,PER_000006,,PH_000243,DEV_000109,IP_000083,,LOC_000060,,,,completed,ussd,
EVT_001064,sms,2025-09-20 18:38:31,PER_000059,PER_000036,PH_000137,,,,LOC_000071,,,internal,completed,web,
EVT_002204,transaction,2025-09-20 18:40:37,PER_000062,PER_000092,,DEV_000073,IP_000075,ACC_000062,LOC_000044,2225.85,,inbound,completed,ussd,transfer
EVT_000771,call,2025-09-20 18:49:13,PER_000027,PER_000024,PH_000245,,,,LOC_000097,,988.0,outbound,completed,api,
EVT_007478,sms,2025-09-20 19:03:11,PER_000024,PER_000027,PH_000024,,,,LOC_000083,,,outbound,completed,pos,
EVT_002189,login,2025-09-20 20:19:49,PER_000057,,PH_000057,DEV_000069,IP_000100,,LOC_000011,,,,completed,atm,
EVT_006773,login,2025-09-20 20:57:12,PER_000002,,PH_000114,DEV_000001,IP_000013,,LOC_000032,,,,completed,api,
EVT_005550,transaction,2025-09-20 21:11:17,PER_000075,PER_000054,,DEV_000088,IP_000118,ACC_000075,LOC_000102,3787.04,,internal,completed,ussd,transfer
EVT_005241,call,2025-09-21 09:41:57,PER_000059,PER_000030,PH_000158,,,,LOC_000071,,677.0,internal,completed,api,
EVT_006800,sms,2025-09-21 10:54:05,PER_000050,PER_000018,PH_000050,,,,LOC_000058,,,outbound,completed,mobile_app,
EVT_000717,sms,2025-09-21 10:55:33,PER_000001,PER_000051,PH_000298,,,,LOC_000029,,,internal,completed,mobile_app,
EVT_004378,location_ping,2025-09-21 11:26:45,PER_000050,,,DEV_000001,,,LOC_000058,,,,completed,mobile_app,
EVT_005166,location_ping,2025-09-21 13:13:06,PER_000001,,,DEV_000070,,,LOC_000029,,,,completed,mobile_app,
EVT_000547,sms,2025-09-21 15:22:03,PER_000062,PER_000055,PH_000152,,,,LOC_000044,,,outbound,completed,api,
EVT_000644,location_ping,2025-09-21 15:54:20,PER_000098,,,DEV_000091,,,LOC_000096,,,,completed,web,
EVT_004980,call,2025-09-21 16:30:56,PER_000049,PER_000008,PH_000151,,,,LOC_000072,,280.0,internal,completed,mobile_app,
EVT_000118,sms,2025-09-21 17:08:28,PER_000079,PER_000021,PH_000079,,,,LOC_000004,,,inbound,completed,pos,
EVT_003018,location_ping,2025-09-21 17:17:21,PER_000042,,,DEV_000025,,,LOC_000060,,,,completed,api,
EVT_006663,login,2025-09-21 17:19:37,PER_000071,,PH_000071,DEV_000055,IP_000054,,LOC_000005,,,,completed,atm,
EVT_002451,transaction,2025-09-21 17:23:56,PER_000001,PER_000038,,DEV_000072,IP_000029,ACC_000101,LOC_000089,141628.57,,outbound,completed,atm,deposit
EVT_004965,location_ping,2025-09-21 17:54:52,PER_000042,,,DEV_000050,,,LOC_000060,,,,completed,ussd,
EVT_003986,call,2025-09-21 18:12:46,PER_000027,PER_000025,PH_000245,,,,LOC_000015,,1195.0,internal,completed,atm,
EVT_003901,location_ping,2025-09-21 18:43:51,PER_000079,,,DEV_000056,,,LOC_000004,,,,completed,api,
EVT_005773,login,2025-09-21 19:48:46,PER_000024,,PH_000024,DEV_000070,IP_000075,,LOC_000083,,,,completed,mobile_app,
EVT_007385,sms,2025-09-21 20:11:44,PER_000050,PER_000016,PH_000117,,,,LOC_000058,,,outbound,completed,pos,
EVT_001626,transaction,2025-09-22 05:58:59,PER_000004,PER_000068,,DEV_000076,IP_000087,ACC_000004,LOC_000052,3501.73,,inbound,completed,api,deposit
EVT_004600,login,2025-09-22 07:35:32,PER_000059,,PH_000059,DEV_000001,IP_000061,,LOC_000091,,,,completed,api,
EVT_005404,sms,2025-09-22 07:58:05,PER_000001,PER_000054,PH_000001,,,,LOC_000029,,,inbound,completed,web,
EVT_000924,login,2025-09-22 08:27:11,PER_000085,,PH_000085,DEV_000004,IP_000089,,LOC_000085,,,,completed,api,
EVT_001127,sms,2025-09-22 10:12:24,PER_000064,PER_000093,PH_000101,,,,LOC_000020,,,outbound,completed,mobile_app,
EVT_001623,location_ping,2025-09-22 10:53:19,PER_000024,,,DEV_000058,,,LOC_000083,,,,completed,web,
EVT_003327,sms,2025-09-22 11:20:03,PER_000096,PER_000018,PH_000146,,,,LOC_000066,,,internal,completed,pos,
EVT_000446,login,2025-09-22 11:21:37,PER_000001,,PH_000001,DEV_000014,IP_000014,,LOC_000029,,,,completed,web,
EVT_002482,call,2025-09-22 12:38:10,PER_000010,PER_000053,PH_000010,,,,LOC_000034,,791.0,inbound,completed,api,
EVT_006192,login,2025-09-22 13:23:01,PER_000071,,PH_000071,DEV_000028,IP_000039,,LOC_000068,,,,completed,api,
EVT_003190,transaction,2025-09-22 14:37:37,PER_000062,PER_000093,,DEV_000061,IP_000012,ACC_000062,LOC_000033,4188.06,,inbound,completed,ussd,p2p
EVT_003829,sms,2025-09-22 15:33:28,PER_000083,PER_000040,PH_000203,,,,LOC_000053,,,inbound,completed,atm,
EVT_003037,transaction,2025-09-22 16:03:19,PER_000073,PER_000002,,DEV_000100,IP_000038,ACC_000073,LOC_000015,73.29,,internal,completed,atm,payment
EVT_006798,transaction,2025-09-22 16:21:54,PER_000016,PER_000002,,DEV_000107,IP_000052,ACC_000116,LOC_000054,4413.02,,inbound,completed,ussd,deposit
EVT_001702,sms,2025-09-22 21:32:42,PER_000059,PER_000076,PH_000158,,,,LOC_000071,,,outbound,completed,web,
EVT_000466,sms,2025-09-22 21:37:50,PER_000061,PER_000072,PH_000239,,,,LOC_000062,,,inbound,completed,web,
EVT_004110,location_ping,2025-09-22 22:45:42,PER_000089,,,DEV_000068,,,LOC_000047,,,,completed,ussd,
EVT_003311,sms,2025-09-23 04:54:22,PER_000091,PER_000098,PH_000235,,,,LOC_000057,,,inbound,completed,api,
EVT_001682,call,2025-09-23 05:23:52,PER_000089,PER_000067,PH_000089,,,,LOC_000047,,1196.0,outbound,completed,api,
EVT_007191,location_ping,2025-09-23 09:24:41,PER_000001,,,DEV_000099,,,LOC_000029,,,,completed,ussd,
EVT_001145,call,2025-09-23 10:44:06,PER_000096,PER_000015,PH_000096,,,,LOC_000025,,431.0,internal,completed,web,
EVT_004462,location_ping,2025-09-23 11:03:02,PER_000062,,,DEV_000098,,,LOC_000033,,,,completed,api,
EVT_003848,call,2025-09-23 12:06:10,PER_000064,PER_000008,PH_000267,,,,LOC_000020,,19.0,outbound,completed,ussd,
EVT_000458,login,2025-09-23 12:29:11,PER_000048,,PH_000172,DEV_000092,IP_000048,,LOC_000025,,,,completed,pos,
EVT_005913,login,2025-09-23 13:24:39,PER_000023,,PH_000234,DEV_000053,IP_000066,,LOC_000117,,,,completed,ussd,
EVT_005320,call,2025-09-23 13:26:25,PER_000001,PER_000067,PH_000001,,,,LOC_000029,,177.0,outbound,completed,atm,
EVT_000079,transaction,2025-09-23 13:33:44,PER_000086,PER_000091,,DEV_000056,IP_000085,ACC_000086,LOC_000012,681.72,,internal,completed,api,payment
EVT_004835,transaction,2025-09-23 13:44:59,PER_000073,PER_000037,,DEV_000023,IP_000011,ACC_000073,LOC_000015,4029.04,,inbound,completed,ussd,transfer
EVT_002304,location_ping,2025-09-23 15:37:17,PER_000082,,,DEV_000033,,,LOC_000082,,,,completed,api,
EVT_002287,transaction,2025-09-23 17:36:47,PER_000016,PER_000024,,DEV_000119,IP_000067,ACC_000016,LOC_000054,238031.51,,outbound,completed,ussd,deposit
EVT_005466,location_ping,2025-09-23 18:10:41,PER_000018,,,DEV_000080,,,LOC_000001,,,,completed,web,
EVT_001570,location_ping,2025-09-23 18:24:15,PER_000001,,,DEV_000096,,,LOC_000029,,,,completed,ussd,
EVT_003341,transaction,2025-09-23 21:16:00,PER_000046,PER_000007,,DEV_000006,IP_000114,ACC_000146,LOC_000028,1158.09,,internal,completed,atm,payment
EVT_001011,transaction,2025-09-23 21:43:26,PER_000025,PER_000037,,DEV_000077,IP_000055,ACC_000025,LOC_000007,867.0,,internal,completed,mobile_app,deposit
EVT_001571,location_ping,2025-09-24 05:36:49,PER_000001,,,DEV_000016,,,LOC_000029,,,,completed,web,
EVT_000712,location_ping,2025-09-24 07:28:20,PER_000085,,,DEV_000025,,,LOC_000043,,,,completed,mobile_app,
EVT_001111,transaction,2025-09-24 07:45:35,PER_000022,PER_000088,,DEV_000114,IP_000058,ACC_000022,LOC_000107,981.91,,internal,completed,ussd,p2p
EVT_003985,location_ping,2025-09-24 11:55:56,PER_000047,,,DEV_000056,,,LOC_000113,,,,completed,ussd,
EVT_002362,sms,2025-09-24 13:43:31,PER_000029,PER_000097,PH_000029,,,,LOC_000100,,,internal,completed,api,
EVT_000225,call,2025-09-24 18:19:36,PER_000053,PER_000094,PH_000259,,,,LOC_000046,,739.0,inbound,completed,api,
EVT_004163,sms,2025-09-24 18:58:54,PER_000028,PER_000061,PH_000028,,,,LOC_000003,,,inbound,completed,pos,
EVT_000230,call,2025-09-24 19:49:42,PER_000002,PER_000016,PH_000114,,,,LOC_000032,,581.0,inbound,completed,mobile_app,
EVT_000900,call,2025-09-24 20:05:42,PER_000076,PER_000085,PH_000157,,,,LOC_000016,,593.0,outbound,completed,api,
EVT_004562,sms,2025-09-25 03:27:54,PER_000001,PER_000084,PH_000298,,,,LOC_000019,,,outbound,completed,api,
EVT_003183,sms,2025-09-25 06:44:14,PER_000073,PER_000085,PH_000244,,,,LOC_000015,,,internal,completed,atm,
EVT_002270,location_ping,2025-09-25 07:07:26,PER_000059,,,DEV_000091,,,LOC_000071,,,,completed,api,
EVT_006857,call,2025-09-25 07:40:44,PER_000027,PER_000034,PH_000245,,,,LOC_000097,,768.0,outbound,completed,pos,
EVT_000176,call,2025-09-25 08:42:04,PER_000015,PER_000006,PH_000015,,,,LOC_000054,,217.0,outbound,completed,pos,
EVT_004654,transaction,2025-09-25 08:52:13,PER_000002,PER_000016,,DEV_000021,IP_000020,ACC_000102,LOC_000032,370175.87,,outbound,completed,ussd,p2p
EVT_006405,call,2025-09-25 09:23:10,PER_000027,PER_000016,PH_000245,,,,LOC_000097,,787.0,outbound,completed,pos,
EVT_000965,call,2025-09-25 10:10:45,PER_000059,PER_000031,PH_000059,,,,LOC_000071,,157.0,inbound,completed,pos,
EVT_005013,login,2025-09-25 10:17:06,PER_000003,,PH_000126,DEV_000048,IP_000060,,LOC_000095,,,,completed,api,
EVT_002285,call,2025-09-25 10:38:51,PER_000046,PER_000050,PH_000046,,,,LOC_000028,,842.0,internal,completed,atm,
EVT_006204,call,2025-09-25 10:47:55,PER_000035,PER_000036,PH_000166,,,,LOC_000079,,1061.0,outbound,completed,pos,
EVT_004259,location_ping,2025-09-25 11:01:24,PER_000093,,,DEV_000033,,,LOC_000071,,,,completed,mobile_app,
EVT_003098,call,2025-09-25 14:41:34,PER_000051,PER_000045,PH_000124,,,,LOC_000038,,205.0,outbound,completed,api,
EVT_002033,login,2025-09-25 15:07:46,PER_000010,,PH_000212,DEV_000029,IP_000054,,LOC_000034,,,,completed,ussd,
EVT_000749,transaction,2025-09-25 15:20:39,PER_000093,PER_000048,,DEV_000084,IP_000022,ACC_000093,LOC_000071,1680.07,,outbound,completed,api,p2p
EVT_001332,location_ping,2025-09-25 16:29:26,PER_000018,,,DEV_000111,,,LOC_000001,,,,completed,ussd,
EVT_004307,transaction,2025-09-25 16:34:21,PER_000022,PER_000087,,DEV_000085,IP_000026,ACC_000022,LOC_000028,3137.54,,internal,completed,api,deposit
EVT_006272,call,2025-09-25 17:13:52,PER_000006,PER_000022,PH_000121,,,,LOC_000056,,993.0,inbound,completed,ussd,
EVT_007001,sms,2025-09-25 18:11:55,PER_000096,PER_000089,PH_000096,,,,LOC_000107,,,outbound,completed,atm,
EVT_000816,transaction,2025-09-25 18:23:24,PER_000065,PER_000063,,DEV_000112,IP_000068,ACC_000065,LOC_000072,1550.52,,outbound,completed,pos,transfer
EVT_003987,login,2025-09-25 18:25:24,PER_000050,,PH_000050,DEV_000070,IP_000003,,LOC_000058,,,,completed,pos,
EVT_003276,location_ping,2025-09-25 22:15:30,PER_000050,,,DEV_000047,,,LOC_000058,,,,completed,atm,
EVT_000821,sms,2025-09-25 22:19:03,PER_000016,PER_000018,PH_000016,,,,LOC_000054,,,outbound,completed,api,
EVT_003802,sms,2025-09-25 23:28:32,PER_000030,PER_000084,PH_000242,,,,LOC_000108,,,outbound,completed,ussd,
EVT_003537,call,2025-09-26 07:01:55,PER_000061,PER_000090,PH_000239,,,,LOC_000062,,169.0,internal,completed,ussd,
EVT_005533,sms,2025-09-26 08:38:29,PER_000075,PER_000084,PH_000127,,,,LOC_000102,,,internal,completed,ussd,
EVT_004829,sms,2025-09-26 08:43:21,PER_000018,PER_000066,PH_000018,,,,LOC_000001,,,internal,completed,web,
EVT_003044,sms,2025-09-26 09:36:20,PER_000050,PER_000010,PH_000117,,,,LOC_000058,,,internal,completed,mobile_app,
EVT_000157,login,2025-09-26 09:48:05,PER_000004,,PH_000004,DEV_000034,IP_000080,,LOC_000052,,,,completed,pos,
EVT_003066,call,2025-09-26 11:26:11,PER_000062,PER_000071,PH_000152,,,,LOC_000033,,625.0,outbound,completed,api,
EVT_005832,transaction,2025-09-26 12:03:20,PER_000030,PER_000072,,DEV_000079,IP_000081,ACC_000130,LOC_000108,4294.29,,outbound,completed,ussd,deposit
EVT_004465,call,2025-09-26 12:17:24,PER_000083,PER_000077,PH_000203,,,,LOC_000053,,661.0,inbound,completed,ussd,
EVT_001602,login,2025-09-26 13:21:55,PER_000082,,PH_000149,DEV_000118,IP_000002,,LOC_000082,,,,completed,pos,
EVT_000960,sms,2025-09-26 13:51:32,PER_000002,PER_000087,PH_000114,,,,LOC_000032,,,outbound,completed,mobile_app,
EVT_001199,login,2025-09-26 17:06:15,PER_000054,,PH_000222,DEV_000058,IP_000109,,LOC_000030,,,,completed,ussd,
EVT_003447,login,2025-09-26 18:11:59,PER_000059,,PH_000158,DEV_000091,IP_000119,,LOC_000071,,,,completed,mobile_app,
EVT_000177,login,2025-09-27 05:39:44,PER_000073,,PH_000244,DEV_000033,IP_000007,,LOC_000015,,,,completed,api,
EVT_005416,login,2025-09-27 05:46:35,PER_000085,,PH_000085,DEV_000075,IP_000021,,LOC_000085,,,,completed,atm,
EVT_006100,sms,2025-09-27 06:59:34,PER_000016,PER_000042,PH_000016,,,,LOC_000054,,,outbound,completed,pos,
EVT_000027,call,2025-09-27 07:30:00,PER_000024,PER_000042,PH_000024,,,,LOC_000083,,59.0,outbound,completed,atm,
EVT_003285,sms,2025-09-27 09:50:48,PER_000020,PER_000050,PH_000256,,,,LOC_000056,,,inbound,completed,api,
EVT_002647,sms,2025-09-27 09:53:06,PER_000042,PER_000002,PH_000042,,,,LOC_000060,,,inbound,completed,mobile_app,
EVT_001782,location_ping,2025-09-27 10:09:58,PER_000093,,,DEV_000027,,,LOC_000071,,,,completed,api,
EVT_006447,call,2025-09-27 10:47:28,PER_000073,PER_000097,PH_000073,,,,LOC_000015,,17.0,outbound,completed,web,
EVT_004303,call,2025-09-27 11:41:25,PER_000079,PER_000013,PH_000079,,,,LOC_000004,,461.0,inbound,completed,mobile_app,
EVT_005770,login,2025-09-27 12:09:11,PER_000042,,PH_000042,DEV_000082,IP_000079,,LOC_000079,,,,completed,api,
EVT_006446,location_ping,2025-09-27 15:01:23,PER_000050,,,DEV_000089,,,LOC_000058,,,,completed,web,
EVT_005369,sms,2025-09-27 15:13:04,PER_000016,PER_000059,PH_000016,,,,LOC_000117,,,outbound,completed,mobile_app,
EVT_000028,call,2025-09-27 15:55:23,PER_000059,PER_000010,PH_000158,,,,LOC_000071,,675.0,inbound,completed,atm,
EVT_003705,login,2025-09-27 17:41:27,PER_000069,,PH_000173,DEV_000054,IP_000095,,LOC_000031,,,,completed,pos,
EVT_006641,transaction,2025-09-27 19:55:09,PER_000059,PER_000019,,DEV_000110,IP_000102,ACC_000059,LOC_000071,1078.4,,internal,completed,mobile_app,withdrawal
EVT_000863,transaction,2025-09-27 20:38:49,PER_000026,PER_000020,,DEV_000103,IP_000069,ACC_000126,LOC_000059,1694.51,,internal,completed,api,withdrawal
EVT_003552,call,2025-09-27 20:54:47,PER_000005,PER_000062,PH_000005,,,,LOC_000100,,229.0,outbound,completed,api,
EVT_002462,location_ping,2025-09-27 21:38:03,PER_000021,,,DEV_000075,,,LOC_000086,,,,completed,atm,
EVT_003546,location_ping,2025-09-28 04:34:39,PER_000018,,,DEV_000087,,,LOC_000001,,,,completed,ussd,
EVT_004308,call,2025-09-28 05:28:19,PER_000039,PER_000059,PH_000039,,,,LOC_000002,,1191.0,outbound,completed,pos,
EVT_005286,call,2025-09-28 09:39:12,PER_000049,PER_000093,PH_000148,,,,LOC_000072,,246.0,inbound,completed,pos,
EVT_000413,location_ping,2025-09-28 10:07:44,PER_000017,,,DEV_000059,,,LOC_000116,,,,completed,ussd,
EVT_002953,location_ping,2025-09-28 10:56:31,PER_000080,,,DEV_000098,,,LOC_000074,,,,completed,web,
EVT_007240,transaction,2025-09-28 11:20:38,PER_000002,PER_000018,,DEV_000071,IP_000062,ACC_000002,LOC_000101,1956.12,,outbound,completed,pos,p2p
EVT_003342,login,2025-09-28 11:50:13,PER_000087,,PH_000294,DEV_000094,IP_000069,,LOC_000099,,,,completed,atm,
EVT_005106,call,2025-09-28 12:34:00,PER_000062,PER_000055,PH_000062,,,,LOC_000033,,671.0,outbound,completed,atm,
EVT_004265,call,2025-09-28 12:34:17,PER_000042,PER_000002,PH_000199,,,,LOC_000060,,58.0,inbound,completed,ussd,
EVT_001254,location_ping,2025-09-28 13:31:40,PER_000051,,,DEV_000083,,,LOC_000052,,,,completed,pos,
EVT_003952,login,2025-09-28 14:16:40,PER_000009,,PH_000278,DEV_000036,IP_000007,,LOC_000107,,,,completed,pos,
EVT_005847,sms,2025-09-28 16:27:07,PER_000073,PER_000060,PH_000073,,,,LOC_000015,,,outbound,completed,ussd,
EVT_007406,call,2025-09-28 17:06:52,PER_000093,PER_000082,PH_000225,,,,LOC_000071,,853.0,internal,completed,web,
EVT_001790,sms,2025-09-28 19:26:58,PER_000059,PER_000070,PH_000180,,,,LOC_000071,,,outbound,completed,pos,
EVT_005779,location_ping,2025-09-29 03:33:15,PER_000093,,,DEV_000051,,,LOC_000057,,,,completed,api,
EVT_004757,sms,2025-09-29 06:01:07,PER_000025,PER_000087,PH_000025,,,,LOC_000006,,,inbound,completed,web,
EVT_004281,sms,2025-09-29 06:09:04,PER_000077,PER_000036,PH_000271,,,,LOC_000104,,,internal,completed,ussd,
EVT_003228,transaction,2025-09-29 09:13:02,PER_000068,PER_000053,,DEV_000088,IP_000118,ACC_000068,LOC_000055,2002.06,,outbound,completed,ussd,payment
EVT_001099,location_ping,2025-09-29 11:58:11,PER_000079,,,DEV_000068,,,LOC_000042,,,,completed,api,
EVT_000024,login,2025-09-29 12:22:49,PER_000008,,PH_000008,DEV_000021,IP_000013,,LOC_000077,,,,completed,atm,
EVT_006626,sms,2025-09-29 13:32:52,PER_000050,PER_000016,PH_000117,,,,LOC_000058,,,outbound,completed,api,
EVT_003782,transaction,2025-09-29 13:50:24,PER_000057,PER_000076,,DEV_000006,IP_000112,ACC_000057,LOC_000030,3717.88,,internal,completed,pos,withdrawal
EVT_003658,sms,2025-09-29 15:39:15,PER_000010,PER_000034,PH_000010,,,,LOC_000034,,,outbound,completed,ussd,
EVT_006547,transaction,2025-09-29 15:58:30,PER_000016,PER_000024,,DEV_000028,IP_000024,ACC_000116,LOC_000054,271563.73,,inbound,completed,atm,payment
EVT_001474,sms,2025-09-29 17:57:15,PER_000035,PER_000072,PH_000035,,,,LOC_000119,,,internal,completed,pos,
EVT_001466,call,2025-09-29 18:20:16,PER_000093,PER_000072,PH_000262,,,,LOC_000097,,16.0,internal,completed,mobile_app,
EVT_007412,transaction,2025-09-29 19:43:03,PER_000034,PER_000083,,DEV_000033,IP_000068,ACC_000134,LOC_000075,4403.11,,inbound,completed,web,payment
EVT_006523,transaction,2025-09-30 07:36:56,PER_000053,PER_000030,,DEV_000011,IP_000060,ACC_000053,LOC_000077,2826.72,,internal,completed,web,p2p
EVT_005580,location_ping,2025-09-30 09:19:54,PER_000068,,,DEV_000117,,,LOC_000081,,,,completed,atm,
EVT_004365,call,2025-09-30 09:24:03,PER_000087,PER_000042,PH_000087,,,,LOC_000071,,768.0,outbound,completed,pos,
EVT_003693,location_ping,2025-09-30 11:46:02,PER_000061,,,DEV_000084,,,LOC_000062,,,,completed,atm,
EVT_000789,call,2025-09-30 13:47:25,PER_000046,PER_000032,PH_000046,,,,LOC_000028,,1025.0,internal,completed,mobile_app,
EVT_006348,call,2025-09-30 13:59:52,PER_000073,PER_000060,PH_000116,,,,LOC_000015,,127.0,inbound,completed,atm,
EVT_003153,call,2025-09-30 14:13:39,PER_000027,PER_000050,PH_000245,,,,LOC_000097,,344.0,outbound,completed,api,
EVT_007499,sms,2025-09-30 16:10:32,PER_000058,PER_000041,PH_000252,,,,LOC_000091,,,inbound,completed,ussd,
EVT_005372,login,2025-09-30 16:41:43,PER_000039,,PH_000039,DEV_000091,IP_000037,,LOC_000026,,,,completed,ussd,
EVT_006810,transaction,2025-09-30 18:43:12,PER_000073,PER_000087,,DEV_000011,IP_000116,ACC_000073,LOC_000015,3062.36,,outbound,completed,web,payment
EVT_005750,call,2025-09-30 20:55:16,PER_000062,PER_000084,PH_000152,,,,LOC_000033,,665.0,outbound,completed,web,
EVT_004296,login,2025-09-30 23:02:47,PER_000050,,PH_000248,DEV_000118,IP_000071,,LOC_000058,,,,completed,api,
EVT_000564,sms,2025-10-01 02:46:09,PER_000087,PER_000016,PH_000294,,,,LOC_000098,,,inbound,completed,ussd,
EVT_003609,location_ping,2025-10-01 06:15:02,PER_000047,,,DEV_000012,,,LOC_000113,,,,completed,pos,
EVT_005017,call,2025-10-01 06:50:53,PER_000064,PER_000011,PH_000267,,,,LOC_000020,,1191.0,outbound,completed,pos,
EVT_000386,login,2025-10-01 10:01:00,PER_000014,,PH_000014,DEV_000015,IP_000002,,LOC_000050,,,,completed,pos,
EVT_005809,call,2025-10-01 11:40:06,PER_000030,PER_000043,PH_000242,,,,LOC_000108,,341.0,outbound,completed,ussd,
EVT_006431,login,2025-10-01 11:54:49,PER_000018,,PH_000018,DEV_000113,IP_000099,,LOC_000001,,,,completed,atm,
EVT_003242,login,2025-10-01 12:58:35,PER_000051,,PH_000051,DEV_000029,IP_000115,,LOC_000052,,,,completed,api,
EVT_004119,call,2025-10-01 13:03:03,PER_000002,PER_000024,PH_000002,,,,LOC_000032,,273.0,outbound,completed,web,
EVT_002956,login,2025-10-01 14:40:43,PER_000031,,PH_000112,DEV_000022,IP_000040,,LOC_000017,,,,completed,api,
EVT_000355,call,2025-10-01 14:55:15,PER_000088,PER_000057,PH_000088,,,,LOC_000118,,199.0,inbound,completed,atm,
EVT_001766,sms,2025-10-01 14:55:21,PER_000021,PER_000085,PH_000021,,,,LOC_000086,,,internal,completed,web,
EVT_000569,sms,2025-10-01 15:07:00,PER_000032,PER_000085,PH_000102,,,,LOC_000028,,,internal,completed,api,
EVT_004206,location_ping,2025-10-01 15:30:56,PER_000014,,,DEV_000013,,,LOC_000050,,,,completed,ussd,
EVT_006337,location_ping,2025-10-01 16:29:32,PER_000062,,,DEV_000114,,,LOC_000033,,,,completed,ussd,
EVT_003994,location_ping,2025-10-01 18:35:46,PER_000004,,,DEV_000034,,,LOC_000052,,,,completed,api,
EVT_006903,call,2025-10-01 18:56:44,PER_000001,PER_000024,PH_000298,,,,LOC_000029,,301.0,internal,completed,api,
EVT_002727,login,2025-10-02 04:24:56,PER_000016,,PH_000016,DEV_000001,IP_000104,,LOC_000054,,,,completed,pos,
EVT_001605,call,2025-10-02 05:12:31,PER_000087,PER_000016,PH_000087,,,,LOC_000099,,387.0,outbound,completed,web,
EVT_001113,login,2025-10-02 05:29:59,PER_000027,,PH_000027,DEV_000112,IP_000075,,LOC_000097,,,,completed,mobile_app,
EVT_006322,call,2025-10-02 06:30:40,PER_000074,PER_000076,PH_000074,,,,LOC_000106,,944.0,internal,completed,mobile_app,
EVT_001105,location_ping,2025-10-02 09:47:40,PER_000062,,,DEV_000006,,,LOC_000033,,,,completed,api,
EVT_006652,location_ping,2025-10-02 10:37:36,PER_000044,,,DEV_000052,,,LOC_000032,,,,completed,atm,
EVT_005266,transaction,2025-10-02 10:42:40,PER_000042,PER_000024,,DEV_000033,IP_000019,ACC_000142,LOC_000060,4490.62,,inbound,completed,pos,payment
EVT_003701,call,2025-10-02 13:56:44,PER_000082,PER_000066,PH_000170,,,,LOC_000082,,57.0,internal,completed,atm,
EVT_006021,call,2025-10-02 14:05:36,PER_000039,PER_000017,PH_000039,,,,LOC_000002,,917.0,inbound,completed,mobile_app,
EVT_005638,sms,2025-10-02 15:29:44,PER_000073,PER_000067,PH_000244,,,,LOC_000015,,,internal,completed,atm,
EVT_000208,location_ping,2025-10-02 15:33:41,PER_000074,,,DEV_000067,,,LOC_000106,,,,completed,web,
EVT_003843,location_ping,2025-10-02 16:13:26,PER_000040,,,DEV_000067,,,LOC_000047,,,,completed,web,
EVT_002127,login,2025-10-02 17:09:26,PER_000016,,PH_000016,DEV_000020,IP_000088,,LOC_000054,,,,completed,pos,
EVT_004803,transaction,2025-10-02 17:19:03,PER_000036,PER_000023,,DEV_000021,IP_000057,ACC_000136,LOC_000088,2499.72,,outbound,completed,web,transfer
EVT_003429,transaction,2025-10-02 17:52:04,PER_000018,PER_000027,,DEV_000075,IP_000037,ACC_000018,LOC_000001,889.39,,inbound,completed,mobile_app,deposit
EVT_000132,transaction,2025-10-02 18:27:36,PER_000033,PER_000048,,DEV_000088,IP_000051,ACC_000033,LOC_000022,1675.41,,inbound,completed,ussd,withdrawal
EVT_002030,call,2025-10-02 18:45:46,PER_000039,PER_000019,PH_000039,,,,LOC_000002,,285.0,internal,completed,mobile_app,
EVT_005055,sms,2025-10-02 18:51:53,PER_000093,PER_000033,PH_000093,,,,LOC_000087,,,internal,completed,web,
EVT_000886,login,2025-10-02 20:20:06,PER_000093,,PH_000262,DEV_000030,IP_000093,,LOC_000071,,,,completed,api,
EVT_001541,transaction,2025-10-03 04:47:57,PER_000031,PER_000060,,DEV_000109,IP_000063,ACC_000031,LOC_000017,3630.11,,outbound,completed,mobile_app,payment
EVT_001371,location_ping,2025-10-03 06:14:08,PER_000016,,,DEV_000088,,,LOC_000012,,,,completed,pos,
EVT_001014,login,2025-10-03 06:21:09,PER_000073,,PH_000162,DEV_000078,IP_000010,,LOC_000015,,,,completed,pos,
EVT_005307,transaction,2025-10-03 07:54:16,PER_000024,PER_000037,,DEV_000031,IP_000054,ACC_000124,LOC_000083,867.42,,internal,completed,mobile_app,withdrawal
EVT_004476,transaction,2025-10-03 09:11:04,PER_000071,PER_000081,,DEV_000114,IP_000096,ACC_000071,LOC_000005,2461.69,,internal,completed,ussd,payment
EVT_006399,login,2025-10-03 10:05:14,PER_000092,,PH_000092,DEV_000003,IP_000017,,LOC_000091,,,,completed,api,
EVT_005521,login,2025-10-03 11:09:52,PER_000018,,PH_000018,DEV_000011,IP_000019,,LOC_000001,,,,completed,web,
EVT_003493,sms,2025-10-03 11:31:08,PER_000098,PER_000085,PH_000098,,,,LOC_000096,,,outbound,completed,api,
EVT_001295,transaction,2025-10-03 15:39:48,PER_000058,PER_000096,,DEV_000088,IP_000080,ACC_000058,LOC_000091,2995.27,,outbound,completed,pos,withdrawal
EVT_004981,login,2025-10-03 19:49:14,PER_000050,,PH_000050,DEV_000040,IP_000089,,LOC_000058,,,,completed,atm,
EVT_002706,login,2025-10-03 19:56:41,PER_000001,,PH_000298,DEV_000055,IP_000019,,LOC_000029,,,,completed,ussd,
EVT_004432,login,2025-10-04 04:34:46,PER_000079,,PH_000079,DEV_000086,IP_000082,,LOC_000004,,,,completed,mobile_app,
EVT_000268,call,2025-10-04 05:14:00,PER_000100,PER_000050,PH_000251,,,,LOC_000108,,128.0,inbound,completed,atm,
EVT_004007,transaction,2025-10-04 06:15:46,PER_000076,PER_000072,,DEV_000001,IP_000001,ACC_000076,LOC_000016,2140.69,,outbound,completed,mobile_app,withdrawal
EVT_003694,transaction,2025-10-04 07:40:23,PER_000050,PER_000018,,DEV_000076,IP_000003,ACC_000050,LOC_000058,1451.1,,inbound,completed,mobile_app,payment
EVT_005104,call,2025-10-04 08:32:18,PER_000031,PER_000073,PH_000112,,,,LOC_000084,,629.0,inbound,completed,web,
EVT_006970,login,2025-10-04 08:35:49,PER_000092,,PH_000092,DEV_000066,IP_000097,,LOC_000091,,,,completed,web,
EVT_003199,call,2025-10-04 09:30:20,PER_000093,PER_000052,PH_000142,,,,LOC_000071,,708.0,internal,completed,api,
EVT_000129,location_ping,2025-10-04 11:52:00,PER_000059,,,DEV_000067,,,LOC_000090,,,,completed,ussd,
EVT_007109,login,2025-10-04 12:49:57,PER_000062,,PH_000062,DEV_000022,IP_000016,,LOC_000033,,,,completed,atm,
EVT_001735,call,2025-10-04 13:17:01,PER_000027,PER_000033,PH_000027,,,,LOC_000097,,821.0,inbound,completed,ussd,
EVT_000146,login,2025-10-04 17:02:32,PER_000073,,PH_000162,DEV_000051,IP_000111,,LOC_000015,,,,completed,web,
EVT_005362,transaction,2025-10-04 17:16:33,PER_000022,PER_000015,,DEV_000053,IP_000002,ACC_000122,LOC_000043,2452.25,,internal,completed,api,p2p
EVT_007135,location_ping,2025-10-04 17:38:55,PER_000097,,,DEV_000096,,,LOC_000071,,,,completed,atm,
EVT_006947,location_ping,2025-10-04 20:28:47,PER_000037,,,DEV_000005,,,LOC_000101,,,,completed,pos,
EVT_001803,login,2025-10-04 22:32:09,PER_000016,,PH_000016,DEV_000100,IP_000019,,LOC_000054,,,,completed,atm,
EVT_001946,call,2025-10-04 22:56:03,PER_000068,PER_000028,PH_000068,,,,LOC_000081,,510.0,inbound,completed,web,
EVT_006752,transaction,2025-10-05 08:23:02,PER_000093,PER_000057,,DEV_000009,IP_000031,ACC_000093,LOC_000071,3359.53,,outbound,completed,mobile_app,deposit
EVT_001190,transaction,2025-10-05 09:11:49,PER_000022,PER_000097,,DEV_000110,IP_000048,ACC_000122,LOC_000033,2081.18,,internal,completed,mobile_app,payment
EVT_001886,location_ping,2025-10-05 09:38:45,PER_000060,,,DEV_000067,,,LOC_000014,,,,completed,ussd,
EVT_003925,location_ping,2025-10-05 15:28:03,PER_000098,,,DEV_000117,,,LOC_000096,,,,completed,api,
EVT_003022,transaction,2025-10-05 16:38:04,PER_000093,PER_000065,,DEV_000021,IP_000103,ACC_000093,LOC_000071,1255.27,,outbound,completed,mobile_app,transfer
EVT_004488,call,2025-10-05 18:37:15,PER_000018,PER_000024,PH_000018,,,,LOC_000001,,930.0,outbound,completed,pos,
EVT_001914,login,2025-10-05 18:59:49,PER_000050,,PH_000117,DEV_000116,IP_000016,,LOC_000058,,,,completed,ussd,
EVT_005167,transaction,2025-10-05 20:50:35,PER_000014,PER_000084,,DEV_000113,IP_000006,ACC_000114,LOC_000050,3557.45,,inbound,completed,atm,transfer
EVT_000903,location_ping,2025-10-05 21:11:41,PER_000096,,,DEV_000095,,,LOC_000107,,,,completed,atm,
EVT_002379,sms,2025-10-05 21:41:15,PER_000022,PER_000085,PH_000022,,,,LOC_000037,,,internal,completed,pos,
EVT_002578,location_ping,2025-10-06 03:09:44,PER_000062,,,DEV_000006,,,LOC_000033,,,,completed,web,
EVT_006384,call,2025-10-06 03:49:07,PER_000050,PER_000027,PH_000261,,,,LOC_000026,,1042.0,internal,completed,pos,
EVT_006051,sms,2025-10-06 06:18:47,PER_000014,PER_000028,PH_000014,,,,LOC_000030,,,outbound,completed,web,
EVT_005463,location_ping,2025-10-06 06:21:12,PER_000073,,,DEV_000076,,,LOC_000015,,,,completed,ussd,
EVT_005033,call,2025-10-06 10:24:55,PER_000059,PER_000009,PH_000059,,,,LOC_000091,,65.0,inbound,completed,api,
EVT_007148,sms,2025-10-06 10:29:08,PER_000062,PER_000034,PH_000213,,,,LOC_000033,,,outbound,completed,ussd,
EVT_001512,login,2025-10-06 10:30:12,PER_000018,,PH_000018,DEV_000037,IP_000106,,LOC_000001,,,,completed,api,
EVT_006365,sms,2025-10-06 10:47:13,PER_000074,PER_000097,PH_000274,,,,LOC_000106,,,inbound,completed,ussd,
EVT_001532,transaction,2025-10-06 12:20:55,PER_000001,PER_000098,,DEV_000012,IP_000047,ACC_000101,LOC_000029,3694.54,,outbound,completed,mobile_app,deposit
EVT_003687,call,2025-10-06 13:15:06,PER_000091,PER_000088,PH_000296,,,,LOC_000057,,806.0,outbound,completed,web,
EVT_004644,sms,2025-10-06 13:16:20,PER_000024,PER_000018,PH_000024,,,,LOC_000083,,,internal,completed,ussd,
EVT_003323,login,2025-10-06 13:19:17,PER_000010,,PH_000010,DEV_000070,IP_000001,,LOC_000034,,,,completed,atm,
EVT_007479,login,2025-10-06 14:19:23,PER_000010,,PH_000212,DEV_000110,IP_000044,,LOC_000034,,,,completed,ussd,
EVT_001632,location_ping,2025-10-06 14:23:07,PER_000021,,,DEV_000035,,,LOC_000086,,,,completed,mobile_app,
EVT_000166,call,2025-10-06 14:30:11,PER_000050,PER_000087,PH_000248,,,,LOC_000058,,803.0,outbound,completed,api,
EVT_003439,login,2025-10-06 14:36:24,PER_000009,,PH_000009,DEV_000002,IP_000049,,LOC_000065,,,,completed,api,
EVT_002682,call,2025-10-06 15:05:40,PER_000042,PER_000016,PH_000042,,,,LOC_000053,,396.0,outbound,completed,api,
EVT_004285,sms,2025-10-06 16:53:27,PER_000077,PER_000046,PH_000271,,,,LOC_000083,,,internal,completed,web,
EVT_006445,location_ping,2025-10-06 17:04:06,PER_000037,,,DEV_000108,,,LOC_000101,,,,completed,api,
EVT_000861,call,2025-10-06 19:08:06,PER_000055,PER_000030,PH_000191,,,,LOC_000016,,726.0,outbound,completed,atm,
EVT_004193,sms,2025-10-07 04:20:54,PER_000083,PER_000096,PH_000186,,,,LOC_000053,,,inbound,completed,pos,
EVT_000248,login,2025-10-07 04:36:23,PER_000035,,PH_000035,DEV_000005,IP_000073,,LOC_000091,,,,completed,atm,
EVT_005651,sms,2025-10-07 05:26:51,PER_000016,PER_000027,PH_000016,,,,LOC_000054,,,inbound,completed,mobile_app,
EVT_006750,transaction,2025-10-07 06:57:12,PER_000002,PER_000027,,DEV_000087,IP_000106,ACC_000002,LOC_000033,187791.14,,inbound,completed,mobile_app,transfer
EVT_006453,transaction,2025-10-07 08:31:37,PER_000035,PER_000038,,DEV_000012,IP_000058,ACC_000035,LOC_000026,1844.48,,outbound,completed,mobile_app,transfer
EVT_001616,sms,2025-10-07 08:49:04,PER_000016,PER_000065,PH_000016,,,,LOC_000054,,,internal,completed,atm,
EVT_002866,location_ping,2025-10-07 09:12:41,PER_000087,,,DEV_000092,,,LOC_000099,,,,completed,atm,
EVT_001594,sms,2025-10-07 09:35:05,PER_000064,PER_000069,PH_000101,,,,LOC_000055,,,inbound,completed,mobile_app,
EVT_003601,call,2025-10-07 09:55:41,PER_000002,PER_000042,PH_000114,,,,LOC_000032,,764.0,internal,completed,atm,
EVT_002730,location_ping,2025-10-07 14:56:40,PER_000010,,,DEV_000079,,,LOC_000034,,,,completed,mobile_app,
EVT_003275,login,2025-10-07 16:03:03,PER_000027,,PH_000245,DEV_000105,IP_000081,,LOC_000097,,,,completed,atm,
EVT_004218,sms,2025-10-07 16:31:50,PER_000089,PER_000035,PH_000282,,,,LOC_000047,,,outbound,completed,atm,
EVT_004704,transaction,2025-10-07 17:25:30,PER_000093,PER_000006,,DEV_000084,IP_000049,ACC_000093,LOC_000071,553.2,,inbound,completed,atm,deposit
EVT_002585,location_ping,2025-10-07 17:31:19,PER_000059,,,DEV_000091,,,LOC_000071,,,,completed,api,
EVT_007414,call,2025-10-08 09:41:11,PER_000059,PER_000047,PH_000059,,,,LOC_000071,,358.0,internal,completed,pos,
EVT_006702,location_ping,2025-10-08 13:52:22,PER_000042,,,DEV_000070,,,LOC_000060,,,,completed,api,
EVT_000599,transaction,2025-10-08 13:55:51,PER_000019,PER_000012,,DEV_000013,IP_000059,ACC_000119,LOC_000069,1271.33,,outbound,completed,atm,transfer
EVT_000035,call,2025-10-08 13:57:05,PER_000021,PER_000045,PH_000103,,,,LOC_000022,,336.0,inbound,completed,ussd,
EVT_005783,login,2025-10-08 14:44:48,PER_000096,,PH_000096,DEV_000022,IP_000058,,LOC_000107,,,,completed,atm,
EVT_003677,login,2025-10-08 15:28:33,PER_000042,,PH_000042,DEV_000101,IP_000113,,LOC_000060,,,,completed,ussd,
EVT_006263,transaction,2025-10-08 16:04:20,PER_000076,PER_000059,,DEV_000001,IP_000001,ACC_000076,LOC_000005,1390.83,,internal,completed,web,deposit
EVT_006310,login,2025-10-08 16:44:58,PER_000053,,PH_000220,DEV_000066,IP_000077,,LOC_000046,,,,completed,ussd,
EVT_003618,transaction,2025-10-08 19:28:19,PER_000017,PER_000066,,DEV_000052,IP_000024,ACC_000017,LOC_000116,1924.39,,internal,completed,ussd,p2p
EVT_003211,call,2025-10-08 19:48:36,PER_000093,PER_000067,PH_000225,,,,LOC_000071,,467.0,internal,completed,api,
EVT_004875,transaction,2025-10-08 19:49:05,PER_000002,PER_000024,,DEV_000031,IP_000044,ACC_000002,LOC_000056,414488.8,,internal,completed,mobile_app,withdrawal
EVT_002390,sms,2025-10-08 21:59:09,PER_000087,PER_000016,PH_000087,,,,LOC_000022,,,internal,completed,pos,
EVT_000159,transaction,2025-10-08 22:28:08,PER_000070,PER_000091,,DEV_000023,IP_000076,ACC_000070,LOC_000001,2362.72,,internal,completed,api,payment
EVT_004379,location_ping,2025-10-09 04:08:51,PER_000093,,,DEV_000107,,,LOC_000071,,,,completed,pos,
EVT_007472,transaction,2025-10-09 08:42:38,PER_000001,PER_000013,,DEV_000072,IP_000109,ACC_000101,LOC_000029,1571.79,,inbound,completed,api,transfer
EVT_004196,call,2025-10-09 11:20:55,PER_000042,PER_000027,PH_000042,,,,LOC_000060,,141.0,internal,completed,mobile_app,
EVT_000037,location_ping,2025-10-09 11:53:31,PER_000073,,,DEV_000007,,,LOC_000015,,,,completed,atm,
EVT_000987,transaction,2025-10-09 12:42:10,PER_000001,PER_000096,,DEV_000088,IP_000091,ACC_000101,LOC_000029,1786.4,,internal,completed,atm,deposit
EVT_000692,login,2025-10-09 13:08:07,PER_000056,,PH_000253,DEV_000016,IP_000115,,LOC_000036,,,,completed,atm,
EVT_001578,call,2025-10-09 13:08:17,PER_000013,PER_000084,PH_000013,,,,LOC_000041,,470.0,outbound,completed,mobile_app,
EVT_003030,sms,2025-10-09 13:35:06,PER_000059,PER_000009,PH_000137,,,,LOC_000071,,,inbound,completed,pos,
EVT_003706,login,2025-10-09 13:36:21,PER_000027,,PH_000027,DEV_000082,IP_000060,,LOC_000044,,,,completed,mobile_app,
EVT_006712,location_ping,2025-10-09 16:15:14,PER_000092,,,DEV_000012,,,LOC_000091,,,,completed,atm,
EVT_005484,login,2025-10-09 16:26:52,PER_000045,,PH_000269,DEV_000001,IP_000001,,LOC_000004,,,,completed,ussd,
EVT_007483,location_ping,2025-10-09 16:58:55,PER_000074,,,DEV_000001,,,LOC_000106,,,,completed,ussd,
EVT_003243,sms,2025-10-09 17:06:23,PER_000016,PER_000027,PH_000016,,,,LOC_000054,,,inbound,completed,mobile_app,
EVT_007338,login,2025-10-09 17:54:19,PER_000024,,PH_000024,DEV_000006,IP_000008,,LOC_000039,,,,completed,mobile_app,
EVT_006181,login,2025-10-09 18:20:07,PER_000027,,PH_000027,DEV_000052,IP_000009,,LOC_000097,,,,completed,api,
EVT_000168,call,2025-10-09 18:33:07,PER_000021,PER_000034,PH_000103,,,,LOC_000086,,461.0,internal,completed,web,
EVT_006628,location_ping,2025-10-09 18:56:41,PER_000070,,,DEV_000014,,,LOC_000001,,,,completed,web,
EVT_002913,location_ping,2025-10-10 05:51:00,PER_000032,,,DEV_000100,,,LOC_000028,,,,completed,web,
EVT_005829,transaction,2025-10-10 05:56:33,PER_000002,PER_000016,,DEV_000112,IP_000079,ACC_000002,LOC_000032,169423.49,,internal,completed,web,payment
EVT_000805,login,2025-10-10 06:32:55,PER_000084,,PH_000084,DEV_000109,IP_000117,,LOC_000043,,,,completed,api,
EVT_004436,sms,2025-10-10 07:56:47,PER_000040,PER_000023,PH_000040,,,,LOC_000047,,,outbound,completed,pos,
EVT_005662,transaction,2025-10-10 09:41:26,PER_000093,PER_000054,,DEV_000111,IP_000110,ACC_000093,LOC_000105,1499.4,,inbound,completed,mobile_app,withdrawal
EVT_004204,call,2025-10-10 09:42:43,PER_000001,PER_000021,PH_000001,,,,LOC_000029,,1102.0,outbound,completed,api,
EVT_000044,login,2025-10-10 11:20:54,PER_000093,,PH_000142,DEV_000067,IP_000059,,LOC_000071,,,,completed,ussd,
EVT_003269,login,2025-10-10 12:05:48,PER_000028,,PH_000028,DEV_000072,IP_000120,,LOC_000003,,,,completed,web,
EVT_003372,call,2025-10-10 14:00:05,PER_000027,PER_000050,PH_000245,,,,LOC_000097,,1187.0,outbound,completed,api,
EVT_002788,transaction,2025-10-10 14:27:26,PER_000003,PER_000063,,DEV_000067,IP_000054,ACC_000103,LOC_000020,1363.28,,outbound,completed,pos,deposit
EVT_001153,transaction,2025-10-10 14:41:38,PER_000085,PER_000099,,DEV_000012,IP_000114,ACC_000085,LOC_000085,2870.94,,internal,completed,atm,payment
EVT_002294,location_ping,2025-10-10 14:42:49,PER_000053,,,DEV_000038,,,LOC_000046,,,,completed,web,
EVT_003900,transaction,2025-10-10 15:12:11,PER_000017,PER_000006,,DEV_000116,IP_000035,ACC_000017,LOC_000116,3538.43,,inbound,completed,atm,withdrawal
EVT_007397,location_ping,2025-10-10 15:45:04,PER_000024,,,DEV_000033,,,LOC_000083,,,,completed,ussd,
EVT_005046,call,2025-10-10 16:12:47,PER_000050,PER_000022,PH_000248,,,,LOC_000058,,464.0,inbound,completed,web,
EVT_004677,login,2025-10-10 17:58:45,PER_000085,,PH_000085,DEV_000080,IP_000115,,LOC_000085,,,,completed,api,
EVT_001184,location_ping,2025-10-11 04:40:04,PER_000079,,,DEV_000037,,,LOC_000004,,,,completed,ussd,
EVT_003520,transaction,2025-10-11 08:09:17,PER_000096,PER_000087,,DEV_000033,IP_000080,ACC_000096,LOC_000107,3161.97,,internal,completed,api,deposit
EVT_000185,transaction,2025-10-11 08:32:35,PER_000089,PER_000074,,DEV_000013,IP_000005,ACC_000089,LOC_000047,4004.97,,inbound,completed,mobile_app,deposit
EVT_005730,login,2025-10-11 08:41:35,PER_000096,,PH_000146,DEV_000094,IP_000001,,LOC_000012,,,,completed,web,
EVT_003922,call,2025-10-11 10:06:15,PER_000001,PER_000092,PH_000298,,,,LOC_000029,,747.0,internal,completed,atm,
EVT_006198,login,2025-10-11 10:39:22,PER_000029,,PH_000029,DEV_000079,IP_000089,,LOC_000100,,,,completed,ussd,
EVT_001012,location_ping,2025-10-11 11:20:13,PER_000092,,,DEV_000075,,,LOC_000091,,,,completed,api,
EVT_000392,transaction,2025-10-11 16:04:17,PER_000093,PER_000083,,DEV_000114,IP_000061,ACC_000093,LOC_000071,108.32,,inbound,completed,api,payment
EVT_005817,call,2025-10-11 16:36:27,PER_000077,PER_000035,PH_000077,,,,LOC_000035,,224.0,outbound,completed,mobile_app,
EVT_001491,transaction,2025-10-11 16:38:57,PER_000073,PER_000008,,DEV_000108,IP_000070,ACC_000073,LOC_000015,52679.94,,inbound,completed,atm,p2p
EVT_007407,login,2025-10-11 16:42:45,PER_000093,,PH_000225,DEV_000007,IP_000120,,LOC_000071,,,,completed,web,
EVT_001882,sms,2025-10-11 16:50:05,PER_000016,PER_000050,PH_000016,,,,LOC_000054,,,outbound,completed,pos,
EVT_005287,call,2025-10-11 17:04:35,PER_000002,PER_000024,PH_000002,,,,LOC_000032,,803.0,outbound,completed,api,
EVT_004256,login,2025-10-11 17:32:13,PER_000087,,PH_000294,DEV_000067,IP_000075,,LOC_000099,,,,completed,web,
EVT_002776,login,2025-10-11 17:57:54,PER_000071,,PH_000071,DEV_000063,IP_000055,,LOC_000005,,,,completed,atm,
EVT_004744,location_ping,2025-10-11 18:28:18,PER_000093,,,DEV_000091,,,LOC_000071,,,,completed,web,
EVT_001218,sms,2025-10-11 19:35:09,PER_000062,PER_000031,PH_000062,,,,LOC_000033,,,internal,completed,mobile_app,
EVT_001107,login,2025-10-12 02:44:10,PER_000046,,PH_000046,DEV_000095,IP_000013,,LOC_000028,,,,completed,mobile_app,
EVT_001492,location_ping,2025-10-12 04:12:55,PER_000070,,,DEV_000103,,,LOC_000001,,,,completed,api,
EVT_007435,login,2025-10-12 06:33:54,PER_000014,,PH_000014,DEV_000072,IP_000040,,LOC_000050,,,,completed,atm,
EVT_002137,sms,2025-10-12 08:24:00,PER_000094,PER_000036,PH_000198,,,,LOC_000060,,,outbound,completed,pos,
EVT_005254,sms,2025-10-12 09:27:00,PER_000005,PER_000011,PH_000005,,,,LOC_000100,,,outbound,completed,ussd,
EVT_006382,login,2025-10-12 10:48:02,PER_000024,,PH_000024,DEV_000067,IP_000063,,LOC_000083,,,,completed,web,
EVT_002403,login,2025-10-12 11:47:23,PER_000001,,PH_000001,DEV_000093,IP_000023,,LOC_000029,,,,completed,mobile_app,
EVT_000453,call,2025-10-12 12:07:09,PER_000062,PER_000038,PH_000152,,,,LOC_000033,,420.0,outbound,completed,web,
EVT_001866,call,2025-10-12 12:57:08,PER_000071,PER_000050,PH_000071,,,,LOC_000005,,830.0,inbound,completed,web,
EVT_002825,call,2025-10-12 13:29:14,PER_000025,PER_000004,PH_000132,,,,LOC_000007,,481.0,inbound,completed,pos,
EVT_004683,sms,2025-10-12 13:33:59,PER_000067,PER_000084,PH_000067,,,,LOC_000040,,,outbound,completed,api,
EVT_004079,transaction,2025-10-12 15:13:24,PER_000093,PER_000077,,DEV_000100,IP_000101,ACC_000093,LOC_000071,3320.72,,internal,completed,atm,withdrawal
EVT_005863,call,2025-10-12 15:50:01,PER_000027,PER_000018,PH_000027,,,,LOC_000097,,874.0,inbound,completed,api,
EVT_002939,sms,2025-10-12 16:00:16,PER_000059,PER_000092,PH_000158,,,,LOC_000071,,,inbound,completed,mobile_app,
EVT_000955,transaction,2025-10-12 19:21:36,PER_000061,PER_000043,,DEV_000116,IP_000017,ACC_000061,LOC_000062,2748.1,,outbound,completed,ussd,p2p
EVT_003920,location_ping,2025-10-12 19:26:36,PER_000062,,,DEV_000089,,,LOC_000033,,,,completed,web,
EVT_001476,sms,2025-10-12 20:56:13,PER_000030,PER_000066,PH_000242,,,,LOC_000108,,,inbound,completed,pos,
EVT_002062,sms,2025-10-12 21:16:20,PER_000016,PER_000024,PH_000016,,,,LOC_000054,,,inbound,completed,web,
EVT_007031,location_ping,2025-10-12 21:50:33,PER_000018,,,DEV_000033,,,LOC_000001,,,,completed,mobile_app,
EVT_001959,sms,2025-10-12 22:55:45,PER_000098,PER_000022,PH_000098,,,,LOC_000096,,,outbound,completed,api,
EVT_003746,call,2025-10-13 06:40:42,PER_000003,PER_000004,PH_000126,,,,LOC_000054,,445.0,inbound,completed,pos,
EVT_005084,call,2025-10-13 07:11:34,PER_000001,PER_000075,PH_000001,,,,LOC_000029,,190.0,inbound,completed,mobile_app,
EVT_006966,sms,2025-10-13 07:39:19,PER_000002,PER_000050,PH_000114,,,,LOC_000032,,,outbound,completed,web,
EVT_001283,transaction,2025-10-13 07:39:27,PER_000088,PER_000056,,DEV_000053,IP_000007,ACC_000088,LOC_000060,3693.56,,outbound,completed,atm,transfer
EVT_005237,location_ping,2025-10-13 08:11:51,PER_000062,,,DEV_000058,,,LOC_000033,,,,completed,pos,
EVT_007494,location_ping,2025-10-13 09:20:06,PER_000093,,,DEV_000010,,,LOC_000071,,,,completed,atm,
EVT_000326,transaction,2025-10-13 09:46:02,PER_000062,PER_000011,,DEV_000064,IP_000015,ACC_000062,LOC_000033,3787.29,,internal,completed,ussd,deposit
EVT_005261,location_ping,2025-10-13 11:04:46,PER_000027,,,DEV_000093,,,LOC_000097,,,,completed,pos,
EVT_003895,call,2025-10-13 13:07:52,PER_000024,PER_000002,PH_000024,,,,LOC_000083,,949.0,inbound,completed,web,
EVT_001046,location_ping,2025-10-13 13:35:56,PER_000034,,,DEV_000043,,,LOC_000075,,,,completed,api,
EVT_004191,login,2025-10-13 15:18:09,PER_000091,,PH_000277,DEV_000002,IP_000002,,LOC_000057,,,,completed,web,
EVT_005812,transaction,2025-10-13 15:55:37,PER_000018,PER_000042,,DEV_000099,IP_000061,ACC_000018,LOC_000001,3502.62,,outbound,completed,mobile_app,payment
EVT_004052,sms,2025-10-13 16:23:35,PER_000022,PER_000046,PH_000022,,,,LOC_000010,,,internal,completed,web,
EVT_003127,login,2025-10-13 16:48:59,PER_000073,,PH_000244,DEV_000050,IP_000038,,LOC_000015,,,,completed,atm,
EVT_004045,location_ping,2025-10-13 18:15:56,PER_000031,,,DEV_000074,,,LOC_000099,,,,completed,api,
EVT_005592,location_ping,2025-10-13 19:34:06,PER_000066,,,DEV_000019,,,LOC_000049,,,,completed,ussd,
EVT_003755,login,2025-10-13 20:20:24,PER_000093,,PH_000262,DEV_000047,IP_000004,,LOC_000071,,,,completed,atm,
EVT_005480,call,2025-10-13 22:39:35,PER_000034,PER_000069,PH_000128,,,,LOC_000075,,255.0,outbound,completed,mobile_app,
EVT_001234,call,2025-10-13 22:43:25,PER_000062,PER_000082,PH_000213,,,,LOC_000074,,290.0,inbound,completed,api,
EVT_004698,call,2025-10-14 05:13:14,PER_000002,PER_000042,PH_000114,,,,LOC_000032,,416.0,outbound,completed,api,
EVT_001676,login,2025-10-14 06:36:02,PER_000018,,PH_000018,DEV_000089,IP_000060,,LOC_000001,,,,completed,pos,
EVT_007368,sms,2025-10-14 06:41:22,PER_000093,PER_000090,PH_000138,,,,LOC_000071,,,inbound,completed,api,
EVT_000888,call,2025-10-14 09:28:35,PER_000022,PER_000085,PH_000022,,,,LOC_000112,,145.0,outbound,completed,api,
EVT_000312,login,2025-10-14 11:47:29,PER_000027,,PH_000027,DEV_000004,IP_000102,,LOC_000097,,,,completed,atm,
EVT_003575,call,2025-10-14 12:03:03,PER_000046,PER_000019,PH_000046,,,,LOC_000028,,884.0,inbound,completed,mobile_app,
EVT_002977,call,2025-10-14 12:16:48,PER_000001,PER_000013,PH_000298,,,,LOC_000037,,1170.0,inbound,completed,mobile_app,
EVT_003645,sms,2025-10-14 13:59:47,PER_000027,PER_000024,PH_000245,,,,LOC_000031,,,inbound,completed,api,
EVT_003989,sms,2025-10-14 14:02:15,PER_000080,PER_000029,PH_000118,,,,LOC_000074,,,outbound,completed,web,
EVT_005862,call,2025-10-14 14:34:35,PER_000037,PER_000066,PH_000233,,,,LOC_000101,,1189.0,outbound,completed,mobile_app,
EVT_007420,transaction,2025-10-14 15:07:37,PER_000068,PER_000042,,DEV_000003,IP_000002,ACC_000068,LOC_000081,3301.27,,internal,completed,api,p2p
EVT_001955,transaction,2025-10-14 17:02:04,PER_000073,PER_000089,,DEV_000070,IP_000105,ACC_000073,LOC_000055,34.29,,inbound,completed,ussd,p2p
EVT_001327,sms,2025-10-14 22:39:20,PER_000065,PER_000094,PH_000159,,,,LOC_000072,,,internal,completed,api,
EVT_000753,transaction,2025-10-15 05:34:41,PER_000052,PER_000086,,DEV_000010,IP_000076,ACC_000052,LOC_000071,1194.28,,inbound,completed,mobile_app,withdrawal
EVT_000744,call,2025-10-15 08:10:13,PER_000016,PER_000064,PH_000016,,,,LOC_000054,,1175.0,internal,completed,pos,
EVT_007089,sms,2025-10-15 09:12:48,PER_000029,PER_000093,PH_000029,,,,LOC_000100,,,internal,completed,atm,
EVT_004851,login,2025-10-15 09:14:05,PER_000019,,PH_000019,DEV_000071,IP_000002,,LOC_000069,,,,completed,mobile_app,
EVT_000399,call,2025-10-15 10:02:32,PER_000079,PER_000014,PH_000079,,,,LOC_000021,,919.0,inbound,completed,api,
EVT_001201,login,2025-10-15 10:03:38,PER_000068,,PH_000068,DEV_000097,IP_000062,,LOC_000081,,,,completed,mobile_app,
EVT_007049,location_ping,2025-10-15 10:23:14,PER_000027,,,DEV_000032,,,LOC_000097,,,,completed,pos,
EVT_007427,location_ping,2025-10-15 12:35:49,PER_000005,,,DEV_000020,,,LOC_000019,,,,completed,mobile_app,
EVT_004703,login,2025-10-15 14:26:58,PER_000073,,PH_000116,DEV_000117,IP_000006,,LOC_000015,,,,completed,pos,
EVT_003655,sms,2025-10-15 15:25:13,PER_000059,PER_000070,PH_000059,,,,LOC_000071,,,outbound,completed,pos,
EVT_003649,login,2025-10-15 15:26:04,PER_000018,,PH_000018,DEV_000078,IP_000043,,LOC_000001,,,,completed,api,
EVT_004885,sms,2025-10-15 15:30:47,PER_000024,PER_000050,PH_000024,,,,LOC_000067,,,inbound,completed,api,
EVT_005640,location_ping,2025-10-15 15:56:31,PER_000001,,,DEV_000113,,,LOC_000029,,,,completed,ussd,
EVT_003095,login,2025-10-15 16:18:35,PER_000056,,PH_000056,DEV_000028,IP_000086,,LOC_000036,,,,completed,pos,
EVT_000670,sms,2025-10-15 16:47:31,PER_000067,PER_000018,PH_000067,,,,LOC_000040,,,internal,completed,atm,
EVT_002054,login,2025-10-15 17:32:04,PER_000028,,PH_000028,DEV_000074,IP_000108,,LOC_000003,,,,completed,api,
EVT_003617,sms,2025-10-15 18:56:00,PER_000016,PER_000027,PH_000016,,,,LOC_000054,,,outbound,completed,ussd,
EVT_007196,transaction,2025-10-16 06:38:53,PER_000024,PER_000027,,DEV_000093,IP_000018,ACC_000124,LOC_000083,4261.84,,outbound,completed,atm,p2p
EVT_000252,transaction,2025-10-16 09:16:03,PER_000096,PER_000081,,DEV_000075,IP_000022,ACC_000096,LOC_000107,137.43,,internal,completed,atm,p2p
EVT_005922,call,2025-10-16 09:46:30,PER_000002,PER_000016,PH_000002,,,,LOC_000032,,361.0,inbound,completed,mobile_app,
EVT_002711,call,2025-10-16 11:21:27,PER_000001,PER_000084,PH_000298,,,,LOC_000058,,666.0,internal,completed,mobile_app,
EVT_003268,call,2025-10-16 11:39:30,PER_000009,PER_000084,PH_000278,,,,LOC_000107,,116.0,inbound,completed,pos,
EVT_001798,call,2025-10-16 12:47:28,PER_000059,PER_000087,PH_000180,,,,LOC_000071,,247.0,inbound,completed,ussd,
EVT_006505,sms,2025-10-16 12:47:46,PER_000093,PER_000073,PH_000225,,,,LOC_000071,,,outbound,completed,ussd,
EVT_000010,transaction,2025-10-16 12:50:19,PER_000059,PER_000096,,DEV_000060,IP_000048,ACC_000059,LOC_000100,1114.39,,internal,completed,mobile_app,p2p
EVT_000956,login,2025-10-16 13:30:56,PER_000032,,PH_000032,DEV_000041,IP_000066,,LOC_000028,,,,completed,mobile_app,
EVT_004428,location_ping,2025-10-16 17:00:17,PER_000073,,,DEV_000025,,,LOC_000015,,,,completed,ussd,
EVT_007076,location_ping,2025-10-16 17:04:12,PER_000044,,,DEV_000065,,,LOC_000032,,,,completed,ussd,
EVT_006890,call,2025-10-16 17:04:57,PER_000061,PER_000020,PH_000239,,,,LOC_000062,,1148.0,outbound,completed,pos,
EVT_005686,sms,2025-10-16 17:43:36,PER_000030,PER_000010,PH_000242,,,,LOC_000108,,,inbound,completed,pos,
EVT_005942,call,2025-10-16 17:45:39,PER_000001,PER_000045,PH_000001,,,,LOC_000029,,308.0,inbound,completed,atm,
EVT_001945,call,2025-10-16 19:59:13,PER_000042,PER_000087,PH_000042,,,,LOC_000060,,721.0,inbound,completed,web,
EVT_003766,login,2025-10-16 22:47:02,PER_000089,,PH_000089,DEV_000111,IP_000042,,LOC_000047,,,,completed,mobile_app,
EVT_006371,login,2025-10-17 04:48:05,PER_000062,,PH_000062,DEV_000050,IP_000107,,LOC_000033,,,,completed,ussd,
EVT_002284,location_ping,2025-10-17 05:41:26,PER_000087,,,DEV_000035,,,LOC_000099,,,,completed,ussd,
EVT_007405,location_ping,2025-10-17 06:58:17,PER_000093,,,DEV_000091,,,LOC_000071,,,,completed,ussd,
EVT_002236,call,2025-10-17 08:27:31,PER_000001,PER_000079,PH_000298,,,,LOC_000029,,1185.0,outbound,completed,atm,
EVT_004135,location_ping,2025-10-17 08:49:48,PER_000058,,,DEV_000034,,,LOC_000091,,,,completed,mobile_app,
EVT_002383,login,2025-10-17 09:24:46,PER_000032,,PH_000165,DEV_000105,IP_000107,,LOC_000055,,,,completed,ussd,
EVT_003125,login,2025-10-17 10:17:14,PER_000016,,PH_000016,DEV_000029,IP_000090,,LOC_000065,,,,completed,api,
EVT_004150,login,2025-10-17 11:12:50,PER_000094,,PH_000198,DEV_000093,IP_000076,,LOC_000060,,,,completed,pos,
EVT_003541,location_ping,2025-10-17 12:43:46,PER_000017,,,DEV_000016,,,LOC_000116,,,,completed,ussd,
EVT_004132,sms,2025-10-17 13:38:23,PER_000042,PER_000002,PH_000042,,,,LOC_000060,,,inbound,completed,mobile_app,
EVT_006707,transaction,2025-10-17 15:20:04,PER_000059,PER_000084,,DEV_000053,IP_000106,ACC_000059,LOC_000071,660.45,,inbound,completed,ussd,payment
EVT_001154,transaction,2025-10-17 16:06:18,PER_000019,PER_000003,,DEV_000073,IP_000080,ACC_000019,LOC_000114,3778.75,,outbound,completed,mobile_app,withdrawal
EVT_001764,sms,2025-10-17 17:55:25,PER_000018,PER_000002,PH_000018,,,,LOC_000001,,,inbound,completed,mobile_app,
EVT_002740,sms,2025-10-17 18:03:45,PER_000071,PER_000043,PH_000071,,,,LOC_000005,,,outbound,completed,mobile_app,
EVT_004573,login,2025-10-17 20:05:13,PER_000027,,PH_000027,DEV_000094,IP_000021,,LOC_000075,,,,completed,mobile_app,
EVT_006883,location_ping,2025-10-17 20:23:41,PER_000016,,,DEV_000030,,,LOC_000054,,,,completed,atm,
EVT_006982,location_ping,2025-10-17 21:21:02,PER_000050,,,DEV_000045,,,LOC_000112,,,,completed,web,
EVT_000173,sms,2025-10-18 03:11:34,PER_000087,PER_000042,PH_000294,,,,LOC_000099,,,inbound,completed,mobile_app,
EVT_005105,call,2025-10-18 06:55:43,PER_000047,PER_000050,PH_000047,,,,LOC_000113,,114.0,internal,completed,pos,
EVT_001389,login,2025-10-18 11:26:14,PER_000002,,PH_000114,DEV_000029,IP_000014,,LOC_000032,,,,completed,api,
EVT_001934,sms,2025-10-18 11:26:20,PER_000075,PER_000050,PH_000281,,,,LOC_000102,,,inbound,completed,web,
EVT_004284,location_ping,2025-10-18 11:26:20,PER_000096,,,DEV_000079,,,LOC_000107,,,,completed,atm,
EVT_001432,transaction,2025-10-18 11:27:54,PER_000062,PER_000039,,DEV_000119,IP_000009,ACC_000062,LOC_000033,649.34,,internal,completed,mobile_app,transfer
EVT_004596,location_ping,2025-10-18 12:01:41,PER_000093,,,DEV_000036,,,LOC_000071,,,,completed,pos,
EVT_002186,location_ping,2025-10-18 12:51:09,PER_000083,,,DEV_000104,,,LOC_000053,,,,completed,atm,
EVT_004380,location_ping,2025-10-18 13:24:04,PER_000016,,,DEV_000110,,,LOC_000054,,,,completed,ussd,
EVT_004631,location_ping,2025-10-18 15:06:16,PER_000018,,,DEV_000031,,,LOC_000001,,,,completed,api,
EVT_003427,call,2025-10-18 15:59:09,PER_000026,PER_000088,PH_000176,,,,LOC_000059,,766.0,outbound,completed,pos,
EVT_002005,sms,2025-10-18 16:02:44,PER_000093,PER_000060,PH_000225,,,,LOC_000109,,,inbound,completed,ussd,
EVT_004422,location_ping,2025-10-18 16:12:48,PER_000081,,,DEV_000073,,,LOC_000084,,,,completed,mobile_app,
EVT_001050,login,2025-10-18 16:21:19,PER_000050,,PH_000050,DEV_000032,IP_000021,,LOC_000085,,,,completed,web,
EVT_000026,transaction,2025-10-18 17:36:09,PER_000004,PER_000074,,DEV_000108,IP_000104,ACC_000104,LOC_000052,419.8,,inbound,completed,mobile_app,transfer
EVT_003564,transaction,2025-10-18 17:40:43,PER_000024,PER_000018,,DEV_000031,IP_000073,ACC_000024,LOC_000083,1638.14,,outbound,completed,pos,p2p
EVT_004512,login,2025-10-18 17:57:48,PER_000001,,PH_000001,DEV_000044,IP_000100,,LOC_000029,,,,completed,mobile_app,
EVT_002935,login,2025-10-18 18:27:58,PER_000042,,PH_000199,DEV_000025,IP_000081,,LOC_000060,,,,completed,atm,
EVT_003966,login,2025-10-18 21:24:58,PER_000006,,PH_000243,DEV_000015,IP_000087,,LOC_000067,,,,completed,atm,
EVT_002228,transaction,2025-10-18 22:23:51,PER_000018,PER_000042,,DEV_000061,IP_000118,ACC_000118,LOC_000001,382897.89,,inbound,completed,web,transfer
EVT_000973,sms,2025-10-19 02:47:47,PER_000027,PER_000050,PH_000027,,,,LOC_000097,,,internal,completed,web,
EVT_005994,call,2025-10-19 05:59:26,PER_000093,PER_000009,PH_000138,,,,LOC_000071,,624.0,internal,completed,web,
EVT_006307,call,2025-10-19 06:51:20,PER_000027,PER_000085,PH_000027,,,,LOC_000083,,522.0,internal,completed,atm,
EVT_000889,transaction,2025-10-19 08:16:57,PER_000009,PER_000095,,DEV_000092,IP_000077,ACC_000109,LOC_000107,2983.18,,inbound,completed,mobile_app,withdrawal
EVT_000390,transaction,2025-10-19 08:53:53,PER_000026,PER_000052,,DEV_000043,IP_000002,ACC_000026,LOC_000059,3821.04,,inbound,completed,api,payment
EVT_001351,sms,2025-10-19 08:54:18,PER_000028,PER_000041,PH_000028,,,,LOC_000003,,,inbound,completed,pos,
EVT_006302,sms,2025-10-19 10:07:12,PER_000004,PER_000028,PH_000004,,,,LOC_000111,,,internal,completed,mobile_app,
EVT_000910,transaction,2025-10-19 10:16:06,PER_000027,PER_000024,,DEV_000012,IP_000072,ACC_000127,LOC_000097,514.66,,outbound,completed,ussd,payment
EVT_004787,location_ping,2025-10-19 12:31:14,PER_000045,,,DEV_000001,,,LOC_000004,,,,completed,api,
EVT_004611,call,2025-10-19 13:08:09,PER_000007,PER_000060,PH_000007,,,,LOC_000059,,483.0,internal,completed,mobile_app,
EVT_003336,call,2025-10-19 14:38:48,PER_000069,PER_000054,PH_000217,,,,LOC_000031,,929.0,inbound,completed,pos,
EVT_007036,transaction,2025-10-19 15:02:44,PER_000011,PER_000072,,DEV_000077,IP_000080,ACC_000011,LOC_000063,2502.16,,outbound,completed,web,transfer
EVT_004263,location_ping,2025-10-19 15:14:13,PER_000065,,,DEV_000047,,,LOC_000072,,,,completed,api,
EVT_003889,call,2025-10-19 17:44:53,PER_000028,PER_000016,PH_000028,,,,LOC_000003,,828.0,internal,completed,atm,
EVT_001467,sms,2025-10-19 17:59:32,PER_000073,PER_000064,PH_000175,,,,LOC_000015,,,internal,completed,atm,
EVT_001257,location_ping,2025-10-19 19:58:07,PER_000027,,,DEV_000104,,,LOC_000097,,,,completed,atm,
EVT_002883,sms,2025-10-19 21:03:27,PER_000029,PER_000021,PH_000029,,,,LOC_000100,,,inbound,completed,atm,
EVT_004210,transaction,2025-10-19 22:15:07,PER_000059,PER_000031,,DEV_000018,IP_000092,ACC_000059,LOC_000071,1122.97,,outbound,completed,pos,deposit
EVT_005748,sms,2025-10-20 04:47:07,PER_000016,PER_000057,PH_000016,,,,LOC_000054,,,outbound,completed,api,
EVT_001380,location_ping,2025-10-20 06:43:24,PER_000016,,,DEV_000029,,,LOC_000054,,,,completed,mobile_app,
EVT_000939,sms,2025-10-20 07:51:15,PER_000001,PER_000013,PH_000001,,,,LOC_000029,,,internal,completed,atm,
EVT_000761,call,2025-10-20 08:52:01,PER_000036,PER_000093,PH_000139,,,,LOC_000090,,1132.0,internal,completed,pos,
EVT_003796,location_ping,2025-10-20 09:30:45,PER_000086,,,DEV_000111,,,LOC_000012,,,,completed,api,
EVT_000419,call,2025-10-20 11:40:50,PER_000091,PER_000100,PH_000285,,,,LOC_000057,,1160.0,internal,completed,web,
EVT_002906,sms,2025-10-20 12:30:50,PER_000050,PER_000024,PH_000117,,,,LOC_000058,,,outbound,completed,api,
EVT_006488,transaction,2025-10-20 12:41:05,PER_000052,PER_000037,,DEV_000034,IP_000046,ACC_000052,LOC_000029,568.83,,internal,completed,mobile_app,withdrawal
EVT_004575,location_ping,2025-10-20 12:53:32,PER_000060,,,DEV_000043,,,LOC_000022,,,,completed,pos,
EVT_001181,call,2025-10-20 13:08:20,PER_000059,PER_000074,PH_000180,,,,LOC_000071,,564.0,internal,completed,ussd,
EVT_004893,transaction,2025-10-20 13:29:34,PER_000062,PER_000056,,DEV_000010,IP_000110,ACC_000062,LOC_000033,32418.84,,inbound,completed,ussd,deposit
EVT_001968,location_ping,2025-10-20 13:45:13,PER_000062,,,DEV_000034,,,LOC_000077,,,,completed,pos,
EVT_001414,sms,2025-10-20 15:15:48,PER_000001,PER_000093,PH_000298,,,,LOC_000029,,,internal,completed,ussd,
EVT_004252,call,2025-10-20 15:17:53,PER_000094,PER_000041,PH_000198,,,,LOC_000060,,323.0,internal,completed,atm,
EVT_005396,login,2025-10-20 16:05:04,PER_000042,,PH_000042,DEV_000108,IP_000025,,LOC_000107,,,,completed,ussd,
EVT_005641,sms,2025-10-20 16:09:52,PER_000026,PER_000036,PH_000026,,,,LOC_000059,,,outbound,completed,ussd,
EVT_006397,location_ping,2025-10-20 16:46:47,PER_000093,,,DEV_000019,,,LOC_000071,,,,completed,atm,
EVT_003364,login,2025-10-20 17:20:43,PER_000061,,PH_000239,DEV_000008,IP_000092,,LOC_000062,,,,completed,mobile_app,
EVT_003192,location_ping,2025-10-20 19:12:30,PER_000051,,,DEV_000054,,,LOC_000052,,,,completed,pos,
EVT_002705,transaction,2025-10-20 19:12:59,PER_000020,PER_000049,,DEV_000003,IP_000085,ACC_000120,LOC_000049,1185.4,,outbound,completed,atm,p2p
EVT_002174,transaction,2025-10-20 19:21:02,PER_000062,PER_000068,,DEV_000028,IP_000064,ACC_000062,LOC_000033,871.47,,outbound,completed,pos,transfer
EVT_003768,login,2025-10-21 02:20:23,PER_000057,,PH_000057,DEV_000082,IP_000022,,LOC_000030,,,,completed,mobile_app,
EVT_007313,call,2025-10-21 03:34:46,PER_000002,PER_000018,PH_000002,,,,LOC_000032,,475.0,internal,completed,atm,
EVT_003992,login,2025-10-21 08:55:32,PER_000024,,PH_000024,DEV_000019,IP_000097,,LOC_000083,,,,completed,pos,
EVT_000875,login,2025-10-21 08:55:33,PER_000087,,PH_000087,DEV_000052,IP_000105,,LOC_000099,,,,completed,web,
EVT_001226,call,2025-10-21 09:54:50,PER_000050,PER_000002,PH_000261,,,,LOC_000112,,206.0,internal,completed,api,
EVT_006370,sms,2025-10-21 12:12:07,PER_000042,PER_000018,PH_000042,,,,LOC_000060,,,internal,completed,ussd,
EVT_007010,sms,2025-10-21 13:37:06,PER_000044,PER_000005,PH_000044,,,,LOC_000032,,,inbound,completed,web,
EVT_001786,call,2025-10-21 15:56:09,PER_000093,PER_000054,PH_000093,,,,LOC_000071,,744.0,inbound,completed,pos,
EVT_003934,login,2025-10-21 17:32:47,PER_000062,,PH_000213,DEV_000113,IP_000011,,LOC_000033,,,,completed,web,
EVT_003157,login,2025-10-21 18:40:03,PER_000055,,PH_000191,DEV_000055,IP_000082,,LOC_000033,,,,completed,pos,
EVT_006435,transaction,2025-10-21 21:19:10,PER_000092,PER_000045,,DEV_000042,IP_000097,ACC_000092,LOC_000031,1363.22,,outbound,completed,pos,p2p
EVT_000874,call,2025-10-22 08:06:07,PER_000083,PER_000099,PH_000083,,,,LOC_000053,,96.0,internal,completed,api,
EVT_005110,login,2025-10-22 08:15:24,PER_000024,,PH_000024,DEV_000039,IP_000005,,LOC_000016,,,,completed,web,
EVT_002152,transaction,2025-10-22 09:30:41,PER_000011,PER_000083,,DEV_000023,IP_000119,ACC_000111,LOC_000063,3566.58,,inbound,completed,ussd,p2p
EVT_001484,transaction,2025-10-22 09:53:06,PER_000079,PER_000018,,DEV_000058,IP_000027,ACC_000079,LOC_000004,1555.28,,internal,completed,ussd,withdrawal
EVT_003909,transaction,2025-10-22 11:21:39,PER_000045,PER_000082,,DEV_000001,IP_000001,ACC_000045,LOC_000004,3313.3,,inbound,completed,api,p2p
EVT_003101,transaction,2025-10-22 11:30:28,PER_000050,PER_000024,,DEV_000100,IP_000119,ACC_000050,LOC_000058,158265.55,,inbound,completed,api,transfer
EVT_005934,login,2025-10-22 11:37:04,PER_000050,,PH_000117,DEV_000037,IP_000053,,LOC_000058,,,,completed,web,
EVT_003315,call,2025-10-22 12:23:22,PER_000083,PER_000090,PH_000203,,,,LOC_000053,,473.0,internal,completed,api,
EVT_006065,login,2025-10-22 13:34:44,PER_000001,,PH_000001,DEV_000116,IP_000055,,LOC_000029,,,,completed,api,
EVT_006915,transaction,2025-10-22 13:42:17,PER_000018,PER_000024,,DEV_000016,IP_000025,ACC_000118,LOC_000106,1993.5,,inbound,completed,pos,withdrawal
EVT_001429,sms,2025-10-22 13:42:52,PER_000073,PER_000069,PH_000244,,,,LOC_000015,,,outbound,completed,mobile_app,
EVT_001092,call,2025-10-22 14:00:41,PER_000036,PER_000027,PH_000036,,,,LOC_000090,,930.0,outbound,completed,atm,
EVT_002840,transaction,2025-10-22 15:13:56,PER_000059,PER_000015,,DEV_000095,IP_000035,ACC_000059,LOC_000071,1175.18,,internal,completed,ussd,withdrawal
EVT_006555,call,2025-10-22 16:05:29,PER_000085,PER_000087,PH_000085,,,,LOC_000085,,753.0,internal,completed,mobile_app,
EVT_006092,login,2025-10-22 16:24:00,PER_000062,,PH_000213,DEV_000054,IP_000120,,LOC_000033,,,,completed,mobile_app,
EVT_004620,login,2025-10-22 16:45:04,PER_000010,,PH_000212,DEV_000035,IP_000090,,LOC_000034,,,,completed,pos,
EVT_000925,login,2025-10-22 16:50:51,PER_000018,,PH_000018,DEV_000020,IP_000053,,LOC_000001,,,,completed,api,
EVT_005068,transaction,2025-10-22 16:55:11,PER_000073,PER_000031,,DEV_000049,IP_000089,ACC_000073,LOC_000015,1233.46,,outbound,completed,ussd,transfer
EVT_006926,sms,2025-10-22 18:41:54,PER_000098,PER_000033,PH_000098,,,,LOC_000090,,,internal,completed,ussd,
EVT_005264,transaction,2025-10-22 19:17:02,PER_000081,PER_000087,,DEV_000064,IP_000034,ACC_000081,LOC_000061,2069.6,,outbound,completed,mobile_app,p2p
EVT_003080,login,2025-10-22 19:48:20,PER_000033,,PH_000033,DEV_000033,IP_000095,,LOC_000022,,,,completed,ussd,
EVT_000743,sms,2025-10-23 01:01:25,PER_000058,PER_000100,PH_000058,,,,LOC_000091,,,inbound,completed,api,
EVT_005086,login,2025-10-23 03:47:58,PER_000062,,PH_000213,DEV_000058,IP_000052,,LOC_000033,,,,completed,mobile_app,
EVT_003890,location_ping,2025-10-23 06:41:46,PER_000070,,,DEV_000062,,,LOC_000001,,,,completed,api,
EVT_000420,location_ping,2025-10-23 07:48:03,PER_000093,,,DEV_000067,,,LOC_000071,,,,completed,web,
EVT_005016,sms,2025-10-23 09:28:25,PER_000064,PER_000068,PH_000267,,,,LOC_000020,,,inbound,completed,pos,
EVT_000133,transaction,2025-10-23 11:22:49,PER_000033,PER_000092,,DEV_000095,IP_000018,ACC_000033,LOC_000022,464.75,,internal,completed,pos,withdrawal
EVT_003042,call,2025-10-23 12:18:10,PER_000027,PER_000018,PH_000027,,,,LOC_000097,,89.0,internal,completed,ussd,
EVT_002742,login,2025-10-23 12:37:12,PER_000047,,PH_000047,DEV_000037,IP_000110,,LOC_000113,,,,completed,mobile_app,
EVT_005932,sms,2025-10-23 12:57:21,PER_000030,PER_000073,PH_000030,,,,LOC_000108,,,inbound,completed,api,
EVT_003745,call,2025-10-23 13:55:11,PER_000006,PER_000055,PH_000006,,,,LOC_000060,,1025.0,outbound,completed,ussd,
EVT_005541,sms,2025-10-23 14:28:27,PER_000065,PER_000063,PH_000065,,,,LOC_000072,,,internal,completed,web,
EVT_007130,transaction,2025-10-23 14:29:17,PER_000064,PER_000069,,DEV_000101,IP_000101,ACC_000064,LOC_000020,921.42,,inbound,completed,web,p2p
EVT_001573,location_ping,2025-10-23 14:46:29,PER_000075,,,DEV_000050,,,LOC_000102,,,,completed,web,
EVT_006935,sms,2025-10-23 15:26:22,PER_000023,PER_000017,PH_000023,,,,LOC_000068,,,inbound,completed,api,
EVT_004751,transaction,2025-10-23 15:43:10,PER_000066,PER_000065,,DEV_000023,IP_000096,ACC_000066,LOC_000104,1458.59,,inbound,completed,pos,payment
EVT_006794,transaction,2025-10-23 15:48:36,PER_000007,PER_000064,,DEV_000110,IP_000005,ACC_000107,LOC_000059,4157.64,,outbound,completed,web,deposit
EVT_003057,location_ping,2025-10-23 16:09:15,PER_000027,,,DEV_000080,,,LOC_000097,,,,completed,atm,
EVT_007104,transaction,2025-10-23 16:33:58,PER_000059,PER_000068,,DEV_000001,IP_000008,ACC_000059,LOC_000071,922.9,,internal,completed,atm,payment
EVT_004764,transaction,2025-10-23 17:23:15,PER_000059,PER_000001,,DEV_000100,IP_000074,ACC_000059,LOC_000071,123950.44,,internal,completed,ussd,payment
EVT_000775,transaction,2025-10-23 17:25:37,PER_000073,PER_000004,,DEV_000066,IP_000022,ACC_000073,LOC_000090,597.56,,outbound,completed,ussd,p2p
EVT_002699,call,2025-10-23 17:52:34,PER_000007,PER_000038,PH_000007,,,,LOC_000059,,315.0,outbound,completed,pos,
EVT_000988,sms,2025-10-23 18:22:47,PER_000051,PER_000054,PH_000051,,,,LOC_000052,,,outbound,completed,api,
EVT_001084,location_ping,2025-10-23 18:55:44,PER_000016,,,DEV_000117,,,LOC_000054,,,,completed,pos,
EVT_003595,sms,2025-10-23 20:49:32,PER_000030,PER_000058,PH_000229,,,,LOC_000108,,,inbound,completed,api,
EVT_007106,call,2025-10-24 06:06:26,PER_000002,PER_000042,PH_000002,,,,LOC_000032,,216.0,inbound,completed,api,
EVT_003504,sms,2025-10-24 07:12:03,PER_000054,PER_000075,PH_000222,,,,LOC_000030,,,inbound,completed,web,
EVT_004969,sms,2025-10-24 09:14:13,PER_000002,PER_000027,PH_000114,,,,LOC_000032,,,internal,completed,pos,
EVT_001633,login,2025-10-24 10:00:13,PER_000016,,PH_000016,DEV_000024,IP_000004,,LOC_000054,,,,completed,ussd,
EVT_003902,transaction,2025-10-24 11:32:56,PER_000040,PER_000015,,DEV_000085,IP_000052,ACC_000040,LOC_000047,2546.95,,inbound,completed,pos,withdrawal
EVT_002441,sms,2025-10-24 11:50:28,PER_000090,PER_000059,PH_000090,,,,LOC_000027,,,internal,completed,ussd,
EVT_002214,sms,2025-10-24 13:00:38,PER_000002,PER_000050,PH_000114,,,,LOC_000032,,,inbound,completed,web,
EVT_000443,login,2025-10-24 13:07:05,PER_000081,,PH_000081,DEV_000118,IP_000005,,LOC_000084,,,,completed,api,
EVT_005161,transaction,2025-10-24 13:44:26,PER_000007,PER_000064,,DEV_000075,IP_000039,ACC_000007,LOC_000059,4217.27,,outbound,completed,ussd,p2p
EVT_006644,sms,2025-10-24 14:32:52,PER_000062,PER_000082,PH_000213,,,,LOC_000033,,,outbound,completed,atm,
EVT_002780,login,2025-10-24 15:42:25,PER_000004,,PH_000289,DEV_000094,IP_000087,,LOC_000052,,,,completed,api,
EVT_003371,transaction,2025-10-24 18:01:09,PER_000096,PER_000027,,DEV_000039,IP_000030,ACC_000096,LOC_000107,3414.15,,internal,completed,pos,withdrawal
EVT_005473,call,2025-10-24 18:06:49,PER_000006,PER_000020,PH_000121,,,,LOC_000060,,119.0,internal,completed,atm,
EVT_002212,transaction,2025-10-24 18:45:56,PER_000075,PER_000039,,DEV_000053,IP_000107,ACC_000075,LOC_000102,2134.86,,inbound,completed,web,p2p
EVT_006186,sms,2025-10-24 19:20:32,PER_000055,PER_000009,PH_000055,,,,LOC_000016,,,inbound,completed,ussd,
EVT_003737,call,2025-10-24 22:35:03,PER_000042,PER_000087,PH_000042,,,,LOC_000060,,646.0,internal,completed,mobile_app,
EVT_000013,call,2025-10-25 06:06:32,PER_000059,PER_000018,PH_000180,,,,LOC_000071,,612.0,outbound,completed,mobile_app,
EVT_006026,login,2025-10-25 06:56:17,PER_000014,,PH_000014,DEV_000031,IP_000103,,LOC_000050,,,,completed,atm,
EVT_007156,call,2025-10-25 07:50:19,PER_000080,PER_000034,PH_000118,,,,LOC_000074,,73.0,inbound,completed,pos,
EVT_005878,transaction,2025-10-25 11:01:51,PER_000050,PER_000042,,DEV_000058,IP_000010,ACC_000150,LOC_000058,1008.57,,inbound,completed,ussd,withdrawal
EVT_005589,transaction,2025-10-25 12:56:54,PER_000100,PER_000028,,DEV_000002,IP_000103,ACC_000100,LOC_000108,2142.78,,internal,completed,pos,p2p
EVT_005585,call,2025-10-25 13:28:43,PER_000020,PER_000060,PH_000256,,,,LOC_000056,,82.0,outbound,completed,mobile_app,
EVT_004919,location_ping,2025-10-25 13:56:04,PER_000094,,,DEV_000065,,,LOC_000060,,,,completed,atm,
EVT_005786,sms,2025-10-25 14:03:02,PER_000073,PER_000031,PH_000175,,,,LOC_000015,,,internal,completed,web,
EVT_005636,login,2025-10-25 14:44:28,PER_000027,,PH_000027,DEV_000033,IP_000112,,LOC_000097,,,,completed,api,
EVT_000710,location_ping,2025-10-25 15:45:22,PER_000066,,,DEV_000049,,,LOC_000049,,,,completed,mobile_app,
EVT_003299,transaction,2025-10-25 15:50:20,PER_000097,PER_000002,,DEV_000005,IP_000100,ACC_000097,LOC_000071,3114.27,,outbound,completed,atm,transfer
EVT_007046,transaction,2025-10-25 17:29:40,PER_000025,PER_000021,,DEV_000039,IP_000115,ACC_000125,LOC_000007,2730.1,,inbound,completed,atm,deposit
EVT_001654,call,2025-10-25 17:40:06,PER_000018,PER_000050,PH_000018,,,,LOC_000001,,301.0,inbound,completed,ussd,
EVT_002622,login,2025-10-25 18:12:11,PER_000042,,PH_000042,DEV_000032,IP_000053,,LOC_000060,,,,completed,api,
EVT_003332,location_ping,2025-10-25 19:08:56,PER_000001,,,DEV_000115,,,LOC_000048,,,,completed,ussd,
EVT_005945,location_ping,2025-10-25 19:45:20,PER_000013,,,DEV_000097,,,LOC_000012,,,,completed,ussd,
EVT_003585,call,2025-10-25 20:37:56,PER_000073,PER_000022,PH_000244,,,,LOC_000015,,700.0,internal,completed,atm,
EVT_003949,sms,2025-10-26 05:03:58,PER_000017,PER_000027,PH_000017,,,,LOC_000067,,,outbound,completed,pos,
EVT_000019,call,2025-10-26 08:37:16,PER_000083,PER_000010,PH_000083,,,,LOC_000053,,265.0,inbound,completed,web,
EVT_000291,location_ping,2025-10-26 12:01:29,PER_000073,,,DEV_000099,,,LOC_000015,,,,completed,atm,
EVT_005217,transaction,2025-10-26 12:11:30,PER_000050,PER_000027,,DEV_000119,IP_000067,ACC_000050,LOC_000058,468275.09,,internal,completed,mobile_app,payment
EVT_006400,location_ping,2025-10-26 12:14:53,PER_000093,,,DEV_000043,,,LOC_000071,,,,completed,api,
EVT_002442,transaction,2025-10-26 12:26:40,PER_000009,PER_000038,,DEV_000112,IP_000083,ACC_000109,LOC_000107,2745.12,,inbound,completed,pos,payment
EVT_004777,call,2025-10-26 12:34:03,PER_000042,PER_000077,PH_000042,,,,LOC_000060,,55.0,internal,completed,pos,
EVT_004338,sms,2025-10-26 13:21:23,PER_000059,PER_000014,PH_000137,,,,LOC_000071,,,outbound,completed,mobile_app,
EVT_005061,call,2025-10-26 14:22:16,PER_000042,PER_000016,PH_000042,,,,LOC_000060,,1154.0,internal,completed,atm,
EVT_006346,sms,2025-10-26 16:43:02,PER_000073,PER_000002,PH_000073,,,,LOC_000015,,,internal,completed,mobile_app,
EVT_003942,location_ping,2025-10-26 16:47:33,PER_000061,,,DEV_000090,,,LOC_000062,,,,completed,ussd,
EVT_003596,call,2025-10-26 17:06:30,PER_000062,PER_000001,PH_000062,,,,LOC_000055,,919.0,outbound,completed,api,
EVT_000410,location_ping,2025-10-26 17:12:52,PER_000042,,,DEV_000059,,,LOC_000060,,,,completed,pos,
EVT_006230,call,2025-10-26 21:23:33,PER_000009,PER_000061,PH_000009,,,,LOC_000053,,556.0,outbound,completed,api,
EVT_000679,transaction,2025-10-27 10:39:53,PER_000075,PER_000052,,DEV_000006,IP_000004,ACC_000075,LOC_000102,4205.04,,outbound,completed,api,payment
EVT_002912,login,2025-10-27 11:04:51,PER_000087,,PH_000087,DEV_000083,IP_000107,,LOC_000099,,,,completed,pos,
EVT_007223,location_ping,2025-10-27 11:32:19,PER_000007,,,DEV_000023,,,LOC_000059,,,,completed,ussd,
EVT_002431,login,2025-10-27 14:02:58,PER_000049,,PH_000190,DEV_000002,IP_000002,,LOC_000072,,,,completed,api,
EVT_004776,sms,2025-10-27 14:31:06,PER_000008,PER_000006,PH_000008,,,,LOC_000077,,,outbound,completed,atm,
EVT_002944,sms,2025-10-27 15:35:14,PER_000073,PER_000041,PH_000175,,,,LOC_000015,,,internal,completed,mobile_app,
EVT_001562,transaction,2025-10-27 18:34:22,PER_000089,PER_000015,,DEV_000005,IP_000017,ACC_000089,LOC_000047,4298.55,,outbound,completed,api,deposit
EVT_002718,login,2025-10-27 19:36:12,PER_000073,,PH_000116,DEV_000048,IP_000031,,LOC_000015,,,,completed,web,
EVT_005298,login,2025-10-27 20:36:13,PER_000065,,PH_000065,DEV_000027,IP_000006,,LOC_000072,,,,completed,api,
EVT_001061,location_ping,2025-10-28 01:19:59,PER_000086,,,DEV_000115,,,LOC_000012,,,,completed,pos,
EVT_003612,sms,2025-10-28 09:05:26,PER_000002,PER_000016,PH_000002,,,,LOC_000032,,,outbound,completed,api,
EVT_001323,location_ping,2025-10-28 10:04:28,PER_000043,,,DEV_000001,,,LOC_000110,,,,completed,atm,
EVT_004594,login,2025-10-28 10:20:25,PER_000001,,PH_000001,DEV_000078,IP_000069,,LOC_000029,,,,completed,mobile_app,
EVT_002858,sms,2025-10-28 10:27:19,PER_000044,PER_000043,PH_000250,,,,LOC_000032,,,inbound,completed,web,
EVT_006253,transaction,2025-10-28 11:12:00,PER_000016,PER_000050,,DEV_000079,IP_000001,ACC_000016,LOC_000024,141488.57,,outbound,completed,atm,withdrawal
EVT_000474,transaction,2025-10-28 11:12:32,PER_000093,PER_000092,,DEV_000036,IP_000026,ACC_000093,LOC_000058,2373.47,,inbound,completed,web,p2p
EVT_007102,sms,2025-10-28 11:32:04,PER_000002,PER_000024,PH_000002,,,,LOC_000032,,,outbound,completed,ussd,
EVT_004325,location_ping,2025-10-28 12:27:18,PER_000062,,,DEV_000054,,,LOC_000033,,,,completed,api,
EVT_006238,location_ping,2025-10-28 13:42:21,PER_000095,,,DEV_000024,,,LOC_000120,,,,completed,atm,
EVT_000449,location_ping,2025-10-28 13:42:43,PER_000002,,,DEV_000008,,,LOC_000032,,,,completed,mobile_app,
EVT_002296,login,2025-10-28 16:42:00,PER_000001,,PH_000298,DEV_000040,IP_000058,,LOC_000029,,,,completed,pos,
EVT_002833,call,2025-10-28 17:21:36,PER_000044,PER_000098,PH_000044,,,,LOC_000032,,523.0,outbound,completed,pos,
EVT_006360,login,2025-10-28 17:53:27,PER_000073,,PH_000073,DEV_000120,IP_000030,,LOC_000015,,,,completed,ussd,
EVT_007273,location_ping,2025-10-28 18:03:58,PER_000062,,,DEV_000090,,,LOC_000033,,,,completed,web,
EVT_000052,login,2025-10-28 20:35:22,PER_000023,,PH_000234,DEV_000021,IP_000108,,LOC_000117,,,,completed,api,
EVT_006060,location_ping,2025-10-28 21:16:56,PER_000014,,,DEV_000069,,,LOC_000050,,,,completed,ussd,
EVT_000310,sms,2025-10-28 21:38:05,PER_000054,PER_000019,PH_000054,,,,LOC_000030,,,inbound,completed,ussd,
EVT_002952,sms,2025-10-28 22:38:56,PER_000037,PER_000066,PH_000233,,,,LOC_000101,,,outbound,completed,atm,
EVT_006610,call,2025-10-29 02:33:48,PER_000018,PER_000050,PH_000018,,,,LOC_000001,,304.0,inbound,completed,api,
EVT_003151,call,2025-10-29 07:11:00,PER_000066,PER_000056,PH_000125,,,,LOC_000049,,864.0,inbound,completed,mobile_app,
EVT_006837,login,2025-10-29 07:23:49,PER_000049,,PH_000293,DEV_000002,IP_000002,,LOC_000072,,,,completed,mobile_app,
EVT_003130,location_ping,2025-10-29 09:27:41,PER_000090,,,DEV_000120,,,LOC_000027,,,,completed,ussd,
EVT_006517,sms,2025-10-29 09:39:07,PER_000017,PER_000079,PH_000017,,,,LOC_000116,,,outbound,completed,pos,
EVT_005947,location_ping,2025-10-29 09:57:16,PER_000071,,,DEV_000072,,,LOC_000005,,,,completed,pos,
EVT_004880,login,2025-10-29 10:57:32,PER_000006,,PH_000006,DEV_000036,IP_000003,,LOC_000060,,,,completed,pos,
EVT_007475,location_ping,2025-10-29 11:21:11,PER_000016,,,DEV_000031,,,LOC_000116,,,,completed,atm,
EVT_002975,login,2025-10-29 12:48:40,PER_000021,,PH_000021,DEV_000080,IP_000036,,LOC_000086,,,,completed,mobile_app,
EVT_001657,sms,2025-10-29 13:37:35,PER_000097,PER_000056,PH_000097,,,,LOC_000071,,,internal,completed,pos,
EVT_005000,sms,2025-10-29 14:01:19,PER_000009,PER_000048,PH_000278,,,,LOC_000107,,,outbound,completed,atm,
EVT_003440,login,2025-10-29 15:03:19,PER_000059,,PH_000137,DEV_000048,IP_000022,,LOC_000071,,,,completed,ussd,
EVT_003629,transaction,2025-10-29 15:18:11,PER_000073,PER_000046,,DEV_000009,IP_000114,ACC_000073,LOC_000015,2353.6,,inbound,completed,atm,deposit
EVT_007486,login,2025-10-29 16:10:46,PER_000073,,PH_000073,DEV_000065,IP_000032,,LOC_000015,,,,completed,web,
EVT_000066,location_ping,2025-10-29 16:19:10,PER_000073,,,DEV_000106,,,LOC_000059,,,,completed,api,
EVT_003636,login,2025-10-29 17:25:24,PER_000076,,PH_000130,DEV_000001,IP_000001,,LOC_000016,,,,completed,atm,
EVT_006605,sms,2025-10-29 18:42:22,PER_000042,PER_000087,PH_000199,,,,LOC_000060,,,inbound,completed,atm,
EVT_006675,transaction,2025-10-29 20:20:56,PER_000037,PER_000061,,DEV_000069,IP_000009,ACC_000037,LOC_000101,136.68,,outbound,completed,web,p2p
EVT_005006,transaction,2025-10-30 01:12:18,PER_000027,PER_000018,,DEV_000007,IP_000030,ACC_000127,LOC_000097,1218.07,,inbound,completed,pos,p2p
EVT_000718,transaction,2025-10-30 02:38:39,PER_000042,PER_000050,,DEV_000010,IP_000095,ACC_000142,LOC_000117,1969.07,,internal,completed,pos,payment
EVT_006227,login,2025-10-30 05:26:45,PER_000044,,PH_000044,DEV_000002,IP_000032,,LOC_000032,,,,completed,mobile_app,
EVT_001779,sms,2025-10-30 07:16:57,PER_000018,PER_000016,PH_000018,,,,LOC_000001,,,inbound,completed,web,
EVT_002972,login,2025-10-30 07:21:02,PER_000061,,PH_000239,DEV_000093,IP_000115,,LOC_000119,,,,completed,atm,
EVT_002281,transaction,2025-10-30 08:02:32,PER_000062,PER_000097,,DEV_000005,IP_000086,ACC_000062,LOC_000033,88750.24,,inbound,completed,pos,payment
EVT_002463,location_ping,2025-10-30 08:02:32,PER_000016,,,DEV_000009,,,LOC_000054,,,,completed,pos,
EVT_004661,sms,2025-10-30 10:07:59,PER_000021,PER_000084,PH_000021,,,,LOC_000086,,,internal,completed,pos,
EVT_003028,transaction,2025-10-30 13:48:12,PER_000084,PER_000050,,DEV_000119,IP_000015,ACC_000084,LOC_000043,1876.58,,inbound,completed,api,transfer
EVT_005262,call,2025-10-30 15:43:38,PER_000092,PER_000094,PH_000092,,,,LOC_000091,,34.0,outbound,completed,web,
EVT_001412,sms,2025-10-30 16:20:28,PER_000076,PER_000071,PH_000219,,,,LOC_000016,,,inbound,completed,web,
EVT_002726,login,2025-10-30 16:44:54,PER_000025,,PH_000132,DEV_000058,IP_000083,,LOC_000024,,,,completed,ussd,
EVT_002588,sms,2025-10-30 16:50:55,PER_000046,PER_000078,PH_000046,,,,LOC_000028,,,inbound,completed,atm,
EVT_002017,location_ping,2025-10-30 18:34:09,PER_000093,,,DEV_000118,,,LOC_000071,,,,completed,api,
EVT_002021,transaction,2025-10-30 19:01:47,PER_000062,PER_000037,,DEV_000034,IP_000025,ACC_000062,LOC_000033,135366.55,,outbound,completed,api,deposit
EVT_007255,call,2025-10-30 21:20:08,PER_000013,PER_000030,PH_000292,,,,LOC_000041,,625.0,outbound,completed,atm,
EVT_001972,transaction,2025-10-31 02:57:10,PER_000042,PER_000065,,DEV_000038,IP_000001,ACC_000042,LOC_000060,233404.8,,internal,completed,api,withdrawal
EVT_006786,sms,2025-10-31 03:55:40,PER_000018,PER_000014,PH_000018,,,,LOC_000046,,,outbound,completed,api,
EVT_004292,call,2025-10-31 05:07:01,PER_000050,PER_000024,PH_000248,,,,LOC_000058,,481.0,internal,completed,api,
EVT_006530,sms,2025-10-31 07:00:55,PER_000082,PER_000096,PH_000082,,,,LOC_000082,,,inbound,completed,atm,
EVT_003166,login,2025-10-31 11:18:26,PER_000083,,PH_000203,DEV_000057,IP_000083,,LOC_000053,,,,completed,web,
EVT_006658,location_ping,2025-10-31 14:20:29,PER_000092,,,DEV_000056,,,LOC_000091,,,,completed,atm,
EVT_003671,transaction,2025-10-31 15:29:13,PER_000093,PER_000082,,DEV_000020,IP_000043,ACC_000093,LOC_000071,1712.95,,outbound,completed,mobile_app,deposit
EVT_000517,transaction,2025-10-31 15:59:12,PER_000001,PER_000097,,DEV_000074,IP_000048,ACC_000001,LOC_000049,2661.42,,internal,completed,ussd,transfer
EVT_003274,transaction,2025-10-31 16:42:54,PER_000016,PER_000042,,DEV_000063,IP_000099,ACC_000116,LOC_000054,3546.54,,outbound,completed,api,p2p
EVT_000992,location_ping,2025-10-31 18:02:43,PER_000062,,,DEV_000005,,,LOC_000033,,,,completed,atm,
EVT_001245,sms,2025-10-31 19:01:55,PER_000016,PER_000024,PH_000016,,,,LOC_000054,,,inbound,completed,pos,
EVT_000541,login,2025-10-31 19:08:16,PER_000050,,PH_000050,DEV_000088,IP_000066,,LOC_000058,,,,completed,mobile_app,
EVT_004593,location_ping,2025-11-01 04:13:01,PER_000033,,,DEV_000079,,,LOC_000022,,,,completed,ussd,
EVT_004583,location_ping,2025-11-01 05:48:57,PER_000044,,,DEV_000103,,,LOC_000032,,,,completed,atm,
EVT_001518,location_ping,2025-11-01 06:26:42,PER_000001,,,DEV_000116,,,LOC_000029,,,,completed,pos,
EVT_005579,transaction,2025-11-01 07:30:35,PER_000050,PER_000027,,DEV_000007,IP_000068,ACC_000050,LOC_000058,243560.87,,outbound,completed,pos,withdrawal
EVT_007138,transaction,2025-11-01 08:41:30,PER_000024,PER_000027,,DEV_000038,IP_000042,ACC_000024,LOC_000083,1142.73,,internal,completed,api,deposit
EVT_006545,sms,2025-11-01 09:22:59,PER_000062,PER_000088,PH_000152,,,,LOC_000033,,,internal,completed,web,
EVT_006411,location_ping,2025-11-01 10:22:14,PER_000002,,,DEV_000014,,,LOC_000032,,,,completed,api,
EVT_006575,call,2025-11-01 10:50:04,PER_000018,PER_000002,PH_000018,,,,LOC_000001,,645.0,internal,completed,pos,
EVT_002589,call,2025-11-01 10:50:39,PER_000028,PER_000063,PH_000028,,,,LOC_000003,,938.0,inbound,completed,mobile_app,
EVT_000409,location_ping,2025-11-01 12:14:22,PER_000081,,,DEV_000037,,,LOC_000084,,,,completed,ussd,
EVT_001776,transaction,2025-11-01 13:31:41,PER_000035,PER_000077,,DEV_000014,IP_000067,ACC_000035,LOC_000076,3372.3,,internal,completed,api,payment
EVT_004319,call,2025-11-01 13:38:02,PER_000059,PER_000060,PH_000059,,,,LOC_000071,,498.0,outbound,completed,atm,
EVT_000376,transaction,2025-11-01 17:42:00,PER_000059,PER_000043,,DEV_000084,IP_000080,ACC_000059,LOC_000071,132909.86,,internal,completed,api,p2p
EVT_002499,location_ping,2025-11-01 18:17:04,PER_000087,,,DEV_000063,,,LOC_000099,,,,completed,pos,
EVT_005530,location_ping,2025-11-01 20:05:03,PER_000041,,,DEV_000058,,,LOC_000041,,,,completed,pos,
EVT_001016,login,2025-11-01 21:06:30,PER_000073,,PH_000175,DEV_000050,IP_000041,,LOC_000015,,,,completed,web,
EVT_000593,sms,2025-11-02 05:00:48,PER_000009,PER_000041,PH_000009,,,,LOC_000107,,,internal,completed,web,
EVT_002530,sms,2025-11-02 05:38:16,PER_000050,PER_000027,PH_000248,,,,LOC_000058,,,inbound,completed,api,
EVT_004628,location_ping,2025-11-02 08:22:13,PER_000059,,,DEV_000088,,,LOC_000071,,,,completed,api,
EVT_005515,location_ping,2025-11-02 08:29:12,PER_000065,,,DEV_000082,,,LOC_000072,,,,completed,api,
EVT_004876,location_ping,2025-11-02 10:17:39,PER_000094,,,DEV_000073,,,LOC_000060,,,,completed,pos,
EVT_000127,login,2025-11-02 10:37:04,PER_000062,,PH_000062,DEV_000049,IP_000050,,LOC_000033,,,,completed,mobile_app,
EVT_005488,transaction,2025-11-02 10:55:41,PER_000073,PER_000096,,DEV_000107,IP_000113,ACC_000073,LOC_000015,78853.78,,outbound,completed,atm,withdrawal
EVT_003473,call,2025-11-02 11:36:28,PER_000003,PER_000073,PH_000126,,,,LOC_000054,,791.0,outbound,completed,mobile_app,
EVT_002470,login,2025-11-02 13:55:53,PER_000027,,PH_000245,DEV_000051,IP_000088,,LOC_000018,,,,completed,mobile_app,
EVT_004659,transaction,2025-11-02 15:01:47,PER_000016,PER_000024,,DEV_000113,IP_000106,ACC_000116,LOC_000054,1397.79,,internal,completed,pos,deposit
EVT_006853,login,2025-11-02 15:23:30,PER_000006,,PH_000243,DEV_000007,IP_000061,,LOC_000060,,,,completed,api,
EVT_003381,sms,2025-11-02 16:24:55,PER_000073,PER_000081,PH_000175,,,,LOC_000015,,,inbound,completed,atm,
EVT_003273,sms,2025-11-02 18:50:52,PER_000023,PER_000028,PH_000023,,,,LOC_000117,,,inbound,completed,mobile_app,
EVT_002053,sms,2025-11-02 20:29:23,PER_000016,PER_000059,PH_000016,,,,LOC_000054,,,inbound,completed,ussd,
EVT_004279,login,2025-11-03 02:23:45,PER_000098,,PH_000098,DEV_000002,IP_000108,,LOC_000096,,,,completed,mobile_app,
EVT_003197,transaction,2025-11-03 08:41:26,PER_000024,PER_000016,,DEV_000068,IP_000086,ACC_000124,LOC_000064,1454.5,,inbound,completed,atm,deposit
EVT_001777,transaction,2025-11-03 08:50:04,PER_000091,PER_000033,,DEV_000002,IP_000002,ACC_000091,LOC_000057,3665.2,,internal,completed,api,deposit
EVT_000520,call,2025-11-03 10:20:19,PER_000090,PER_000065,PH_000090,,,,LOC_000027,,611.0,inbound,completed,mobile_app,
EVT_003306,call,2025-11-03 11:22:30,PER_000062,PER_000075,PH_000062,,,,LOC_000033,,830.0,inbound,completed,mobile_app,
EVT_002386,login,2025-11-03 11:30:57,PER_000059,,PH_000137,DEV_000117,IP_000015,,LOC_000071,,,,completed,web,
EVT_005600,transaction,2025-11-03 11:43:57,PER_000056,PER_000083,,DEV_000024,IP_000071,ACC_000056,LOC_000036,1856.49,,internal,completed,pos,deposit
EVT_004413,call,2025-11-03 12:33:31,PER_000083,PER_000017,PH_000203,,,,LOC_000053,,1190.0,inbound,completed,ussd,
EVT_004384,location_ping,2025-11-03 13:02:58,PER_000058,,,DEV_000102,,,LOC_000091,,,,completed,web,
EVT_004601,call,2025-11-03 13:29:02,PER_000002,PER_000018,PH_000002,,,,LOC_000032,,526.0,outbound,completed,pos,
EVT_004856,location_ping,2025-11-03 13:50:33,PER_000001,,,DEV_000118,,,LOC_000029,,,,completed,mobile_app,
EVT_003144,transaction,2025-11-03 14:04:54,PER_000089,PER_000023,,DEV_000001,IP_000111,ACC_000089,LOC_000047,3356.72,,outbound,completed,mobile_app,deposit
EVT_005679,call,2025-11-03 14:45:25,PER_000050,PER_000002,PH_000261,,,,LOC_000058,,836.0,outbound,completed,pos,
EVT_000456,transaction,2025-11-03 16:27:40,PER_000042,PER_000002,,DEV_000110,IP_000069,ACC_000142,LOC_000060,1271.13,,outbound,completed,atm,transfer
EVT_004931,login,2025-11-03 17:04:29,PER_000024,,PH_000024,DEV_000099,IP_000033,,LOC_000083,,,,completed,atm,
EVT_000125,login,2025-11-03 17:36:40,PER_000067,,PH_000067,DEV_000113,IP_000093,,LOC_000028,,,,completed,pos,
EVT_004167,location_ping,2025-11-03 17:46:48,PER_000100,,,DEV_000105,,,LOC_000108,,,,completed,atm,
EVT_004833,login,2025-11-03 18:01:13,PER_000046,,PH_000046,DEV_000036,IP_000086,,LOC_000028,,,,completed,pos,
EVT_003491,login,2025-11-03 19:13:10,PER_000064,,PH_000267,DEV_000082,IP_000074,,LOC_000020,,,,completed,pos,
EVT_001183,login,2025-11-03 23:45:44,PER_000070,,PH_000188,DEV_000065,IP_000038,,LOC_000001,,,,completed,ussd,
EVT_004248,transaction,2025-11-04 04:41:32,PER_000094,PER_000063,,DEV_000078,IP_000091,ACC_000094,LOC_000060,648.37,,outbound,completed,web,p2p
EVT_000733,login,2025-11-04 06:26:43,PER_000062,,PH_000062,DEV_000004,IP_000038,,LOC_000033,,,,completed,pos,
EVT_000351,sms,2025-11-04 08:07:49,PER_000016,PER_000044,PH_000016,,,,LOC_000028,,,outbound,completed,mobile_app,
EVT_001498,sms,2025-11-04 08:38:02,PER_000033,PER_000052,PH_000033,,,,LOC_000072,,,inbound,completed,pos,
EVT_001264,sms,2025-11-04 09:42:27,PER_000035,PER_000073,PH_000035,,,,LOC_000075,,,inbound,completed,api,
EVT_002485,call,2025-11-04 10:26:41,PER_000001,PER_000019,PH_000001,,,,LOC_000067,,980.0,internal,completed,pos,
EVT_007476,transaction,2025-11-04 10:31:19,PER_000090,PER_000083,,DEV_000040,IP_000042,ACC_000090,LOC_000027,496.02,,inbound,completed,mobile_app,deposit
EVT_006024,call,2025-11-04 12:12:20,PER_000089,PER_000016,PH_000282,,,,LOC_000054,,1096.0,outbound,completed,atm,
EVT_001743,sms,2025-11-04 12:57:30,PER_000062,PER_000088,PH_000062,,,,LOC_000033,,,inbound,completed,atm,
EVT_001036,call,2025-11-04 14:23:53,PER_000027,PER_000042,PH_000245,,,,LOC_000097,,421.0,inbound,completed,atm,
EVT_001612,login,2025-11-04 14:51:51,PER_000016,,PH_000016,DEV_000105,IP_000002,,LOC_000006,,,,completed,mobile_app,
EVT_000580,transaction,2025-11-04 15:11:43,PER_000093,PER_000055,,DEV_000115,IP_000086,ACC_000093,LOC_000071,2254.14,,inbound,completed,atm,transfer
EVT_005775,sms,2025-11-04 18:04:40,PER_000043,PER_000024,PH_000286,,,,LOC_000110,,,outbound,completed,atm,
EVT_002269,sms,2025-11-04 18:09:31,PER_000094,PER_000066,PH_000094,,,,LOC_000060,,,internal,completed,pos,
EVT_000997,transaction,2025-11-04 19:21:27,PER_000006,PER_000016,,DEV_000020,IP_000108,ACC_000006,LOC_000060,1752.06,,outbound,completed,pos,transfer
EVT_002147,transaction,2025-11-04 19:40:10,PER_000088,PER_000065,,DEV_000036,IP_000069,ACC_000088,LOC_000012,4368.74,,outbound,completed,api,deposit
EVT_001763,call,2025-11-05 03:23:27,PER_000021,PER_000064,PH_000021,,,,LOC_000086,,996.0,internal,completed,ussd,
EVT_000634,transaction,2025-11-05 05:13:33,PER_000050,PER_000027,,DEV_000092,IP_000078,ACC_000050,LOC_000058,204649.17,,inbound,completed,api,payment
EVT_004940,transaction,2025-11-05 05:20:01,PER_000054,PER_000078,,DEV_000053,IP_000019,ACC_000054,LOC_000030,4358.64,,outbound,completed,pos,transfer
EVT_002548,location_ping,2025-11-05 07:14:13,PER_000042,,,DEV_000048,,,LOC_000060,,,,completed,api,
EVT_006476,sms,2025-11-05 07:43:50,PER_000083,PER_000029,PH_000203,,,,LOC_000053,,,inbound,completed,web,
EVT_006886,location_ping,2025-11-05 07:47:13,PER_000093,,,DEV_000041,,,LOC_000071,,,,completed,api,
EVT_000535,sms,2025-11-05 08:35:13,PER_000024,PER_000018,PH_000024,,,,LOC_000083,,,inbound,completed,atm,
EVT_005063,transaction,2025-11-05 08:53:40,PER_000016,PER_000087,,DEV_000037,IP_000087,ACC_000116,LOC_000054,3712.4,,internal,completed,ussd,payment
EVT_004126,login,2025-11-05 09:05:19,PER_000016,,PH_000016,DEV_000046,IP_000116,,LOC_000054,,,,completed,atm,
EVT_001872,location_ping,2025-11-05 10:17:46,PER_000059,,,DEV_000098,,,LOC_000071,,,,completed,mobile_app,
EVT_003666,call,2025-11-05 10:52:48,PER_000002,PER_000018,PH_000002,,,,LOC_000032,,551.0,inbound,completed,mobile_app,
EVT_002423,location_ping,2025-11-05 12:01:07,PER_000024,,,DEV_000108,,,LOC_000083,,,,completed,pos,
EVT_000914,sms,2025-11-05 12:33:18,PER_000009,PER_000073,PH_000009,,,,LOC_000107,,,outbound,completed,api,
EVT_005107,sms,2025-11-05 14:24:22,PER_000085,PER_000031,PH_000085,,,,LOC_000085,,,internal,completed,api,
EVT_003716,sms,2025-11-05 14:40:12,PER_000027,PER_000042,PH_000027,,,,LOC_000097,,,internal,completed,api,
EVT_003557,login,2025-11-05 14:42:53,PER_000009,,PH_000009,DEV_000097,IP_000042,,LOC_000107,,,,completed,api,
EVT_001367,location_ping,2025-11-05 15:45:12,PER_000062,,,DEV_000002,,,LOC_000033,,,,completed,api,
EVT_001255,login,2025-11-05 16:35:47,PER_000073,,PH_000162,DEV_000014,IP_000053,,LOC_000020,,,,completed,mobile_app,
EVT_007059,call,2025-11-05 17:39:59,PER_000011,PER_000008,PH_000174,,,,LOC_000063,,1198.0,inbound,completed,pos,
EVT_004524,call,2025-11-05 18:11:44,PER_000087,PER_000050,PH_000087,,,,LOC_000099,,784.0,outbound,completed,ussd,
EVT_002328,login,2025-11-05 18:15:29,PER_000023,,PH_000234,DEV_000078,IP_000109,,LOC_000117,,,,completed,mobile_app,
EVT_005034,sms,2025-11-05 21:36:16,PER_000049,PER_000064,PH_000154,,,,LOC_000072,,,internal,completed,web,
EVT_000957,login,2025-11-05 21:57:57,PER_000087,,PH_000294,DEV_000009,IP_000058,,LOC_000099,,,,completed,atm,
EVT_003343,location_ping,2025-11-06 07:09:55,PER_000093,,,DEV_000051,,,LOC_000071,,,,completed,pos,
EVT_000398,location_ping,2025-11-06 08:42:06,PER_000089,,,DEV_000119,,,LOC_000097,,,,completed,web,
EVT_004009,call,2025-11-06 10:43:40,PER_000073,PER_000009,PH_000175,,,,LOC_000015,,189.0,inbound,completed,atm,
EVT_004074,transaction,2025-11-06 10:48:24,PER_000097,PER_000082,,DEV_000080,IP_000084,ACC_000097,LOC_000035,2782.28,,outbound,completed,web,deposit
EVT_006022,login,2025-11-06 12:11:54,PER_000027,,PH_000027,DEV_000060,IP_000086,,LOC_000097,,,,completed,ussd,
EVT_002253,sms,2025-11-06 13:36:01,PER_000059,PER_000075,PH_000059,,,,LOC_000071,,,inbound,completed,pos,
EVT_006561,sms,2025-11-06 13:47:21,PER_000062,PER_000028,PH_000062,,,,LOC_000033,,,outbound,completed,mobile_app,
EVT_005675,login,2025-11-06 14:58:01,PER_000014,,PH_000014,DEV_000072,IP_000011,,LOC_000021,,,,completed,pos,
EVT_004448,location_ping,2025-11-06 15:32:35,PER_000050,,,DEV_000114,,,LOC_000058,,,,completed,api,
EVT_004850,sms,2025-11-06 16:09:34,PER_000001,PER_000019,PH_000001,,,,LOC_000029,,,outbound,completed,ussd,
EVT_004013,location_ping,2025-11-06 16:12:06,PER_000062,,,DEV_000042,,,LOC_000033,,,,completed,mobile_app,
EVT_000591,location_ping,2025-11-06 17:53:04,PER_000018,,,DEV_000062,,,LOC_000001,,,,completed,mobile_app,
EVT_006891,login,2025-11-06 18:31:06,PER_000059,,PH_000137,DEV_000112,IP_000004,,LOC_000071,,,,completed,pos,
EVT_000632,transaction,2025-11-06 18:52:56,PER_000050,PER_000027,,DEV_000051,IP_000004,ACC_000050,LOC_000058,104419.33,,inbound,completed,atm,withdrawal
EVT_001115,location_ping,2025-11-07 06:34:56,PER_000002,,,DEV_000031,,,LOC_000032,,,,completed,ussd,
EVT_006372,login,2025-11-07 11:09:34,PER_000032,,PH_000032,DEV_000050,IP_000114,,LOC_000028,,,,completed,pos,
EVT_001143,sms,2025-11-07 11:38:32,PER_000059,PER_000019,PH_000059,,,,LOC_000071,,,outbound,completed,pos,
EVT_000799,login,2025-11-07 11:54:07,PER_000018,,PH_000018,DEV_000051,IP_000028,,LOC_000074,,,,completed,atm,
EVT_004049,call,2025-11-07 12:02:38,PER_000062,PER_000084,PH_000062,,,,LOC_000033,,785.0,internal,completed,mobile_app,
EVT_002827,transaction,2025-11-07 12:40:53,PER_000059,PER_000091,,DEV_000068,IP_000020,ACC_000059,LOC_000071,43842.92,,outbound,completed,web,p2p
EVT_004693,login,2025-11-07 13:40:25,PER_000001,,PH_000001,DEV_000036,IP_000070,,LOC_000103,,,,completed,ussd,
EVT_007086,login,2025-11-07 16:29:41,PER_000093,,PH_000142,DEV_000107,IP_000033,,LOC_000071,,,,completed,api,
EVT_007077,transaction,2025-11-07 17:42:32,PER_000090,PER_000058,,DEV_000104,IP_000034,ACC_000090,LOC_000027,2124.22,,internal,completed,web,payment
EVT_007366,transaction,2025-11-07 19:42:43,PER_000073,PER_000060,,DEV_000027,IP_000082,ACC_000073,LOC_000015,98722.64,,inbound,completed,mobile_app,deposit
EVT_001316,login,2025-11-07 20:29:50,PER_000021,,PH_000021,DEV_000068,IP_000030,,LOC_000086,,,,completed,ussd,
EVT_004180,transaction,2025-11-07 20:29:58,PER_000062,PER_000074,,DEV_000076,IP_000070,ACC_000062,LOC_000033,133.32,,inbound,completed,atm,deposit
EVT_002872,call,2025-11-07 21:48:03,PER_000064,PER_000088,PH_000111,,,,LOC_000020,,945.0,internal,completed,mobile_app,
EVT_001297,call,2025-11-07 21:50:24,PER_000008,PER_000033,PH_000008,,,,LOC_000077,,680.0,outbound,completed,ussd,
EVT_000873,location_ping,2025-11-07 22:53:36,PER_000087,,,DEV_000078,,,LOC_000099,,,,completed,web,
EVT_000952,login,2025-11-08 08:18:09,PER_000091,,PH_000192,DEV_000002,IP_000002,,LOC_000057,,,,completed,pos,
EVT_001729,location_ping,2025-11-08 09:00:49,PER_000037,,,DEV_000064,,,LOC_000101,,,,completed,ussd,
EVT_000780,sms,2025-11-08 11:11:49,PER_000004,PER_000032,PH_000289,,,,LOC_000052,,,outbound,completed,pos,
EVT_006953,sms,2025-11-08 11:38:19,PER_000001,PER_000074,PH_000001,,,,LOC_000029,,,internal,completed,mobile_app,
EVT_003196,sms,2025-11-08 12:59:14,PER_000071,PER_000031,PH_000071,,,,LOC_000005,,,outbound,completed,pos,
EVT_004515,call,2025-11-08 13:53:48,PER_000031,PER_000024,PH_000112,,,,LOC_000017,,444.0,internal,completed,pos,
EVT_001768,sms,2025-11-08 15:00:51,PER_000068,PER_000088,PH_000208,,,,LOC_000043,,,internal,completed,atm,
EVT_003519,sms,2025-11-08 15:17:10,PER_000088,PER_000001,PH_000088,,,,LOC_000060,,,inbound,completed,web,
EVT_001863,location_ping,2025-11-08 15:48:56,PER_000031,,,DEV_000101,,,LOC_000017,,,,completed,atm,
EVT_002928,call,2025-11-08 16:33:17,PER_000024,PER_000002,PH_000024,,,,LOC_000083,,546.0,internal,completed,web,
EVT_005194,call,2025-11-08 16:44:28,PER_000035,PER_000015,PH_000166,,,,LOC_000117,,109.0,inbound,completed,mobile_app,
EVT_006260,transaction,2025-11-08 18:24:19,PER_000050,PER_000042,,DEV_000107,IP_000015,ACC_000150,LOC_000058,3132.44,,internal,completed,api,p2p
EVT_001814,transaction,2025-11-08 18:57:29,PER_000056,PER_000006,,DEV_000092,IP_000041,ACC_000056,LOC_000036,2769.61,,inbound,completed,atm,p2p
EVT_007000,location_ping,2025-11-09 03:04:09,PER_000013,,,DEV_000106,,,LOC_000041,,,,completed,web,
EVT_001471,location_ping,2025-11-09 05:38:39,PER_000073,,,DEV_000074,,,LOC_000015,,,,completed,ussd,
EVT_006139,transaction,2025-11-09 08:04:29,PER_000064,PER_000089,,DEV_000103,IP_000070,ACC_000064,LOC_000119,3538.75,,outbound,completed,mobile_app,p2p
EVT_001133,login,2025-11-09 08:53:44,PER_000018,,PH_000018,DEV_000087,IP_000089,,LOC_000001,,,,completed,api,
EVT_007150,location_ping,2025-11-09 10:23:13,PER_000050,,,DEV_000110,,,LOC_000058,,,,completed,ussd,
EVT_002689,call,2025-11-09 11:08:28,PER_000059,PER_000037,PH_000137,,,,LOC_000071,,830.0,inbound,completed,pos,
EVT_004467,login,2025-11-09 11:33:17,PER_000027,,PH_000245,DEV_000073,IP_000070,,LOC_000097,,,,completed,pos,
EVT_005433,login,2025-11-09 13:36:32,PER_000062,,PH_000152,DEV_000116,IP_000034,,LOC_000033,,,,completed,atm,
EVT_001469,call,2025-11-09 14:09:45,PER_000018,PER_000020,PH_000018,,,,LOC_000001,,108.0,outbound,completed,api,
EVT_002064,location_ping,2025-11-09 14:38:55,PER_000002,,,DEV_000090,,,LOC_000032,,,,completed,mobile_app,
EVT_004681,call,2025-11-09 17:09:09,PER_000026,PER_000024,PH_000026,,,,LOC_000059,,670.0,outbound,completed,web,
EVT_007189,sms,2025-11-09 17:15:40,PER_000047,PER_000097,PH_000047,,,,LOC_000113,,,outbound,completed,api,
EVT_005334,call,2025-11-09 17:21:50,PER_000059,PER_000089,PH_000137,,,,LOC_000071,,600.0,inbound,completed,pos,
EVT_003648,transaction,2025-11-09 19:03:43,PER_000080,PER_000037,,DEV_000034,IP_000060,ACC_000080,LOC_000074,1639.92,,inbound,completed,web,withdrawal
EVT_000274,login,2025-11-09 21:10:53,PER_000013,,PH_000013,DEV_000105,IP_000105,,LOC_000041,,,,completed,ussd,
EVT_007445,location_ping,2025-11-09 22:25:17,PER_000093,,,DEV_000022,,,LOC_000071,,,,completed,ussd,
EVT_004140,transaction,2025-11-10 07:41:24,PER_000080,PER_000025,,DEV_000010,IP_000103,ACC_000080,LOC_000074,3668.7,,inbound,completed,web,withdrawal
EVT_001427,transaction,2025-11-10 08:07:25,PER_000016,PER_000042,,DEV_000097,IP_000078,ACC_000016,LOC_000054,1030.47,,inbound,completed,atm,p2p
EVT_000673,transaction,2025-11-10 08:43:28,PER_000070,PER_000086,,DEV_000016,IP_000056,ACC_000070,LOC_000001,780.93,,outbound,completed,mobile_app,withdrawal
EVT_006155,transaction,2025-11-10 11:49:48,PER_000057,PER_000072,,DEV_000002,IP_000054,ACC_000057,LOC_000030,530.19,,outbound,completed,mobile_app,withdrawal
EVT_002166,transaction,2025-11-10 12:54:57,PER_000075,PER_000007,,DEV_000052,IP_000089,ACC_000075,LOC_000102,1629.34,,inbound,completed,web,withdrawal
EVT_004588,transaction,2025-11-10 13:16:38,PER_000080,PER_000092,,DEV_000080,IP_000019,ACC_000080,LOC_000074,2149.24,,inbound,completed,ussd,transfer
EVT_004372,login,2025-11-10 13:36:13,PER_000077,,PH_000271,DEV_000077,IP_000109,,LOC_000035,,,,completed,pos,
EVT_000323,location_ping,2025-11-10 14:15:32,PER_000018,,,DEV_000013,,,LOC_000001,,,,completed,api,
EVT_001268,transaction,2025-11-10 14:27:01,PER_000024,PER_000042,,DEV_000020,IP_000009,ACC_000124,LOC_000083,139721.93,,inbound,completed,ussd,transfer
EVT_004912,transaction,2025-11-10 15:44:56,PER_000024,PER_000018,,DEV_000104,IP_000102,ACC_000024,LOC_000083,749.76,,internal,completed,ussd,deposit
EVT_000213,location_ping,2025-11-10 17:10:24,PER_000094,,,DEV_000006,,,LOC_000073,,,,completed,api,
EVT_007491,location_ping,2025-11-10 18:03:10,PER_000042,,,DEV_000092,,,LOC_000060,,,,completed,mobile_app,
EVT_004018,sms,2025-11-10 18:12:04,PER_000073,PER_000080,PH_000073,,,,LOC_000015,,,inbound,completed,api,
EVT_001426,transaction,2025-11-10 18:25:22,PER_000073,PER_000037,,DEV_000085,IP_000056,ACC_000073,LOC_000015,1393.65,,inbound,completed,atm,deposit
EVT_001638,location_ping,2025-11-10 18:52:35,PER_000062,,,DEV_000014,,,LOC_000033,,,,completed,mobile_app,
EVT_000570,login,2025-11-10 21:18:20,PER_000018,,PH_000018,DEV_000081,IP_000105,,LOC_000001,,,,completed,mobile_app,
EVT_002244,sms,2025-11-11 02:58:36,PER_000006,PER_000008,PH_000006,,,,LOC_000060,,,inbound,completed,mobile_app,
EVT_004369,location_ping,2025-11-11 03:01:13,PER_000003,,,DEV_000084,,,LOC_000054,,,,completed,atm,
EVT_006243,sms,2025-11-11 06:44:29,PER_000004,PER_000098,PH_000297,,,,LOC_000052,,,outbound,completed,ussd,
EVT_005845,sms,2025-11-11 07:24:08,PER_000032,PER_000042,PH_000165,,,,LOC_000028,,,outbound,completed,ussd,
EVT_006120,call,2025-11-11 07:59:15,PER_000002,PER_000042,PH_000002,,,,LOC_000032,,644.0,inbound,completed,mobile_app,
EVT_001665,sms,2025-11-11 08:04:03,PER_000003,PER_000096,PH_000003,,,,LOC_000054,,,internal,completed,mobile_app,
EVT_005938,location_ping,2025-11-11 09:43:56,PER_000003,,,DEV_000014,,,LOC_000110,,,,completed,mobile_app,
EVT_002810,location_ping,2025-11-11 09:54:52,PER_000008,,,DEV_000019,,,LOC_000077,,,,completed,pos,
EVT_004159,sms,2025-11-11 11:03:02,PER_000064,PER_000039,PH_000267,,,,LOC_000020,,,inbound,completed,pos,
EVT_003932,transaction,2025-11-11 12:23:00,PER_000002,PER_000050,,DEV_000021,IP_000068,ACC_000002,LOC_000032,255473.03,,inbound,completed,mobile_app,withdrawal
EVT_005713,call,2025-11-11 14:00:45,PER_000098,PER_000020,PH_000098,,,,LOC_000096,,258.0,internal,completed,web,
EVT_003267,login,2025-11-11 14:56:37,PER_000062,,PH_000152,DEV_000119,IP_000084,,LOC_000033,,,,completed,api,
EVT_004658,location_ping,2025-11-11 15:14:38,PER_000073,,,DEV_000061,,,LOC_000015,,,,completed,atm,
EVT_006537,transaction,2025-11-11 17:19:21,PER_000082,PER_000019,,DEV_000033,IP_000046,ACC_000082,LOC_000082,761.1,,outbound,completed,api,deposit
EVT_007371,call,2025-11-11 18:11:01,PER_000100,PER_000077,PH_000100,,,,LOC_000108,,489.0,inbound,completed,atm,
EVT_000995,sms,2025-11-11 19:26:06,PER_000087,PER_000016,PH_000087,,,,LOC_000099,,,inbound,completed,mobile_app,
EVT_004877,sms,2025-11-11 20:55:13,PER_000016,PER_000027,PH_000016,,,,LOC_000008,,,outbound,completed,mobile_app,
EVT_002311,call,2025-11-11 21:30:41,PER_000050,PER_000031,PH_000050,,,,LOC_000058,,574.0,outbound,completed,api,
EVT_004260,location_ping,2025-11-12 02:46:22,PER_000023,,,DEV_000070,,,LOC_000117,,,,completed,api,
EVT_002536,call,2025-11-12 06:42:01,PER_000073,PER_000078,PH_000116,,,,LOC_000015,,764.0,internal,completed,api,
EVT_006286,call,2025-11-12 09:10:35,PER_000020,PER_000031,PH_000256,,,,LOC_000056,,693.0,internal,completed,api,
EVT_000222,sms,2025-11-12 09:26:26,PER_000001,PER_000007,PH_000298,,,,LOC_000029,,,internal,completed,mobile_app,
EVT_001186,call,2025-11-12 09:28:17,PER_000018,PER_000002,PH_000018,,,,LOC_000001,,802.0,inbound,completed,ussd,
EVT_006058,login,2025-11-12 10:19:04,PER_000047,,PH_000120,DEV_000032,IP_000009,,LOC_000113,,,,completed,mobile_app,
EVT_005694,sms,2025-11-12 10:19:21,PER_000064,PER_000016,PH_000101,,,,LOC_000020,,,outbound,completed,ussd,
EVT_002219,sms,2025-11-12 11:37:59,PER_000059,PER_000030,PH_000158,,,,LOC_000071,,,outbound,completed,api,
EVT_001348,transaction,2025-11-12 11:39:57,PER_000084,PER_000023,,DEV_000046,IP_000045,ACC_000084,LOC_000088,219.99,,inbound,completed,ussd,withdrawal
EVT_005073,login,2025-11-12 12:31:35,PER_000016,,PH_000016,DEV_000085,IP_000119,,LOC_000054,,,,completed,pos,
EVT_000878,transaction,2025-11-12 13:34:47,PER_000043,PER_000030,,DEV_000001,IP_000001,ACC_000143,LOC_000110,1418.47,,outbound,completed,api,payment
EVT_000722,location_ping,2025-11-12 15:20:06,PER_000027,,,DEV_000037,,,LOC_000097,,,,completed,pos,
EVT_005831,location_ping,2025-11-12 16:34:15,PER_000024,,,DEV_000026,,,LOC_000083,,,,completed,pos,
EVT_004202,location_ping,2025-11-12 17:26:23,PER_000054,,,DEV_000111,,,LOC_000030,,,,completed,atm,
EVT_005497,login,2025-11-12 17:37:06,PER_000002,,PH_000114,DEV_000078,IP_000031,,LOC_000014,,,,completed,ussd,
EVT_000619,sms,2025-11-12 18:41:25,PER_000051,PER_000007,PH_000275,,,,LOC_000023,,,inbound,completed,pos,
EVT_003993,call,2025-11-12 19:53:22,PER_000066,PER_000080,PH_000125,,,,LOC_000086,,1051.0,outbound,completed,ussd,
EVT_003454,login,2025-11-12 20:17:02,PER_000073,,PH_000175,DEV_000086,IP_000004,,LOC_000015,,,,completed,atm,
EVT_000204,location_ping,2025-11-12 23:17:38,PER_000001,,,DEV_000077,,,LOC_000029,,,,completed,atm,
EVT_007203,location_ping,2025-11-13 05:10:30,PER_000062,,,DEV_000009,,,LOC_000033,,,,completed,web,
EVT_003553,transaction,2025-11-13 05:44:28,PER_000073,PER_000040,,DEV_000001,IP_000028,ACC_000073,LOC_000015,90978.05,,outbound,completed,mobile_app,withdrawal
EVT_005920,call,2025-11-13 06:45:34,PER_000013,PER_000092,PH_000013,,,,LOC_000090,,1188.0,inbound,completed,web,
EVT_001505,sms,2025-11-13 08:22:35,PER_000094,PER_000042,PH_000198,,,,LOC_000060,,,inbound,completed,api,
EVT_004024,transaction,2025-11-13 09:37:06,PER_000086,PER_000078,,DEV_000113,IP_000100,ACC_000086,LOC_000012,4191.31,,inbound,completed,ussd,p2p
EVT_007482,call,2025-11-13 10:00:29,PER_000069,PER_000045,PH_000069,,,,LOC_000031,,1177.0,inbound,completed,web,
EVT_005154,location_ping,2025-11-13 10:22:29,PER_000049,,,DEV_000002,,,LOC_000072,,,,completed,api,
EVT_003314,call,2025-11-13 12:45:39,PER_000087,PER_000018,PH_000087,,,,LOC_000018,,478.0,inbound,completed,api,
EVT_004646,location_ping,2025-11-13 13:45:14,PER_000093,,,DEV_000073,,,LOC_000071,,,,completed,mobile_app,
EVT_006820,call,2025-11-13 15:18:23,PER_000087,PER_000024,PH_000087,,,,LOC_000099,,551.0,internal,completed,atm,
EVT_001128,login,2025-11-13 15:43:18,PER_000019,,PH_000019,DEV_000067,IP_000074,,LOC_000069,,,,completed,mobile_app,
EVT_003731,location_ping,2025-11-13 16:48:24,PER_000016,,,DEV_000072,,,LOC_000054,,,,completed,api,
EVT_001765,login,2025-11-13 16:55:37,PER_000059,,PH_000137,DEV_000034,IP_000022,,LOC_000071,,,,completed,mobile_app,
EVT_004840,transaction,2025-11-13 17:28:49,PER_000018,PER_000016,,DEV_000006,IP_000030,ACC_000118,LOC_000112,228119.35,,internal,completed,ussd,p2p
EVT_005203,sms,2025-11-13 18:12:27,PER_000048,PER_000008,PH_000048,,,,LOC_000109,,,outbound,completed,api,
EVT_000144,sms,2025-11-13 19:22:09,PER_000024,PER_000002,PH_000024,,,,LOC_000083,,,outbound,completed,ussd,
EVT_001820,login,2025-11-13 22:28:34,PER_000057,,PH_000057,DEV_000112,IP_000113,,LOC_000030,,,,completed,atm,
EVT_001611,call,2025-11-14 03:34:55,PER_000059,PER_000029,PH_000137,,,,LOC_000071,,35.0,outbound,completed,mobile_app,
EVT_004922,call,2025-11-14 04:18:28,PER_000002,PER_000024,PH_000114,,,,LOC_000032,,218.0,inbound,completed,api,
EVT_005656,call,2025-11-14 06:26:24,PER_000070,PER_000023,PH_000070,,,,LOC_000001,,815.0,outbound,completed,pos,
EVT_000602,call,2025-11-14 08:41:03,PER_000088,PER_000096,PH_000088,,,,LOC_000060,,784.0,inbound,completed,web,
EVT_004964,login,2025-11-14 09:25:20,PER_000033,,PH_000033,DEV_000038,IP_000046,,LOC_000022,,,,completed,atm,
EVT_004306,sms,2025-11-14 10:56:51,PER_000059,PER_000097,PH_000059,,,,LOC_000071,,,inbound,completed,api,
EVT_005741,location_ping,2025-11-14 11:23:23,PER_000059,,,DEV_000030,,,LOC_000071,,,,completed,api,
EVT_005626,login,2025-11-14 11:28:58,PER_000096,,PH_000146,DEV_000039,IP_000102,,LOC_000107,,,,completed,atm,
EVT_004002,transaction,2025-11-14 11:39:48,PER_000047,PER_000076,,DEV_000077,IP_000049,ACC_000147,LOC_000113,633.53,,outbound,completed,pos,withdrawal
EVT_004958,sms,2025-11-14 14:19:12,PER_000064,PER_000005,PH_000267,,,,LOC_000020,,,inbound,completed,atm,
EVT_001723,location_ping,2025-11-14 14:25:08,PER_000034,,,DEV_000106,,,LOC_000075,,,,completed,atm,
EVT_005278,transaction,2025-11-14 15:20:56,PER_000029,PER_000068,,DEV_000008,IP_000012,ACC_000129,LOC_000100,3551.99,,internal,completed,web,deposit
EVT_004220,location_ping,2025-11-14 15:28:26,PER_000018,,,DEV_000047,,,LOC_000099,,,,completed,web,
EVT_002163,transaction,2025-11-14 15:34:11,PER_000055,PER_000068,,DEV_000067,IP_000100,ACC_000055,LOC_000016,2010.56,,inbound,completed,pos,payment
EVT_004635,sms,2025-11-14 15:47:37,PER_000060,PER_000012,PH_000060,,,,LOC_000014,,,outbound,completed,mobile_app,
EVT_004799,transaction,2025-11-14 16:12:06,PER_000027,PER_000016,,DEV_000020,IP_000046,ACC_000127,LOC_000001,408349.6,,internal,completed,ussd,payment
EVT_004197,sms,2025-11-14 17:32:28,PER_000095,PER_000011,PH_000095,,,,LOC_000040,,,outbound,completed,mobile_app,
EVT_000293,call,2025-11-14 17:56:21,PER_000027,PER_000002,PH_000245,,,,LOC_000097,,98.0,internal,completed,pos,
EVT_006631,call,2025-11-14 18:27:56,PER_000024,PER_000027,PH_000024,,,,LOC_000083,,422.0,internal,completed,pos,
EVT_006421,login,2025-11-14 19:28:57,PER_000001,,PH_000298,DEV_000035,IP_000107,,LOC_000029,,,,completed,atm,
EVT_001076,call,2025-11-14 22:51:50,PER_000033,PER_000100,PH_000033,,,,LOC_000022,,1110.0,internal,completed,ussd,
EVT_004624,location_ping,2025-11-15 04:39:28,PER_000011,,,DEV_000096,,,LOC_000063,,,,completed,atm,
EVT_003335,call,2025-11-15 06:22:30,PER_000096,PER_000071,PH_000096,,,,LOC_000107,,37.0,inbound,completed,api,
EVT_002243,transaction,2025-11-15 07:57:29,PER_000042,PER_000016,,DEV_000047,IP_000061,ACC_000042,LOC_000060,285003.59,,internal,completed,pos,deposit
EVT_000215,call,2025-11-15 08:48:16,PER_000026,PER_000002,PH_000176,,,,LOC_000059,,1025.0,internal,completed,web,
EVT_000933,call,2025-11-15 08:57:37,PER_000064,PER_000054,PH_000101,,,,LOC_000020,,63.0,internal,completed,atm,
EVT_004813,login,2025-11-15 09:58:19,PER_000065,,PH_000065,DEV_000078,IP_000074,,LOC_000072,,,,completed,atm,
EVT_004017,login,2025-11-15 10:49:28,PER_000002,,PH_000002,DEV_000077,IP_000055,,LOC_000110,,,,completed,web,
EVT_005678,location_ping,2025-11-15 10:59:55,PER_000059,,,DEV_000103,,,LOC_000071,,,,completed,pos,
EVT_004345,call,2025-11-15 11:39:48,PER_000024,PER_000027,PH_000024,,,,LOC_000083,,909.0,internal,completed,api,
EVT_001599,location_ping,2025-11-15 13:38:58,PER_000071,,,DEV_000011,,,LOC_000005,,,,completed,web,
EVT_004277,sms,2025-11-15 13:51:49,PER_000016,PER_000024,PH_000016,,,,LOC_000054,,,outbound,completed,mobile_app,
EVT_002063,transaction,2025-11-15 14:02:41,PER_000067,PER_000077,,DEV_000090,IP_000085,ACC_000067,LOC_000040,623.22,,internal,completed,ussd,payment
EVT_005673,sms,2025-11-15 15:45:02,PER_000093,PER_000091,PH_000142,,,,LOC_000071,,,inbound,completed,api,
EVT_003906,transaction,2025-11-15 17:22:19,PER_000001,PER_000064,,DEV_000011,IP_000056,ACC_000001,LOC_000029,185.98,,internal,completed,pos,transfer
EVT_005387,call,2025-11-15 17:40:09,PER_000073,PER_000012,PH_000175,,,,LOC_000015,,872.0,inbound,completed,atm,
EVT_005562,call,2025-11-16 07:52:51,PER_000029,PER_000066,PH_000029,,,,LOC_000100,,308.0,internal,completed,ussd,
EVT_001117,sms,2025-11-16 08:28:04,PER_000067,PER_000055,PH_000067,,,,LOC_000040,,,inbound,completed,api,
EVT_003103,login,2025-11-16 08:40:17,PER_000041,,PH_000041,DEV_000005,IP_000061,,LOC_000104,,,,completed,web,
EVT_003837,sms,2025-11-16 10:01:47,PER_000001,PER_000074,PH_000001,,,,LOC_000029,,,outbound,completed,pos,
EVT_000671,login,2025-11-16 10:44:12,PER_000001,,PH_000001,DEV_000009,IP_000001,,LOC_000029,,,,completed,web,
EVT_006859,call,2025-11-16 12:17:32,PER_000018,PER_000092,PH_000018,,,,LOC_000001,,460.0,outbound,completed,ussd,
EVT_006607,location_ping,2025-11-16 13:16:01,PER_000076,,,DEV_000001,,,LOC_000016,,,,completed,api,
EVT_002405,transaction,2025-11-16 14:50:38,PER_000073,PER_000061,,DEV_000083,IP_000059,ACC_000073,LOC_000015,3371.89,,inbound,completed,ussd,deposit
EVT_005370,sms,2025-11-16 16:40:36,PER_000031,PER_000044,PH_000279,,,,LOC_000038,,,inbound,completed,mobile_app,
EVT_005738,sms,2025-11-16 17:15:02,PER_000073,PER_000008,PH_000244,,,,LOC_000020,,,outbound,completed,atm,
EVT_006436,transaction,2025-11-16 17:53:37,PER_000073,PER_000077,,DEV_000084,IP_000085,ACC_000073,LOC_000001,2525.77,,outbound,completed,ussd,p2p
EVT_006746,transaction,2025-11-16 18:38:40,PER_000064,PER_000099,,DEV_000089,IP_000095,ACC_000064,LOC_000065,4088.53,,inbound,completed,atm,p2p
EVT_005574,sms,2025-11-16 20:36:48,PER_000074,PER_000043,PH_000074,,,,LOC_000106,,,inbound,completed,ussd,
EVT_004597,login,2025-11-16 21:24:23,PER_000001,,PH_000001,DEV_000003,IP_000103,,LOC_000029,,,,completed,web,
EVT_005135,call,2025-11-17 09:33:05,PER_000018,PER_000087,PH_000018,,,,LOC_000001,,1163.0,internal,completed,pos,
EVT_003862,transaction,2025-11-17 11:21:01,PER_000039,PER_000090,,DEV_000113,IP_000074,ACC_000139,LOC_000002,1705.89,,internal,completed,mobile_app,deposit
EVT_006618,sms,2025-11-17 11:51:13,PER_000055,PER_000039,PH_000191,,,,LOC_000016,,,outbound,completed,web,
EVT_003807,transaction,2025-11-17 12:06:50,PER_000082,PER_000015,,DEV_000086,IP_000008,ACC_000082,LOC_000082,4403.38,,outbound,completed,pos,deposit
EVT_000596,call,2025-11-17 14:05:45,PER_000073,PER_000030,PH_000116,,,,LOC_000015,,1072.0,internal,completed,mobile_app,
EVT_005235,location_ping,2025-11-17 15:35:26,PER_000016,,,DEV_000070,,,LOC_000054,,,,completed,ussd,
EVT_004043,call,2025-11-17 15:54:34,PER_000020,PER_000022,PH_000020,,,,LOC_000086,,352.0,internal,completed,mobile_app,
EVT_000158,login,2025-11-17 16:08:08,PER_000027,,PH_000027,DEV_000004,IP_000005,,LOC_000042,,,,completed,pos,
EVT_002603,transaction,2025-11-17 17:33:06,PER_000049,PER_000011,,DEV_000002,IP_000002,ACC_000149,LOC_000072,3632.11,,internal,completed,atm,p2p
EVT_000345,location_ping,2025-11-17 18:03:33,PER_000050,,,DEV_000047,,,LOC_000058,,,,completed,api,
EVT_001211,call,2025-11-17 18:19:39,PER_000083,PER_000012,PH_000083,,,,LOC_000067,,552.0,inbound,completed,mobile_app,
EVT_005612,transaction,2025-11-17 20:30:25,PER_000027,PER_000016,,DEV_000024,IP_000025,ACC_000127,LOC_000097,4337.52,,outbound,completed,api,withdrawal
EVT_004055,transaction,2025-11-18 02:38:33,PER_000062,PER_000031,,DEV_000010,IP_000004,ACC_000062,LOC_000033,1044.54,,inbound,completed,api,transfer
EVT_005390,login,2025-11-18 03:07:26,PER_000096,,PH_000146,DEV_000004,IP_000115,,LOC_000107,,,,completed,web,
EVT_006895,login,2025-11-18 06:16:53,PER_000001,,PH_000298,DEV_000088,IP_000065,,LOC_000029,,,,completed,web,
EVT_001582,call,2025-11-18 09:11:50,PER_000073,PER_000082,PH_000162,,,,LOC_000015,,79.0,outbound,completed,pos,
EVT_005966,login,2025-11-18 10:11:50,PER_000035,,PH_000166,DEV_000018,IP_000040,,LOC_000042,,,,completed,api,
EVT_001806,location_ping,2025-11-18 10:40:28,PER_000092,,,DEV_000086,,,LOC_000091,,,,completed,pos,
EVT_001485,login,2025-11-18 12:40:00,PER_000027,,PH_000245,DEV_000095,IP_000039,,LOC_000097,,,,completed,ussd,
EVT_001807,call,2025-11-18 12:50:28,PER_000027,PER_000018,PH_000245,,,,LOC_000113,,96.0,internal,completed,ussd,
EVT_004376,location_ping,2025-11-18 13:25:12,PER_000050,,,DEV_000120,,,LOC_000058,,,,completed,mobile_app,
EVT_001109,transaction,2025-11-18 13:48:56,PER_000059,PER_000099,,DEV_000107,IP_000088,ACC_000059,LOC_000071,783.62,,outbound,completed,web,payment
EVT_001899,transaction,2025-11-18 14:08:35,PER_000059,PER_000005,,DEV_000011,IP_000083,ACC_000059,LOC_000071,2523.22,,inbound,completed,mobile_app,payment
EVT_004582,login,2025-11-18 19:31:04,PER_000070,,PH_000188,DEV_000040,IP_000085,,LOC_000001,,,,completed,api,
EVT_001087,call,2025-11-19 03:51:01,PER_000073,PER_000061,PH_000116,,,,LOC_000015,,503.0,internal,completed,api,
EVT_001269,sms,2025-11-19 06:26:17,PER_000075,PER_000070,PH_000127,,,,LOC_000102,,,internal,completed,pos,
EVT_001449,login,2025-11-19 07:09:21,PER_000020,,PH_000020,DEV_000024,IP_000020,,LOC_000056,,,,completed,ussd,
EVT_004411,sms,2025-11-19 11:02:13,PER_000001,PER_000005,PH_000298,,,,LOC_000029,,,inbound,completed,web,
EVT_002946,login,2025-11-19 11:10:03,PER_000001,,PH_000001,DEV_000053,IP_000055,,LOC_000029,,,,completed,web,
EVT_006498,call,2025-11-19 11:23:24,PER_000059,PER_000040,PH_000158,,,,LOC_000071,,642.0,inbound,completed,api,
EVT_002258,sms,2025-11-19 11:57:53,PER_000042,PER_000002,PH_000042,,,,LOC_000060,,,outbound,completed,mobile_app,
EVT_005018,login,2025-11-19 12:53:22,PER_000080,,PH_000080,DEV_000012,IP_000103,,LOC_000074,,,,completed,mobile_app,
EVT_006387,call,2025-11-19 13:22:43,PER_000036,PER_000066,PH_000036,,,,LOC_000097,,226.0,outbound,completed,atm,
EVT_001041,sms,2025-11-19 14:33:23,PER_000093,PER_000004,PH_000225,,,,LOC_000071,,,inbound,completed,atm,
EVT_003533,sms,2025-11-19 16:40:23,PER_000097,PER_000065,PH_000097,,,,LOC_000071,,,inbound,completed,web,
EVT_001259,call,2025-11-19 18:51:42,PER_000085,PER_000081,PH_000085,,,,LOC_000085,,1185.0,internal,completed,api,
EVT_007335,transaction,2025-11-20 06:44:13,PER_000050,PER_000024,,DEV_000024,IP_000007,ACC_000150,LOC_000058,3138.53,,outbound,completed,web,p2p
EVT_000501,transaction,2025-11-20 06:45:43,PER_000002,PER_000050,,DEV_000034,IP_000078,ACC_000102,LOC_000019,2986.78,,outbound,completed,atm,p2p
EVT_006350,location_ping,2025-11-20 06:48:57,PER_000027,,,DEV_000038,,,LOC_000097,,,,completed,pos,
EVT_006386,transaction,2025-11-20 06:56:01,PER_000089,PER_000014,,DEV_000030,IP_000022,ACC_000089,LOC_000047,3633.34,,outbound,completed,web,withdrawal
EVT_006398,sms,2025-11-20 10:33:09,PER_000050,PER_000027,PH_000050,,,,LOC_000058,,,internal,completed,web,
EVT_000857,login,2025-11-20 11:03:50,PER_000005,,PH_000005,DEV_000024,IP_000002,,LOC_000100,,,,completed,mobile_app,
EVT_004293,call,2025-11-20 12:37:03,PER_000001,PER_000018,PH_000298,,,,LOC_000029,,1145.0,outbound,completed,pos,
EVT_000940,login,2025-11-20 12:55:21,PER_000093,,PH_000093,DEV_000079,IP_000016,,LOC_000071,,,,completed,mobile_app,
EVT_004881,login,2025-11-20 14:03:06,PER_000084,,PH_000238,DEV_000004,IP_000072,,LOC_000043,,,,completed,pos,
EVT_004164,location_ping,2025-11-20 15:18:08,PER_000033,,,DEV_000111,,,LOC_000089,,,,completed,atm,
EVT_006925,transaction,2025-11-20 15:34:34,PER_000073,PER_000058,,DEV_000046,IP_000044,ACC_000073,LOC_000015,3340.76,,outbound,completed,ussd,transfer
EVT_006526,call,2025-11-20 16:56:36,PER_000073,PER_000018,PH_000116,,,,LOC_000015,,1012.0,internal,completed,api,
EVT_004160,call,2025-11-20 17:10:50,PER_000073,PER_000092,PH_000244,,,,LOC_000015,,100.0,outbound,completed,ussd,
EVT_005732,transaction,2025-11-20 17:28:02,PER_000016,PER_000035,,DEV_000037,IP_000102,ACC_000016,LOC_000054,339371.91,,internal,completed,web,transfer
EVT_005819,sms,2025-11-20 20:00:39,PER_000048,PER_000014,PH_000048,,,,LOC_000025,,,inbound,completed,mobile_app,
EVT_006108,location_ping,2025-11-20 20:45:10,PER_000027,,,DEV_000031,,,LOC_000097,,,,completed,atm,
EVT_006732,login,2025-11-20 21:47:48,PER_000087,,PH_000294,DEV_000014,IP_000031,,LOC_000099,,,,completed,api,
EVT_002853,call,2025-11-21 04:10:08,PER_000018,PER_000016,PH_000018,,,,LOC_000001,,448.0,outbound,completed,api,
EVT_006229,transaction,2025-11-21 05:26:31,PER_000019,PER_000034,,DEV_000090,IP_000001,ACC_000119,LOC_000069,2476.19,,outbound,completed,atm,payment
EVT_000063,transaction,2025-11-21 06:03:00,PER_000023,PER_000059,,DEV_000027,IP_000098,ACC_000023,LOC_000117,595.39,,inbound,completed,mobile_app,transfer
EVT_005303,location_ping,2025-11-21 06:46:24,PER_000074,,,DEV_000066,,,LOC_000106,,,,completed,ussd,
EVT_004464,location_ping,2025-11-21 08:15:26,PER_000001,,,DEV_000075,,,LOC_000029,,,,completed,mobile_app,
EVT_000426,login,2025-11-21 09:14:58,PER_000001,,PH_000001,DEV_000035,IP_000071,,LOC_000029,,,,completed,ussd,
EVT_005014,transaction,2025-11-21 09:27:45,PER_000016,PER_000042,,DEV_000083,IP_000017,ACC_000016,LOC_000054,576.15,,outbound,completed,pos,withdrawal
EVT_007084,login,2025-11-21 10:38:10,PER_000062,,PH_000213,DEV_000073,IP_000063,,LOC_000033,,,,completed,web,
EVT_000622,login,2025-11-21 10:40:49,PER_000059,,PH_000158,DEV_000024,IP_000031,,LOC_000071,,,,completed,ussd,
EVT_005478,login,2025-11-21 10:50:10,PER_000042,,PH_000199,DEV_000002,IP_000115,,LOC_000060,,,,completed,api,
EVT_003258,location_ping,2025-11-21 10:54:18,PER_000016,,,DEV_000069,,,LOC_000054,,,,completed,ussd,
EVT_006107,login,2025-11-21 14:07:00,PER_000081,,PH_000202,DEV_000005,IP_000029,,LOC_000084,,,,completed,mobile_app,
EVT_005226,login,2025-11-21 14:11:44,PER_000088,,PH_000088,DEV_000048,IP_000020,,LOC_000060,,,,completed,atm,
EVT_004501,transaction,2025-11-21 14:22:43,PER_000090,PER_000068,,DEV_000084,IP_000003,ACC_000090,LOC_000027,456.83,,inbound,completed,atm,deposit
EVT_000061,call,2025-11-21 17:37:37,PER_000061,PER_000081,PH_000061,,,,LOC_000062,,1100.0,inbound,completed,api,
EVT_001013,location_ping,2025-11-21 17:53:21,PER_000027,,,DEV_000114,,,LOC_000097,,,,completed,pos,
EVT_006670,transaction,2025-11-21 19:31:41,PER_000090,PER_000029,,DEV_000065,IP_000008,ACC_000090,LOC_000035,484.03,,inbound,completed,web,withdrawal
EVT_005525,call,2025-11-21 19:35:05,PER_000016,PER_000067,PH_000016,,,,LOC_000054,,135.0,internal,completed,web,
EVT_003613,transaction,2025-11-21 19:36:14,PER_000070,PER_000098,,DEV_000100,IP_000072,ACC_000070,LOC_000102,447.38,,inbound,completed,mobile_app,p2p
EVT_000087,call,2025-11-21 19:53:43,PER_000073,PER_000077,PH_000073,,,,LOC_000015,,290.0,internal,completed,ussd,
EVT_003205,transaction,2025-11-21 20:00:16,PER_000002,PER_000087,,DEV_000004,IP_000080,ACC_000102,LOC_000083,1224.52,,inbound,completed,ussd,withdrawal
EVT_005089,sms,2025-11-21 21:33:51,PER_000016,PER_000002,PH_000016,,,,LOC_000054,,,internal,completed,mobile_app,
EVT_000431,transaction,2025-11-22 03:16:48,PER_000042,PER_000018,,DEV_000085,IP_000042,ACC_000142,LOC_000060,614.76,,inbound,completed,ussd,transfer
EVT_007443,login,2025-11-22 04:08:47,PER_000003,,PH_000221,DEV_000003,IP_000077,,LOC_000054,,,,completed,atm,
EVT_005300,location_ping,2025-11-22 05:07:34,PER_000094,,,DEV_000035,,,LOC_000060,,,,completed,api,
EVT_000412,login,2025-11-22 05:27:28,PER_000075,,PH_000287,DEV_000094,IP_000054,,LOC_000102,,,,completed,mobile_app,
EVT_006144,login,2025-11-22 08:18:15,PER_000018,,PH_000018,DEV_000078,IP_000092,,LOC_000013,,,,completed,api,
EVT_003886,location_ping,2025-11-22 08:39:02,PER_000092,,,DEV_000052,,,LOC_000023,,,,completed,pos,
EVT_006871,login,2025-11-22 08:46:58,PER_000048,,PH_000172,DEV_000086,IP_000060,,LOC_000025,,,,completed,web,
EVT_001536,location_ping,2025-11-22 09:58:19,PER_000043,,,DEV_000001,,,LOC_000110,,,,completed,atm,
EVT_000417,location_ping,2025-11-22 11:29:48,PER_000059,,,DEV_000086,,,LOC_000042,,,,completed,web,
EVT_003415,sms,2025-11-22 11:56:18,PER_000069,PER_000016,PH_000069,,,,LOC_000031,,,internal,completed,atm,
EVT_002378,call,2025-11-22 15:09:30,PER_000077,PER_000088,PH_000077,,,,LOC_000035,,226.0,inbound,completed,api,
EVT_004967,location_ping,2025-11-22 15:23:38,PER_000005,,,DEV_000007,,,LOC_000100,,,,completed,ussd,
EVT_000978,call,2025-11-22 15:47:43,PER_000027,PER_000024,PH_000027,,,,LOC_000097,,1156.0,internal,completed,pos,
EVT_006199,sms,2025-11-22 17:53:22,PER_000059,PER_000021,PH_000137,,,,LOC_000071,,,inbound,completed,ussd,
EVT_005537,sms,2025-11-22 19:45:53,PER_000027,PER_000011,PH_000027,,,,LOC_000097,,,outbound,completed,pos,
EVT_002426,login,2025-11-22 21:59:19,PER_000059,,PH_000137,DEV_000032,IP_000007,,LOC_000071,,,,completed,api,
EVT_006043,transaction,2025-11-23 04:41:12,PER_000024,PER_000018,,DEV_000066,IP_000039,ACC_000024,LOC_000083,4271.49,,internal,completed,web,transfer
EVT_004503,location_ping,2025-11-23 06:20:01,PER_000050,,,DEV_000086,,,LOC_000058,,,,completed,atm,
EVT_005699,login,2025-11-23 07:50:04,PER_000002,,PH_000002,DEV_000096,IP_000043,,LOC_000032,,,,completed,api,
EVT_004637,transaction,2025-11-23 08:58:09,PER_000027,PER_000094,,DEV_000108,IP_000027,ACC_000127,LOC_000097,3875.3,,inbound,completed,web,payment
EVT_000826,transaction,2025-11-23 09:43:34,PER_000087,PER_000025,,DEV_000098,IP_000030,ACC_000087,LOC_000099,3086.09,,inbound,completed,atm,p2p
EVT_003661,transaction,2025-11-23 11:29:20,PER_000016,PER_000024,,DEV_000060,IP_000055,ACC_000116,LOC_000012,4128.57,,outbound,completed,api,payment
EVT_003870,login,2025-11-23 11:40:57,PER_000041,,PH_000041,DEV_000092,IP_000008,,LOC_000051,,,,completed,pos,
EVT_002900,transaction,2025-11-23 11:48:09,PER_000026,PER_000041,,DEV_000078,IP_000020,ACC_000026,LOC_000059,3227.6,,outbound,completed,atm,transfer
EVT_007328,sms,2025-11-23 13:56:40,PER_000074,PER_000041,PH_000274,,,,LOC_000106,,,inbound,completed,web,
EVT_005168,login,2025-11-23 15:22:43,PER_000017,,PH_000017,DEV_000067,IP_000048,,LOC_000116,,,,completed,pos,
EVT_007438,sms,2025-11-23 15:40:43,PER_000073,PER_000003,PH_000244,,,,LOC_000015,,,internal,completed,atm,
EVT_006594,location_ping,2025-11-23 15:43:37,PER_000073,,,DEV_000047,,,LOC_000015,,,,completed,web,
EVT_001037,login,2025-11-23 16:48:09,PER_000028,,PH_000028,DEV_000111,IP_000076,,LOC_000003,,,,completed,atm,
EVT_000542,call,2025-11-24 01:23:45,PER_000035,PER_000032,PH_000166,,,,LOC_000057,,1043.0,inbound,completed,atm,
EVT_006689,transaction,2025-11-24 03:53:50,PER_000073,PER_000091,,DEV_000030,IP_000106,ACC_000073,LOC_000042,3029.96,,inbound,completed,api,p2p
EVT_000944,location_ping,2025-11-24 05:18:13,PER_000050,,,DEV_000033,,,LOC_000058,,,,completed,ussd,
EVT_005539,login,2025-11-24 07:57:19,PER_000058,,PH_000058,DEV_000042,IP_000046,,LOC_000091,,,,completed,api,
EVT_003803,location_ping,2025-11-24 09:47:17,PER_000002,,,DEV_000072,,,LOC_000032,,,,completed,web,
EVT_007169,login,2025-11-24 10:58:32,PER_000100,,PH_000251,DEV_000072,IP_000070,,LOC_000108,,,,completed,ussd,
EVT_004906,call,2025-11-24 11:16:06,PER_000062,PER_000077,PH_000062,,,,LOC_000033,,664.0,inbound,completed,pos,
EVT_000833,call,2025-11-24 11:21:17,PER_000016,PER_000027,PH_000016,,,,LOC_000010,,862.0,internal,completed,atm,
EVT_000136,sms,2025-11-24 11:31:28,PER_000002,PER_000087,PH_000114,,,,LOC_000032,,,outbound,completed,api,
EVT_000029,login,2025-11-24 11:31:41,PER_000059,,PH_000158,DEV_000023,IP_000091,,LOC_000071,,,,completed,ussd,
EVT_006138,login,2025-11-24 11:44:02,PER_000062,,PH_000062,DEV_000111,IP_000052,,LOC_000033,,,,completed,web,
EVT_004793,transaction,2025-11-24 11:56:04,PER_000001,PER_000014,,DEV_000080,IP_000099,ACC_000101,LOC_000029,120478.5,,inbound,completed,web,deposit
EVT_007386,sms,2025-11-24 12:31:06,PER_000046,PER_000058,PH_000046,,,,LOC_000028,,,outbound,completed,pos,
EVT_004067,call,2025-11-24 12:39:10,PER_000018,PER_000016,PH_000018,,,,LOC_000001,,591.0,internal,completed,mobile_app,
EVT_004341,call,2025-11-24 15:22:48,PER_000001,PER_000079,PH_000001,,,,LOC_000029,,373.0,outbound,completed,mobile_app,
EVT_003514,login,2025-11-24 16:15:30,PER_000093,,PH_000262,DEV_000011,IP_000102,,LOC_000071,,,,completed,api,
EVT_007198,login,2025-11-24 17:18:09,PER_000060,,PH_000060,DEV_000085,IP_000025,,LOC_000014,,,,completed,ussd,
EVT_004831,location_ping,2025-11-24 20:29:57,PER_000073,,,DEV_000052,,,LOC_000015,,,,completed,atm,
EVT_003845,transaction,2025-11-25 05:55:12,PER_000087,PER_000002,,DEV_000105,IP_000058,ACC_000087,LOC_000099,250.18,,outbound,completed,api,withdrawal
EVT_005350,location_ping,2025-11-25 06:19:42,PER_000087,,,DEV_000105,,,LOC_000099,,,,completed,api,
EVT_005696,sms,2025-11-25 06:25:53,PER_000002,PER_000087,PH_000002,,,,LOC_000032,,,inbound,completed,web,
EVT_003791,call,2025-11-25 06:37:53,PER_000043,PER_000064,PH_000230,,,,LOC_000110,,486.0,inbound,completed,mobile_app,
EVT_007370,location_ping,2025-11-25 07:28:11,PER_000087,,,DEV_000001,,,LOC_000099,,,,completed,ussd,
EVT_006864,location_ping,2025-11-25 09:48:27,PER_000050,,,DEV_000011,,,LOC_000109,,,,completed,pos,
EVT_004956,location_ping,2025-11-25 10:48:37,PER_000008,,,DEV_000017,,,LOC_000077,,,,completed,mobile_app,
EVT_002109,location_ping,2025-11-25 11:39:04,PER_000003,,,DEV_000092,,,LOC_000054,,,,completed,web,
EVT_006503,login,2025-11-25 12:03:06,PER_000048,,PH_000172,DEV_000070,IP_000096,,LOC_000025,,,,completed,ussd,
EVT_005542,call,2025-11-25 14:45:14,PER_000062,PER_000025,PH_000152,,,,LOC_000033,,303.0,internal,completed,atm,
EVT_003113,call,2025-11-25 14:58:38,PER_000062,PER_000063,PH_000213,,,,LOC_000033,,927.0,inbound,completed,atm,
EVT_006081,call,2025-11-25 15:15:58,PER_000036,PER_000019,PH_000139,,,,LOC_000090,,164.0,internal,completed,mobile_app,
EVT_006140,transaction,2025-11-25 15:17:31,PER_000002,PER_000050,,DEV_000054,IP_000056,ACC_000002,LOC_000032,589.06,,internal,completed,pos,payment
EVT_005693,call,2025-11-25 15:20:24,PER_000050,PER_000002,PH_000117,,,,LOC_000058,,329.0,outbound,completed,pos,
EVT_003794,call,2025-11-25 15:29:02,PER_000024,PER_000027,PH_000024,,,,LOC_000083,,399.0,inbound,completed,mobile_app,
EVT_001847,login,2025-11-25 16:35:41,PER_000007,,PH_000007,DEV_000019,IP_000111,,LOC_000059,,,,completed,api,
EVT_004457,location_ping,2025-11-25 16:53:30,PER_000093,,,DEV_000007,,,LOC_000071,,,,completed,pos,
EVT_000589,call,2025-11-25 17:02:38,PER_000018,PER_000042,PH_000018,,,,LOC_000001,,543.0,internal,completed,pos,
EVT_006713,transaction,2025-11-25 17:25:50,PER_000059,PER_000033,,DEV_000095,IP_000113,ACC_000059,LOC_000071,4102.08,,inbound,completed,atm,deposit
EVT_003300,sms,2025-11-25 17:43:18,PER_000016,PER_000050,PH_000016,,,,LOC_000070,,,internal,completed,ussd,
EVT_003085,login,2025-11-25 18:25:22,PER_000059,,PH_000158,DEV_000027,IP_000077,,LOC_000071,,,,completed,api,
EVT_004137,location_ping,2025-11-25 18:55:27,PER_000058,,,DEV_000119,,,LOC_000091,,,,completed,ussd,
EVT_001008,sms,2025-11-25 19:02:23,PER_000001,PER_000037,PH_000298,,,,LOC_000029,,,internal,completed,ussd,
EVT_007354,location_ping,2025-11-26 03:41:20,PER_000087,,,DEV_000050,,,LOC_000099,,,,completed,mobile_app,
EVT_006656,login,2025-11-26 06:55:05,PER_000093,,PH_000142,DEV_000040,IP_000002,,LOC_000071,,,,completed,api,
EVT_003475,transaction,2025-11-26 07:23:30,PER_000001,PER_000074,,DEV_000047,IP_000099,ACC_000101,LOC_000029,539.64,,inbound,completed,api,payment
EVT_001801,call,2025-11-26 07:23:46,PER_000055,PER_000072,PH_000191,,,,LOC_000016,,614.0,inbound,completed,pos,
EVT_005615,login,2025-11-26 07:27:01,PER_000035,,PH_000035,DEV_000044,IP_000043,,LOC_000095,,,,completed,web,
EVT_004823,transaction,2025-11-26 08:38:14,PER_000013,PER_000062,,DEV_000097,IP_000044,ACC_000013,LOC_000041,3426.04,,outbound,completed,ussd,transfer
EVT_001838,transaction,2025-11-26 11:24:57,PER_000097,PER_000079,,DEV_000046,IP_000075,ACC_000097,LOC_000071,1699.7,,internal,completed,pos,payment
EVT_000502,call,2025-11-26 12:45:58,PER_000001,PER_000051,PH_000298,,,,LOC_000029,,354.0,inbound,completed,mobile_app,
EVT_002336,location_ping,2025-11-26 14:52:09,PER_000009,,,DEV_000093,,,LOC_000107,,,,completed,web,
EVT_006595,call,2025-11-26 14:56:39,PER_000024,PER_000087,PH_000024,,,,LOC_000083,,18.0,inbound,completed,web,
EVT_002704,transaction,2025-11-26 15:31:01,PER_000049,PER_000068,,DEV_000002,IP_000002,ACC_000149,LOC_000072,4177.42,,internal,completed,atm,deposit
EVT_004888,login,2025-11-26 15:39:26,PER_000024,,PH_000024,DEV_000080,IP_000086,,LOC_000083,,,,completed,atm,
EVT_002728,location_ping,2025-11-26 20:58:17,PER_000030,,,DEV_000103,,,LOC_000108,,,,completed,web,
EVT_005534,login,2025-11-26 21:43:24,PER_000087,,PH_000087,DEV_000013,IP_000029,,LOC_000099,,,,completed,ussd,
EVT_006909,login,2025-11-26 22:17:18,PER_000064,,PH_000101,DEV_000085,IP_000023,,LOC_000103,,,,completed,mobile_app,
EVT_004329,location_ping,2025-11-27 07:38:20,PER_000025,,,DEV_000048,,,LOC_000007,,,,completed,web,
EVT_000299,location_ping,2025-11-27 08:21:26,PER_000030,,,DEV_000044,,,LOC_000108,,,,completed,api,
EVT_005195,call,2025-11-27 08:30:49,PER_000001,PER_000002,PH_000001,,,,LOC_000029,,742.0,internal,completed,mobile_app,
EVT_004797,call,2025-11-27 09:41:17,PER_000001,PER_000052,PH_000001,,,,LOC_000029,,806.0,internal,completed,ussd,
EVT_006376,call,2025-11-27 09:42:20,PER_000060,PER_000037,PH_000060,,,,LOC_000014,,749.0,internal,completed,ussd,
EVT_002130,call,2025-11-27 09:42:29,PER_000001,PER_000036,PH_000298,,,,LOC_000029,,963.0,internal,completed,mobile_app,
EVT_006039,sms,2025-11-27 09:50:05,PER_000059,PER_000023,PH_000158,,,,LOC_000071,,,internal,completed,ussd,
EVT_004340,transaction,2025-11-27 10:02:17,PER_000014,PER_000043,,DEV_000107,IP_000080,ACC_000114,LOC_000050,2257.69,,inbound,completed,pos,p2p
EVT_001120,location_ping,2025-11-27 10:18:48,PER_000016,,,DEV_000034,,,LOC_000054,,,,completed,mobile_app,
EVT_000754,location_ping,2025-11-27 10:49:24,PER_000093,,,DEV_000074,,,LOC_000095,,,,completed,ussd,
EVT_001398,location_ping,2025-11-27 11:11:36,PER_000001,,,DEV_000101,,,LOC_000029,,,,completed,atm,
EVT_002527,login,2025-11-27 11:29:14,PER_000005,,PH_000005,DEV_000064,IP_000054,,LOC_000100,,,,completed,atm,
EVT_006450,transaction,2025-11-27 13:22:46,PER_000039,PER_000071,,DEV_000104,IP_000065,ACC_000039,LOC_000002,2103.12,,internal,completed,pos,transfer
EVT_003955,login,2025-11-27 14:14:18,PER_000092,,PH_000161,DEV_000060,IP_000037,,LOC_000091,,,,completed,ussd,
EVT_000676,call,2025-11-27 14:41:57,PER_000062,PER_000086,PH_000213,,,,LOC_000060,,582.0,inbound,completed,api,
EVT_003539,sms,2025-11-27 15:31:50,PER_000047,PER_000099,PH_000120,,,,LOC_000113,,,internal,completed,mobile_app,
EVT_002664,transaction,2025-11-27 15:43:01,PER_000070,PER_000012,,DEV_000048,IP_000048,ACC_000070,LOC_000001,3787.87,,outbound,completed,web,deposit
EVT_004087,location_ping,2025-11-27 16:02:53,PER_000087,,,DEV_000025,,,LOC_000099,,,,completed,web,
EVT_006430,login,2025-11-27 16:05:27,PER_000035,,PH_000035,DEV_000054,IP_000094,,LOC_000064,,,,completed,api,
EVT_002452,location_ping,2025-11-27 16:32:10,PER_000086,,,DEV_000051,,,LOC_000012,,,,completed,web,
EVT_002197,login,2025-11-27 18:00:14,PER_000093,,PH_000142,DEV_000017,IP_000044,,LOC_000071,,,,completed,ussd,
EVT_003806,transaction,2025-11-27 18:24:55,PER_000024,PER_000042,,DEV_000074,IP_000018,ACC_000024,LOC_000083,127725.97,,outbound,completed,api,withdrawal
EVT_007172,sms,2025-11-27 18:37:11,PER_000059,PER_000084,PH_000137,,,,LOC_000071,,,outbound,completed,pos,
EVT_002176,location_ping,2025-11-27 21:17:36,PER_000059,,,DEV_000063,,,LOC_000071,,,,completed,mobile_app,
EVT_001394,call,2025-11-27 22:52:02,PER_000062,PER_000099,PH_000213,,,,LOC_000033,,65.0,outbound,completed,ussd,
EVT_004245,sms,2025-11-28 07:28:36,PER_000059,PER_000055,PH_000137,,,,LOC_000071,,,internal,completed,pos,
EVT_002392,call,2025-11-28 08:27:56,PER_000089,PER_000034,PH_000282,,,,LOC_000044,,959.0,inbound,completed,mobile_app,
EVT_001035,login,2025-11-28 08:33:22,PER_000068,,PH_000208,DEV_000097,IP_000033,,LOC_000081,,,,completed,pos,
EVT_004936,call,2025-11-28 08:58:15,PER_000001,PER_000090,PH_000298,,,,LOC_000029,,523.0,outbound,completed,mobile_app,
EVT_003462,call,2025-11-28 10:20:11,PER_000018,PER_000017,PH_000018,,,,LOC_000001,,1037.0,outbound,completed,mobile_app,
EVT_006538,location_ping,2025-11-28 10:49:32,PER_000026,,,DEV_000083,,,LOC_000059,,,,completed,mobile_app,
EVT_003246,location_ping,2025-11-28 13:32:39,PER_000081,,,DEV_000016,,,LOC_000084,,,,completed,web,
EVT_005351,location_ping,2025-11-28 16:19:44,PER_000016,,,DEV_000080,,,LOC_000101,,,,completed,ussd,
EVT_000378,transaction,2025-11-28 17:48:41,PER_000073,PER_000020,,DEV_000039,IP_000063,ACC_000073,LOC_000015,108190.04,,internal,completed,atm,p2p
EVT_003115,transaction,2025-11-28 20:45:37,PER_000018,PER_000027,,DEV_000059,IP_000016,ACC_000118,LOC_000001,4178.81,,outbound,completed,pos,transfer
EVT_002238,location_ping,2025-11-28 22:54:12,PER_000035,,,DEV_000075,,,LOC_000076,,,,completed,web,
EVT_000526,location_ping,2025-11-29 03:21:37,PER_000016,,,DEV_000020,,,LOC_000054,,,,completed,web,
EVT_000917,call,2025-11-29 05:52:58,PER_000010,PER_000062,PH_000212,,,,LOC_000034,,1019.0,outbound,completed,api,
EVT_003292,sms,2025-11-29 06:56:02,PER_000001,PER_000016,PH_000001,,,,LOC_000029,,,outbound,completed,mobile_app,
EVT_006914,call,2025-11-29 08:14:01,PER_000016,PER_000002,PH_000016,,,,LOC_000054,,466.0,inbound,completed,atm,
EVT_001395,transaction,2025-11-29 10:33:42,PER_000048,PER_000006,,DEV_000004,IP_000118,ACC_000048,LOC_000025,309.72,,outbound,completed,api,withdrawal
EVT_000163,transaction,2025-11-29 10:47:34,PER_000027,PER_000054,,DEV_000110,IP_000009,ACC_000027,LOC_000097,1235.52,,internal,completed,web,payment
EVT_002128,sms,2025-11-29 13:50:24,PER_000052,PER_000081,PH_000163,,,,LOC_000071,,,internal,completed,mobile_app,
EVT_000459,location_ping,2025-11-29 14:02:13,PER_000050,,,DEV_000115,,,LOC_000051,,,,completed,mobile_app,
EVT_007300,call,2025-11-29 14:17:47,PER_000005,PER_000072,PH_000005,,,,LOC_000100,,474.0,internal,completed,ussd,
EVT_003853,location_ping,2025-11-29 14:19:54,PER_000024,,,DEV_000046,,,LOC_000083,,,,completed,web,
EVT_003657,location_ping,2025-11-29 14:21:18,PER_000033,,,DEV_000017,,,LOC_000022,,,,completed,web,
EVT_006571,transaction,2025-11-29 15:45:37,PER_000044,PER_000074,,DEV_000043,IP_000023,ACC_000144,LOC_000032,2740.99,,inbound,completed,api,transfer
EVT_001304,location_ping,2025-11-29 16:14:37,PER_000059,,,DEV_000021,,,LOC_000071,,,,completed,web,
EVT_000197,transaction,2025-11-29 16:24:14,PER_000003,PER_000050,,DEV_000091,IP_000013,ACC_000103,LOC_000054,851.08,,internal,completed,ussd,transfer
EVT_003326,transaction,2025-11-29 18:32:33,PER_000046,PER_000017,,DEV_000118,IP_000034,ACC_000046,LOC_000028,3652.9,,outbound,completed,ussd,p2p
EVT_007339,login,2025-11-29 18:33:39,PER_000093,,PH_000093,DEV_000104,IP_000088,,LOC_000071,,,,completed,pos,
EVT_002741,call,2025-11-30 06:18:10,PER_000015,PER_000075,PH_000015,,,,LOC_000054,,458.0,outbound,completed,web,
EVT_000840,sms,2025-11-30 08:21:04,PER_000095,PER_000024,PH_000095,,,,LOC_000052,,,inbound,completed,ussd,
EVT_000629,location_ping,2025-11-30 15:18:29,PER_000045,,,DEV_000001,,,LOC_000004,,,,completed,pos,
EVT_005439,sms,2025-11-30 18:47:57,PER_000073,PER_000060,PH_000244,,,,LOC_000015,,,internal,completed,api,
EVT_006378,location_ping,2025-11-30 19:41:07,PER_000073,,,DEV_000043,,,LOC_000015,,,,completed,ussd,
EVT_002101,sms,2025-11-30 19:49:13,PER_000087,PER_000027,PH_000087,,,,LOC_000099,,,internal,completed,atm,
EVT_003071,transaction,2025-11-30 21:45:14,PER_000059,PER_000089,,DEV_000030,IP_000013,ACC_000059,LOC_000071,3462.19,,outbound,completed,api,payment
EVT_000188,sms,2025-12-01 05:54:38,PER_000016,PER_000083,PH_000016,,,,LOC_000054,,,outbound,completed,ussd,
EVT_002988,sms,2025-12-01 07:56:05,PER_000024,PER_000050,PH_000024,,,,LOC_000083,,,inbound,completed,web,
EVT_000201,sms,2025-12-01 08:08:37,PER_000018,PER_000087,PH_000018,,,,LOC_000001,,,outbound,completed,ussd,
EVT_000996,location_ping,2025-12-01 09:46:03,PER_000050,,,DEV_000075,,,LOC_000058,,,,completed,pos,
EVT_004091,location_ping,2025-12-01 10:53:14,PER_000001,,,DEV_000031,,,LOC_000029,,,,completed,mobile_app,
EVT_003122,sms,2025-12-01 11:02:43,PER_000066,PER_000027,PH_000123,,,,LOC_000049,,,inbound,completed,web,
EVT_003494,transaction,2025-12-01 11:38:17,PER_000027,PER_000015,,DEV_000085,IP_000035,ACC_000127,LOC_000074,3016.06,,inbound,completed,api,withdrawal
EVT_005623,login,2025-12-01 11:44:56,PER_000016,,PH_000016,DEV_000055,IP_000003,,LOC_000054,,,,completed,pos,
EVT_003431,sms,2025-12-01 11:59:06,PER_000049,PER_000070,PH_000276,,,,LOC_000100,,,outbound,completed,mobile_app,
EVT_003754,location_ping,2025-12-01 12:48:11,PER_000056,,,DEV_000049,,,LOC_000036,,,,completed,atm,
EVT_002389,sms,2025-12-01 13:29:28,PER_000066,PER_000097,PH_000123,,,,LOC_000049,,,internal,completed,ussd,
EVT_000313,call,2025-12-01 14:42:57,PER_000061,PER_000037,PH_000239,,,,LOC_000062,,151.0,inbound,completed,atm,
EVT_002983,login,2025-12-01 16:51:55,PER_000032,,PH_000102,DEV_000007,IP_000086,,LOC_000028,,,,completed,api,
EVT_000273,login,2025-12-01 18:01:30,PER_000059,,PH_000059,DEV_000032,IP_000090,,LOC_000071,,,,completed,api,
EVT_000217,call,2025-12-01 19:22:02,PER_000059,PER_000019,PH_000059,,,,LOC_000071,,238.0,outbound,completed,web,
EVT_000069,call,2025-12-01 19:53:01,PER_000007,PER_000008,PH_000211,,,,LOC_000059,,986.0,inbound,completed,ussd,
EVT_001954,location_ping,2025-12-02 01:37:49,PER_000032,,,DEV_000021,,,LOC_000028,,,,completed,api,
EVT_001585,call,2025-12-02 05:57:16,PER_000018,PER_000093,PH_000018,,,,LOC_000001,,544.0,outbound,completed,atm,
EVT_006787,call,2025-12-02 07:30:50,PER_000043,PER_000074,PH_000214,,,,LOC_000110,,1157.0,outbound,completed,web,
EVT_006184,location_ping,2025-12-02 07:42:51,PER_000073,,,DEV_000030,,,LOC_000015,,,,completed,atm,
EVT_007002,location_ping,2025-12-02 08:00:41,PER_000091,,,DEV_000002,,,LOC_000057,,,,completed,api,
EVT_003538,sms,2025-12-02 10:50:49,PER_000091,PER_000029,PH_000277,,,,LOC_000057,,,inbound,completed,atm,
EVT_005887,transaction,2025-12-02 12:55:58,PER_000040,PER_000069,,DEV_000002,IP_000009,ACC_000040,LOC_000047,1761.78,,outbound,completed,pos,p2p
EVT_003041,transaction,2025-12-02 13:50:45,PER_000070,PER_000023,,DEV_000081,IP_000009,ACC_000070,LOC_000001,895.49,,internal,completed,ussd,transfer
EVT_001586,transaction,2025-12-02 14:11:57,PER_000002,PER_000027,,DEV_000029,IP_000110,ACC_000102,LOC_000032,170822.12,,outbound,completed,web,p2p
EVT_000046,login,2025-12-02 14:31:36,PER_000034,,PH_000167,DEV_000061,IP_000005,,LOC_000075,,,,completed,mobile_app,
EVT_002716,transaction,2025-12-02 15:35:19,PER_000086,PER_000028,,DEV_000048,IP_000050,ACC_000086,LOC_000012,3482.0,,inbound,completed,mobile_app,withdrawal
EVT_003827,location_ping,2025-12-02 17:39:36,PER_000001,,,DEV_000101,,,LOC_000091,,,,completed,atm,
EVT_006041,login,2025-12-02 18:16:19,PER_000033,,PH_000033,DEV_000116,IP_000084,,LOC_000022,,,,completed,api,
EVT_002050,location_ping,2025-12-02 19:16:53,PER_000094,,,DEV_000115,,,LOC_000060,,,,completed,web,
EVT_006417,login,2025-12-02 19:45:38,PER_000001,,PH_000298,DEV_000031,IP_000097,,LOC_000029,,,,completed,atm,
EVT_002350,transaction,2025-12-02 20:06:31,PER_000013,PER_000054,,DEV_000019,IP_000075,ACC_000113,LOC_000041,2644.77,,internal,completed,mobile_app,transfer
EVT_002015,location_ping,2025-12-02 20:28:25,PER_000016,,,DEV_000002,,,LOC_000054,,,,completed,mobile_app,
EVT_001085,call,2025-12-03 05:21:17,PER_000050,PER_000016,PH_000050,,,,LOC_000058,,975.0,outbound,completed,pos,
EVT_002921,sms,2025-12-03 06:46:46,PER_000093,PER_000067,PH_000093,,,,LOC_000071,,,internal,completed,api,
EVT_005869,call,2025-12-03 07:14:09,PER_000058,PER_000083,PH_000058,,,,LOC_000091,,903.0,outbound,completed,api,
EVT_003910,location_ping,2025-12-03 08:03:38,PER_000073,,,DEV_000031,,,LOC_000015,,,,completed,api,
EVT_001911,sms,2025-12-03 10:09:39,PER_000024,PER_000050,PH_000024,,,,LOC_000083,,,internal,completed,atm,
EVT_006888,login,2025-12-03 10:40:46,PER_000097,,PH_000097,DEV_000060,IP_000001,,LOC_000071,,,,completed,ussd,
EVT_005378,call,2025-12-03 12:25:07,PER_000034,PER_000056,PH_000128,,,,LOC_000075,,649.0,inbound,completed,pos,
EVT_002777,login,2025-12-03 13:04:08,PER_000087,,PH_000087,DEV_000078,IP_000069,,LOC_000099,,,,completed,ussd,
EVT_002561,location_ping,2025-12-03 13:44:32,PER_000050,,,DEV_000109,,,LOC_000058,,,,completed,ussd,
EVT_000811,login,2025-12-03 14:21:09,PER_000047,,PH_000047,DEV_000102,IP_000062,,LOC_000113,,,,completed,atm,
EVT_003730,call,2025-12-03 19:12:01,PER_000093,PER_000098,PH_000262,,,,LOC_000071,,839.0,outbound,completed,api,
EVT_003506,login,2025-12-03 19:53:36,PER_000016,,PH_000016,DEV_000057,IP_000078,,LOC_000054,,,,completed,web,
EVT_006448,transaction,2025-12-04 03:08:54,PER_000032,PER_000086,,DEV_000042,IP_000013,ACC_000132,LOC_000028,592.98,,inbound,completed,ussd,withdrawal
EVT_005028,location_ping,2025-12-04 08:00:13,PER_000011,,,DEV_000019,,,LOC_000120,,,,completed,ussd,
EVT_001098,transaction,2025-12-04 08:33:51,PER_000016,PER_000027,,DEV_000009,IP_000073,ACC_000016,LOC_000054,3012.98,,inbound,completed,atm,withdrawal
EVT_000704,transaction,2025-12-04 09:16:50,PER_000047,PER_000085,,DEV_000016,IP_000040,ACC_000147,LOC_000113,92.44,,inbound,completed,mobile_app,payment
EVT_000855,sms,2025-12-04 10:05:47,PER_000019,PER_000013,PH_000019,,,,LOC_000069,,,outbound,completed,atm,
EVT_002457,transaction,2025-12-04 10:10:22,PER_000005,PER_000063,,DEV_000075,IP_000073,ACC_000005,LOC_000100,4110.25,,inbound,completed,atm,p2p
EVT_002415,call,2025-12-04 10:29:46,PER_000059,PER_000090,PH_000137,,,,LOC_000006,,872.0,outbound,completed,mobile_app,
EVT_004453,login,2025-12-04 10:46:04,PER_000075,,PH_000075,DEV_000025,IP_000009,,LOC_000106,,,,completed,mobile_app,
EVT_003632,call,2025-12-04 11:21:12,PER_000053,PER_000011,PH_000220,,,,LOC_000046,,612.0,inbound,completed,mobile_app,
EVT_000898,login,2025-12-04 11:35:53,PER_000044,,PH_000250,DEV_000101,IP_000058,,LOC_000032,,,,completed,web,
EVT_001593,login,2025-12-04 11:44:17,PER_000003,,PH_000126,DEV_000083,IP_000105,,LOC_000054,,,,completed,web,
EVT_007315,transaction,2025-12-04 12:17:55,PER_000059,PER_000016,,DEV_000031,IP_000036,ACC_000059,LOC_000071,4483.61,,inbound,completed,atm,transfer
EVT_004304,call,2025-12-04 12:23:48,PER_000069,PER_000027,PH_000069,,,,LOC_000031,,418.0,outbound,completed,mobile_app,
EVT_005561,sms,2025-12-04 12:28:21,PER_000018,PER_000027,PH_000018,,,,LOC_000001,,,outbound,completed,api,
EVT_000678,transaction,2025-12-04 13:19:59,PER_000018,PER_000087,,DEV_000049,IP_000061,ACC_000018,LOC_000001,357596.33,,internal,completed,ussd,p2p
EVT_005445,login,2025-12-04 14:19:53,PER_000018,,PH_000018,DEV_000067,IP_000013,,LOC_000001,,,,completed,ussd,
EVT_000623,transaction,2025-12-04 15:03:17,PER_000049,PER_000011,,DEV_000002,IP_000002,ACC_000049,LOC_000072,2074.19,,outbound,completed,ussd,transfer
EVT_003137,location_ping,2025-12-04 15:16:15,PER_000093,,,DEV_000099,,,LOC_000071,,,,completed,api,
EVT_002539,call,2025-12-04 17:21:24,PER_000093,PER_000056,PH_000142,,,,LOC_000071,,935.0,internal,completed,atm,
EVT_005185,login,2025-12-04 17:27:31,PER_000027,,PH_000245,DEV_000051,IP_000120,,LOC_000097,,,,completed,ussd,
EVT_006721,call,2025-12-04 22:27:21,PER_000018,PER_000016,PH_000018,,,,LOC_000001,,403.0,outbound,completed,pos,
EVT_006032,login,2025-12-04 23:51:11,PER_000087,,PH_000087,DEV_000025,IP_000056,,LOC_000099,,,,completed,atm,
EVT_003035,sms,2025-12-05 04:03:48,PER_000064,PER_000046,PH_000267,,,,LOC_000020,,,outbound,completed,atm,
EVT_004521,transaction,2025-12-05 06:40:35,PER_000014,PER_000094,,DEV_000075,IP_000020,ACC_000114,LOC_000050,1135.37,,inbound,completed,mobile_app,deposit
EVT_003088,login,2025-12-05 07:06:21,PER_000066,,PH_000125,DEV_000004,IP_000108,,LOC_000049,,,,completed,mobile_app,
EVT_001483,transaction,2025-12-05 08:31:11,PER_000039,PER_000096,,DEV_000092,IP_000106,ACC_000039,LOC_000002,2409.39,,inbound,completed,pos,payment
EVT_002047,call,2025-12-05 09:41:10,PER_000077,PER_000062,PH_000077,,,,LOC_000035,,117.0,inbound,completed,web,
EVT_002218,sms,2025-12-05 09:50:02,PER_000023,PER_000054,PH_000023,,,,LOC_000117,,,outbound,completed,api,
EVT_001856,transaction,2025-12-05 10:36:35,PER_000032,PER_000083,,DEV_000047,IP_000023,ACC_000132,LOC_000028,1515.72,,inbound,completed,atm,transfer
EVT_003912,transaction,2025-12-05 11:13:47,PER_000001,PER_000055,,DEV_000080,IP_000050,ACC_000101,LOC_000029,4028.44,,inbound,completed,atm,withdrawal
EVT_005795,sms,2025-12-05 13:09:48,PER_000033,PER_000095,PH_000033,,,,LOC_000022,,,inbound,completed,api,
EVT_006297,call,2025-12-05 13:34:54,PER_000018,PER_000027,PH_000018,,,,LOC_000001,,564.0,internal,completed,api,
EVT_003388,call,2025-12-05 13:56:18,PER_000001,PER_000074,PH_000001,,,,LOC_000029,,338.0,internal,completed,ussd,
EVT_004493,call,2025-12-05 14:27:38,PER_000036,PER_000033,PH_000139,,,,LOC_000090,,971.0,inbound,completed,pos,
EVT_002945,login,2025-12-05 15:29:25,PER_000093,,PH_000138,DEV_000101,IP_000020,,LOC_000071,,,,completed,mobile_app,
EVT_004740,call,2025-12-05 15:50:54,PER_000061,PER_000034,PH_000061,,,,LOC_000062,,179.0,outbound,completed,ussd,
EVT_001124,transaction,2025-12-05 18:03:23,PER_000042,PER_000016,,DEV_000094,IP_000006,ACC_000042,LOC_000060,318851.52,,inbound,completed,web,withdrawal
EVT_005115,location_ping,2025-12-05 18:32:19,PER_000056,,,DEV_000106,,,LOC_000036,,,,completed,web,
EVT_002970,sms,2025-12-06 04:08:24,PER_000050,PER_000042,PH_000248,,,,LOC_000017,,,inbound,completed,atm,
EVT_003548,location_ping,2025-12-06 04:32:18,PER_000062,,,DEV_000101,,,LOC_000033,,,,completed,pos,
EVT_006739,transaction,2025-12-06 07:35:38,PER_000095,PER_000057,,DEV_000066,IP_000011,ACC_000095,LOC_000120,3734.36,,inbound,completed,atm,transfer
EVT_006938,sms,2025-12-06 09:33:06,PER_000010,PER_000068,PH_000212,,,,LOC_000034,,,inbound,completed,pos,
EVT_006309,call,2025-12-06 09:58:11,PER_000064,PER_000061,PH_000064,,,,LOC_000020,,762.0,internal,completed,atm,
EVT_005090,login,2025-12-06 13:46:32,PER_000002,,PH_000002,DEV_000069,IP_000064,,LOC_000032,,,,completed,pos,
EVT_007095,call,2025-12-06 13:50:09,PER_000059,PER_000087,PH_000158,,,,LOC_000071,,535.0,internal,completed,mobile_app,
EVT_002638,sms,2025-12-06 13:50:24,PER_000065,PER_000033,PH_000065,,,,LOC_000072,,,inbound,completed,ussd,
EVT_002576,transaction,2025-12-06 14:09:15,PER_000024,PER_000050,,DEV_000001,IP_000078,ACC_000024,LOC_000118,1029.6,,inbound,completed,ussd,deposit
EVT_004475,location_ping,2025-12-06 14:51:22,PER_000059,,,DEV_000032,,,LOC_000062,,,,completed,mobile_app,
EVT_001590,call,2025-12-06 17:10:37,PER_000087,PER_000016,PH_000294,,,,LOC_000014,,1040.0,inbound,completed,ussd,
EVT_002999,sms,2025-12-06 18:19:00,PER_000001,PER_000097,PH_000298,,,,LOC_000029,,,outbound,completed,api,
EVT_005992,call,2025-12-06 19:37:16,PER_000025,PER_000095,PH_000025,,,,LOC_000007,,865.0,internal,completed,mobile_app,
EVT_001875,location_ping,2025-12-06 19:42:05,PER_000075,,,DEV_000007,,,LOC_000102,,,,completed,mobile_app,
EVT_001189,call,2025-12-06 19:57:55,PER_000062,PER_000047,PH_000152,,,,LOC_000033,,77.0,outbound,completed,ussd,
EVT_000100,sms,2025-12-06 22:21:21,PER_000059,PER_000047,PH_000158,,,,LOC_000106,,,outbound,completed,api,
EVT_002182,call,2025-12-07 02:03:58,PER_000086,PER_000059,PH_000086,,,,LOC_000012,,813.0,outbound,completed,ussd,
EVT_002891,call,2025-12-07 04:27:13,PER_000001,PER_000083,PH_000001,,,,LOC_000029,,692.0,inbound,completed,pos,
EVT_000553,login,2025-12-07 06:17:07,PER_000059,,PH_000180,DEV_000063,IP_000071,,LOC_000071,,,,completed,api,
EVT_001873,login,2025-12-07 07:26:53,PER_000028,,PH_000028,DEV_000085,IP_000103,,LOC_000036,,,,completed,ussd,
EVT_002614,call,2025-12-07 07:54:48,PER_000061,PER_000084,PH_000239,,,,LOC_000062,,971.0,inbound,completed,mobile_app,
EVT_003294,call,2025-12-07 10:49:54,PER_000093,PER_000084,PH_000142,,,,LOC_000071,,911.0,outbound,completed,api,
EVT_003379,location_ping,2025-12-07 13:33:36,PER_000094,,,DEV_000111,,,LOC_000060,,,,completed,ussd,
EVT_001079,call,2025-12-07 14:59:23,PER_000042,PER_000024,PH_000042,,,,LOC_000060,,1081.0,internal,completed,web,
EVT_006591,sms,2025-12-07 15:56:18,PER_000024,PER_000050,PH_000024,,,,LOC_000083,,,internal,completed,atm,
EVT_000756,login,2025-12-07 16:30:20,PER_000073,,PH_000162,DEV_000065,IP_000098,,LOC_000015,,,,completed,pos,
EVT_000801,call,2025-12-07 16:56:43,PER_000042,PER_000099,PH_000199,,,,LOC_000060,,965.0,inbound,completed,pos,
EVT_006218,login,2025-12-07 19:23:44,PER_000016,,PH_000016,DEV_000073,IP_000054,,LOC_000054,,,,completed,api,
EVT_003126,location_ping,2025-12-07 21:00:23,PER_000060,,,DEV_000031,,,LOC_000058,,,,completed,mobile_app,
EVT_002012,login,2025-12-07 21:57:59,PER_000016,,PH_000016,DEV_000045,IP_000107,,LOC_000054,,,,completed,api,
EVT_006416,transaction,2025-12-07 22:42:37,PER_000087,PER_000002,,DEV_000039,IP_000040,ACC_000087,LOC_000099,381380.7,,internal,completed,atm,transfer
EVT_007301,transaction,2025-12-07 22:44:28,PER_000062,PER_000042,,DEV_000025,IP_000012,ACC_000062,LOC_000033,73330.55,,inbound,completed,pos,p2p
EVT_003025,location_ping,2025-12-08 04:52:01,PER_000027,,,DEV_000073,,,LOC_000097,,,,completed,atm,
EVT_002998,transaction,2025-12-08 06:04:29,PER_000008,PER_000063,,DEV_000107,IP_000082,ACC_000108,LOC_000077,3033.05,,inbound,completed,api,transfer
EVT_007308,location_ping,2025-12-08 07:39:41,PER_000034,,,DEV_000076,,,LOC_000112,,,,completed,api,
EVT_005844,location_ping,2025-12-08 08:01:53,PER_000059,,,DEV_000086,,,LOC_000071,,,,completed,atm,
EVT_002014,call,2025-12-08 09:20:53,PER_000018,PER_000027,PH_000018,,,,LOC_000023,,1067.0,outbound,completed,pos,
EVT_004766,location_ping,2025-12-08 10:30:00,PER_000065,,,DEV_000010,,,LOC_000072,,,,completed,atm,
EVT_000938,call,2025-12-08 11:58:20,PER_000086,PER_000066,PH_000086,,,,LOC_000012,,167.0,outbound,completed,web,
EVT_007181,sms,2025-12-08 12:09:27,PER_000008,PER_000066,PH_000008,,,,LOC_000077,,,internal,completed,api,
EVT_006064,call,2025-12-08 12:35:50,PER_000042,PER_000072,PH_000199,,,,LOC_000060,,557.0,internal,completed,atm,
EVT_006519,login,2025-12-08 13:46:29,PER_000059,,PH_000059,DEV_000051,IP_000016,,LOC_000094,,,,completed,web,
EVT_001059,transaction,2025-12-08 14:20:13,PER_000031,PER_000032,,DEV_000020,IP_000091,ACC_000031,LOC_000017,677.34,,internal,completed,web,transfer
EVT_002042,transaction,2025-12-08 14:24:04,PER_000092,PER_000039,,DEV_000101,IP_000051,ACC_000092,LOC_000091,18.81,,outbound,completed,pos,withdrawal
EVT_006414,transaction,2025-12-08 14:26:24,PER_000096,PER_000086,,DEV_000013,IP_000107,ACC_000096,LOC_000107,3852.24,,outbound,completed,api,deposit
EVT_004092,transaction,2025-12-08 17:30:36,PER_000001,PER_000023,,DEV_000091,IP_000104,ACC_000001,LOC_000029,1058.4,,outbound,completed,mobile_app,deposit
EVT_003973,login,2025-12-08 18:55:33,PER_000089,,PH_000282,DEV_000028,IP_000116,,LOC_000047,,,,completed,web,
EVT_002433,call,2025-12-09 03:14:53,PER_000059,PER_000088,PH_000137,,,,LOC_000071,,444.0,outbound,completed,api,
EVT_005130,location_ping,2025-12-09 04:54:32,PER_000098,,,DEV_000082,,,LOC_000089,,,,completed,ussd,
EVT_002745,login,2025-12-09 05:20:38,PER_000050,,PH_000050,DEV_000117,IP_000054,,LOC_000089,,,,completed,api,
EVT_005172,login,2025-12-09 08:02:51,PER_000001,,PH_000001,DEV_000021,IP_000103,,LOC_000029,,,,completed,web,
EVT_000854,location_ping,2025-12-09 08:45:06,PER_000042,,,DEV_000064,,,LOC_000060,,,,completed,ussd,
EVT_001408,login,2025-12-09 11:20:14,PER_000001,,PH_000298,DEV_000099,IP_000016,,LOC_000029,,,,completed,api,
EVT_004299,transaction,2025-12-09 13:48:53,PER_000015,PER_000083,,DEV_000038,IP_000035,ACC_000115,LOC_000054,1544.95,,internal,completed,ussd,p2p
EVT_001101,login,2025-12-09 13:53:38,PER_000081,,PH_000202,DEV_000013,IP_000049,,LOC_000084,,,,completed,mobile_app,
EVT_002414,location_ping,2025-12-09 14:46:20,PER_000079,,,DEV_000105,,,LOC_000004,,,,completed,ussd,
EVT_002811,transaction,2025-12-09 21:57:50,PER_000059,PER_000014,,DEV_000038,IP_000026,ACC_000059,LOC_000071,2926.15,,outbound,completed,web,withdrawal
EVT_007178,location_ping,2025-12-10 03:24:29,PER_000074,,,DEV_000021,,,LOC_000106,,,,completed,ussd,
EVT_002443,location_ping,2025-12-10 07:59:57,PER_000027,,,DEV_000096,,,LOC_000097,,,,completed,mobile_app,
EVT_003223,login,2025-12-10 08:02:32,PER_000071,,PH_000071,DEV_000001,IP_000064,,LOC_000005,,,,completed,mobile_app,
EVT_007428,login,2025-12-10 08:06:09,PER_000037,,PH_000233,DEV_000039,IP_000075,,LOC_000101,,,,completed,pos,
EVT_001721,transaction,2025-12-10 09:24:19,PER_000083,PER_000021,,DEV_000101,IP_000086,ACC_000083,LOC_000053,4363.75,,inbound,completed,web,p2p
EVT_001436,sms,2025-12-10 10:47:08,PER_000050,PER_000016,PH_000117,,,,LOC_000058,,,outbound,completed,pos,
EVT_005036,call,2025-12-10 11:29:52,PER_000027,PER_000024,PH_000245,,,,LOC_000097,,497.0,outbound,completed,mobile_app,
EVT_004331,location_ping,2025-12-10 13:21:27,PER_000066,,,DEV_000069,,,LOC_000049,,,,completed,pos,
EVT_005430,transaction,2025-12-10 14:45:07,PER_000098,PER_000004,,DEV_000052,IP_000053,ACC_000098,LOC_000053,993.24,,inbound,completed,mobile_app,payment
EVT_004320,login,2025-12-10 15:00:16,PER_000001,,PH_000298,DEV_000092,IP_000093,,LOC_000029,,,,completed,ussd,
EVT_001358,login,2025-12-10 15:51:56,PER_000024,,PH_000024,DEV_000103,IP_000002,,LOC_000083,,,,completed,atm,
EVT_005751,call,2025-12-10 16:10:08,PER_000024,PER_000087,PH_000024,,,,LOC_000083,,623.0,outbound,completed,pos,
EVT_007228,call,2025-12-10 16:37:55,PER_000049,PER_000006,PH_000104,,,,LOC_000072,,716.0,outbound,completed,atm,
EVT_000480,transaction,2025-12-10 17:47:29,PER_000018,PER_000002,,DEV_000071,IP_000085,ACC_000018,LOC_000001,3789.41,,outbound,completed,pos,payment
EVT_001091,call,2025-12-10 18:15:08,PER_000075,PER_000093,PH_000075,,,,LOC_000102,,287.0,inbound,completed,api,
EVT_001966,login,2025-12-10 19:15:26,PER_000062,,PH_000062,DEV_000098,IP_000015,,LOC_000033,,,,completed,api,
EVT_000192,call,2025-12-10 19:26:27,PER_000016,PER_000018,PH_000016,,,,LOC_000054,,920.0,inbound,completed,mobile_app,
EVT_006604,transaction,2025-12-10 19:30:37,PER_000014,PER_000060,,DEV_000113,IP_000066,ACC_000014,LOC_000050,1028.67,,internal,completed,atm,transfer
EVT_007357,transaction,2025-12-10 19:31:55,PER_000064,PER_000013,,DEV_000010,IP_000033,ACC_000064,LOC_000053,394.77,,outbound,completed,ussd,payment
EVT_006609,sms,2025-12-10 19:54:34,PER_000001,PER_000045,PH_000298,,,,LOC_000029,,,outbound,completed,atm,
EVT_001167,login,2025-12-10 20:08:38,PER_000098,,PH_000098,DEV_000045,IP_000003,,LOC_000096,,,,completed,pos,
EVT_006988,login,2025-12-10 21:00:41,PER_000070,,PH_000188,DEV_000032,IP_000052,,LOC_000001,,,,completed,ussd,
EVT_000437,location_ping,2025-12-11 05:43:38,PER_000085,,,DEV_000009,,,LOC_000085,,,,completed,mobile_app,
EVT_003727,transaction,2025-12-11 06:49:29,PER_000001,PER_000030,,DEV_000081,IP_000022,ACC_000001,LOC_000041,4029.8,,inbound,completed,ussd,deposit
EVT_006992,login,2025-12-11 08:58:37,PER_000042,,PH_000042,DEV_000112,IP_000050,,LOC_000060,,,,completed,api,
EVT_005952,location_ping,2025-12-11 10:45:40,PER_000069,,,DEV_000056,,,LOC_000031,,,,completed,pos,
EVT_001770,sms,2025-12-11 12:09:11,PER_000032,PER_000099,PH_000102,,,,LOC_000064,,,inbound,completed,pos,
EVT_007294,login,2025-12-11 12:48:25,PER_000059,,PH_000137,DEV_000023,IP_000119,,LOC_000071,,,,completed,mobile_app,
EVT_004075,transaction,2025-12-11 13:18:22,PER_000024,PER_000018,,DEV_000012,IP_000003,ACC_000124,LOC_000083,3945.72,,internal,completed,api,deposit
EVT_000363,login,2025-12-11 13:31:07,PER_000056,,PH_000056,DEV_000092,IP_000027,,LOC_000105,,,,completed,atm,
EVT_003527,call,2025-12-11 15:23:55,PER_000100,PER_000014,PH_000100,,,,LOC_000104,,434.0,outbound,completed,mobile_app,
EVT_004891,sms,2025-12-11 16:31:58,PER_000024,PER_000015,PH_000024,,,,LOC_000083,,,outbound,completed,web,
EVT_006089,location_ping,2025-12-11 16:34:18,PER_000001,,,DEV_000021,,,LOC_000029,,,,completed,ussd,
EVT_005655,transaction,2025-12-11 17:37:14,PER_000062,PER_000067,,DEV_000078,IP_000047,ACC_000062,LOC_000033,115720.93,,inbound,completed,api,deposit
EVT_005384,login,2025-12-11 17:47:51,PER_000016,,PH_000016,DEV_000118,IP_000040,,LOC_000054,,,,completed,pos,
EVT_003684,location_ping,2025-12-11 18:00:07,PER_000093,,,DEV_000024,,,LOC_000071,,,,completed,pos,
EVT_000827,location_ping,2025-12-11 19:09:20,PER_000027,,,DEV_000025,,,LOC_000097,,,,completed,mobile_app,
EVT_001418,location_ping,2025-12-11 20:46:50,PER_000002,,,DEV_000024,,,LOC_000032,,,,completed,mobile_app,
EVT_001606,call,2025-12-11 21:46:45,PER_000071,PER_000072,PH_000071,,,,LOC_000065,,362.0,outbound,completed,web,
EVT_004198,transaction,2025-12-12 03:48:57,PER_000062,PER_000058,,DEV_000063,IP_000061,ACC_000062,LOC_000033,2263.9,,inbound,completed,atm,deposit
EVT_002812,sms,2025-12-12 04:40:38,PER_000027,PER_000042,PH_000245,,,,LOC_000097,,,outbound,completed,atm,
EVT_001223,call,2025-12-12 05:48:06,PER_000018,PER_000024,PH_000018,,,,LOC_000001,,106.0,outbound,completed,mobile_app,
EVT_002677,transaction,2025-12-12 05:49:28,PER_000088,PER_000085,,DEV_000084,IP_000105,ACC_000088,LOC_000060,2533.88,,internal,completed,pos,payment
EVT_002331,location_ping,2025-12-12 06:42:50,PER_000042,,,DEV_000099,,,LOC_000060,,,,completed,mobile_app,
EVT_004986,location_ping,2025-12-12 08:48:04,PER_000024,,,DEV_000098,,,LOC_000083,,,,completed,pos,
EVT_005005,transaction,2025-12-12 09:48:35,PER_000062,PER_000091,,DEV_000050,IP_000103,ACC_000062,LOC_000033,1013.18,,inbound,completed,web,withdrawal
EVT_006573,transaction,2025-12-12 10:22:49,PER_000002,PER_000087,,DEV_000068,IP_000097,ACC_000002,LOC_000032,4297.82,,internal,completed,web,payment
EVT_000946,call,2025-12-12 11:05:20,PER_000058,PER_000077,PH_000252,,,,LOC_000091,,938.0,inbound,completed,api,
EVT_006250,sms,2025-12-12 11:16:56,PER_000090,PER_000002,PH_000090,,,,LOC_000027,,,outbound,completed,api,
EVT_004357,sms,2025-12-12 12:17:30,PER_000001,PER_000082,PH_000298,,,,LOC_000101,,,inbound,completed,pos,
EVT_000734,transaction,2025-12-12 13:20:26,PER_000042,PER_000024,,DEV_000052,IP_000034,ACC_000042,LOC_000060,219.64,,outbound,completed,api,deposit
EVT_007452,sms,2025-12-12 13:23:56,PER_000087,PER_000016,PH_000087,,,,LOC_000099,,,outbound,completed,web,
EVT_001564,location_ping,2025-12-12 13:26:08,PER_000050,,,DEV_000060,,,LOC_000065,,,,completed,ussd,
EVT_007103,transaction,2025-12-12 13:45:50,PER_000044,PER_000085,,DEV_000072,IP_000105,ACC_000144,LOC_000032,3286.39,,internal,completed,pos,withdrawal
EVT_003765,location_ping,2025-12-12 14:03:34,PER_000041,,,DEV_000025,,,LOC_000082,,,,completed,atm,
EVT_005410,call,2025-12-12 14:53:03,PER_000030,PER_000062,PH_000229,,,,LOC_000108,,1197.0,internal,completed,web,
EVT_001849,call,2025-12-12 16:20:58,PER_000043,PER_000018,PH_000133,,,,LOC_000110,,329.0,inbound,completed,web,
EVT_000782,login,2025-12-12 16:52:30,PER_000062,,PH_000062,DEV_000034,IP_000054,,LOC_000033,,,,completed,api,
EVT_001383,location_ping,2025-12-12 17:17:31,PER_000050,,,DEV_000102,,,LOC_000058,,,,completed,api,
EVT_004402,location_ping,2025-12-12 17:55:21,PER_000062,,,DEV_000016,,,LOC_000033,,,,completed,ussd,
EVT_005143,sms,2025-12-12 18:08:38,PER_000021,PER_000090,PH_000103,,,,LOC_000086,,,inbound,completed,api,
EVT_001180,transaction,2025-12-12 20:10:05,PER_000042,PER_000088,,DEV_000002,IP_000100,ACC_000142,LOC_000060,689.28,,outbound,completed,pos,deposit
EVT_007137,call,2025-12-13 02:40:38,PER_000093,PER_000049,PH_000138,,,,LOC_000071,,30.0,inbound,completed,api,
EVT_003875,login,2025-12-13 14:32:50,PER_000042,,PH_000042,DEV_000116,IP_000109,,LOC_000084,,,,completed,pos,
EVT_005593,sms,2025-12-13 14:54:55,PER_000059,PER_000044,PH_000180,,,,LOC_000019,,,outbound,completed,api,
EVT_001987,location_ping,2025-12-13 15:57:45,PER_000093,,,DEV_000078,,,LOC_000071,,,,completed,ussd,
EVT_002484,transaction,2025-12-13 16:17:40,PER_000026,PER_000089,,DEV_000036,IP_000044,ACC_000126,LOC_000059,1050.44,,outbound,completed,pos,transfer
EVT_000109,transaction,2025-12-13 17:56:58,PER_000018,PER_000095,,DEV_000002,IP_000071,ACC_000018,LOC_000001,296747.81,,internal,completed,web,p2p
EVT_004133,call,2025-12-13 22:47:16,PER_000062,PER_000028,PH_000213,,,,LOC_000033,,69.0,internal,completed,pos,
EVT_003749,login,2025-12-14 03:02:00,PER_000027,,PH_000027,DEV_000117,IP_000045,,LOC_000097,,,,completed,web,
EVT_002559,sms,2025-12-14 03:39:54,PER_000059,PER_000079,PH_000137,,,,LOC_000071,,,internal,completed,ussd,
EVT_003680,transaction,2025-12-14 03:47:24,PER_000021,PER_000083,,DEV_000001,IP_000115,ACC_000021,LOC_000058,2020.93,,internal,completed,web,p2p
EVT_005993,transaction,2025-12-14 05:06:07,PER_000087,PER_000042,,DEV_000108,IP_000023,ACC_000087,LOC_000099,2912.87,,outbound,completed,mobile_app,deposit
EVT_007450,location_ping,2025-12-14 07:31:49,PER_000059,,,DEV_000062,,,LOC_000071,,,,completed,pos,
EVT_005510,login,2025-12-14 09:29:05,PER_000073,,PH_000116,DEV_000048,IP_000069,,LOC_000015,,,,completed,pos,
EVT_007252,sms,2025-12-14 12:27:52,PER_000090,PER_000094,PH_000090,,,,LOC_000027,,,internal,completed,web,
EVT_003836,call,2025-12-14 14:08:24,PER_000042,PER_000087,PH_000199,,,,LOC_000055,,55.0,outbound,completed,web,
EVT_004053,transaction,2025-12-14 14:19:19,PER_000082,PER_000040,,DEV_000109,IP_000040,ACC_000082,LOC_000082,270.39,,inbound,completed,web,deposit
EVT_005766,sms,2025-12-14 15:19:32,PER_000073,PER_000042,PH_000244,,,,LOC_000015,,,internal,completed,atm,
EVT_003709,call,2025-12-14 16:28:50,PER_000046,PER_000084,PH_000046,,,,LOC_000028,,470.0,internal,completed,pos,
EVT_005340,location_ping,2025-12-14 17:34:40,PER_000062,,,DEV_000043,,,LOC_000033,,,,completed,mobile_app,
EVT_006228,sms,2025-12-14 19:10:35,PER_000073,PER_000011,PH_000162,,,,LOC_000015,,,outbound,completed,atm,
EVT_002847,location_ping,2025-12-14 19:38:54,PER_000027,,,DEV_000111,,,LOC_000097,,,,completed,web,
EVT_002997,location_ping,2025-12-14 19:48:14,PER_000002,,,DEV_000063,,,LOC_000096,,,,completed,mobile_app,
EVT_000525,call,2025-12-14 19:50:54,PER_000074,PER_000019,PH_000274,,,,LOC_000013,,382.0,inbound,completed,atm,
EVT_000555,call,2025-12-14 19:53:21,PER_000031,PER_000056,PH_000279,,,,LOC_000017,,184.0,inbound,completed,atm,
EVT_006731,transaction,2025-12-14 21:23:36,PER_000020,PER_000079,,DEV_000103,IP_000072,ACC_000120,LOC_000056,2604.45,,inbound,completed,api,deposit
EVT_005792,sms,2025-12-14 21:48:43,PER_000077,PER_000048,PH_000271,,,,LOC_000038,,,outbound,completed,web,
EVT_001634,sms,2025-12-14 22:25:17,PER_000062,PER_000065,PH_000062,,,,LOC_000058,,,outbound,completed,pos,
EVT_007127,sms,2025-12-14 22:35:01,PER_000018,PER_000087,PH_000018,,,,LOC_000001,,,inbound,completed,atm,
EVT_003679,location_ping,2025-12-15 05:33:18,PER_000081,,,DEV_000097,,,LOC_000084,,,,completed,atm,
EVT_004533,login,2025-12-15 05:35:37,PER_000066,,PH_000066,DEV_000103,IP_000081,,LOC_000092,,,,completed,api,
EVT_007358,sms,2025-12-15 05:42:58,PER_000068,PER_000060,PH_000068,,,,LOC_000081,,,inbound,completed,pos,
EVT_002565,location_ping,2025-12-15 09:51:54,PER_000002,,,DEV_000107,,,LOC_000032,,,,completed,mobile_app,
EVT_004336,sms,2025-12-15 12:18:50,PER_000087,PER_000050,PH_000087,,,,LOC_000033,,,outbound,completed,pos,
EVT_001331,transaction,2025-12-15 14:00:00,PER_000076,PER_000062,,DEV_000001,IP_000001,ACC_000076,LOC_000074,3150.58,,internal,completed,atm,deposit
EVT_002230,sms,2025-12-15 14:10:46,PER_000001,PER_000092,PH_000001,,,,LOC_000029,,,inbound,completed,atm,
EVT_001177,location_ping,2025-12-15 14:20:26,PER_000023,,,DEV_000044,,,LOC_000003,,,,completed,pos,
EVT_000435,transaction,2025-12-15 15:58:45,PER_000098,PER_000046,,DEV_000012,IP_000105,ACC_000098,LOC_000096,4353.32,,outbound,completed,mobile_app,payment
EVT_002632,location_ping,2025-12-15 16:07:10,PER_000090,,,DEV_000031,,,LOC_000111,,,,completed,mobile_app,
EVT_006188,location_ping,2025-12-15 18:52:47,PER_000042,,,DEV_000101,,,LOC_000060,,,,completed,mobile_app,
EVT_007302,call,2025-12-15 19:25:36,PER_000055,PER_000056,PH_000191,,,,LOC_000016,,119.0,outbound,completed,pos,
EVT_002399,location_ping,2025-12-15 20:16:35,PER_000093,,,DEV_000067,,,LOC_000016,,,,completed,pos,
EVT_004015,login,2025-12-16 04:01:30,PER_000024,,PH_000024,DEV_000049,IP_000061,,LOC_000083,,,,completed,api,
EVT_000684,sms,2025-12-16 04:46:58,PER_000044,PER_000095,PH_000250,,,,LOC_000032,,,internal,completed,pos,
EVT_007442,transaction,2025-12-16 06:28:21,PER_000083,PER_000070,,DEV_000106,IP_000027,ACC_000083,LOC_000053,2950.37,,internal,completed,mobile_app,payment
EVT_003828,location_ping,2025-12-16 10:32:07,PER_000093,,,DEV_000107,,,LOC_000015,,,,completed,ussd,
EVT_001317,location_ping,2025-12-16 10:42:41,PER_000061,,,DEV_000101,,,LOC_000062,,,,completed,atm,
EVT_001047,location_ping,2025-12-16 11:17:51,PER_000076,,,DEV_000001,,,LOC_000016,,,,completed,web,
EVT_003915,call,2025-12-16 11:25:36,PER_000042,PER_000016,PH_000199,,,,LOC_000082,,607.0,internal,completed,pos,
EVT_001646,transaction,2025-12-16 11:57:02,PER_000037,PER_000029,,DEV_000075,IP_000065,ACC_000137,LOC_000101,3401.41,,internal,completed,mobile_app,withdrawal
EVT_006068,location_ping,2025-12-16 12:11:29,PER_000059,,,DEV_000114,,,LOC_000118,,,,completed,atm,
EVT_002114,location_ping,2025-12-16 12:44:48,PER_000011,,,DEV_000053,,,LOC_000063,,,,completed,web,
EVT_005425,sms,2025-12-16 12:48:13,PER_000039,PER_000099,PH_000039,,,,LOC_000002,,,outbound,completed,pos,
EVT_006778,location_ping,2025-12-16 13:04:47,PER_000027,,,DEV_000071,,,LOC_000064,,,,completed,pos,
EVT_002346,transaction,2025-12-16 13:09:56,PER_000059,PER_000083,,DEV_000026,IP_000059,ACC_000059,LOC_000071,649.83,,outbound,completed,ussd,payment
EVT_003236,location_ping,2025-12-16 14:02:59,PER_000093,,,DEV_000040,,,LOC_000071,,,,completed,atm,
EVT_003923,sms,2025-12-16 14:12:42,PER_000016,PER_000002,PH_000016,,,,LOC_000054,,,inbound,completed,mobile_app,
EVT_006507,call,2025-12-16 15:34:11,PER_000044,PER_000017,PH_000044,,,,LOC_000032,,466.0,internal,completed,api,
EVT_005431,transaction,2025-12-16 17:40:31,PER_000024,PER_000027,,DEV_000109,IP_000030,ACC_000124,LOC_000083,972.29,,inbound,completed,pos,payment
EVT_001458,sms,2025-12-16 18:28:31,PER_000062,PER_000033,PH_000213,,,,LOC_000033,,,internal,completed,api,
EVT_004870,sms,2025-12-16 18:59:04,PER_000007,PER_000009,PH_000007,,,,LOC_000059,,,outbound,completed,mobile_app,
EVT_006730,sms,2025-12-16 19:01:16,PER_000087,PER_000069,PH_000294,,,,LOC_000117,,,internal,completed,mobile_app,
EVT_002086,location_ping,2025-12-16 19:11:13,PER_000034,,,DEV_000089,,,LOC_000075,,,,completed,api,
EVT_001072,call,2025-12-17 05:27:05,PER_000059,PER_000043,PH_000137,,,,LOC_000071,,543.0,internal,completed,api,
EVT_005599,login,2025-12-17 07:24:58,PER_000062,,PH_000213,DEV_000071,IP_000042,,LOC_000033,,,,completed,atm,
EVT_001787,login,2025-12-17 07:32:26,PER_000094,,PH_000198,DEV_000043,IP_000064,,LOC_000060,,,,completed,atm,
EVT_002008,transaction,2025-12-17 09:43:43,PER_000077,PER_000089,,DEV_000106,IP_000029,ACC_000077,LOC_000035,3591.73,,outbound,completed,atm,transfer
EVT_005532,location_ping,2025-12-17 10:25:21,PER_000027,,,DEV_000030,,,LOC_000097,,,,completed,mobile_app,
EVT_006486,location_ping,2025-12-17 11:03:07,PER_000087,,,DEV_000023,,,LOC_000099,,,,completed,ussd,
EVT_000056,transaction,2025-12-17 11:06:30,PER_000037,PER_000009,,DEV_000036,IP_000082,ACC_000137,LOC_000034,859.79,,internal,completed,api,deposit
EVT_007087,login,2025-12-17 12:11:41,PER_000053,,PH_000220,DEV_000020,IP_000066,,LOC_000046,,,,completed,pos,
EVT_006578,sms,2025-12-17 12:16:43,PER_000011,PER_000037,PH_000011,,,,LOC_000063,,,outbound,completed,api,
EVT_001936,transaction,2025-12-17 15:56:17,PER_000028,PER_000018,,DEV_000017,IP_000074,ACC_000028,LOC_000003,849.42,,inbound,completed,api,transfer
EVT_006211,call,2025-12-17 16:07:38,PER_000060,PER_000083,PH_000060,,,,LOC_000014,,458.0,inbound,completed,web,
EVT_004377,transaction,2025-12-17 17:20:18,PER_000073,PER_000026,,DEV_000063,IP_000054,ACC_000073,LOC_000015,2838.65,,inbound,completed,pos,deposit
EVT_002072,call,2025-12-17 18:40:39,PER_000062,PER_000008,PH_000213,,,,LOC_000033,,159.0,internal,completed,web,
EVT_004412,login,2025-12-17 18:46:25,PER_000014,,PH_000014,DEV_000110,IP_000053,,LOC_000050,,,,completed,ussd,
EVT_002024,sms,2025-12-17 20:39:05,PER_000073,PER_000097,PH_000073,,,,LOC_000015,,,outbound,completed,ussd,
EVT_002942,login,2025-12-17 20:40:01,PER_000044,,PH_000044,DEV_000090,IP_000116,,LOC_000032,,,,completed,ussd,
EVT_004352,transaction,2025-12-17 20:50:18,PER_000094,PER_000097,,DEV_000011,IP_000003,ACC_000094,LOC_000060,4196.12,,outbound,completed,pos,transfer
EVT_003971,call,2025-12-17 21:02:59,PER_000028,PER_000060,PH_000028,,,,LOC_000003,,695.0,internal,completed,atm,
EVT_007493,login,2025-12-17 21:07:16,PER_000056,,PH_000056,DEV_000114,IP_000056,,LOC_000036,,,,completed,api,
EVT_001694,location_ping,2025-12-18 04:42:15,PER_000093,,,DEV_000087,,,LOC_000039,,,,completed,api,
EVT_003639,call,2025-12-18 08:10:05,PER_000024,PER_000018,PH_000024,,,,LOC_000083,,98.0,outbound,completed,ussd,
EVT_001176,login,2025-12-18 08:38:28,PER_000095,,PH_000095,DEV_000098,IP_000055,,LOC_000070,,,,completed,mobile_app,
EVT_000067,login,2025-12-18 11:08:21,PER_000044,,PH_000250,DEV_000046,IP_000097,,LOC_000032,,,,completed,pos,
EVT_004516,location_ping,2025-12-18 11:40:51,PER_000087,,,DEV_000018,,,LOC_000012,,,,completed,pos,
EVT_002521,transaction,2025-12-18 11:43:07,PER_000091,PER_000062,,DEV_000002,IP_000002,ACC_000091,LOC_000057,1341.63,,internal,completed,api,payment
EVT_004684,sms,2025-12-18 12:12:08,PER_000022,PER_000024,PH_000022,,,,LOC_000016,,,internal,completed,ussd,
EVT_005402,transaction,2025-12-18 13:17:21,PER_000027,PER_000042,,DEV_000044,IP_000111,ACC_000127,LOC_000026,2708.01,,outbound,completed,api,transfer
EVT_003974,sms,2025-12-18 13:59:37,PER_000062,PER_000020,PH_000062,,,,LOC_000022,,,outbound,completed,mobile_app,
EVT_002370,call,2025-12-18 14:53:29,PER_000073,PER_000060,PH_000175,,,,LOC_000015,,20.0,internal,completed,web,
EVT_000149,location_ping,2025-12-18 15:14:52,PER_000059,,,DEV_000093,,,LOC_000071,,,,completed,pos,
EVT_002903,login,2025-12-18 15:39:01,PER_000052,,PH_000052,DEV_000057,IP_000065,,LOC_000071,,,,completed,pos,
EVT_001230,call,2025-12-18 15:59:44,PER_000059,PER_000060,PH_000180,,,,LOC_000071,,197.0,internal,completed,ussd,
EVT_002927,login,2025-12-18 16:51:59,PER_000011,,PH_000174,DEV_000027,IP_000083,,LOC_000063,,,,completed,api,
EVT_002387,sms,2025-12-18 16:52:14,PER_000088,PER_000076,PH_000088,,,,LOC_000060,,,internal,completed,pos,
EVT_001627,call,2025-12-18 17:33:53,PER_000042,PER_000016,PH_000199,,,,LOC_000060,,935.0,internal,completed,atm,
EVT_003420,call,2025-12-18 18:49:03,PER_000024,PER_000050,PH_000024,,,,LOC_000070,,687.0,inbound,completed,atm,
EVT_002597,sms,2025-12-18 19:41:34,PER_000016,PER_000042,PH_000016,,,,LOC_000069,,,inbound,completed,mobile_app,
EVT_000510,location_ping,2025-12-18 19:42:55,PER_000087,,,DEV_000066,,,LOC_000099,,,,completed,api,
EVT_002570,sms,2025-12-18 20:24:08,PER_000002,PER_000027,PH_000114,,,,LOC_000032,,,internal,completed,api,
EVT_004948,login,2025-12-18 21:41:39,PER_000100,,PH_000251,DEV_000082,IP_000039,,LOC_000108,,,,completed,atm,
EVT_001224,location_ping,2025-12-18 21:56:29,PER_000087,,,DEV_000045,,,LOC_000099,,,,completed,api,
EVT_003522,sms,2025-12-18 22:19:39,PER_000023,PER_000040,PH_000234,,,,LOC_000117,,,inbound,completed,ussd,
EVT_002022,call,2025-12-18 22:41:54,PER_000016,PER_000042,PH_000016,,,,LOC_000054,,249.0,outbound,completed,pos,
EVT_002120,call,2025-12-19 02:38:56,PER_000018,PER_000027,PH_000018,,,,LOC_000001,,370.0,outbound,completed,api,
EVT_005160,transaction,2025-12-19 02:57:03,PER_000027,PER_000100,,DEV_000001,IP_000092,ACC_000127,LOC_000097,3851.08,,internal,completed,mobile_app,deposit
EVT_003152,login,2025-12-19 05:10:08,PER_000059,,PH_000137,DEV_000054,IP_000069,,LOC_000071,,,,completed,mobile_app,
EVT_003020,sms,2025-12-19 08:28:44,PER_000042,PER_000024,PH_000042,,,,LOC_000060,,,outbound,completed,api,
EVT_005826,sms,2025-12-19 11:09:34,PER_000018,PER_000002,PH_000018,,,,LOC_000001,,,outbound,completed,ussd,
EVT_001731,call,2025-12-19 12:35:54,PER_000081,PER_000046,PH_000081,,,,LOC_000022,,725.0,internal,completed,ussd,
EVT_007270,location_ping,2025-12-19 12:52:41,PER_000061,,,DEV_000091,,,LOC_000062,,,,completed,mobile_app,
EVT_004865,call,2025-12-19 14:57:19,PER_000008,PER_000010,PH_000008,,,,LOC_000077,,381.0,internal,completed,ussd,
EVT_000170,login,2025-12-19 15:38:09,PER_000089,,PH_000282,DEV_000099,IP_000012,,LOC_000047,,,,completed,web,
EVT_006035,call,2025-12-19 16:42:48,PER_000026,PER_000080,PH_000026,,,,LOC_000059,,567.0,outbound,completed,web,
EVT_007112,transaction,2025-12-19 16:53:33,PER_000001,PER_000008,,DEV_000022,IP_000098,ACC_000001,LOC_000029,2053.87,,internal,completed,atm,p2p
EVT_003383,sms,2025-12-19 17:15:29,PER_000036,PER_000008,PH_000036,,,,LOC_000090,,,inbound,completed,web,
EVT_002563,call,2025-12-19 17:56:35,PER_000100,PER_000099,PH_000100,,,,LOC_000108,,169.0,internal,completed,ussd,
EVT_006028,location_ping,2025-12-19 18:47:08,PER_000081,,,DEV_000012,,,LOC_000079,,,,completed,mobile_app,
EVT_003119,call,2025-12-19 20:18:13,PER_000093,PER_000066,PH_000262,,,,LOC_000053,,292.0,inbound,completed,pos,
EVT_002067,call,2025-12-19 20:39:33,PER_000035,PER_000094,PH_000035,,,,LOC_000053,,393.0,outbound,completed,api,
EVT_002142,login,2025-12-19 20:42:09,PER_000043,,PH_000230,DEV_000001,IP_000001,,LOC_000110,,,,completed,api,
EVT_006116,transaction,2025-12-19 21:34:20,PER_000024,PER_000042,,DEV_000101,IP_000024,ACC_000124,LOC_000083,1995.08,,inbound,completed,web,transfer
EVT_006990,sms,2025-12-19 21:49:07,PER_000033,PER_000080,PH_000033,,,,LOC_000022,,,outbound,completed,api,
EVT_006428,sms,2025-12-19 21:52:30,PER_000066,PER_000006,PH_000066,,,,LOC_000049,,,inbound,completed,pos,
EVT_005986,sms,2025-12-20 04:44:06,PER_000019,PER_000092,PH_000019,,,,LOC_000069,,,internal,completed,pos,
EVT_002469,transaction,2025-12-20 06:48:28,PER_000001,PER_000005,,DEV_000098,IP_000110,ACC_000101,LOC_000027,116.85,,inbound,completed,web,payment
EVT_004707,login,2025-12-20 06:58:53,PER_000024,,PH_000024,DEV_000021,IP_000015,,LOC_000083,,,,completed,mobile_app,
EVT_006466,login,2025-12-20 07:53:53,PER_000034,,PH_000128,DEV_000111,IP_000096,,LOC_000075,,,,completed,pos,
EVT_002158,location_ping,2025-12-20 09:09:45,PER_000014,,,DEV_000053,,,LOC_000050,,,,completed,atm,
EVT_002422,call,2025-12-20 10:21:38,PER_000054,PER_000057,PH_000054,,,,LOC_000030,,442.0,internal,completed,web,
EVT_006598,transaction,2025-12-20 12:24:39,PER_000016,PER_000027,,DEV_000093,IP_000092,ACC_000116,LOC_000054,204.07,,internal,completed,web,p2p
EVT_007209,location_ping,2025-12-20 12:48:20,PER_000027,,,DEV_000046,,,LOC_000092,,,,completed,api,
EVT_003308,call,2025-12-20 14:46:46,PER_000027,PER_000083,PH_000245,,,,LOC_000097,,1060.0,outbound,completed,ussd,
EVT_001547,login,2025-12-20 15:37:53,PER_000001,,PH_000298,DEV_000013,IP_000073,,LOC_000029,,,,completed,atm,
EVT_002486,sms,2025-12-20 17:06:41,PER_000088,PER_000095,PH_000088,,,,LOC_000060,,,outbound,completed,ussd,
EVT_005469,call,2025-12-20 17:30:55,PER_000016,PER_000087,PH_000016,,,,LOC_000054,,432.0,internal,completed,atm,
EVT_003046,sms,2025-12-20 17:48:36,PER_000024,PER_000050,PH_000024,,,,LOC_000083,,,outbound,completed,pos,
EVT_000094,call,2025-12-20 17:50:18,PER_000019,PER_000028,PH_000019,,,,LOC_000069,,1165.0,internal,completed,api,
EVT_001531,sms,2025-12-20 18:22:32,PER_000011,PER_000094,PH_000255,,,,LOC_000063,,,internal,completed,mobile_app,
EVT_002126,login,2025-12-20 18:39:05,PER_000073,,PH_000073,DEV_000008,IP_000115,,LOC_000015,,,,completed,atm,
EVT_004801,location_ping,2025-12-20 19:07:12,PER_000050,,,DEV_000038,,,LOC_000030,,,,completed,ussd,
EVT_001400,login,2025-12-20 19:44:53,PER_000062,,PH_000062,DEV_000101,IP_000046,,LOC_000033,,,,completed,pos,
EVT_003607,location_ping,2025-12-20 20:26:35,PER_000026,,,DEV_000027,,,LOC_000061,,,,completed,api,
EVT_005335,login,2025-12-20 20:56:12,PER_000042,,PH_000042,DEV_000019,IP_000120,,LOC_000060,,,,completed,atm,
EVT_004273,location_ping,2025-12-21 06:02:57,PER_000032,,,DEV_000014,,,LOC_000028,,,,completed,ussd,
EVT_001655,transaction,2025-12-21 06:47:16,PER_000018,PER_000021,,DEV_000065,IP_000070,ACC_000018,LOC_000001,2435.56,,internal,completed,atm,deposit
EVT_001307,call,2025-12-21 07:33:24,PER_000003,PER_000061,PH_000126,,,,LOC_000066,,1158.0,internal,completed,api,
EVT_001513,login,2025-12-21 08:19:26,PER_000016,,PH_000016,DEV_000107,IP_000085,,LOC_000094,,,,completed,mobile_app,
EVT_005277,location_ping,2025-12-21 08:28:55,PER_000002,,,DEV_000019,,,LOC_000032,,,,completed,pos,
EVT_003604,transaction,2025-12-21 10:24:02,PER_000059,PER_000071,,DEV_000028,IP_000098,ACC_000059,LOC_000071,36711.09,,inbound,completed,web,p2p
EVT_006040,sms,2025-12-21 12:01:13,PER_000026,PER_000053,PH_000026,,,,LOC_000115,,,internal,completed,pos,
EVT_005239,call,2025-12-21 12:30:42,PER_000034,PER_000010,PH_000167,,,,LOC_000075,,232.0,inbound,completed,atm,
EVT_002683,location_ping,2025-12-21 12:45:03,PER_000086,,,DEV_000017,,,LOC_000012,,,,completed,web,
EVT_007160,location_ping,2025-12-21 12:57:34,PER_000090,,,DEV_000089,,,LOC_000025,,,,completed,ussd,
EVT_006560,login,2025-12-21 13:10:22,PER_000093,,PH_000138,DEV_000046,IP_000093,,LOC_000004,,,,completed,mobile_app,
EVT_006177,login,2025-12-21 14:18:59,PER_000093,,PH_000138,DEV_000021,IP_000031,,LOC_000071,,,,completed,ussd,
EVT_000713,call,2025-12-21 15:15:28,PER_000042,PER_000024,PH_000199,,,,LOC_000084,,486.0,internal,completed,pos,
EVT_003430,transaction,2025-12-21 15:38:50,PER_000095,PER_000036,,DEV_000054,IP_000071,ACC_000095,LOC_000120,4465.17,,internal,completed,ussd,deposit
EVT_002069,sms,2025-12-21 18:17:15,PER_000002,PER_000098,PH_000114,,,,LOC_000032,,,internal,completed,atm,
EVT_006375,call,2025-12-21 18:34:55,PER_000059,PER_000095,PH_000137,,,,LOC_000071,,651.0,inbound,completed,atm,
EVT_004420,login,2025-12-21 19:17:06,PER_000042,,PH_000199,DEV_000041,IP_000051,,LOC_000060,,,,completed,web,
EVT_002413,call,2025-12-21 20:03:58,PER_000001,PER_000091,PH_000298,,,,LOC_000033,,883.0,internal,completed,pos,
EVT_003203,sms,2025-12-21 20:27:58,PER_000019,PER_000023,PH_000019,,,,LOC_000069,,,outbound,completed,mobile_app,
EVT_007200,login,2025-12-22 03:14:13,PER_000073,,PH_000244,DEV_000115,IP_000005,,LOC_000015,,,,completed,mobile_app,
EVT_007349,call,2025-12-22 07:21:17,PER_000018,PER_000083,PH_000018,,,,LOC_000001,,804.0,inbound,completed,pos,
EVT_000140,transaction,2025-12-22 07:28:24,PER_000074,PER_000073,,DEV_000099,IP_000032,ACC_000074,LOC_000059,3881.17,,inbound,completed,api,p2p
EVT_004750,transaction,2025-12-22 08:52:34,PER_000042,PER_000027,,DEV_000093,IP_000103,ACC_000042,LOC_000060,137640.2,,inbound,completed,web,p2p
EVT_006342,location_ping,2025-12-22 09:46:47,PER_000027,,,DEV_000114,,,LOC_000097,,,,completed,web,
EVT_003918,transaction,2025-12-22 10:12:38,PER_000006,PER_000035,,DEV_000076,IP_000002,ACC_000006,LOC_000066,2647.56,,internal,completed,api,p2p
EVT_002257,location_ping,2025-12-22 11:14:21,PER_000073,,,DEV_000026,,,LOC_000032,,,,completed,web,
EVT_001058,sms,2025-12-22 16:30:51,PER_000086,PER_000058,PH_000231,,,,LOC_000012,,,inbound,completed,pos,
EVT_005078,call,2025-12-22 17:01:51,PER_000022,PER_000047,PH_000022,,,,LOC_000058,,430.0,internal,completed,mobile_app,
EVT_001185,call,2025-12-22 17:41:28,PER_000097,PER_000012,PH_000097,,,,LOC_000052,,993.0,inbound,completed,pos,
EVT_002251,login,2025-12-22 18:30:50,PER_000088,,PH_000088,DEV_000103,IP_000120,,LOC_000032,,,,completed,ussd,
EVT_005275,call,2025-12-22 18:53:34,PER_000093,PER_000100,PH_000142,,,,LOC_000071,,213.0,internal,completed,api,
EVT_004700,transaction,2025-12-22 19:01:50,PER_000093,PER_000035,,DEV_000116,IP_000066,ACC_000093,LOC_000071,4450.55,,inbound,completed,ussd,deposit
EVT_002168,transaction,2025-12-22 19:34:30,PER_000016,PER_000024,,DEV_000060,IP_000065,ACC_000116,LOC_000054,466393.55,,outbound,completed,web,deposit
EVT_002937,login,2025-12-22 20:25:29,PER_000050,,PH_000261,DEV_000054,IP_000116,,LOC_000058,,,,completed,atm,
EVT_005740,call,2025-12-22 20:50:54,PER_000059,PER_000076,PH_000137,,,,LOC_000071,,1029.0,internal,completed,ussd,
EVT_005360,sms,2025-12-22 21:09:34,PER_000008,PER_000091,PH_000135,,,,LOC_000077,,,outbound,completed,pos,
EVT_001158,sms,2025-12-22 21:36:39,PER_000016,PER_000002,PH_000016,,,,LOC_000054,,,inbound,completed,mobile_app,
EVT_002789,call,2025-12-23 00:16:36,PER_000064,PER_000072,PH_000267,,,,LOC_000020,,963.0,internal,completed,web,
EVT_004096,call,2025-12-23 07:15:56,PER_000017,PER_000094,PH_000017,,,,LOC_000116,,787.0,inbound,completed,atm,
EVT_007395,login,2025-12-23 08:27:27,PER_000018,,PH_000018,DEV_000033,IP_000090,,LOC_000001,,,,completed,atm,
EVT_000611,login,2025-12-23 09:34:49,PER_000059,,PH_000137,DEV_000077,IP_000049,,LOC_000071,,,,completed,mobile_app,
EVT_006695,login,2025-12-23 10:04:44,PER_000016,,PH_000016,DEV_000106,IP_000050,,LOC_000054,,,,completed,api,
EVT_002712,login,2025-12-23 11:51:36,PER_000047,,PH_000047,DEV_000076,IP_000105,,LOC_000113,,,,completed,atm,
EVT_006637,sms,2025-12-23 12:05:03,PER_000020,PER_000088,PH_000020,,,,LOC_000107,,,inbound,completed,ussd,
EVT_003156,transaction,2025-12-23 13:15:39,PER_000083,PER_000010,,DEV_000096,IP_000028,ACC_000083,LOC_000095,1948.86,,outbound,completed,api,p2p
EVT_001435,transaction,2025-12-23 13:20:25,PER_000025,PER_000051,,DEV_000011,IP_000010,ACC_000025,LOC_000071,1345.36,,outbound,completed,atm,withdrawal
EVT_002491,login,2025-12-23 13:44:22,PER_000095,,PH_000095,DEV_000017,IP_000061,,LOC_000120,,,,completed,web,
EVT_003360,call,2025-12-23 14:05:23,PER_000062,PER_000048,PH_000152,,,,LOC_000033,,1117.0,internal,completed,ussd,
EVT_002364,login,2025-12-23 14:15:03,PER_000060,,PH_000060,DEV_000083,IP_000001,,LOC_000014,,,,completed,ussd,
EVT_001878,call,2025-12-23 15:30:36,PER_000050,PER_000013,PH_000261,,,,LOC_000058,,135.0,inbound,completed,ussd,
EVT_005146,location_ping,2025-12-23 16:05:14,PER_000043,,,DEV_000001,,,LOC_000110,,,,completed,pos,
EVT_002352,sms,2025-12-23 16:10:08,PER_000018,PER_000042,PH_000018,,,,LOC_000083,,,internal,completed,pos,
EVT_005540,call,2025-12-23 16:39:05,PER_000059,PER_000032,PH_000180,,,,LOC_000071,,360.0,outbound,completed,api,
EVT_000339,call,2025-12-23 17:30:37,PER_000035,PER_000003,PH_000166,,,,LOC_000042,,1015.0,outbound,completed,ussd,
EVT_004795,call,2025-12-23 17:30:50,PER_000001,PER_000033,PH_000001,,,,LOC_000029,,385.0,outbound,completed,mobile_app,
EVT_003560,call,2025-12-23 17:45:36,PER_000047,PER_000072,PH_000047,,,,LOC_000113,,508.0,outbound,completed,atm,
EVT_000524,login,2025-12-23 18:30:18,PER_000059,,PH_000137,DEV_000027,IP_000028,,LOC_000071,,,,completed,web,
EVT_004953,login,2025-12-23 18:44:25,PER_000033,,PH_000033,DEV_000060,IP_000036,,LOC_000022,,,,completed,api,
EVT_004219,location_ping,2025-12-23 18:59:57,PER_000059,,,DEV_000034,,,LOC_000071,,,,completed,atm,
EVT_006834,transaction,2025-12-23 19:13:55,PER_000006,PER_000061,,DEV_000101,IP_000100,ACC_000106,LOC_000060,2849.83,,inbound,completed,web,p2p
EVT_005918,call,2025-12-23 20:34:14,PER_000067,PER_000045,PH_000067,,,,LOC_000040,,1118.0,outbound,completed,pos,
EVT_005413,call,2025-12-23 20:43:05,PER_000011,PER_000033,PH_000255,,,,LOC_000063,,832.0,outbound,completed,web,
EVT_003608,login,2025-12-23 22:49:35,PER_000021,,PH_000021,DEV_000072,IP_000010,,LOC_000086,,,,completed,mobile_app,
EVT_002918,call,2025-12-24 05:00:44,PER_000002,PER_000042,PH_000002,,,,LOC_000032,,617.0,outbound,completed,mobile_app,
EVT_000588,location_ping,2025-12-24 09:19:30,PER_000096,,,DEV_000093,,,LOC_000107,,,,completed,api,
EVT_006449,login,2025-12-24 09:32:57,PER_000071,,PH_000071,DEV_000055,IP_000117,,LOC_000005,,,,completed,web,
EVT_001417,location_ping,2025-12-24 11:44:19,PER_000024,,,DEV_000015,,,LOC_000083,,,,completed,pos,
EVT_005113,call,2025-12-24 12:09:43,PER_000024,PER_000002,PH_000024,,,,LOC_000083,,406.0,inbound,completed,pos,
EVT_005152,call,2025-12-24 13:16:39,PER_000062,PER_000052,PH_000152,,,,LOC_000033,,1185.0,inbound,completed,api,
EVT_005842,transaction,2025-12-24 13:50:13,PER_000027,PER_000042,,DEV_000081,IP_000005,ACC_000127,LOC_000097,276243.1,,outbound,completed,atm,deposit
EVT_003641,login,2025-12-24 14:04:41,PER_000024,,PH_000024,DEV_000014,IP_000101,,LOC_000083,,,,completed,mobile_app,
EVT_000778,login,2025-12-24 15:13:58,PER_000093,,PH_000225,DEV_000086,IP_000049,,LOC_000071,,,,completed,web,
EVT_005617,location_ping,2025-12-24 15:35:56,PER_000087,,,DEV_000054,,,LOC_000099,,,,completed,atm,
EVT_006666,transaction,2025-12-24 15:46:16,PER_000090,PER_000033,,DEV_000097,IP_000079,ACC_000090,LOC_000027,77.71,,outbound,completed,api,transfer
EVT_002814,location_ping,2025-12-24 17:47:57,PER_000027,,,DEV_000092,,,LOC_000097,,,,completed,api,
EVT_004673,login,2025-12-24 19:11:36,PER_000001,,PH_000298,DEV_000020,IP_000017,,LOC_000029,,,,completed,api,
EVT_005043,call,2025-12-25 02:15:54,PER_000094,PER_000067,PH_000198,,,,LOC_000073,,397.0,internal,completed,atm,
EVT_001063,location_ping,2025-12-25 08:11:00,PER_000097,,,DEV_000033,,,LOC_000071,,,,completed,atm,
EVT_006415,login,2025-12-25 08:22:33,PER_000079,,PH_000079,DEV_000014,IP_000102,,LOC_000004,,,,completed,ussd,
EVT_004590,call,2025-12-25 09:05:36,PER_000096,PER_000070,PH_000096,,,,LOC_000107,,1152.0,outbound,completed,pos,
EVT_004297,transaction,2025-12-25 09:48:13,PER_000074,PER_000070,,DEV_000042,IP_000061,ACC_000074,LOC_000007,1005.61,,inbound,completed,web,deposit
EVT_003665,transaction,2025-12-25 10:57:57,PER_000050,PER_000024,,DEV_000017,IP_000105,ACC_000050,LOC_000058,793.25,,inbound,completed,ussd,payment
EVT_006577,transaction,2025-12-25 12:09:32,PER_000093,PER_000032,,DEV_000090,IP_000072,ACC_000093,LOC_000071,3934.14,,outbound,completed,web,deposit
EVT_003467,transaction,2025-12-25 13:36:56,PER_000093,PER_000046,,DEV_000092,IP_000108,ACC_000093,LOC_000071,1434.18,,internal,completed,ussd,p2p
EVT_006388,call,2025-12-25 13:38:34,PER_000093,PER_000073,PH_000142,,,,LOC_000071,,478.0,internal,completed,atm,
EVT_007006,transaction,2025-12-25 13:56:20,PER_000073,PER_000001,,DEV_000073,IP_000002,ACC_000073,LOC_000015,103548.57,,inbound,completed,ussd,withdrawal
EVT_004702,sms,2025-12-25 15:42:36,PER_000093,PER_000070,PH_000225,,,,LOC_000071,,,outbound,completed,pos,
EVT_000014,login,2025-12-25 15:53:47,PER_000042,,PH_000199,DEV_000041,IP_000058,,LOC_000060,,,,completed,mobile_app,
EVT_001919,transaction,2025-12-25 16:31:04,PER_000087,PER_000018,,DEV_000077,IP_000040,ACC_000087,LOC_000099,190690.14,,internal,completed,ussd,withdrawal
EVT_003398,call,2025-12-25 17:22:54,PER_000093,PER_000006,PH_000093,,,,LOC_000071,,865.0,internal,completed,api,
EVT_006118,call,2025-12-25 17:24:38,PER_000066,PER_000046,PH_000125,,,,LOC_000049,,549.0,outbound,completed,atm,
EVT_000929,login,2025-12-25 18:17:44,PER_000093,,PH_000138,DEV_000015,IP_000085,,LOC_000013,,,,completed,web,
EVT_000267,sms,2025-12-25 18:21:57,PER_000035,PER_000052,PH_000035,,,,LOC_000062,,,inbound,completed,pos,
EVT_004029,sms,2025-12-25 18:53:49,PER_000093,PER_000079,PH_000142,,,,LOC_000071,,,internal,completed,ussd,
EVT_002644,sms,2025-12-25 19:02:48,PER_000093,PER_000089,PH_000225,,,,LOC_000071,,,inbound,completed,web,
EVT_004290,location_ping,2025-12-25 20:15:37,PER_000061,,,DEV_000119,,,LOC_000062,,,,completed,mobile_app,
EVT_005489,call,2025-12-25 21:50:28,PER_000068,PER_000060,PH_000068,,,,LOC_000081,,883.0,outbound,completed,ussd,
EVT_005403,transaction,2025-12-25 22:22:50,PER_000001,PER_000088,,DEV_000082,IP_000067,ACC_000001,LOC_000029,1963.99,,internal,completed,atm,payment
EVT_006539,login,2025-12-26 04:24:14,PER_000071,,PH_000071,DEV_000038,IP_000092,,LOC_000005,,,,completed,mobile_app,
EVT_000614,transaction,2025-12-26 08:39:59,PER_000082,PER_000013,,DEV_000104,IP_000108,ACC_000082,LOC_000082,479.98,,internal,completed,web,payment
EVT_000982,location_ping,2025-12-26 09:31:50,PER_000056,,,DEV_000092,,,LOC_000036,,,,completed,web,
EVT_007454,location_ping,2025-12-26 09:53:32,PER_000003,,,DEV_000080,,,LOC_000054,,,,completed,web,
EVT_007028,transaction,2025-12-26 10:55:21,PER_000070,PER_000060,,DEV_000048,IP_000075,ACC_000070,LOC_000001,372.26,,internal,completed,api,p2p
EVT_000295,location_ping,2025-12-26 12:13:48,PER_000097,,,DEV_000042,,,LOC_000071,,,,completed,pos,
EVT_004149,sms,2025-12-26 12:25:35,PER_000001,PER_000029,PH_000001,,,,LOC_000029,,,internal,completed,web,
EVT_004262,sms,2025-12-26 13:38:30,PER_000057,PER_000010,PH_000057,,,,LOC_000030,,,inbound,completed,pos,
EVT_001967,call,2025-12-26 14:06:02,PER_000062,PER_000009,PH_000152,,,,LOC_000033,,81.0,internal,completed,web,
EVT_004915,call,2025-12-26 15:47:41,PER_000018,PER_000087,PH_000018,,,,LOC_000001,,1011.0,inbound,completed,atm,
EVT_006455,transaction,2025-12-26 16:15:57,PER_000096,PER_000100,,DEV_000018,IP_000112,ACC_000096,LOC_000043,263.3,,outbound,completed,web,deposit
EVT_005176,location_ping,2025-12-26 16:24:18,PER_000056,,,DEV_000074,,,LOC_000036,,,,completed,api,
EVT_001778,location_ping,2025-12-26 17:51:42,PER_000062,,,DEV_000019,,,LOC_000033,,,,completed,pos,
EVT_000362,transaction,2025-12-26 17:54:10,PER_000026,PER_000007,,DEV_000080,IP_000055,ACC_000126,LOC_000059,541.32,,outbound,completed,atm,p2p
EVT_006848,location_ping,2025-12-26 19:37:23,PER_000017,,,DEV_000011,,,LOC_000116,,,,completed,ussd,
EVT_001879,call,2025-12-26 19:56:05,PER_000073,PER_000064,PH_000073,,,,LOC_000015,,648.0,internal,completed,web,
EVT_005861,call,2025-12-26 20:38:29,PER_000093,PER_000095,PH_000093,,,,LOC_000071,,622.0,inbound,completed,ussd,
EVT_002961,transaction,2025-12-26 21:39:35,PER_000011,PER_000039,,DEV_000048,IP_000005,ACC_000111,LOC_000063,3667.65,,internal,completed,pos,p2p
EVT_000120,call,2025-12-27 03:33:40,PER_000062,PER_000036,PH_000213,,,,LOC_000033,,174.0,inbound,completed,pos,
EVT_000294,location_ping,2025-12-27 06:04:35,PER_000018,,,DEV_000018,,,LOC_000001,,,,completed,api,
EVT_005092,login,2025-12-27 06:23:05,PER_000025,,PH_000132,DEV_000031,IP_000048,,LOC_000045,,,,completed,api,
EVT_006504,sms,2025-12-27 09:00:10,PER_000050,PER_000024,PH_000261,,,,LOC_000058,,,internal,completed,mobile_app,
EVT_001024,sms,2025-12-27 10:04:38,PER_000048,PER_000091,PH_000172,,,,LOC_000025,,,inbound,completed,atm,
EVT_005215,location_ping,2025-12-27 11:09:14,PER_000026,,,DEV_000077,,,LOC_000059,,,,completed,api,
EVT_001197,location_ping,2025-12-27 15:21:37,PER_000059,,,DEV_000035,,,LOC_000071,,,,completed,atm,
EVT_002177,login,2025-12-27 16:09:07,PER_000016,,PH_000016,DEV_000075,IP_000104,,LOC_000054,,,,completed,ussd,
EVT_006425,sms,2025-12-27 17:17:22,PER_000053,PER_000052,PH_000220,,,,LOC_000046,,,inbound,completed,api,
EVT_003175,transaction,2025-12-27 18:42:08,PER_000055,PER_000081,,DEV_000105,IP_000067,ACC_000055,LOC_000045,2644.66,,inbound,completed,web,transfer
EVT_006248,transaction,2025-12-27 21:39:54,PER_000027,PER_000018,,DEV_000106,IP_000022,ACC_000127,LOC_000097,3436.24,,inbound,completed,atm,transfer
EVT_001345,login,2025-12-27 22:12:54,PER_000013,,PH_000013,DEV_000060,IP_000077,,LOC_000091,,,,completed,api,
EVT_006385,location_ping,2025-12-28 03:01:41,PER_000087,,,DEV_000059,,,LOC_000099,,,,completed,web,
EVT_000334,transaction,2025-12-28 03:10:31,PER_000100,PER_000056,,DEV_000040,IP_000092,ACC_000100,LOC_000108,2975.45,,internal,completed,web,payment
EVT_004836,call,2025-12-28 05:25:09,PER_000087,PER_000016,PH_000294,,,,LOC_000099,,197.0,inbound,completed,mobile_app,
EVT_004657,transaction,2025-12-28 07:08:57,PER_000064,PER_000004,,DEV_000112,IP_000085,ACC_000064,LOC_000020,3620.49,,internal,completed,api,deposit
EVT_006285,location_ping,2025-12-28 09:42:34,PER_000042,,,DEV_000094,,,LOC_000060,,,,completed,api,
EVT_006650,login,2025-12-28 09:42:35,PER_000094,,PH_000094,DEV_000028,IP_000061,,LOC_000060,,,,completed,web,
EVT_000557,login,2025-12-28 09:50:51,PER_000026,,PH_000026,DEV_000090,IP_000094,,LOC_000059,,,,completed,ussd,
EVT_004154,sms,2025-12-28 11:17:59,PER_000002,PER_000050,PH_000002,,,,LOC_000107,,,internal,completed,atm,
EVT_004084,login,2025-12-28 11:33:31,PER_000093,,PH_000093,DEV_000015,IP_000072,,LOC_000071,,,,completed,api,
EVT_004509,call,2025-12-28 13:01:30,PER_000018,PER_000027,PH_000018,,,,LOC_000001,,472.0,inbound,completed,pos,
EVT_004363,location_ping,2025-12-28 14:00:38,PER_000060,,,DEV_000087,,,LOC_000013,,,,completed,api,
EVT_002061,sms,2025-12-28 15:12:25,PER_000014,PER_000005,PH_000014,,,,LOC_000050,,,inbound,completed,ussd,
EVT_004431,location_ping,2025-12-28 15:19:59,PER_000050,,,DEV_000089,,,LOC_000058,,,,completed,atm,
EVT_002089,transaction,2025-12-28 18:31:27,PER_000069,PER_000097,,DEV_000097,IP_000049,ACC_000069,LOC_000031,3426.25,,internal,completed,web,payment
EVT_000697,login,2025-12-28 18:39:31,PER_000062,,PH_000152,DEV_000011,IP_000027,,LOC_000033,,,,completed,ussd,
EVT_007045,transaction,2025-12-28 18:50:22,PER_000087,PER_000050,,DEV_000016,IP_000008,ACC_000087,LOC_000099,335501.73,,internal,completed,ussd,transfer
EVT_006622,location_ping,2025-12-29 03:33:00,PER_000067,,,DEV_000073,,,LOC_000100,,,,completed,mobile_app,
EVT_000893,sms,2025-12-29 07:27:56,PER_000062,PER_000033,PH_000152,,,,LOC_000033,,,inbound,completed,mobile_app,
EVT_002964,location_ping,2025-12-29 07:55:38,PER_000042,,,DEV_000059,,,LOC_000060,,,,completed,mobile_app,
EVT_003872,login,2025-12-29 09:04:41,PER_000056,,PH_000253,DEV_000066,IP_000113,,LOC_000034,,,,completed,api,
EVT_000004,call,2025-12-29 09:08:44,PER_000016,PER_000027,PH_000016,,,,LOC_000054,,565.0,internal,completed,mobile_app,
EVT_004730,login,2025-12-29 09:52:38,PER_000071,,PH_000071,DEV_000022,IP_000018,,LOC_000005,,,,completed,api,
EVT_005047,call,2025-12-29 10:30:10,PER_000001,PER_000037,PH_000298,,,,LOC_000029,,373.0,internal,completed,web,
EVT_001918,sms,2025-12-29 10:37:41,PER_000001,PER_000045,PH_000298,,,,LOC_000029,,,inbound,completed,atm,
EVT_000937,login,2025-12-29 13:21:08,PER_000055,,PH_000191,DEV_000093,IP_000034,,LOC_000016,,,,completed,atm,
EVT_003621,login,2025-12-29 14:15:43,PER_000050,,PH_000117,DEV_000061,IP_000095,,LOC_000058,,,,completed,web,
EVT_007018,login,2025-12-29 15:30:49,PER_000088,,PH_000088,DEV_000018,IP_000072,,LOC_000060,,,,completed,ussd,
EVT_002242,login,2025-12-29 15:50:29,PER_000031,,PH_000112,DEV_000022,IP_000113,,LOC_000017,,,,completed,api,
EVT_005974,call,2025-12-29 15:55:26,PER_000007,PER_000098,PH_000211,,,,LOC_000059,,302.0,internal,completed,web,
EVT_000568,transaction,2025-12-29 16:17:35,PER_000024,PER_000016,,DEV_000069,IP_000031,ACC_000124,LOC_000083,395201.63,,inbound,completed,mobile_app,withdrawal
EVT_007019,location_ping,2025-12-29 18:11:15,PER_000023,,,DEV_000102,,,LOC_000103,,,,completed,ussd,
EVT_002468,transaction,2025-12-29 21:55:41,PER_000018,PER_000016,,DEV_000106,IP_000049,ACC_000018,LOC_000001,2274.67,,outbound,completed,web,payment
EVT_006458,sms,2025-12-30 02:11:59,PER_000093,PER_000088,PH_000262,,,,LOC_000071,,,inbound,completed,mobile_app,
EVT_007040,location_ping,2025-12-30 08:51:45,PER_000071,,,DEV_000114,,,LOC_000005,,,,completed,api,
EVT_006684,location_ping,2025-12-30 09:41:27,PER_000064,,,DEV_000086,,,LOC_000113,,,,completed,pos,
EVT_005163,location_ping,2025-12-30 10:10:13,PER_000069,,,DEV_000057,,,LOC_000031,,,,completed,ussd,
EVT_000795,call,2025-12-30 10:20:14,PER_000059,PER_000009,PH_000158,,,,LOC_000071,,688.0,internal,completed,api,
EVT_000907,location_ping,2025-12-30 10:55:57,PER_000088,,,DEV_000027,,,LOC_000060,,,,completed,web,
EVT_000590,transaction,2025-12-30 11:14:27,PER_000065,PER_000021,,DEV_000012,IP_000067,ACC_000065,LOC_000017,2791.41,,outbound,completed,api,payment
EVT_006835,call,2025-12-30 11:16:07,PER_000098,PER_000002,PH_000098,,,,LOC_000096,,1184.0,inbound,completed,mobile_app,
EVT_004111,login,2025-12-30 11:35:15,PER_000016,,PH_000016,DEV_000018,IP_000100,,LOC_000054,,,,completed,mobile_app,
EVT_001438,transaction,2025-12-30 12:45:57,PER_000084,PER_000019,,DEV_000111,IP_000036,ACC_000084,LOC_000043,2915.15,,outbound,completed,web,transfer
EVT_003283,location_ping,2025-12-30 13:00:00,PER_000016,,,DEV_000053,,,LOC_000054,,,,completed,mobile_app,
EVT_000856,transaction,2025-12-30 13:29:42,PER_000039,PER_000077,,DEV_000098,IP_000116,ACC_000039,LOC_000002,2613.47,,internal,completed,atm,withdrawal
EVT_004258,location_ping,2025-12-30 13:40:39,PER_000082,,,DEV_000062,,,LOC_000082,,,,completed,api,
EVT_004003,location_ping,2025-12-30 14:36:50,PER_000027,,,DEV_000088,,,LOC_000097,,,,completed,api,
EVT_002440,transaction,2025-12-30 15:10:50,PER_000003,PER_000034,,DEV_000098,IP_000094,ACC_000003,LOC_000054,2352.62,,inbound,completed,atm,payment
EVT_006673,location_ping,2025-12-30 16:36:03,PER_000097,,,DEV_000087,,,LOC_000113,,,,completed,mobile_app,
EVT_005547,transaction,2025-12-30 17:17:30,PER_000048,PER_000015,,DEV_000007,IP_000005,ACC_000148,LOC_000025,206.12,,inbound,completed,web,p2p
EVT_004142,sms,2025-12-30 17:36:53,PER_000062,PER_000086,PH_000152,,,,LOC_000033,,,inbound,completed,pos,
EVT_000092,transaction,2025-12-30 18:07:48,PER_000082,PER_000046,,DEV_000062,IP_000075,ACC_000082,LOC_000082,3640.25,,inbound,completed,ussd,payment
EVT_007166,transaction,2025-12-30 19:16:41,PER_000059,PER_000093,,DEV_000059,IP_000109,ACC_000059,LOC_000071,107605.2,,internal,completed,api,p2p
EVT_000758,transaction,2025-12-31 02:09:53,PER_000082,PER_000056,,DEV_000057,IP_000063,ACC_000082,LOC_000082,813.39,,inbound,completed,ussd,deposit
EVT_000560,transaction,2025-12-31 03:26:15,PER_000027,PER_000002,,DEV_000006,IP_000001,ACC_000027,LOC_000097,4089.54,,outbound,completed,atm,deposit
EVT_004035,call,2025-12-31 03:47:04,PER_000035,PER_000065,PH_000035,,,,LOC_000018,,308.0,internal,completed,web,
EVT_006849,location_ping,2025-12-31 07:07:35,PER_000027,,,DEV_000056,,,LOC_000076,,,,completed,atm,
EVT_006074,login,2025-12-31 09:10:47,PER_000016,,PH_000016,DEV_000106,IP_000019,,LOC_000054,,,,completed,pos,
EVT_006121,login,2025-12-31 09:19:52,PER_000047,,PH_000047,DEV_000040,IP_000084,,LOC_000113,,,,completed,atm,
EVT_000598,call,2025-12-31 10:49:43,PER_000056,PER_000050,PH_000056,,,,LOC_000073,,214.0,inbound,completed,api,
EVT_003158,call,2025-12-31 11:59:06,PER_000018,PER_000087,PH_000018,,,,LOC_000001,,974.0,internal,completed,mobile_app,
EVT_001246,login,2025-12-31 12:14:21,PER_000001,,PH_000001,DEV_000007,IP_000105,,LOC_000029,,,,completed,ussd,
EVT_001506,sms,2025-12-31 12:54:20,PER_000062,PER_000013,PH_000152,,,,LOC_000033,,,outbound,completed,ussd,
EVT_005930,login,2025-12-31 13:04:14,PER_000050,,PH_000117,DEV_000018,IP_000111,,LOC_000058,,,,completed,api,
EVT_003124,call,2025-12-31 14:27:24,PER_000020,PER_000058,PH_000256,,,,LOC_000056,,381.0,outbound,completed,atm,
EVT_000716,location_ping,2025-12-31 15:59:30,PER_000062,,,DEV_000013,,,LOC_000033,,,,completed,web,
EVT_003416,sms,2025-12-31 16:48:51,PER_000027,PER_000016,PH_000027,,,,LOC_000097,,,internal,completed,mobile_app,
EVT_002591,transaction,2025-12-31 18:34:44,PER_000087,PER_000027,,DEV_000081,IP_000009,ACC_000087,LOC_000099,362774.65,,internal,completed,pos,payment
EVT_000214,sms,2025-12-31 19:03:26,PER_000059,PER_000040,PH_000158,,,,LOC_000071,,,outbound,completed,mobile_app,
EVT_003689,login,2025-12-31 19:44:17,PER_000073,,PH_000116,DEV_000005,IP_000071,,LOC_000015,,,,completed,atm,
EVT_005255,location_ping,2025-12-31 21:38:34,PER_000001,,,DEV_000089,,,LOC_000029,,,,completed,web,
EVT_006872,call,2025-12-31 21:39:11,PER_000024,PER_000087,PH_000024,,,,LOC_000083,,1108.0,inbound,completed,api,
