event_id,is_anomalous,anomaly_type,severity,generation_reason
EVT_000001,False,NORMAL,none,Standard event within normal baseline
EVT_000002,False,NORMAL,none,Standard event within normal baseline
EVT_000003,False,NORMAL,none,Standard event within normal baseline
EVT_000004,False,NORMAL,none,Standard event within normal baseline
EVT_000005,False,NORMAL,none,Standard event within normal baseline
EVT_000006,False,NORMAL,none,Standard event within normal baseline
EVT_000007,False,NORMAL,none,Standard event within normal baseline
EVT_000008,False,NORMAL,none,Standard event within normal baseline
EVT_000009,False,NORMAL,none,Standard event within normal baseline
EVT_000010,False,NORMAL,none,Standard event within normal baseline
EVT_000011,False,NORMAL,none,Standard event within normal baseline
EVT_000012,False,NORMAL,none,Standard event within normal baseline
EVT_000013,False,NORMAL,none,Standard event within normal baseline
EVT_000014,False,NORMAL,none,Standard event within normal baseline
EVT_000015,False,NORMAL,none,Standard event within normal baseline
EVT_000016,True,BURST_ACTIVITY,high,Event occurred during sudden concentrated activity surge
EVT_000017,False,NORMAL,none,Standard event within normal baseline
EVT_000018,False,NORMAL,none,Standard event within normal baseline
EVT_000019,False,NORMAL,none,Standard event within normal baseline
EVT_000020,False,NORMAL,none,Standard event within normal baseline
EVT_000021,False,NORMAL,none,Standard event within normal baseline
EVT_000022,True,BURST_ACTIVITY,high,Event occurred during sudden concentrated activity surge
EVT_000023,True,BURST_ACTIVITY,high,Event occurred during sudden concentrated activity surge
EVT_000024,False,NORMAL,none,Standard event within normal baseline
EVT_000025,False,NORMAL,none,Standard event within normal baseline
EVT_000026,False,NORMAL,none,Standard event within normal baseline
EVT_000027,False,NORMAL,none,Standard event within normal baseline
EVT_000028,False,NORMAL,none,Standard event within normal baseline
EVT_000029,False,NORMAL,none,Standard event within normal baseline
EVT_000030,False,NORMAL,none,Standard event within normal baseline
EVT_000031,False,NORMAL,none,Standard event within normal baseline
EVT_000032,False,NORMAL,none,Standard event within normal baseline
EVT_000033,True,BURST_ACTIVITY,high,Event occurred during sudden concentrated activity surge
EVT_000034,False,NORMAL,none,Standard event within normal baseline
EVT_000035,False,NORMAL,none,Standard event within normal baseline
EVT_000036,False,NORMAL,none,Standard event within normal baseline
EVT_000037,False,NORMAL,none,Standard event within normal baseline
EVT_000038,False,NORMAL,none,Standard event within normal baseline
EVT_000039,True,BURST_ACTIVITY,high,Event occurred during sudden concentrated activity surge
EVT_000040,True,BURST_ACTIVITY,high,Event occurred during sudden concentrated activity surge
EVT_000041,True,BURST_ACTIVITY,high,Event occurred during sudden concentrated activity surge
EVT_000042,False,NORMAL,none,Standard event within normal baseline
EVT_000043,False,NORMAL,none,Standard event within normal baseline
EVT_000044,False,NORMAL,none,Standard event within normal baseline
EVT_000045,True,COMMUNICATION_ANOMALY,medium,High-frequency short duration ping call
EVT_000046,False,NORMAL,none,Standard event within normal baseline
EVT_000047,False,NORMAL,none,Standard event within normal baseline
EVT_000048,False,NORMAL,none,Standard event within normal baseline
EVT_000049,False,NORMAL,none,Standard event within normal baseline
EVT_000050,False,NORMAL,none,Standard event within normal baseline
EVT_000051,False,NORMAL,none,Standard event within normal baseline
EVT_000052,False,NORMAL,none,Standard event within normal baseline
EVT_000053,False,NORMAL,none,Standard event within normal baseline
EVT_000054,True,COMMUNICATION_ANOMALY,medium,High-frequency short duration ping call
EVT_000055,True,BURST_ACTIVITY,high,Event occurred during sudden concentrated activity surge
EVT_000056,False,NORMAL,none,Standard event within normal baseline
EVT_000057,True,COMMUNICATION_ANOMALY,medium,High-frequency short duration ping call
EVT_000058,True,BURST_ACTIVITY,high,Event occurred during sudden concentrated activity surge
EVT_000059,False,NORMAL,none,Standard event within normal baseline
EVT_000060,False,NORMAL,none,Standard event within normal baseline
EVT_000061,False,NORMAL,none,Standard event within normal baseline
EVT_000062,False,NORMAL,none,Standard event within normal baseline
EVT_000063,False,NORMAL,none,Standard event within normal baseline
EVT_000064,True,BURST_ACTIVITY,high,Event occurred during sudden concentrated activity surge
EVT_000065,False,NORMAL,none,Standard event within normal baseline
EVT_000066,False,NORMAL,none,Standard event within normal baseline
EVT_000067,False,NORMAL,none,Standard event within normal baseline
EVT_000068,False,NORMAL,none,Standard event within normal baseline
EVT_000069,False,NORMAL,none,Standard event within normal baseline
EVT_000070,False,NORMAL,none,Standard event within normal baseline
EVT_000071,False,NORMAL,none,Standard event within normal baseline
EVT_000072,False,NORMAL,none,Standard event within normal baseline
EVT_000073,False,NORMAL,none,Standard event within normal baseline
EVT_000074,False,NORMAL,none,Standard event within normal baseline
EVT_000075,False,NORMAL,none,Standard event within normal baseline
EVT_000076,False,NORMAL,none,Standard event within normal baseline
EVT_000077,False,NORMAL,none,Standard event within normal baseline
EVT_000078,True,COMMUNICATION_ANOMALY,medium,High-frequency short duration ping call
EVT_000079,False,NORMAL,none,Standard event within normal baseline
EVT_000080,False,NORMAL,none,Standard event within normal baseline
EVT_000081,False,NORMAL,none,Standard event within normal baseline
EVT_000082,True,BURST_ACTIVITY,high,Event occurred during sudden concentrated activity surge
EVT_000083,True,BURST_ACTIVITY,high,Event occurred during sudden concentrated activity surge
EVT_000084,False,NORMAL,none,Standard event within normal baseline
EVT_000085,False,NORMAL,none,Standard event within normal baseline
EVT_000086,False,NORMAL,none,Standard event within normal baseline
EVT_000087,False,NORMAL,none,Standard event within normal baseline
EVT_000088,False,NORMAL,none,Standard event within normal baseline
EVT_000089,False,NORMAL,none,Standard event within normal baseline
EVT_000090,False,NORMAL,none,Standard event within normal baseline
EVT_000091,False,NORMAL,none,Standard event within normal baseline
EVT_000092,False,NORMAL,none,Standard event within normal baseline
EVT_000093,False,NORMAL,none,Standard event within normal baseline
EVT_000094,False,NORMAL,none,Standard event within normal baseline
EVT_000095,False,NORMAL,none,Standard event within normal baseline
EVT_000096,False,NORMAL,none,Standard event within normal baseline
EVT_000097,False,NORMAL,none,Standard event within normal baseline
EVT_000098,False,NORMAL,none,Standard event within normal baseline
EVT_000099,True,COMMUNICATION_ANOMALY,medium,High-frequency short duration ping call
EVT_000100,False,NORMAL,none,Standard event within normal baseline
EVT_000101,False,NORMAL,none,Standard event within normal baseline
EVT_000102,False,NORMAL,none,Standard event within normal baseline
EVT_000103,False,NORMAL,none,Standard event within normal baseline
EVT_000104,False,NORMAL,none,Standard event within normal baseline
EVT_000105,True,BURST_ACTIVITY,high,Event occurred during sudden concentrated activity surge
EVT_000106,True,BURST_ACTIVITY,high,Event occurred during sudden concentrated activity surge
EVT_000107,False,NORMAL,none,Standard event within normal baseline
EVT_000108,False,NORMAL,none,Standard event within normal baseline
EVT_000109,True,TRANSACTION_ANOMALY,high,Unusually high-value cross-account mule transfer
EVT_000110,True,HIGH_ACTIVITY,medium,Elevated transactional volume from network hub
EVT_000111,False,NORMAL,none,Standard event within normal baseline
EVT_000112,True,SHARED_INFRASTRUCTURE,high,Event originated from high-fanout shared device/IP cluster
EVT_000113,False,NORMAL,none,Standard event within normal baseline
EVT_000114,False,NORMAL,none,Standard event within normal baseline
EVT_000115,True,BURST_ACTIVITY,high,Event occurred during sudden concentrated activity surge
EVT_000116,False,NORMAL,none,Standard event within normal baseline
EVT_000117,True,BURST_ACTIVITY,high,Event occurred during sudden concentrated activity surge
EVT_000118,False,NORMAL,none,Standard event within normal baseline
EVT_000119,False,NORMAL,none,Standard event within normal baseline
EVT_000120,False,NORMAL,none,Standard event within normal baseline
EVT_000121,False,NORMAL,none,Standard event within normal baseline
EVT_000122,False,NORMAL,none,Standard event within normal baseline
EVT_000123,False,NORMAL,none,Standard event within normal baseline
EVT_000124,False,NORMAL,none,Standard event within normal baseline
EVT_000125,False,NORMAL,none,Standard event within normal baseline
EVT_000126,False,NORMAL,none,Standard event within normal baseline
EVT_000127,False,NORMAL,none,Standard event within normal baseline
EVT_000128,False,NORMAL,none,Standard event within normal baseline
EVT_000129,False,NORMAL,none,Standard event within normal baseline
EVT_000130,False,NORMAL,none,Standard event within normal baseline
EVT_000131,True,TRANSACTION_ANOMALY,high,Unusually high-value cross-account mule transfer
EVT_000132,False,NORMAL,none,Standard event within normal baseline
EVT_000133,False,NORMAL,none,Standard event within normal baseline
EVT_000134,False,NORMAL,none,Standard event within normal baseline
EVT_000135,False,NORMAL,none,Standard event within normal baseline
EVT_000136,False,NORMAL,none,Standard event within normal baseline
EVT_000137,False,NORMAL,none,Standard event within normal baseline
EVT_000138,False,NORMAL,none,Standard event within normal baseline
EVT_000139,False,NORMAL,none,Standard event within normal baseline
EVT_000140,False,NORMAL,none,Standard event within normal baseline
EVT_000141,True,COMMUNICATION_ANOMALY,medium,High-frequency short duration ping call
EVT_000142,False,NORMAL,none,Standard event within normal baseline
EVT_000143,False,NORMAL,none,Standard event within normal baseline
EVT_000144,False,NORMAL,none,Standard event within normal baseline
EVT_000145,False,NORMAL,none,Standard event within normal baseline
EVT_000146,False,NORMAL,none,Standard event within normal baseline
EVT_000147,True,COMMUNICATION_ANOMALY,medium,High-frequency short duration ping call
EVT_000148,False,NORMAL,none,Standard event within normal baseline
EVT_000149,False,NORMAL,none,Standard event within normal baseline
EVT_000150,False,NORMAL,none,Standard event within normal baseline
EVT_000151,False,NORMAL,none,Standard event within normal baseline
EVT_000152,False,NORMAL,none,Standard event within normal baseline
EVT_000153,False,NORMAL,none,Standard event within normal baseline
EVT_000154,True,BURST_ACTIVITY,high,Event occurred during sudden concentrated activity surge
EVT_000155,False,NORMAL,none,Standard event within normal baseline
EVT_000156,False,NORMAL,none,Standard event within normal baseline
EVT_000157,False,NORMAL,none,Standard event within normal baseline
EVT_000158,False,NORMAL,none,Standard event within normal baseline
EVT_000159,False,NORMAL,none,Standard event within normal baseline
EVT_000160,False,NORMAL,none,Standard event within normal baseline
EVT_000161,False,NORMAL,none,Standard event within normal baseline
EVT_000162,False,NORMAL,none,Standard event within normal baseline
EVT_000163,False,NORMAL,none,Standard event within normal baseline
EVT_000164,False,NORMAL,none,Standard event within normal baseline
EVT_000165,False,NORMAL,none,Standard event within normal baseline
EVT_000166,False,NORMAL,none,Standard event within normal baseline
EVT_000167,False,NORMAL,none,Standard event within normal baseline
EVT_000168,False,NORMAL,none,Standard event within normal baseline
EVT_000169,False,NORMAL,none,Standard event within normal baseline
EVT_000170,False,NORMAL,none,Standard event within normal baseline
EVT_000171,False,NORMAL,none,Standard event within normal baseline
EVT_000172,False,NORMAL,none,Standard event within normal baseline
EVT_000173,False,NORMAL,none,Standard event within normal baseline
EVT_000174,False,NORMAL,none,Standard event within normal baseline
EVT_000175,False,NORMAL,none,Standard event within normal baseline
EVT_000176,False,NORMAL,none,Standard event within normal baseline
EVT_000177,False,NORMAL,none,Standard event within normal baseline
EVT_000178,False,NORMAL,none,Standard event within normal baseline
EVT_000179,True,LOCATION_ANOMALY,medium,Event recorded with rapid impossible geographical transit
EVT_000180,False,NORMAL,none,Standard event within normal baseline
EVT_000181,False,NORMAL,none,Standard event within normal baseline
EVT_000182,True,BURST_ACTIVITY,high,Event occurred during sudden concentrated activity surge
EVT_000183,True,BURST_ACTIVITY,high,Event occurred during sudden concentrated activity surge
EVT_000184,False,NORMAL,none,Standard event within normal baseline
EVT_000185,False,NORMAL,none,Standard event within normal baseline
EVT_000186,False,NORMAL,none,Standard event within normal baseline
EVT_000187,False,NORMAL,none,Standard event within normal baseline
EVT_000188,False,NORMAL,none,Standard event within normal baseline
EVT_000189,False,NORMAL,none,Standard event within normal baseline
EVT_000190,False,NORMAL,none,Standard event within normal baseline
EVT_000191,False,NORMAL,none,Standard event within normal baseline
EVT_000192,False,NORMAL,none,Standard event within normal baseline
EVT_000193,False,NORMAL,none,Standard event within normal baseline
EVT_000194,False,NORMAL,none,Standard event within normal baseline
EVT_000195,False,NORMAL,none,Standard event within normal baseline
EVT_000196,False,NORMAL,none,Standard event within normal baseline
EVT_000197,False,NORMAL,none,Standard event within normal baseline
EVT_000198,False,NORMAL,none,Standard event within normal baseline
EVT_000199,False,NORMAL,none,Standard event within normal baseline
EVT_000200,False,NORMAL,none,Standard event within normal baseline
EVT_000201,False,NORMAL,none,Standard event within normal baseline
EVT_000202,True,BURST_ACTIVITY,high,Event occurred during sudden concentrated activity surge
EVT_000203,False,NORMAL,none,Standard event within normal baseline
EVT_000204,False,NORMAL,none,Standard event within normal baseline
EVT_000205,False,NORMAL,none,Standard event within normal baseline
EVT_000206,False,NORMAL,none,Standard event within normal baseline
EVT_000207,True,BURST_ACTIVITY,high,Event occurred during sudden concentrated activity surge
EVT_000208,False,NORMAL,none,Standard event within normal baseline
EVT_000209,True,COMMUNICATION_ANOMALY,medium,High-frequency short duration ping call
EVT_000210,False,NORMAL,none,Standard event within normal baseline
EVT_000211,False,NORMAL,none,Standard event within normal baseline
EVT_000212,True,BURST_ACTIVITY,high,Event occurred during sudden concentrated activity surge
EVT_000213,False,NORMAL,none,Standard event within normal baseline
EVT_000214,False,NORMAL,none,Standard event within normal baseline
EVT_000215,False,NORMAL,none,Standard event within normal baseline
EVT_000216,False,NORMAL,none,Standard event within normal baseline
EVT_000217,False,NORMAL,none,Standard event within normal baseline
EVT_000218,True,BURST_ACTIVITY,high,Event occurred during sudden concentrated activity surge
EVT_000219,False,NORMAL,none,Standard event within normal baseline
EVT_000220,False,NORMAL,none,Standard event within normal baseline
EVT_000221,False,NORMAL,none,Standard event within normal baseline
EVT_000222,False,NORMAL,none,Standard event within normal baseline
EVT_000223,False,NORMAL,none,Standard event within normal baseline
EVT_000224,False,NORMAL,none,Standard event within normal baseline
EVT_000225,False,NORMAL,none,Standard event within normal baseline
EVT_000226,False,NORMAL,none,Standard event within normal baseline
EVT_000227,False,NORMAL,none,Standard event within normal baseline
EVT_000228,False,NORMAL,none,Standard event within normal baseline
EVT_000229,False,NORMAL,none,Standard event within normal baseline
EVT_000230,False,NORMAL,none,Standard event within normal baseline
EVT_000231,True,COMMUNICATION_ANOMALY,medium,High-frequency short duration ping call
EVT_000232,False,NORMAL,none,Standard event within normal baseline
EVT_000233,False,NORMAL,none,Standard event within normal baseline
EVT_000234,False,NORMAL,none,Standard event within normal baseline
EVT_000235,False,NORMAL,none,Standard event within normal baseline
EVT_000236,True,SHARED_INFRASTRUCTURE,high,Event originated from high-fanout shared device/IP cluster
EVT_000237,False,NORMAL,none,Standard event within normal baseline
EVT_000238,True,BURST_ACTIVITY,high,Event occurred during sudden concentrated activity surge
EVT_000239,True,BURST_ACTIVITY,high,Event occurred during sudden concentrated activity surge
EVT_000240,False,NORMAL,none,Standard event within normal baseline
EVT_000241,False,NORMAL,none,Standard event within normal baseline
EVT_000242,False,NORMAL,none,Standard event within normal baseline
EVT_000243,False,NORMAL,none,Standard event within normal baseline
EVT_000244,False,NORMAL,none,Standard event within normal baseline
EVT_000245,False,NORMAL,none,Standard event within normal baseline
EVT_000246,False,NORMAL,none,Standard event within normal baseline
EVT_000247,True,BURST_ACTIVITY,high,Event occurred during sudden concentrated activity surge
EVT_000248,True,LOCATION_ANOMALY,medium,Event recorded with rapid impossible geographical transit
EVT_000249,False,NORMAL,none,Standard event within normal baseline
EVT_000250,True,BURST_ACTIVITY,high,Event occurred during sudden concentrated activity surge
EVT_000251,True,BURST_ACTIVITY,high,Event occurred during sudden concentrated activity surge
EVT_000252,False,NORMAL,none,Standard event within normal baseline
EVT_000253,False,NORMAL,none,Standard event within normal baseline
EVT_000254,True,BURST_ACTIVITY,high,Event occurred during sudden concentrated activity surge
EVT_000255,False,NORMAL,none,Standard event within normal baseline
EVT_000256,False,NORMAL,none,Standard event within normal baseline
EVT_000257,True,BURST_ACTIVITY,high,Event occurred during sudden concentrated activity surge
EVT_000258,True,TRANSACTION_ANOMALY,high,Unusually high-value cross-account mule transfer
EVT_000259,False,NORMAL,none,Standard event within normal baseline
EVT_000260,True,LOCATION_ANOMALY,medium,Event recorded with rapid impossible geographical transit
EVT_000261,True,BURST_ACTIVITY,high,Event occurred during sudden concentrated activity surge
EVT_000262,False,NORMAL,none,Standard event within normal baseline
EVT_000263,True,BURST_ACTIVITY,high,Event occurred during sudden concentrated activity surge
EVT_000264,False,NORMAL,none,Standard event within normal baseline
EVT_000265,False,NORMAL,none,Standard event within normal baseline
EVT_000266,False,NORMAL,none,Standard event within normal baseline
EVT_000267,True,LOCATION_ANOMALY,medium,Event recorded with rapid impossible geographical transit
EVT_000268,False,NORMAL,none,Standard event within normal baseline
EVT_000269,False,NORMAL,none,Standard event within normal baseline
EVT_000270,False,NORMAL,none,Standard event within normal baseline
EVT_000271,False,NORMAL,none,Standard event within normal baseline
EVT_000272,False,NORMAL,none,Standard event within normal baseline
EVT_000273,False,NORMAL,none,Standard event within normal baseline
EVT_000274,False,NORMAL,none,Standard event within normal baseline
EVT_000275,False,NORMAL,none,Standard event within normal baseline
EVT_000276,True,SHARED_INFRASTRUCTURE,high,Event originated from high-fanout shared device/IP cluster
EVT_000277,False,NORMAL,none,Standard event within normal baseline
EVT_000278,False,NORMAL,none,Standard event within normal baseline
EVT_000279,False,NORMAL,none,Standard event within normal baseline
EVT_000280,False,NORMAL,none,Standard event within normal baseline
EVT_000281,True,TRANSACTION_ANOMALY,high,Unusually high-value cross-account mule transfer
EVT_000282,False,NORMAL,none,Standard event within normal baseline
EVT_000283,False,NORMAL,none,Standard event within normal baseline
EVT_000284,False,NORMAL,none,Standard event within normal baseline
EVT_000285,False,NORMAL,none,Standard event within normal baseline
EVT_000286,False,NORMAL,none,Standard event within normal baseline
EVT_000287,False,NORMAL,none,Standard event within normal baseline
EVT_000288,False,NORMAL,none,Standard event within normal baseline
EVT_000289,False,NORMAL,none,Standard event within normal baseline
EVT_000290,False,NORMAL,none,Standard event within normal baseline
EVT_000291,False,NORMAL,none,Standard event within normal baseline
EVT_000292,True,BURST_ACTIVITY,high,Event occurred during sudden concentrated activity surge
EVT_000293,False,NORMAL,none,Standard event within normal baseline
EVT_000294,False,NORMAL,none,Standard event within normal baseline
EVT_000295,False,NORMAL,none,Standard event within normal baseline
EVT_000296,True,HIGH_ACTIVITY,medium,Elevated transactional volume from network hub
EVT_000297,False,NORMAL,none,Standard event within normal baseline
EVT_000298,False,NORMAL,none,Standard event within normal baseline
EVT_000299,False,NORMAL,none,Standard event within normal baseline
EVT_000300,False,NORMAL,none,Standard event within normal baseline
EVT_000301,True,COMMUNICATION_ANOMALY,medium,High-frequency short duration ping call
EVT_000302,False,NORMAL,none,Standard event within normal baseline
EVT_000303,False,NORMAL,none,Standard event within normal baseline
EVT_000304,False,NORMAL,none,Standard event within normal baseline
EVT_000305,False,NORMAL,none,Standard event within normal baseline
EVT_000306,False,NORMAL,none,Standard event within normal baseline
EVT_000307,False,NORMAL,none,Standard event within normal baseline
EVT_000308,False,NORMAL,none,Standard event within normal baseline
EVT_000309,True,BURST_ACTIVITY,high,Event occurred during sudden concentrated activity surge
EVT_000310,False,NORMAL,none,Standard event within normal baseline
EVT_000311,False,NORMAL,none,Standard event within normal baseline
EVT_000312,False,NORMAL,none,Standard event within normal baseline
EVT_000313,False,NORMAL,none,Standard event within normal baseline
EVT_000314,False,NORMAL,none,Standard event within normal baseline
EVT_000315,False,NORMAL,none,Standard event within normal baseline
EVT_000316,True,BURST_ACTIVITY,high,Event occurred during sudden concentrated activity surge
EVT_000317,False,NORMAL,none,Standard event within normal baseline
EVT_000318,False,NORMAL,none,Standard event within normal baseline
EVT_000319,True,BURST_ACTIVITY,high,Event occurred during sudden concentrated activity surge
EVT_000320,True,HIGH_ACTIVITY,medium,Elevated transactional volume from network hub
EVT_000321,True,SHARED_INFRASTRUCTURE,high,Event originated from high-fanout shared device/IP cluster
EVT_000322,False,NORMAL,none,Standard event within normal baseline
EVT_000323,False,NORMAL,none,Standard event within normal baseline
EVT_000324,True,LOCATION_ANOMALY,medium,Event recorded with rapid impossible geographical transit
EVT_000325,False,NORMAL,none,Standard event within normal baseline
EVT_000326,False,NORMAL,none,Standard event within normal baseline
EVT_000327,True,TRANSACTION_ANOMALY,high,Unusually high-value cross-account mule transfer
EVT_000328,False,NORMAL,none,Standard event within normal baseline
EVT_000329,False,NORMAL,none,Standard event within normal baseline
EVT_000330,True,BURST_ACTIVITY,high,Event occurred during sudden concentrated activity surge
EVT_000331,False,NORMAL,none,Standard event within normal baseline
EVT_000332,False,NORMAL,none,Standard event within normal baseline
EVT_000333,False,NORMAL,none,Standard event within normal baseline
EVT_000334,False,NORMAL,none,Standard event within normal baseline
EVT_000335,False,NORMAL,none,Standard event within normal baseline
EVT_000336,False,NORMAL,none,Standard event within normal baseline
EVT_000337,False,NORMAL,none,Standard event within normal baseline
EVT_000338,False,NORMAL,none,Standard event within normal baseline
EVT_000339,True,LOCATION_ANOMALY,medium,Event recorded with rapid impossible geographical transit
EVT_000340,False,NORMAL,none,Standard event within normal baseline
EVT_000341,False,NORMAL,none,Standard event within normal baseline
EVT_000342,False,NORMAL,none,Standard event within normal baseline
EVT_000343,False,NORMAL,none,Standard event within normal baseline
EVT_000344,False,NORMAL,none,Standard event within normal baseline
EVT_000345,False,NORMAL,none,Standard event within normal baseline
EVT_000346,False,NORMAL,none,Standard event within normal baseline
EVT_000347,False,NORMAL,none,Standard event within normal baseline
EVT_000348,True,BURST_ACTIVITY,high,Event occurred during sudden concentrated activity surge
EVT_000349,False,NORMAL,none,Standard event within normal baseline
EVT_000350,True,BURST_ACTIVITY,high,Event occurred during sudden concentrated activity surge
EVT_000351,False,NORMAL,none,Standard event within normal baseline
EVT_000352,False,NORMAL,none,Standard event within normal baseline
EVT_000353,False,NORMAL,none,Standard event within normal baseline
EVT_000354,True,BURST_ACTIVITY,high,Event occurred during sudden concentrated activity surge
EVT_000355,False,NORMAL,none,Standard event within normal baseline
EVT_000356,False,NORMAL,none,Standard event within normal baseline
EVT_000357,True,BURST_ACTIVITY,high,Event occurred during sudden concentrated activity surge
EVT_000358,False,NORMAL,none,Standard event within normal baseline
EVT_000359,False,NORMAL,none,Standard event within normal baseline
EVT_000360,False,NORMAL,none,Standard event within normal baseline
EVT_000361,False,NORMAL,none,Standard event within normal baseline
EVT_000362,False,NORMAL,none,Standard event within normal baseline
EVT_000363,False,NORMAL,none,Standard event within normal baseline
EVT_000364,False,NORMAL,none,Standard event within normal baseline
EVT_000365,False,NORMAL,none,Standard event within normal baseline
EVT_000366,False,NORMAL,none,Standard event within normal baseline
EVT_000367,True,BURST_ACTIVITY,high,Event occurred during sudden concentrated activity surge
EVT_000368,False,NORMAL,none,Standard event within normal baseline
EVT_000369,False,NORMAL,none,Standard event within normal baseline
EVT_000370,False,NORMAL,none,Standard event within normal baseline
EVT_000371,False,NORMAL,none,Standard event within normal baseline
EVT_000372,True,BURST_ACTIVITY,high,Event occurred during sudden concentrated activity surge
EVT_000373,False,NORMAL,none,Standard event within normal baseline
EVT_000374,False,NORMAL,none,Standard event within normal baseline
EVT_000375,False,NORMAL,none,Standard event within normal baseline
EVT_000376,True,HIGH_ACTIVITY,medium,Elevated transactional volume from network hub
EVT_000377,False,NORMAL,none,Standard event within normal baseline
EVT_000378,True,HIGH_ACTIVITY,medium,Elevated transactional volume from network hub
EVT_000379,False,NORMAL,none,Standard event within normal baseline
EVT_000380,False,NORMAL,none,Standard event within normal baseline
EVT_000381,False,NORMAL,none,Standard event within normal baseline
EVT_000382,False,NORMAL,none,Standard event within normal baseline
EVT_000383,True,BURST_ACTIVITY,high,Event occurred during sudden concentrated activity surge
EVT_000384,False,NORMAL,none,Standard event within normal baseline
EVT_000385,False,NORMAL,none,Standard event within normal baseline
EVT_000386,False,NORMAL,none,Standard event within normal baseline
EVT_000387,True,BURST_ACTIVITY,high,Event occurred during sudden concentrated activity surge
EVT_000388,False,NORMAL,none,Standard event within normal baseline
EVT_000389,False,NORMAL,none,Standard event within normal baseline
EVT_000390,False,NORMAL,none,Standard event within normal baseline
EVT_000391,False,NORMAL,none,Standard event within normal baseline
EVT_000392,False,NORMAL,none,Standard event within normal baseline
EVT_000393,False,NORMAL,none,Standard event within normal baseline
EVT_000394,True,BURST_ACTIVITY,high,Event occurred during sudden concentrated activity surge
EVT_000395,False,NORMAL,none,Standard event within normal baseline
EVT_000396,False,NORMAL,none,Standard event within normal baseline
EVT_000397,False,NORMAL,none,Standard event within normal baseline
EVT_000398,False,NORMAL,none,Standard event within normal baseline
EVT_000399,False,NORMAL,none,Standard event within normal baseline
EVT_000400,False,NORMAL,none,Standard event within normal baseline
EVT_000401,False,NORMAL,none,Standard event within normal baseline
EVT_000402,False,NORMAL,none,Standard event within normal baseline
EVT_000403,False,NORMAL,none,Standard event within normal baseline
EVT_000404,False,NORMAL,none,Standard event within normal baseline
EVT_000405,False,NORMAL,none,Standard event within normal baseline
EVT_000406,False,NORMAL,none,Standard event within normal baseline
EVT_000407,False,NORMAL,none,Standard event within normal baseline
EVT_000408,False,NORMAL,none,Standard event within normal baseline
EVT_000409,False,NORMAL,none,Standard event within normal baseline
EVT_000410,False,NORMAL,none,Standard event within normal baseline
EVT_000411,False,NORMAL,none,Standard event within normal baseline
EVT_000412,False,NORMAL,none,Standard event within normal baseline
EVT_000413,False,NORMAL,none,Standard event within normal baseline
EVT_000414,False,NORMAL,none,Standard event within normal baseline
EVT_000415,True,TRANSACTION_ANOMALY,high,Unusually high-value cross-account mule transfer
EVT_000416,False,NORMAL,none,Standard event within normal baseline
EVT_000417,False,NORMAL,none,Standard event within normal baseline
EVT_000418,False,NORMAL,none,Standard event within normal baseline
EVT_000419,False,NORMAL,none,Standard event within normal baseline
EVT_000420,False,NORMAL,none,Standard event within normal baseline
EVT_000421,False,NORMAL,none,Standard event within normal baseline
EVT_000422,False,NORMAL,none,Standard event within normal baseline
EVT_000423,False,NORMAL,none,Standard event within normal baseline
EVT_000424,False,NORMAL,none,Standard event within normal baseline
EVT_000425,False,NORMAL,none,Standard event within normal baseline
EVT_000426,False,NORMAL,none,Standard event within normal baseline
EVT_000427,False,NORMAL,none,Standard event within normal baseline
EVT_000428,False,NORMAL,none,Standard event within normal baseline
EVT_000429,False,NORMAL,none,Standard event within normal baseline
EVT_000430,False,NORMAL,none,Standard event within normal baseline
EVT_000431,False,NORMAL,none,Standard event within normal baseline
EVT_000432,True,BURST_ACTIVITY,high,Event occurred during sudden concentrated activity surge
EVT_000433,False,NORMAL,none,Standard event within normal baseline
EVT_000434,False,NORMAL,none,Standard event within normal baseline
EVT_000435,False,NORMAL,none,Standard event within normal baseline
EVT_000436,False,NORMAL,none,Standard event within normal baseline
EVT_000437,False,NORMAL,none,Standard event within normal baseline
EVT_000438,False,NORMAL,none,Standard event within normal baseline
EVT_000439,False,NORMAL,none,Standard event within normal baseline
EVT_000440,False,NORMAL,none,Standard event within normal baseline
EVT_000441,False,NORMAL,none,Standard event within normal baseline
EVT_000442,False,NORMAL,none,Standard event within normal baseline
EVT_000443,False,NORMAL,none,Standard event within normal baseline
EVT_000444,False,NORMAL,none,Standard event within normal baseline
EVT_000445,True,BURST_ACTIVITY,high,Event occurred during sudden concentrated activity surge
EVT_000446,False,NORMAL,none,Standard event within normal baseline
EVT_000447,False,NORMAL,none,Standard event within normal baseline
EVT_000448,False,NORMAL,none,Standard event within normal baseline
EVT_000449,False,NORMAL,none,Standard event within normal baseline
EVT_000450,False,NORMAL,none,Standard event within normal baseline
EVT_000451,True,BURST_ACTIVITY,high,Event occurred during sudden concentrated activity surge
EVT_000452,False,NORMAL,none,Standard event within normal baseline
EVT_000453,False,NORMAL,none,Standard event within normal baseline
EVT_000454,False,NORMAL,none,Standard event within normal baseline
EVT_000455,False,NORMAL,none,Standard event within normal baseline
EVT_000456,False,NORMAL,none,Standard event within normal baseline
EVT_000457,False,NORMAL,none,Standard event within normal baseline
EVT_000458,False,NORMAL,none,Standard event within normal baseline
EVT_000459,False,NORMAL,none,Standard event within normal baseline
EVT_000460,True,BURST_ACTIVITY,high,Event occurred during sudden concentrated activity surge
EVT_000461,True,BURST_ACTIVITY,high,Event occurred during sudden concentrated activity surge
EVT_000462,True,BURST_ACTIVITY,high,Event occurred during sudden concentrated activity surge
EVT_000463,False,NORMAL,none,Standard event within normal baseline
EVT_000464,False,NORMAL,none,Standard event within normal baseline
EVT_000465,True,BURST_ACTIVITY,high,Event occurred during sudden concentrated activity surge
EVT_000466,False,NORMAL,none,Standard event within normal baseline
EVT_000467,False,NORMAL,none,Standard event within normal baseline
EVT_000468,False,NORMAL,none,Standard event within normal baseline
EVT_000469,False,NORMAL,none,Standard event within normal baseline
EVT_000470,True,BURST_ACTIVITY,high,Event occurred during sudden concentrated activity surge
EVT_000471,False,NORMAL,none,Standard event within normal baseline
EVT_000472,False,NORMAL,none,Standard event within normal baseline
EVT_000473,True,COMMUNICATION_ANOMALY,medium,High-frequency short duration ping call
EVT_000474,False,NORMAL,none,Standard event within normal baseline
EVT_000475,True,BURST_ACTIVITY,high,Event occurred during sudden concentrated activity surge
EVT_000476,False,NORMAL,none,Standard event within normal baseline
EVT_000477,False,NORMAL,none,Standard event within normal baseline
EVT_000478,False,NORMAL,none,Standard event within normal baseline
EVT_000479,False,NORMAL,none,Standard event within normal baseline
EVT_000480,False,NORMAL,none,Standard event within normal baseline
EVT_000481,False,NORMAL,none,Standard event within normal baseline
EVT_000482,False,NORMAL,none,Standard event within normal baseline
EVT_000483,False,NORMAL,none,Standard event within normal baseline
EVT_000484,False,NORMAL,none,Standard event within normal baseline
EVT_000485,False,NORMAL,none,Standard event within normal baseline
EVT_000486,False,NORMAL,none,Standard event within normal baseline
EVT_000487,False,NORMAL,none,Standard event within normal baseline
EVT_000488,False,NORMAL,none,Standard event within normal baseline
EVT_000489,False,NORMAL,none,Standard event within normal baseline
EVT_000490,True,HIGH_ACTIVITY,medium,Elevated transactional volume from network hub
EVT_000491,False,NORMAL,none,Standard event within normal baseline
EVT_000492,False,NORMAL,none,Standard event within normal baseline
EVT_000493,False,NORMAL,none,Standard event within normal baseline
EVT_000494,False,NORMAL,none,Standard event within normal baseline
EVT_000495,False,NORMAL,none,Standard event within normal baseline
EVT_000496,False,NORMAL,none,Standard event within normal baseline
EVT_000497,False,NORMAL,none,Standard event within normal baseline
EVT_000498,False,NORMAL,none,Standard event within normal baseline
EVT_000499,False,NORMAL,none,Standard event within normal baseline
EVT_000500,True,BURST_ACTIVITY,high,Event occurred during sudden concentrated activity surge
EVT_000501,False,NORMAL,none,Standard event within normal baseline
EVT_000502,False,NORMAL,none,Standard event within normal baseline
EVT_000503,False,NORMAL,none,Standard event within normal baseline
EVT_000504,True,TRANSACTION_ANOMALY,high,Unusually high-value cross-account mule transfer
EVT_000505,False,NORMAL,none,Standard event within normal baseline
EVT_000506,True,TRANSACTION_ANOMALY,high,Unusually high-value cross-account mule transfer
EVT_000507,True,COMMUNICATION_ANOMALY,medium,High-frequency short duration ping call
EVT_000508,False,NORMAL,none,Standard event within normal baseline
EVT_000509,False,NORMAL,none,Standard event within normal baseline
EVT_000510,False,NORMAL,none,Standard event within normal baseline
EVT_000511,False,NORMAL,none,Standard event within normal baseline
EVT_000512,False,NORMAL,none,Standard event within normal baseline
EVT_000513,False,NORMAL,none,Standard event within normal baseline
EVT_000514,False,NORMAL,none,Standard event within normal baseline
EVT_000515,True,BURST_ACTIVITY,high,Event occurred during sudden concentrated activity surge
EVT_000516,False,NORMAL,none,Standard event within normal baseline
EVT_000517,False,NORMAL,none,Standard event within normal baseline
EVT_000518,False,NORMAL,none,Standard event within normal baseline
EVT_000519,True,LOCATION_ANOMALY,medium,Event recorded with rapid impossible geographical transit
EVT_000520,False,NORMAL,none,Standard event within normal baseline
EVT_000521,False,NORMAL,none,Standard event within normal baseline
EVT_000522,False,NORMAL,none,Standard event within normal baseline
EVT_000523,False,NORMAL,none,Standard event within normal baseline
EVT_000524,False,NORMAL,none,Standard event within normal baseline
EVT_000525,False,NORMAL,none,Standard event within normal baseline
EVT_000526,False,NORMAL,none,Standard event within normal baseline
EVT_000527,True,BURST_ACTIVITY,high,Event occurred during sudden concentrated activity surge
EVT_000528,False,NORMAL,none,Standard event within normal baseline
EVT_000529,False,NORMAL,none,Standard event within normal baseline
EVT_000530,False,NORMAL,none,Standard event within normal baseline
EVT_000531,True,COMMUNICATION_ANOMALY,medium,High-frequency short duration ping call
EVT_000532,False,NORMAL,none,Standard event within normal baseline
EVT_000533,False,NORMAL,none,Standard event within normal baseline
EVT_000534,False,NORMAL,none,Standard event within normal baseline
EVT_000535,False,NORMAL,none,Standard event within normal baseline
EVT_000536,True,BURST_ACTIVITY,high,Event occurred during sudden concentrated activity surge
EVT_000537,False,NORMAL,none,Standard event within normal baseline
EVT_000538,False,NORMAL,none,Standard event within normal baseline
EVT_000539,False,NORMAL,none,Standard event within normal baseline
EVT_000540,False,NORMAL,none,Standard event within normal baseline
EVT_000541,False,NORMAL,none,Standard event within normal baseline
EVT_000542,True,LOCATION_ANOMALY,medium,Event recorded with rapid impossible geographical transit
EVT_000543,False,NORMAL,none,Standard event within normal baseline
EVT_000544,False,NORMAL,none,Standard event within normal baseline
EVT_000545,False,NORMAL,none,Standard event within normal baseline
EVT_000546,True,BURST_ACTIVITY,high,Event occurred during sudden concentrated activity surge
EVT_000547,False,NORMAL,none,Standard event within normal baseline
EVT_000548,True,COMMUNICATION_ANOMALY,medium,High-frequency short duration ping call
EVT_000549,False,NORMAL,none,Standard event within normal baseline
EVT_000550,False,NORMAL,none,Standard event within normal baseline
EVT_000551,True,BURST_ACTIVITY,high,Event occurred during sudden concentrated activity surge
EVT_000552,False,NORMAL,none,Standard event within normal baseline
EVT_000553,False,NORMAL,none,Standard event within normal baseline
EVT_000554,False,NORMAL,none,Standard event within normal baseline
EVT_000555,False,NORMAL,none,Standard event within normal baseline
EVT_000556,False,NORMAL,none,Standard event within normal baseline
EVT_000557,False,NORMAL,none,Standard event within normal baseline
EVT_000558,False,NORMAL,none,Standard event within normal baseline
EVT_000559,True,BURST_ACTIVITY,high,Event occurred during sudden concentrated activity surge
EVT_000560,False,NORMAL,none,Standard event within normal baseline
EVT_000561,False,NORMAL,none,Standard event within normal baseline
EVT_000562,False,NORMAL,none,Standard event within normal baseline
EVT_000563,True,BURST_ACTIVITY,high,Event occurred during sudden concentrated activity surge
EVT_000564,False,NORMAL,none,Standard event within normal baseline
EVT_000565,False,NORMAL,none,Standard event within normal baseline
EVT_000566,False,NORMAL,none,Standard event within normal baseline
EVT_000567,False,NORMAL,none,Standard event within normal baseline
EVT_000568,True,TRANSACTION_ANOMALY,high,Unusually high-value cross-account mule transfer
EVT_000569,False,NORMAL,none,Standard event within normal baseline
EVT_000570,False,NORMAL,none,Standard event within normal baseline
EVT_000571,False,NORMAL,none,Standard event within normal baseline
EVT_000572,False,NORMAL,none,Standard event within normal baseline
EVT_000573,False,NORMAL,none,Standard event within normal baseline
EVT_000574,False,NORMAL,none,Standard event within normal baseline
EVT_000575,False,NORMAL,none,Standard event within normal baseline
EVT_000576,False,NORMAL,none,Standard event within normal baseline
EVT_000577,False,NORMAL,none,Standard event within normal baseline
EVT_000578,False,NORMAL,none,Standard event within normal baseline
EVT_000579,False,NORMAL,none,Standard event within normal baseline
EVT_000580,False,NORMAL,none,Standard event within normal baseline
EVT_000581,False,NORMAL,none,Standard event within normal baseline
EVT_000582,False,NORMAL,none,Standard event within normal baseline
EVT_000583,False,NORMAL,none,Standard event within normal baseline
EVT_000584,True,BURST_ACTIVITY,high,Event occurred during sudden concentrated activity surge
EVT_000585,True,HIGH_ACTIVITY,medium,Elevated transactional volume from network hub
EVT_000586,False,NORMAL,none,Standard event within normal baseline
EVT_000587,False,NORMAL,none,Standard event within normal baseline
EVT_000588,False,NORMAL,none,Standard event within normal baseline
EVT_000589,False,NORMAL,none,Standard event within normal baseline
EVT_000590,False,NORMAL,none,Standard event within normal baseline
EVT_000591,False,NORMAL,none,Standard event within normal baseline
EVT_000592,False,NORMAL,none,Standard event within normal baseline
EVT_000593,False,NORMAL,none,Standard event within normal baseline
EVT_000594,False,NORMAL,none,Standard event within normal baseline
EVT_000595,False,NORMAL,none,Standard event within normal baseline
EVT_000596,False,NORMAL,none,Standard event within normal baseline
EVT_000597,True,BURST_ACTIVITY,high,Event occurred during sudden concentrated activity surge
EVT_000598,False,NORMAL,none,Standard event within normal baseline
EVT_000599,False,NORMAL,none,Standard event within normal baseline
EVT_000600,False,NORMAL,none,Standard event within normal baseline
EVT_000601,False,NORMAL,none,Standard event within normal baseline
EVT_000602,False,NORMAL,none,Standard event within normal baseline
EVT_000603,False,NORMAL,none,Standard event within normal baseline
EVT_000604,False,NORMAL,none,Standard event within normal baseline
EVT_000605,False,NORMAL,none,Standard event within normal baseline
EVT_000606,False,NORMAL,none,Standard event within normal baseline
EVT_000607,True,HIGH_ACTIVITY,medium,Elevated transactional volume from network hub
EVT_000608,False,NORMAL,none,Standard event within normal baseline
EVT_000609,False,NORMAL,none,Standard event within normal baseline
EVT_000610,True,COMMUNICATION_ANOMALY,medium,High-frequency short duration ping call
EVT_000611,False,NORMAL,none,Standard event within normal baseline
EVT_000612,False,NORMAL,none,Standard event within normal baseline
EVT_000613,False,NORMAL,none,Standard event within normal baseline
EVT_000614,False,NORMAL,none,Standard event within normal baseline
EVT_000615,False,NORMAL,none,Standard event within normal baseline
EVT_000616,True,BURST_ACTIVITY,high,Event occurred during sudden concentrated activity surge
EVT_000617,False,NORMAL,none,Standard event within normal baseline
EVT_000618,False,NORMAL,none,Standard event within normal baseline
EVT_000619,False,NORMAL,none,Standard event within normal baseline
EVT_000620,False,NORMAL,none,Standard event within normal baseline
EVT_000621,False,NORMAL,none,Standard event within normal baseline
EVT_000622,False,NORMAL,none,Standard event within normal baseline
EVT_000623,False,NORMAL,none,Standard event within normal baseline
EVT_000624,False,NORMAL,none,Standard event within normal baseline
EVT_000625,False,NORMAL,none,Standard event within normal baseline
EVT_000626,False,NORMAL,none,Standard event within normal baseline
EVT_000627,False,NORMAL,none,Standard event within normal baseline
EVT_000628,False,NORMAL,none,Standard event within normal baseline
EVT_000629,True,SHARED_INFRASTRUCTURE,high,Event originated from high-fanout shared device/IP cluster
EVT_000630,False,NORMAL,none,Standard event within normal baseline
EVT_000631,False,NORMAL,none,Standard event within normal baseline
EVT_000632,True,TRANSACTION_ANOMALY,high,Unusually high-value cross-account mule transfer
EVT_000633,False,NORMAL,none,Standard event within normal baseline
EVT_000634,True,TRANSACTION_ANOMALY,high,Unusually high-value cross-account mule transfer
EVT_000635,False,NORMAL,none,Standard event within normal baseline
EVT_000636,True,TRANSACTION_ANOMALY,high,Unusually high-value cross-account mule transfer
EVT_000637,True,BURST_ACTIVITY,high,Event occurred during sudden concentrated activity surge
EVT_000638,True,BURST_ACTIVITY,high,Event occurred during sudden concentrated activity surge
EVT_000639,False,NORMAL,none,Standard event within normal baseline
EVT_000640,False,NORMAL,none,Standard event within normal baseline
EVT_000641,False,NORMAL,none,Standard event within normal baseline
EVT_000642,False,NORMAL,none,Standard event within normal baseline
EVT_000643,False,NORMAL,none,Standard event within normal baseline
EVT_000644,False,NORMAL,none,Standard event within normal baseline
EVT_000645,False,NORMAL,none,Standard event within normal baseline
EVT_000646,False,NORMAL,none,Standard event within normal baseline
EVT_000647,True,BURST_ACTIVITY,high,Event occurred during sudden concentrated activity surge
EVT_000648,False,NORMAL,none,Standard event within normal baseline
EVT_000649,False,NORMAL,none,Standard event within normal baseline
EVT_000650,False,NORMAL,none,Standard event within normal baseline
EVT_000651,False,NORMAL,none,Standard event within normal baseline
EVT_000652,False,NORMAL,none,Standard event within normal baseline
EVT_000653,False,NORMAL,none,Standard event within normal baseline
EVT_000654,False,NORMAL,none,Standard event within normal baseline
EVT_000655,True,BURST_ACTIVITY,high,Event occurred during sudden concentrated activity surge
EVT_000656,False,NORMAL,none,Standard event within normal baseline
EVT_000657,False,NORMAL,none,Standard event within normal baseline
EVT_000658,False,NORMAL,none,Standard event within normal baseline
EVT_000659,False,NORMAL,none,Standard event within normal baseline
EVT_000660,False,NORMAL,none,Standard event within normal baseline
EVT_000661,False,NORMAL,none,Standard event within normal baseline
EVT_000662,False,NORMAL,none,Standard event within normal baseline
EVT_000663,False,NORMAL,none,Standard event within normal baseline
EVT_000664,False,NORMAL,none,Standard event within normal baseline
EVT_000665,False,NORMAL,none,Standard event within normal baseline
EVT_000666,False,NORMAL,none,Standard event within normal baseline
EVT_000667,False,NORMAL,none,Standard event within normal baseline
EVT_000668,False,NORMAL,none,Standard event within normal baseline
EVT_000669,False,NORMAL,none,Standard event within normal baseline
EVT_000670,False,NORMAL,none,Standard event within normal baseline
EVT_000671,False,NORMAL,none,Standard event within normal baseline
EVT_000672,False,NORMAL,none,Standard event within normal baseline
EVT_000673,False,NORMAL,none,Standard event within normal baseline
EVT_000674,False,NORMAL,none,Standard event within normal baseline
EVT_000675,True,BURST_ACTIVITY,high,Event occurred during sudden concentrated activity surge
EVT_000676,False,NORMAL,none,Standard event within normal baseline
EVT_000677,False,NORMAL,none,Standard event within normal baseline
EVT_000678,True,TRANSACTION_ANOMALY,high,Unusually high-value cross-account mule transfer
EVT_000679,False,NORMAL,none,Standard event within normal baseline
EVT_000680,True,BURST_ACTIVITY,high,Event occurred during sudden concentrated activity surge
EVT_000681,False,NORMAL,none,Standard event within normal baseline
EVT_000682,False,NORMAL,none,Standard event within normal baseline
EVT_000683,True,BURST_ACTIVITY,high,Event occurred during sudden concentrated activity surge
EVT_000684,False,NORMAL,none,Standard event within normal baseline
EVT_000685,False,NORMAL,none,Standard event within normal baseline
EVT_000686,True,SHARED_INFRASTRUCTURE,high,Event originated from high-fanout shared device/IP cluster
EVT_000687,False,NORMAL,none,Standard event within normal baseline
EVT_000688,True,BURST_ACTIVITY,high,Event occurred during sudden concentrated activity surge
EVT_000689,True,SHARED_INFRASTRUCTURE,high,Event originated from high-fanout shared device/IP cluster
EVT_000690,False,NORMAL,none,Standard event within normal baseline
EVT_000691,False,NORMAL,none,Standard event within normal baseline
EVT_000692,False,NORMAL,none,Standard event within normal baseline
EVT_000693,False,NORMAL,none,Standard event within normal baseline
EVT_000694,False,NORMAL,none,Standard event within normal baseline
EVT_000695,False,NORMAL,none,Standard event within normal baseline
EVT_000696,False,NORMAL,none,Standard event within normal baseline
EVT_000697,False,NORMAL,none,Standard event within normal baseline
EVT_000698,False,NORMAL,none,Standard event within normal baseline
EVT_000699,True,TRANSACTION_ANOMALY,high,Unusually high-value cross-account mule transfer
EVT_000700,True,COMMUNICATION_ANOMALY,medium,High-frequency short duration ping call
EVT_000701,False,NORMAL,none,Standard event within normal baseline
EVT_000702,False,NORMAL,none,Standard event within normal baseline
EVT_000703,False,NORMAL,none,Standard event within normal baseline
EVT_000704,False,NORMAL,none,Standard event within normal baseline
EVT_000705,False,NORMAL,none,Standard event within normal baseline
EVT_000706,True,TRANSACTION_ANOMALY,high,Unusually high-value cross-account mule transfer
EVT_000707,False,NORMAL,none,Standard event within normal baseline
EVT_000708,False,NORMAL,none,Standard event within normal baseline
EVT_000709,False,NORMAL,none,Standard event within normal baseline
EVT_000710,False,NORMAL,none,Standard event within normal baseline
EVT_000711,False,NORMAL,none,Standard event within normal baseline
EVT_000712,False,NORMAL,none,Standard event within normal baseline
EVT_000713,False,NORMAL,none,Standard event within normal baseline
EVT_000714,True,BURST_ACTIVITY,high,Event occurred during sudden concentrated activity surge
EVT_000715,False,NORMAL,none,Standard event within normal baseline
EVT_000716,False,NORMAL,none,Standard event within normal baseline
EVT_000717,False,NORMAL,none,Standard event within normal baseline
EVT_000718,False,NORMAL,none,Standard event within normal baseline
EVT_000719,False,NORMAL,none,Standard event within normal baseline
EVT_000720,False,NORMAL,none,Standard event within normal baseline
EVT_000721,False,NORMAL,none,Standard event within normal baseline
EVT_000722,False,NORMAL,none,Standard event within normal baseline
EVT_000723,False,NORMAL,none,Standard event within normal baseline
EVT_000724,False,NORMAL,none,Standard event within normal baseline
EVT_000725,True,COMMUNICATION_ANOMALY,medium,High-frequency short duration ping call
EVT_000726,False,NORMAL,none,Standard event within normal baseline
EVT_000727,True,BURST_ACTIVITY,high,Event occurred during sudden concentrated activity surge
EVT_000728,False,NORMAL,none,Standard event within normal baseline
EVT_000729,False,NORMAL,none,Standard event within normal baseline
EVT_000730,False,NORMAL,none,Standard event within normal baseline
EVT_000731,True,BURST_ACTIVITY,high,Event occurred during sudden concentrated activity surge
EVT_000732,True,BURST_ACTIVITY,high,Event occurred during sudden concentrated activity surge
EVT_000733,False,NORMAL,none,Standard event within normal baseline
EVT_000734,False,NORMAL,none,Standard event within normal baseline
EVT_000735,True,BURST_ACTIVITY,high,Event occurred during sudden concentrated activity surge
EVT_000736,False,NORMAL,none,Standard event within normal baseline
EVT_000737,False,NORMAL,none,Standard event within normal baseline
EVT_000738,False,NORMAL,none,Standard event within normal baseline
EVT_000739,False,NORMAL,none,Standard event within normal baseline
EVT_000740,False,NORMAL,none,Standard event within normal baseline
EVT_000741,False,NORMAL,none,Standard event within normal baseline
EVT_000742,True,BURST_ACTIVITY,high,Event occurred during sudden concentrated activity surge
EVT_000743,False,NORMAL,none,Standard event within normal baseline
EVT_000744,False,NORMAL,none,Standard event within normal baseline
EVT_000745,False,NORMAL,none,Standard event within normal baseline
EVT_000746,True,BURST_ACTIVITY,high,Event occurred during sudden concentrated activity surge
EVT_000747,False,NORMAL,none,Standard event within normal baseline
EVT_000748,False,NORMAL,none,Standard event within normal baseline
EVT_000749,False,NORMAL,none,Standard event within normal baseline
EVT_000750,False,NORMAL,none,Standard event within normal baseline
EVT_000751,False,NORMAL,none,Standard event within normal baseline
EVT_000752,False,NORMAL,none,Standard event within normal baseline
EVT_000753,False,NORMAL,none,Standard event within normal baseline
EVT_000754,False,NORMAL,none,Standard event within normal baseline
EVT_000755,False,NORMAL,none,Standard event within normal baseline
EVT_000756,False,NORMAL,none,Standard event within normal baseline
EVT_000757,False,NORMAL,none,Standard event within normal baseline
EVT_000758,False,NORMAL,none,Standard event within normal baseline
EVT_000759,False,NORMAL,none,Standard event within normal baseline
EVT_000760,False,NORMAL,none,Standard event within normal baseline
EVT_000761,False,NORMAL,none,Standard event within normal baseline
EVT_000762,False,NORMAL,none,Standard event within normal baseline
EVT_000763,False,NORMAL,none,Standard event within normal baseline
EVT_000764,False,NORMAL,none,Standard event within normal baseline
EVT_000765,False,NORMAL,none,Standard event within normal baseline
EVT_000766,False,NORMAL,none,Standard event within normal baseline
EVT_000767,False,NORMAL,none,Standard event within normal baseline
EVT_000768,False,NORMAL,none,Standard event within normal baseline
EVT_000769,True,LOCATION_ANOMALY,medium,Event recorded with rapid impossible geographical transit
EVT_000770,False,NORMAL,none,Standard event within normal baseline
EVT_000771,False,NORMAL,none,Standard event within normal baseline
EVT_000772,True,HIGH_ACTIVITY,medium,Elevated transactional volume from network hub
EVT_000773,False,NORMAL,none,Standard event within normal baseline
EVT_000774,False,NORMAL,none,Standard event within normal baseline
EVT_000775,False,NORMAL,none,Standard event within normal baseline
EVT_000776,False,NORMAL,none,Standard event within normal baseline
EVT_000777,False,NORMAL,none,Standard event within normal baseline
EVT_000778,False,NORMAL,none,Standard event within normal baseline
EVT_000779,False,NORMAL,none,Standard event within normal baseline
EVT_000780,False,NORMAL,none,Standard event within normal baseline
EVT_000781,False,NORMAL,none,Standard event within normal baseline
EVT_000782,False,NORMAL,none,Standard event within normal baseline
EVT_000783,False,NORMAL,none,Standard event within normal baseline
EVT_000784,True,BURST_ACTIVITY,high,Event occurred during sudden concentrated activity surge
EVT_000785,False,NORMAL,none,Standard event within normal baseline
EVT_000786,True,COMMUNICATION_ANOMALY,medium,High-frequency short duration ping call
EVT_000787,True,BURST_ACTIVITY,high,Event occurred during sudden concentrated activity surge
EVT_000788,False,NORMAL,none,Standard event within normal baseline
EVT_000789,False,NORMAL,none,Standard event within normal baseline
EVT_000790,True,BURST_ACTIVITY,high,Event occurred during sudden concentrated activity surge
EVT_000791,False,NORMAL,none,Standard event within normal baseline
EVT_000792,False,NORMAL,none,Standard event within normal baseline
EVT_000793,True,BURST_ACTIVITY,high,Event occurred during sudden concentrated activity surge
EVT_000794,True,BURST_ACTIVITY,high,Event occurred during sudden concentrated activity surge
EVT_000795,False,NORMAL,none,Standard event within normal baseline
EVT_000796,False,NORMAL,none,Standard event within normal baseline
EVT_000797,False,NORMAL,none,Standard event within normal baseline
EVT_000798,False,NORMAL,none,Standard event within normal baseline
EVT_000799,False,NORMAL,none,Standard event within normal baseline
EVT_000800,False,NORMAL,none,Standard event within normal baseline
EVT_000801,False,NORMAL,none,Standard event within normal baseline
EVT_000802,False,NORMAL,none,Standard event within normal baseline
EVT_000803,False,NORMAL,none,Standard event within normal baseline
EVT_000804,False,NORMAL,none,Standard event within normal baseline
EVT_000805,False,NORMAL,none,Standard event within normal baseline
EVT_000806,False,NORMAL,none,Standard event within normal baseline
EVT_000807,False,NORMAL,none,Standard event within normal baseline
EVT_000808,False,NORMAL,none,Standard event within normal baseline
EVT_000809,False,NORMAL,none,Standard event within normal baseline
EVT_000810,True,BURST_ACTIVITY,high,Event occurred during sudden concentrated activity surge
EVT_000811,False,NORMAL,none,Standard event within normal baseline
EVT_000812,False,NORMAL,none,Standard event within normal baseline
EVT_000813,False,NORMAL,none,Standard event within normal baseline
EVT_000814,False,NORMAL,none,Standard event within normal baseline
EVT_000815,False,NORMAL,none,Standard event within normal baseline
EVT_000816,False,NORMAL,none,Standard event within normal baseline
EVT_000817,False,NORMAL,none,Standard event within normal baseline
EVT_000818,False,NORMAL,none,Standard event within normal baseline
EVT_000819,False,NORMAL,none,Standard event within normal baseline
EVT_000820,False,NORMAL,none,Standard event within normal baseline
EVT_000821,False,NORMAL,none,Standard event within normal baseline
EVT_000822,False,NORMAL,none,Standard event within normal baseline
EVT_000823,False,NORMAL,none,Standard event within normal baseline
EVT_000824,False,NORMAL,none,Standard event within normal baseline
EVT_000825,False,NORMAL,none,Standard event within normal baseline
EVT_000826,False,NORMAL,none,Standard event within normal baseline
EVT_000827,False,NORMAL,none,Standard event within normal baseline
EVT_000828,False,NORMAL,none,Standard event within normal baseline
EVT_000829,False,NORMAL,none,Standard event within normal baseline
EVT_000830,False,NORMAL,none,Standard event within normal baseline
EVT_000831,False,NORMAL,none,Standard event within normal baseline
EVT_000832,False,NORMAL,none,Standard event within normal baseline
EVT_000833,False,NORMAL,none,Standard event within normal baseline
EVT_000834,False,NORMAL,none,Standard event within normal baseline
EVT_000835,True,COMMUNICATION_ANOMALY,medium,High-frequency short duration ping call
EVT_000836,False,NORMAL,none,Standard event within normal baseline
EVT_000837,True,BURST_ACTIVITY,high,Event occurred during sudden concentrated activity surge
EVT_000838,False,NORMAL,none,Standard event within normal baseline
EVT_000839,False,NORMAL,none,Standard event within normal baseline
EVT_000840,False,NORMAL,none,Standard event within normal baseline
EVT_000841,False,NORMAL,none,Standard event within normal baseline
EVT_000842,False,NORMAL,none,Standard event within normal baseline
EVT_000843,False,NORMAL,none,Standard event within normal baseline
EVT_000844,True,BURST_ACTIVITY,high,Event occurred during sudden concentrated activity surge
EVT_000845,True,BURST_ACTIVITY,high,Event occurred during sudden concentrated activity surge
EVT_000846,True,BURST_ACTIVITY,high,Event occurred during sudden concentrated activity surge
EVT_000847,False,NORMAL,none,Standard event within normal baseline
EVT_000848,False,NORMAL,none,Standard event within normal baseline
EVT_000849,False,NORMAL,none,Standard event within normal baseline
EVT_000850,False,NORMAL,none,Standard event within normal baseline
EVT_000851,False,NORMAL,none,Standard event within normal baseline
EVT_000852,False,NORMAL,none,Standard event within normal baseline
EVT_000853,False,NORMAL,none,Standard event within normal baseline
EVT_000854,False,NORMAL,none,Standard event within normal baseline
EVT_000855,False,NORMAL,none,Standard event within normal baseline
EVT_000856,False,NORMAL,none,Standard event within normal baseline
EVT_000857,False,NORMAL,none,Standard event within normal baseline
EVT_000858,True,BURST_ACTIVITY,high,Event occurred during sudden concentrated activity surge
EVT_000859,True,BURST_ACTIVITY,high,Event occurred during sudden concentrated activity surge
EVT_000860,False,NORMAL,none,Standard event within normal baseline
EVT_000861,False,NORMAL,none,Standard event within normal baseline
EVT_000862,False,NORMAL,none,Standard event within normal baseline
EVT_000863,False,NORMAL,none,Standard event within normal baseline
EVT_000864,False,NORMAL,none,Standard event within normal baseline
EVT_000865,False,NORMAL,none,Standard event within normal baseline
EVT_000866,False,NORMAL,none,Standard event within normal baseline
EVT_000867,False,NORMAL,none,Standard event within normal baseline
EVT_000868,False,NORMAL,none,Standard event within normal baseline
EVT_000869,False,NORMAL,none,Standard event within normal baseline
EVT_000870,False,NORMAL,none,Standard event within normal baseline
EVT_000871,False,NORMAL,none,Standard event within normal baseline
EVT_000872,True,BURST_ACTIVITY,high,Event occurred during sudden concentrated activity surge
EVT_000873,False,NORMAL,none,Standard event within normal baseline
EVT_000874,False,NORMAL,none,Standard event within normal baseline
EVT_000875,False,NORMAL,none,Standard event within normal baseline
EVT_000876,False,NORMAL,none,Standard event within normal baseline
EVT_000877,False,NORMAL,none,Standard event within normal baseline
EVT_000878,True,SHARED_INFRASTRUCTURE,high,Event originated from high-fanout shared device/IP cluster
EVT_000879,False,NORMAL,none,Standard event within normal baseline
EVT_000880,True,LOCATION_ANOMALY,medium,Event recorded with rapid impossible geographical transit
EVT_000881,False,NORMAL,none,Standard event within normal baseline
EVT_000882,False,NORMAL,none,Standard event within normal baseline
EVT_000883,False,NORMAL,none,Standard event within normal baseline
EVT_000884,False,NORMAL,none,Standard event within normal baseline
EVT_000885,False,NORMAL,none,Standard event within normal baseline
EVT_000886,False,NORMAL,none,Standard event within normal baseline
EVT_000887,False,NORMAL,none,Standard event within normal baseline
EVT_000888,True,LOCATION_ANOMALY,medium,Event recorded with rapid impossible geographical transit
EVT_000889,False,NORMAL,none,Standard event within normal baseline
EVT_000890,False,NORMAL,none,Standard event within normal baseline
EVT_000891,False,NORMAL,none,Standard event within normal baseline
EVT_000892,False,NORMAL,none,Standard event within normal baseline
EVT_000893,False,NORMAL,none,Standard event within normal baseline
EVT_000894,False,NORMAL,none,Standard event within normal baseline
EVT_000895,False,NORMAL,none,Standard event within normal baseline
EVT_000896,False,NORMAL,none,Standard event within normal baseline
EVT_000897,False,NORMAL,none,Standard event within normal baseline
EVT_000898,False,NORMAL,none,Standard event within normal baseline
EVT_000899,False,NORMAL,none,Standard event within normal baseline
EVT_000900,True,SHARED_INFRASTRUCTURE,high,Event originated from high-fanout shared device/IP cluster
EVT_000901,False,NORMAL,none,Standard event within normal baseline
EVT_000902,False,NORMAL,none,Standard event within normal baseline
EVT_000903,False,NORMAL,none,Standard event within normal baseline
EVT_000904,False,NORMAL,none,Standard event within normal baseline
EVT_000905,False,NORMAL,none,Standard event within normal baseline
EVT_000906,False,NORMAL,none,Standard event within normal baseline
EVT_000907,False,NORMAL,none,Standard event within normal baseline
EVT_000908,False,NORMAL,none,Standard event within normal baseline
EVT_000909,False,NORMAL,none,Standard event within normal baseline
EVT_000910,False,NORMAL,none,Standard event within normal baseline
EVT_000911,False,NORMAL,none,Standard event within normal baseline
EVT_000912,False,NORMAL,none,Standard event within normal baseline
EVT_000913,False,NORMAL,none,Standard event within normal baseline
EVT_000914,False,NORMAL,none,Standard event within normal baseline
EVT_000915,True,BURST_ACTIVITY,high,Event occurred during sudden concentrated activity surge
EVT_000916,False,NORMAL,none,Standard event within normal baseline
EVT_000917,False,NORMAL,none,Standard event within normal baseline
EVT_000918,True,SHARED_INFRASTRUCTURE,high,Event originated from high-fanout shared device/IP cluster
EVT_000919,False,NORMAL,none,Standard event within normal baseline
EVT_000920,True,BURST_ACTIVITY,high,Event occurred during sudden concentrated activity surge
EVT_000921,True,BURST_ACTIVITY,high,Event occurred during sudden concentrated activity surge
EVT_000922,False,NORMAL,none,Standard event within normal baseline
EVT_000923,True,BURST_ACTIVITY,high,Event occurred during sudden concentrated activity surge
EVT_000924,False,NORMAL,none,Standard event within normal baseline
EVT_000925,False,NORMAL,none,Standard event within normal baseline
EVT_000926,True,BURST_ACTIVITY,high,Event occurred during sudden concentrated activity surge
EVT_000927,False,NORMAL,none,Standard event within normal baseline
EVT_000928,False,NORMAL,none,Standard event within normal baseline
EVT_000929,False,NORMAL,none,Standard event within normal baseline
EVT_000930,False,NORMAL,none,Standard event within normal baseline
EVT_000931,True,BURST_ACTIVITY,high,Event occurred during sudden concentrated activity surge
EVT_000932,False,NORMAL,none,Standard event within normal baseline
EVT_000933,False,NORMAL,none,Standard event within normal baseline
EVT_000934,True,COMMUNICATION_ANOMALY,medium,High-frequency short duration ping call
EVT_000935,True,SHARED_INFRASTRUCTURE,high,Event originated from high-fanout shared device/IP cluster
EVT_000936,True,BURST_ACTIVITY,high,Event occurred during sudden concentrated activity surge
EVT_000937,False,NORMAL,none,Standard event within normal baseline
EVT_000938,False,NORMAL,none,Standard event within normal baseline
EVT_000939,False,NORMAL,none,Standard event within normal baseline
EVT_000940,False,NORMAL,none,Standard event within normal baseline
EVT_000941,False,NORMAL,none,Standard event within normal baseline
EVT_000942,True,BURST_ACTIVITY,high,Event occurred during sudden concentrated activity surge
EVT_000943,False,NORMAL,none,Standard event within normal baseline
EVT_000944,False,NORMAL,none,Standard event within normal baseline
EVT_000945,False,NORMAL,none,Standard event within normal baseline
EVT_000946,False,NORMAL,none,Standard event within normal baseline
EVT_000947,False,NORMAL,none,Standard event within normal baseline
EVT_000948,False,NORMAL,none,Standard event within normal baseline
EVT_000949,False,NORMAL,none,Standard event within normal baseline
EVT_000950,False,NORMAL,none,Standard event within normal baseline
EVT_000951,False,NORMAL,none,Standard event within normal baseline
EVT_000952,False,NORMAL,none,Standard event within normal baseline
EVT_000953,False,NORMAL,none,Standard event within normal baseline
EVT_000954,False,NORMAL,none,Standard event within normal baseline
EVT_000955,False,NORMAL,none,Standard event within normal baseline
EVT_000956,False,NORMAL,none,Standard event within normal baseline
EVT_000957,False,NORMAL,none,Standard event within normal baseline
EVT_000958,False,NORMAL,none,Standard event within normal baseline
EVT_000959,False,NORMAL,none,Standard event within normal baseline
EVT_000960,False,NORMAL,none,Standard event within normal baseline
EVT_000961,False,NORMAL,none,Standard event within normal baseline
EVT_000962,False,NORMAL,none,Standard event within normal baseline
EVT_000963,False,NORMAL,none,Standard event within normal baseline
EVT_000964,False,NORMAL,none,Standard event within normal baseline
EVT_000965,False,NORMAL,none,Standard event within normal baseline
EVT_000966,False,NORMAL,none,Standard event within normal baseline
EVT_000967,False,NORMAL,none,Standard event within normal baseline
EVT_000968,False,NORMAL,none,Standard event within normal baseline
EVT_000969,False,NORMAL,none,Standard event within normal baseline
EVT_000970,False,NORMAL,none,Standard event within normal baseline
EVT_000971,True,BURST_ACTIVITY,high,Event occurred during sudden concentrated activity surge
EVT_000972,True,BURST_ACTIVITY,high,Event occurred during sudden concentrated activity surge
EVT_000973,False,NORMAL,none,Standard event within normal baseline
EVT_000974,False,NORMAL,none,Standard event within normal baseline
EVT_000975,True,BURST_ACTIVITY,high,Event occurred during sudden concentrated activity surge
EVT_000976,False,NORMAL,none,Standard event within normal baseline
EVT_000977,False,NORMAL,none,Standard event within normal baseline
EVT_000978,False,NORMAL,none,Standard event within normal baseline
EVT_000979,False,NORMAL,none,Standard event within normal baseline
EVT_000980,False,NORMAL,none,Standard event within normal baseline
EVT_000981,False,NORMAL,none,Standard event within normal baseline
EVT_000982,False,NORMAL,none,Standard event within normal baseline
EVT_000983,False,NORMAL,none,Standard event within normal baseline
EVT_000984,True,BURST_ACTIVITY,high,Event occurred during sudden concentrated activity surge
EVT_000985,True,TRANSACTION_ANOMALY,high,Unusually high-value cross-account mule transfer
EVT_000986,False,NORMAL,none,Standard event within normal baseline
EVT_000987,False,NORMAL,none,Standard event within normal baseline
EVT_000988,False,NORMAL,none,Standard event within normal baseline
EVT_000989,False,NORMAL,none,Standard event within normal baseline
EVT_000990,False,NORMAL,none,Standard event within normal baseline
EVT_000991,False,NORMAL,none,Standard event within normal baseline
EVT_000992,False,NORMAL,none,Standard event within normal baseline
EVT_000993,True,BURST_ACTIVITY,high,Event occurred during sudden concentrated activity surge
EVT_000994,False,NORMAL,none,Standard event within normal baseline
EVT_000995,False,NORMAL,none,Standard event within normal baseline
EVT_000996,False,NORMAL,none,Standard event within normal baseline
EVT_000997,False,NORMAL,none,Standard event within normal baseline
EVT_000998,False,NORMAL,none,Standard event within normal baseline
EVT_000999,False,NORMAL,none,Standard event within normal baseline
EVT_001000,False,NORMAL,none,Standard event within normal baseline
EVT_001001,False,NORMAL,none,Standard event within normal baseline
EVT_001002,False,NORMAL,none,Standard event within normal baseline
EVT_001003,False,NORMAL,none,Standard event within normal baseline
EVT_001004,False,NORMAL,none,Standard event within normal baseline
EVT_001005,False,NORMAL,none,Standard event within normal baseline
EVT_001006,False,NORMAL,none,Standard event within normal baseline
EVT_001007,True,BURST_ACTIVITY,high,Event occurred during sudden concentrated activity surge
EVT_001008,False,NORMAL,none,Standard event within normal baseline
EVT_001009,False,NORMAL,none,Standard event within normal baseline
EVT_001010,False,NORMAL,none,Standard event within normal baseline
EVT_001011,False,NORMAL,none,Standard event within normal baseline
EVT_001012,False,NORMAL,none,Standard event within normal baseline
EVT_001013,False,NORMAL,none,Standard event within normal baseline
EVT_001014,False,NORMAL,none,Standard event within normal baseline
EVT_001015,False,NORMAL,none,Standard event within normal baseline
EVT_001016,False,NORMAL,none,Standard event within normal baseline
EVT_001017,False,NORMAL,none,Standard event within normal baseline
EVT_001018,False,NORMAL,none,Standard event within normal baseline
EVT_001019,False,NORMAL,none,Standard event within normal baseline
EVT_001020,True,BURST_ACTIVITY,high,Event occurred during sudden concentrated activity surge
EVT_001021,False,NORMAL,none,Standard event within normal baseline
EVT_001022,False,NORMAL,none,Standard event within normal baseline
EVT_001023,True,BURST_ACTIVITY,high,Event occurred during sudden concentrated activity surge
EVT_001024,False,NORMAL,none,Standard event within normal baseline
EVT_001025,True,BURST_ACTIVITY,high,Event occurred during sudden concentrated activity surge
EVT_001026,False,NORMAL,none,Standard event within normal baseline
EVT_001027,True,TRANSACTION_ANOMALY,high,Unusually high-value cross-account mule transfer
EVT_001028,False,NORMAL,none,Standard event within normal baseline
EVT_001029,True,BURST_ACTIVITY,high,Event occurred during sudden concentrated activity surge
EVT_001030,False,NORMAL,none,Standard event within normal baseline
EVT_001031,False,NORMAL,none,Standard event within normal baseline
EVT_001032,False,NORMAL,none,Standard event within normal baseline
EVT_001033,False,NORMAL,none,Standard event within normal baseline
EVT_001034,False,NORMAL,none,Standard event within normal baseline
EVT_001035,False,NORMAL,none,Standard event within normal baseline
EVT_001036,False,NORMAL,none,Standard event within normal baseline
EVT_001037,False,NORMAL,none,Standard event within normal baseline
EVT_001038,False,NORMAL,none,Standard event within normal baseline
EVT_001039,False,NORMAL,none,Standard event within normal baseline
EVT_001040,False,NORMAL,none,Standard event within normal baseline
EVT_001041,False,NORMAL,none,Standard event within normal baseline
EVT_001042,False,NORMAL,none,Standard event within normal baseline
EVT_001043,False,NORMAL,none,Standard event within normal baseline
EVT_001044,False,NORMAL,none,Standard event within normal baseline
EVT_001045,False,NORMAL,none,Standard event within normal baseline
EVT_001046,False,NORMAL,none,Standard event within normal baseline
EVT_001047,True,SHARED_INFRASTRUCTURE,high,Event originated from high-fanout shared device/IP cluster
EVT_001048,False,NORMAL,none,Standard event within normal baseline
EVT_001049,True,BURST_ACTIVITY,high,Event occurred during sudden concentrated activity surge
EVT_001050,False,NORMAL,none,Standard event within normal baseline
EVT_001051,False,NORMAL,none,Standard event within normal baseline
EVT_001052,False,NORMAL,none,Standard event within normal baseline
EVT_001053,False,NORMAL,none,Standard event within normal baseline
EVT_001054,False,NORMAL,none,Standard event within normal baseline
EVT_001055,True,BURST_ACTIVITY,high,Event occurred during sudden concentrated activity surge
EVT_001056,True,BURST_ACTIVITY,high,Event occurred during sudden concentrated activity surge
EVT_001057,True,BURST_ACTIVITY,high,Event occurred during sudden concentrated activity surge
EVT_001058,False,NORMAL,none,Standard event within normal baseline
EVT_001059,False,NORMAL,none,Standard event within normal baseline
EVT_001060,False,NORMAL,none,Standard event within normal baseline
EVT_001061,False,NORMAL,none,Standard event within normal baseline
EVT_001062,False,NORMAL,none,Standard event within normal baseline
EVT_001063,False,NORMAL,none,Standard event within normal baseline
EVT_001064,False,NORMAL,none,Standard event within normal baseline
EVT_001065,False,NORMAL,none,Standard event within normal baseline
EVT_001066,False,NORMAL,none,Standard event within normal baseline
EVT_001067,False,NORMAL,none,Standard event within normal baseline
EVT_001068,True,BURST_ACTIVITY,high,Event occurred during sudden concentrated activity surge
EVT_001069,False,NORMAL,none,Standard event within normal baseline
EVT_001070,True,BURST_ACTIVITY,high,Event occurred during sudden concentrated activity surge
EVT_001071,False,NORMAL,none,Standard event within normal baseline
EVT_001072,False,NORMAL,none,Standard event within normal baseline
EVT_001073,False,NORMAL,none,Standard event within normal baseline
EVT_001074,False,NORMAL,none,Standard event within normal baseline
EVT_001075,False,NORMAL,none,Standard event within normal baseline
EVT_001076,False,NORMAL,none,Standard event within normal baseline
EVT_001077,False,NORMAL,none,Standard event within normal baseline
EVT_001078,False,NORMAL,none,Standard event within normal baseline
EVT_001079,False,NORMAL,none,Standard event within normal baseline
EVT_001080,False,NORMAL,none,Standard event within normal baseline
EVT_001081,False,NORMAL,none,Standard event within normal baseline
EVT_001082,False,NORMAL,none,Standard event within normal baseline
EVT_001083,False,NORMAL,none,Standard event within normal baseline
EVT_001084,False,NORMAL,none,Standard event within normal baseline
EVT_001085,False,NORMAL,none,Standard event within normal baseline
EVT_001086,False,NORMAL,none,Standard event within normal baseline
EVT_001087,False,NORMAL,none,Standard event within normal baseline
EVT_001088,False,NORMAL,none,Standard event within normal baseline
EVT_001089,False,NORMAL,none,Standard event within normal baseline
EVT_001090,False,NORMAL,none,Standard event within normal baseline
EVT_001091,False,NORMAL,none,Standard event within normal baseline
EVT_001092,False,NORMAL,none,Standard event within normal baseline
EVT_001093,True,HIGH_ACTIVITY,medium,Elevated transactional volume from network hub
EVT_001094,False,NORMAL,none,Standard event within normal baseline
EVT_001095,False,NORMAL,none,Standard event within normal baseline
EVT_001096,True,BURST_ACTIVITY,high,Event occurred during sudden concentrated activity surge
EVT_001097,True,BURST_ACTIVITY,high,Event occurred during sudden concentrated activity surge
EVT_001098,False,NORMAL,none,Standard event within normal baseline
EVT_001099,False,NORMAL,none,Standard event within normal baseline
EVT_001100,True,BURST_ACTIVITY,high,Event occurred during sudden concentrated activity surge
EVT_001101,False,NORMAL,none,Standard event within normal baseline
EVT_001102,False,NORMAL,none,Standard event within normal baseline
EVT_001103,True,BURST_ACTIVITY,high,Event occurred during sudden concentrated activity surge
EVT_001104,False,NORMAL,none,Standard event within normal baseline
EVT_001105,False,NORMAL,none,Standard event within normal baseline
EVT_001106,True,BURST_ACTIVITY,high,Event occurred during sudden concentrated activity surge
EVT_001107,False,NORMAL,none,Standard event within normal baseline
EVT_001108,False,NORMAL,none,Standard event within normal baseline
EVT_001109,False,NORMAL,none,Standard event within normal baseline
EVT_001110,False,NORMAL,none,Standard event within normal baseline
EVT_001111,True,LOCATION_ANOMALY,medium,Event recorded with rapid impossible geographical transit
EVT_001112,True,BURST_ACTIVITY,high,Event occurred during sudden concentrated activity surge
EVT_001113,False,NORMAL,none,Standard event within normal baseline
EVT_001114,False,NORMAL,none,Standard event within normal baseline
EVT_001115,False,NORMAL,none,Standard event within normal baseline
EVT_001116,False,NORMAL,none,Standard event within normal baseline
EVT_001117,False,NORMAL,none,Standard event within normal baseline
EVT_001118,False,NORMAL,none,Standard event within normal baseline
EVT_001119,False,NORMAL,none,Standard event within normal baseline
EVT_001120,False,NORMAL,none,Standard event within normal baseline
EVT_001121,False,NORMAL,none,Standard event within normal baseline
EVT_001122,False,NORMAL,none,Standard event within normal baseline
EVT_001123,False,NORMAL,none,Standard event within normal baseline
EVT_001124,True,TRANSACTION_ANOMALY,high,Unusually high-value cross-account mule transfer
EVT_001125,False,NORMAL,none,Standard event within normal baseline
EVT_001126,False,NORMAL,none,Standard event within normal baseline
EVT_001127,False,NORMAL,none,Standard event within normal baseline
EVT_001128,False,NORMAL,none,Standard event within normal baseline
EVT_001129,False,NORMAL,none,Standard event within normal baseline
EVT_001130,False,NORMAL,none,Standard event within normal baseline
EVT_001131,False,NORMAL,none,Standard event within normal baseline
EVT_001132,False,NORMAL,none,Standard event within normal baseline
EVT_001133,False,NORMAL,none,Standard event within normal baseline
EVT_001134,False,NORMAL,none,Standard event within normal baseline
EVT_001135,True,BURST_ACTIVITY,high,Event occurred during sudden concentrated activity surge
EVT_001136,True,BURST_ACTIVITY,high,Event occurred during sudden concentrated activity surge
EVT_001137,False,NORMAL,none,Standard event within normal baseline
EVT_001138,True,BURST_ACTIVITY,high,Event occurred during sudden concentrated activity surge
EVT_001139,True,SHARED_INFRASTRUCTURE,high,Event originated from high-fanout shared device/IP cluster
EVT_001140,True,BURST_ACTIVITY,high,Event occurred during sudden concentrated activity surge
EVT_001141,True,SHARED_INFRASTRUCTURE,high,Event originated from high-fanout shared device/IP cluster
EVT_001142,False,NORMAL,none,Standard event within normal baseline
EVT_001143,False,NORMAL,none,Standard event within normal baseline
EVT_001144,False,NORMAL,none,Standard event within normal baseline
EVT_001145,False,NORMAL,none,Standard event within normal baseline
EVT_001146,False,NORMAL,none,Standard event within normal baseline
EVT_001147,False,NORMAL,none,Standard event within normal baseline
EVT_001148,True,BURST_ACTIVITY,high,Event occurred during sudden concentrated activity surge
EVT_001149,False,NORMAL,none,Standard event within normal baseline
EVT_001150,False,NORMAL,none,Standard event within normal baseline
EVT_001151,True,BURST_ACTIVITY,high,Event occurred during sudden concentrated activity surge
EVT_001152,False,NORMAL,none,Standard event within normal baseline
EVT_001153,False,NORMAL,none,Standard event within normal baseline
EVT_001154,False,NORMAL,none,Standard event within normal baseline
EVT_001155,False,NORMAL,none,Standard event within normal baseline
EVT_001156,True,BURST_ACTIVITY,high,Event occurred during sudden concentrated activity surge
EVT_001157,True,BURST_ACTIVITY,high,Event occurred during sudden concentrated activity surge
EVT_001158,False,NORMAL,none,Standard event within normal baseline
EVT_001159,True,BURST_ACTIVITY,high,Event occurred during sudden concentrated activity surge
EVT_001160,True,COMMUNICATION_ANOMALY,medium,High-frequency short duration ping call
EVT_001161,False,NORMAL,none,Standard event within normal baseline
EVT_001162,True,LOCATION_ANOMALY,medium,Event recorded with rapid impossible geographical transit
EVT_001163,False,NORMAL,none,Standard event within normal baseline
EVT_001164,False,NORMAL,none,Standard event within normal baseline
EVT_001165,False,NORMAL,none,Standard event within normal baseline
EVT_001166,False,NORMAL,none,Standard event within normal baseline
EVT_001167,False,NORMAL,none,Standard event within normal baseline
EVT_001168,False,NORMAL,none,Standard event within normal baseline
EVT_001169,False,NORMAL,none,Standard event within normal baseline
EVT_001170,False,NORMAL,none,Standard event within normal baseline
EVT_001171,False,NORMAL,none,Standard event within normal baseline
EVT_001172,False,NORMAL,none,Standard event within normal baseline
EVT_001173,False,NORMAL,none,Standard event within normal baseline
EVT_001174,False,NORMAL,none,Standard event within normal baseline
EVT_001175,False,NORMAL,none,Standard event within normal baseline
EVT_001176,False,NORMAL,none,Standard event within normal baseline
EVT_001177,False,NORMAL,none,Standard event within normal baseline
EVT_001178,False,NORMAL,none,Standard event within normal baseline
EVT_001179,False,NORMAL,none,Standard event within normal baseline
EVT_001180,False,NORMAL,none,Standard event within normal baseline
EVT_001181,False,NORMAL,none,Standard event within normal baseline
EVT_001182,False,NORMAL,none,Standard event within normal baseline
EVT_001183,False,NORMAL,none,Standard event within normal baseline
EVT_001184,False,NORMAL,none,Standard event within normal baseline
EVT_001185,False,NORMAL,none,Standard event within normal baseline
EVT_001186,False,NORMAL,none,Standard event within normal baseline
EVT_001187,False,NORMAL,none,Standard event within normal baseline
EVT_001188,False,NORMAL,none,Standard event within normal baseline
EVT_001189,False,NORMAL,none,Standard event within normal baseline
EVT_001190,True,LOCATION_ANOMALY,medium,Event recorded with rapid impossible geographical transit
EVT_001191,True,BURST_ACTIVITY,high,Event occurred during sudden concentrated activity surge
EVT_001192,False,NORMAL,none,Standard event within normal baseline
EVT_001193,False,NORMAL,none,Standard event within normal baseline
EVT_001194,True,BURST_ACTIVITY,high,Event occurred during sudden concentrated activity surge
EVT_001195,False,NORMAL,none,Standard event within normal baseline
EVT_001196,False,NORMAL,none,Standard event within normal baseline
EVT_001197,False,NORMAL,none,Standard event within normal baseline
EVT_001198,True,BURST_ACTIVITY,high,Event occurred during sudden concentrated activity surge
EVT_001199,False,NORMAL,none,Standard event within normal baseline
EVT_001200,False,NORMAL,none,Standard event within normal baseline
EVT_001201,False,NORMAL,none,Standard event within normal baseline
EVT_001202,False,NORMAL,none,Standard event within normal baseline
EVT_001203,False,NORMAL,none,Standard event within normal baseline
EVT_001204,False,NORMAL,none,Standard event within normal baseline
EVT_001205,False,NORMAL,none,Standard event within normal baseline
EVT_001206,False,NORMAL,none,Standard event within normal baseline
EVT_001207,False,NORMAL,none,Standard event within normal baseline
EVT_001208,False,NORMAL,none,Standard event within normal baseline
EVT_001209,True,BURST_ACTIVITY,high,Event occurred during sudden concentrated activity surge
EVT_001210,False,NORMAL,none,Standard event within normal baseline
EVT_001211,False,NORMAL,none,Standard event within normal baseline
EVT_001212,False,NORMAL,none,Standard event within normal baseline
EVT_001213,False,NORMAL,none,Standard event within normal baseline
EVT_001214,False,NORMAL,none,Standard event within normal baseline
EVT_001215,True,BURST_ACTIVITY,high,Event occurred during sudden concentrated activity surge
EVT_001216,False,NORMAL,none,Standard event within normal baseline
EVT_001217,False,NORMAL,none,Standard event within normal baseline
EVT_001218,False,NORMAL,none,Standard event within normal baseline
EVT_001219,False,NORMAL,none,Standard event within normal baseline
EVT_001220,False,NORMAL,none,Standard event within normal baseline
EVT_001221,False,NORMAL,none,Standard event within normal baseline
EVT_001222,False,NORMAL,none,Standard event within normal baseline
EVT_001223,False,NORMAL,none,Standard event within normal baseline
EVT_001224,False,NORMAL,none,Standard event within normal baseline
EVT_001225,False,NORMAL,none,Standard event within normal baseline
EVT_001226,False,NORMAL,none,Standard event within normal baseline
EVT_001227,False,NORMAL,none,Standard event within normal baseline
EVT_001228,False,NORMAL,none,Standard event within normal baseline
EVT_001229,True,BURST_ACTIVITY,high,Event occurred during sudden concentrated activity surge
EVT_001230,False,NORMAL,none,Standard event within normal baseline
EVT_001231,False,NORMAL,none,Standard event within normal baseline
EVT_001232,False,NORMAL,none,Standard event within normal baseline
EVT_001233,False,NORMAL,none,Standard event within normal baseline
EVT_001234,False,NORMAL,none,Standard event within normal baseline
EVT_001235,False,NORMAL,none,Standard event within normal baseline
EVT_001236,False,NORMAL,none,Standard event within normal baseline
EVT_001237,False,NORMAL,none,Standard event within normal baseline
EVT_001238,False,NORMAL,none,Standard event within normal baseline
EVT_001239,False,NORMAL,none,Standard event within normal baseline
EVT_001240,True,BURST_ACTIVITY,high,Event occurred during sudden concentrated activity surge
EVT_001241,False,NORMAL,none,Standard event within normal baseline
EVT_001242,False,NORMAL,none,Standard event within normal baseline
EVT_001243,False,NORMAL,none,Standard event within normal baseline
EVT_001244,True,BURST_ACTIVITY,high,Event occurred during sudden concentrated activity surge
EVT_001245,False,NORMAL,none,Standard event within normal baseline
EVT_001246,False,NORMAL,none,Standard event within normal baseline
EVT_001247,False,NORMAL,none,Standard event within normal baseline
EVT_001248,False,NORMAL,none,Standard event within normal baseline
EVT_001249,False,NORMAL,none,Standard event within normal baseline
EVT_001250,False,NORMAL,none,Standard event within normal baseline
EVT_001251,False,NORMAL,none,Standard event within normal baseline
EVT_001252,False,NORMAL,none,Standard event within normal baseline
EVT_001253,False,NORMAL,none,Standard event within normal baseline
EVT_001254,False,NORMAL,none,Standard event within normal baseline
EVT_001255,False,NORMAL,none,Standard event within normal baseline
EVT_001256,False,NORMAL,none,Standard event within normal baseline
EVT_001257,False,NORMAL,none,Standard event within normal baseline
EVT_001258,False,NORMAL,none,Standard event within normal baseline
EVT_001259,False,NORMAL,none,Standard event within normal baseline
EVT_001260,False,NORMAL,none,Standard event within normal baseline
EVT_001261,False,NORMAL,none,Standard event within normal baseline
EVT_001262,False,NORMAL,none,Standard event within normal baseline
EVT_001263,False,NORMAL,none,Standard event within normal baseline
EVT_001264,True,LOCATION_ANOMALY,medium,Event recorded with rapid impossible geographical transit
EVT_001265,False,NORMAL,none,Standard event within normal baseline
EVT_001266,False,NORMAL,none,Standard event within normal baseline
EVT_001267,False,NORMAL,none,Standard event within normal baseline
EVT_001268,True,TRANSACTION_ANOMALY,high,Unusually high-value cross-account mule transfer
EVT_001269,False,NORMAL,none,Standard event within normal baseline
EVT_001270,False,NORMAL,none,Standard event within normal baseline
EVT_001271,False,NORMAL,none,Standard event within normal baseline
EVT_001272,False,NORMAL,none,Standard event within normal baseline
EVT_001273,False,NORMAL,none,Standard event within normal baseline
EVT_001274,False,NORMAL,none,Standard event within normal baseline
EVT_001275,False,NORMAL,none,Standard event within normal baseline
EVT_001276,False,NORMAL,none,Standard event within normal baseline
EVT_001277,False,NORMAL,none,Standard event within normal baseline
EVT_001278,False,NORMAL,none,Standard event within normal baseline
EVT_001279,False,NORMAL,none,Standard event within normal baseline
EVT_001280,False,NORMAL,none,Standard event within normal baseline
EVT_001281,True,BURST_ACTIVITY,high,Event occurred during sudden concentrated activity surge
EVT_001282,False,NORMAL,none,Standard event within normal baseline
EVT_001283,False,NORMAL,none,Standard event within normal baseline
EVT_001284,True,LOCATION_ANOMALY,medium,Event recorded with rapid impossible geographical transit
EVT_001285,False,NORMAL,none,Standard event within normal baseline
EVT_001286,False,NORMAL,none,Standard event within normal baseline
EVT_001287,False,NORMAL,none,Standard event within normal baseline
EVT_001288,False,NORMAL,none,Standard event within normal baseline
EVT_001289,False,NORMAL,none,Standard event within normal baseline
EVT_001290,False,NORMAL,none,Standard event within normal baseline
EVT_001291,True,TRANSACTION_ANOMALY,high,Unusually high-value cross-account mule transfer
EVT_001292,True,TRANSACTION_ANOMALY,high,Unusually high-value cross-account mule transfer
EVT_001293,False,NORMAL,none,Standard event within normal baseline
EVT_001294,False,NORMAL,none,Standard event within normal baseline
EVT_001295,False,NORMAL,none,Standard event within normal baseline
EVT_001296,False,NORMAL,none,Standard event within normal baseline
EVT_001297,False,NORMAL,none,Standard event within normal baseline
EVT_001298,False,NORMAL,none,Standard event within normal baseline
EVT_001299,False,NORMAL,none,Standard event within normal baseline
EVT_001300,True,TRANSACTION_ANOMALY,high,Unusually high-value cross-account mule transfer
EVT_001301,False,NORMAL,none,Standard event within normal baseline
EVT_001302,False,NORMAL,none,Standard event within normal baseline
EVT_001303,False,NORMAL,none,Standard event within normal baseline
EVT_001304,False,NORMAL,none,Standard event within normal baseline
EVT_001305,False,NORMAL,none,Standard event within normal baseline
EVT_001306,True,BURST_ACTIVITY,high,Event occurred during sudden concentrated activity surge
EVT_001307,False,NORMAL,none,Standard event within normal baseline
EVT_001308,False,NORMAL,none,Standard event within normal baseline
EVT_001309,False,NORMAL,none,Standard event within normal baseline
EVT_001310,False,NORMAL,none,Standard event within normal baseline
EVT_001311,False,NORMAL,none,Standard event within normal baseline
EVT_001312,True,SHARED_INFRASTRUCTURE,high,Event originated from high-fanout shared device/IP cluster
EVT_001313,False,NORMAL,none,Standard event within normal baseline
EVT_001314,False,NORMAL,none,Standard event within normal baseline
EVT_001315,False,NORMAL,none,Standard event within normal baseline
EVT_001316,False,NORMAL,none,Standard event within normal baseline
EVT_001317,False,NORMAL,none,Standard event within normal baseline
EVT_001318,True,BURST_ACTIVITY,high,Event occurred during sudden concentrated activity surge
EVT_001319,False,NORMAL,none,Standard event within normal baseline
EVT_001320,False,NORMAL,none,Standard event within normal baseline
EVT_001321,True,BURST_ACTIVITY,high,Event occurred during sudden concentrated activity surge
EVT_001322,False,NORMAL,none,Standard event within normal baseline
EVT_001323,True,SHARED_INFRASTRUCTURE,high,Event originated from high-fanout shared device/IP cluster
EVT_001324,False,NORMAL,none,Standard event within normal baseline
EVT_001325,False,NORMAL,none,Standard event within normal baseline
EVT_001326,True,BURST_ACTIVITY,high,Event occurred during sudden concentrated activity surge
EVT_001327,False,NORMAL,none,Standard event within normal baseline
EVT_001328,False,NORMAL,none,Standard event within normal baseline
EVT_001329,True,BURST_ACTIVITY,high,Event occurred during sudden concentrated activity surge
EVT_001330,False,NORMAL,none,Standard event within normal baseline
EVT_001331,True,SHARED_INFRASTRUCTURE,high,Event originated from high-fanout shared device/IP cluster
EVT_001332,False,NORMAL,none,Standard event within normal baseline
EVT_001333,False,NORMAL,none,Standard event within normal baseline
EVT_001334,False,NORMAL,none,Standard event within normal baseline
EVT_001335,False,NORMAL,none,Standard event within normal baseline
EVT_001336,False,NORMAL,none,Standard event within normal baseline
EVT_001337,False,NORMAL,none,Standard event within normal baseline
EVT_001338,False,NORMAL,none,Standard event within normal baseline
EVT_001339,False,NORMAL,none,Standard event within normal baseline
EVT_001340,True,COMMUNICATION_ANOMALY,medium,High-frequency short duration ping call
EVT_001341,False,NORMAL,none,Standard event within normal baseline
EVT_001342,True,BURST_ACTIVITY,high,Event occurred during sudden concentrated activity surge
EVT_001343,True,BURST_ACTIVITY,high,Event occurred during sudden concentrated activity surge
EVT_001344,False,NORMAL,none,Standard event within normal baseline
EVT_001345,False,NORMAL,none,Standard event within normal baseline
EVT_001346,False,NORMAL,none,Standard event within normal baseline
EVT_001347,False,NORMAL,none,Standard event within normal baseline
EVT_001348,False,NORMAL,none,Standard event within normal baseline
EVT_001349,True,BURST_ACTIVITY,high,Event occurred during sudden concentrated activity surge
EVT_001350,False,NORMAL,none,Standard event within normal baseline
EVT_001351,False,NORMAL,none,Standard event within normal baseline
EVT_001352,True,TRANSACTION_ANOMALY,high,Unusually high-value cross-account mule transfer
EVT_001353,False,NORMAL,none,Standard event within normal baseline
EVT_001354,False,NORMAL,none,Standard event within normal baseline
EVT_001355,False,NORMAL,none,Standard event within normal baseline
EVT_001356,False,NORMAL,none,Standard event within normal baseline
EVT_001357,False,NORMAL,none,Standard event within normal baseline
EVT_001358,False,NORMAL,none,Standard event within normal baseline
EVT_001359,False,NORMAL,none,Standard event within normal baseline
EVT_001360,False,NORMAL,none,Standard event within normal baseline
EVT_001361,False,NORMAL,none,Standard event within normal baseline
EVT_001362,False,NORMAL,none,Standard event within normal baseline
EVT_001363,False,NORMAL,none,Standard event within normal baseline
EVT_001364,False,NORMAL,none,Standard event within normal baseline
EVT_001365,False,NORMAL,none,Standard event within normal baseline
EVT_001366,False,NORMAL,none,Standard event within normal baseline
EVT_001367,False,NORMAL,none,Standard event within normal baseline
EVT_001368,False,NORMAL,none,Standard event within normal baseline
EVT_001369,False,NORMAL,none,Standard event within normal baseline
EVT_001370,True,BURST_ACTIVITY,high,Event occurred during sudden concentrated activity surge
EVT_001371,False,NORMAL,none,Standard event within normal baseline
EVT_001372,False,NORMAL,none,Standard event within normal baseline
EVT_001373,False,NORMAL,none,Standard event within normal baseline
EVT_001374,True,BURST_ACTIVITY,high,Event occurred during sudden concentrated activity surge
EVT_001375,False,NORMAL,none,Standard event within normal baseline
EVT_001376,False,NORMAL,none,Standard event within normal baseline
EVT_001377,False,NORMAL,none,Standard event within normal baseline
EVT_001378,False,NORMAL,none,Standard event within normal baseline
EVT_001379,False,NORMAL,none,Standard event within normal baseline
EVT_001380,False,NORMAL,none,Standard event within normal baseline
EVT_001381,False,NORMAL,none,Standard event within normal baseline
EVT_001382,False,NORMAL,none,Standard event within normal baseline
EVT_001383,False,NORMAL,none,Standard event within normal baseline
EVT_001384,False,NORMAL,none,Standard event within normal baseline
EVT_001385,False,NORMAL,none,Standard event within normal baseline
EVT_001386,False,NORMAL,none,Standard event within normal baseline
EVT_001387,True,BURST_ACTIVITY,high,Event occurred during sudden concentrated activity surge
EVT_001388,True,TRANSACTION_ANOMALY,high,Unusually high-value cross-account mule transfer
EVT_001389,False,NORMAL,none,Standard event within normal baseline
EVT_001390,False,NORMAL,none,Standard event within normal baseline
EVT_001391,False,NORMAL,none,Standard event within normal baseline
EVT_001392,False,NORMAL,none,Standard event within normal baseline
EVT_001393,False,NORMAL,none,Standard event within normal baseline
EVT_001394,False,NORMAL,none,Standard event within normal baseline
EVT_001395,False,NORMAL,none,Standard event within normal baseline
EVT_001396,False,NORMAL,none,Standard event within normal baseline
EVT_001397,False,NORMAL,none,Standard event within normal baseline
EVT_001398,False,NORMAL,none,Standard event within normal baseline
EVT_001399,False,NORMAL,none,Standard event within normal baseline
EVT_001400,False,NORMAL,none,Standard event within normal baseline
EVT_001401,False,NORMAL,none,Standard event within normal baseline
EVT_001402,False,NORMAL,none,Standard event within normal baseline
EVT_001403,False,NORMAL,none,Standard event within normal baseline
EVT_001404,True,BURST_ACTIVITY,high,Event occurred during sudden concentrated activity surge
EVT_001405,False,NORMAL,none,Standard event within normal baseline
EVT_001406,False,NORMAL,none,Standard event within normal baseline
EVT_001407,True,BURST_ACTIVITY,high,Event occurred during sudden concentrated activity surge
EVT_001408,False,NORMAL,none,Standard event within normal baseline
EVT_001409,False,NORMAL,none,Standard event within normal baseline
EVT_001410,False,NORMAL,none,Standard event within normal baseline
EVT_001411,False,NORMAL,none,Standard event within normal baseline
EVT_001412,True,SHARED_INFRASTRUCTURE,high,Event originated from high-fanout shared device/IP cluster
EVT_001413,False,NORMAL,none,Standard event within normal baseline
EVT_001414,False,NORMAL,none,Standard event within normal baseline
EVT_001415,True,BURST_ACTIVITY,high,Event occurred during sudden concentrated activity surge
EVT_001416,False,NORMAL,none,Standard event within normal baseline
EVT_001417,False,NORMAL,none,Standard event within normal baseline
EVT_001418,False,NORMAL,none,Standard event within normal baseline
EVT_001419,False,NORMAL,none,Standard event within normal baseline
EVT_001420,False,NORMAL,none,Standard event within normal baseline
EVT_001421,True,BURST_ACTIVITY,high,Event occurred during sudden concentrated activity surge
EVT_001422,False,NORMAL,none,Standard event within normal baseline
EVT_001423,False,NORMAL,none,Standard event within normal baseline
EVT_001424,True,SHARED_INFRASTRUCTURE,high,Event originated from high-fanout shared device/IP cluster
EVT_001425,True,BURST_ACTIVITY,high,Event occurred during sudden concentrated activity surge
EVT_001426,False,NORMAL,none,Standard event within normal baseline
EVT_001427,False,NORMAL,none,Standard event within normal baseline
EVT_001428,False,NORMAL,none,Standard event within normal baseline
EVT_001429,False,NORMAL,none,Standard event within normal baseline
EVT_001430,False,NORMAL,none,Standard event within normal baseline
EVT_001431,False,NORMAL,none,Standard event within normal baseline
EVT_001432,False,NORMAL,none,Standard event within normal baseline
EVT_001433,False,NORMAL,none,Standard event within normal baseline
EVT_001434,False,NORMAL,none,Standard event within normal baseline
EVT_001435,False,NORMAL,none,Standard event within normal baseline
EVT_001436,False,NORMAL,none,Standard event within normal baseline
EVT_001437,False,NORMAL,none,Standard event within normal baseline
EVT_001438,False,NORMAL,none,Standard event within normal baseline
EVT_001439,False,NORMAL,none,Standard event within normal baseline
EVT_001440,False,NORMAL,none,Standard event within normal baseline
EVT_001441,False,NORMAL,none,Standard event within normal baseline
EVT_001442,False,NORMAL,none,Standard event within normal baseline
EVT_001443,False,NORMAL,none,Standard event within normal baseline
EVT_001444,False,NORMAL,none,Standard event within normal baseline
EVT_001445,True,BURST_ACTIVITY,high,Event occurred during sudden concentrated activity surge
EVT_001446,True,BURST_ACTIVITY,high,Event occurred during sudden concentrated activity surge
EVT_001447,False,NORMAL,none,Standard event within normal baseline
EVT_001448,False,NORMAL,none,Standard event within normal baseline
EVT_001449,False,NORMAL,none,Standard event within normal baseline
EVT_001450,False,NORMAL,none,Standard event within normal baseline
EVT_001451,False,NORMAL,none,Standard event within normal baseline
EVT_001452,False,NORMAL,none,Standard event within normal baseline
EVT_001453,False,NORMAL,none,Standard event within normal baseline
EVT_001454,False,NORMAL,none,Standard event within normal baseline
EVT_001455,False,NORMAL,none,Standard event within normal baseline
EVT_001456,False,NORMAL,none,Standard event within normal baseline
EVT_001457,True,COMMUNICATION_ANOMALY,medium,High-frequency short duration ping call
EVT_001458,False,NORMAL,none,Standard event within normal baseline
EVT_001459,False,NORMAL,none,Standard event within normal baseline
EVT_001460,False,NORMAL,none,Standard event within normal baseline
EVT_001461,False,NORMAL,none,Standard event within normal baseline
EVT_001462,False,NORMAL,none,Standard event within normal baseline
EVT_001463,False,NORMAL,none,Standard event within normal baseline
EVT_001464,False,NORMAL,none,Standard event within normal baseline
EVT_001465,False,NORMAL,none,Standard event within normal baseline
EVT_001466,False,NORMAL,none,Standard event within normal baseline
EVT_001467,False,NORMAL,none,Standard event within normal baseline
EVT_001468,False,NORMAL,none,Standard event within normal baseline
EVT_001469,False,NORMAL,none,Standard event within normal baseline
EVT_001470,False,NORMAL,none,Standard event within normal baseline
EVT_001471,False,NORMAL,none,Standard event within normal baseline
EVT_001472,False,NORMAL,none,Standard event within normal baseline
EVT_001473,False,NORMAL,none,Standard event within normal baseline
EVT_001474,True,LOCATION_ANOMALY,medium,Event recorded with rapid impossible geographical transit
EVT_001475,False,NORMAL,none,Standard event within normal baseline
EVT_001476,False,NORMAL,none,Standard event within normal baseline
EVT_001477,False,NORMAL,none,Standard event within normal baseline
EVT_001478,False,NORMAL,none,Standard event within normal baseline
EVT_001479,False,NORMAL,none,Standard event within normal baseline
EVT_001480,False,NORMAL,none,Standard event within normal baseline
EVT_001481,False,NORMAL,none,Standard event within normal baseline
EVT_001482,True,BURST_ACTIVITY,high,Event occurred during sudden concentrated activity surge
EVT_001483,False,NORMAL,none,Standard event within normal baseline
EVT_001484,False,NORMAL,none,Standard event within normal baseline
EVT_001485,False,NORMAL,none,Standard event within normal baseline
EVT_001486,True,BURST_ACTIVITY,high,Event occurred during sudden concentrated activity surge
EVT_001487,True,BURST_ACTIVITY,high,Event occurred during sudden concentrated activity surge
EVT_001488,False,NORMAL,none,Standard event within normal baseline
EVT_001489,False,NORMAL,none,Standard event within normal baseline
EVT_001490,False,NORMAL,none,Standard event within normal baseline
EVT_001491,True,HIGH_ACTIVITY,medium,Elevated transactional volume from network hub
EVT_001492,False,NORMAL,none,Standard event within normal baseline
EVT_001493,False,NORMAL,none,Standard event within normal baseline
EVT_001494,False,NORMAL,none,Standard event within normal baseline
EVT_001495,False,NORMAL,none,Standard event within normal baseline
EVT_001496,False,NORMAL,none,Standard event within normal baseline
EVT_001497,False,NORMAL,none,Standard event within normal baseline
EVT_001498,False,NORMAL,none,Standard event within normal baseline
EVT_001499,False,NORMAL,none,Standard event within normal baseline
EVT_001500,False,NORMAL,none,Standard event within normal baseline
EVT_001501,False,NORMAL,none,Standard event within normal baseline
EVT_001502,False,NORMAL,none,Standard event within normal baseline
EVT_001503,False,NORMAL,none,Standard event within normal baseline
EVT_001504,False,NORMAL,none,Standard event within normal baseline
EVT_001505,False,NORMAL,none,Standard event within normal baseline
EVT_001506,False,NORMAL,none,Standard event within normal baseline
EVT_001507,True,BURST_ACTIVITY,high,Event occurred during sudden concentrated activity surge
EVT_001508,False,NORMAL,none,Standard event within normal baseline
EVT_001509,False,NORMAL,none,Standard event within normal baseline
EVT_001510,False,NORMAL,none,Standard event within normal baseline
EVT_001511,False,NORMAL,none,Standard event within normal baseline
EVT_001512,False,NORMAL,none,Standard event within normal baseline
EVT_001513,False,NORMAL,none,Standard event within normal baseline
EVT_001514,False,NORMAL,none,Standard event within normal baseline
EVT_001515,False,NORMAL,none,Standard event within normal baseline
EVT_001516,False,NORMAL,none,Standard event within normal baseline
EVT_001517,False,NORMAL,none,Standard event within normal baseline
EVT_001518,False,NORMAL,none,Standard event within normal baseline
EVT_001519,False,NORMAL,none,Standard event within normal baseline
EVT_001520,False,NORMAL,none,Standard event within normal baseline
EVT_001521,False,NORMAL,none,Standard event within normal baseline
EVT_001522,False,NORMAL,none,Standard event within normal baseline
EVT_001523,False,NORMAL,none,Standard event within normal baseline
EVT_001524,False,NORMAL,none,Standard event within normal baseline
EVT_001525,False,NORMAL,none,Standard event within normal baseline
EVT_001526,False,NORMAL,none,Standard event within normal baseline
EVT_001527,False,NORMAL,none,Standard event within normal baseline
EVT_001528,False,NORMAL,none,Standard event within normal baseline
EVT_001529,False,NORMAL,none,Standard event within normal baseline
EVT_001530,False,NORMAL,none,Standard event within normal baseline
EVT_001531,False,NORMAL,none,Standard event within normal baseline
EVT_001532,False,NORMAL,none,Standard event within normal baseline
EVT_001533,False,NORMAL,none,Standard event within normal baseline
EVT_001534,False,NORMAL,none,Standard event within normal baseline
EVT_001535,False,NORMAL,none,Standard event within normal baseline
EVT_001536,True,SHARED_INFRASTRUCTURE,high,Event originated from high-fanout shared device/IP cluster
EVT_001537,False,NORMAL,none,Standard event within normal baseline
EVT_001538,False,NORMAL,none,Standard event within normal baseline
EVT_001539,True,BURST_ACTIVITY,high,Event occurred during sudden concentrated activity surge
EVT_001540,False,NORMAL,none,Standard event within normal baseline
EVT_001541,False,NORMAL,none,Standard event within normal baseline
EVT_001542,False,NORMAL,none,Standard event within normal baseline
EVT_001543,False,NORMAL,none,Standard event within normal baseline
EVT_001544,True,BURST_ACTIVITY,high,Event occurred during sudden concentrated activity surge
EVT_001545,False,NORMAL,none,Standard event within normal baseline
EVT_001546,True,LOCATION_ANOMALY,medium,Event recorded with rapid impossible geographical transit
EVT_001547,False,NORMAL,none,Standard event within normal baseline
EVT_001548,False,NORMAL,none,Standard event within normal baseline
EVT_001549,False,NORMAL,none,Standard event within normal baseline
EVT_001550,False,NORMAL,none,Standard event within normal baseline
EVT_001551,False,NORMAL,none,Standard event within normal baseline
EVT_001552,True,BURST_ACTIVITY,high,Event occurred during sudden concentrated activity surge
EVT_001553,False,NORMAL,none,Standard event within normal baseline
EVT_001554,False,NORMAL,none,Standard event within normal baseline
EVT_001555,False,NORMAL,none,Standard event within normal baseline
EVT_001556,True,BURST_ACTIVITY,high,Event occurred during sudden concentrated activity surge
EVT_001557,False,NORMAL,none,Standard event within normal baseline
EVT_001558,False,NORMAL,none,Standard event within normal baseline
EVT_001559,False,NORMAL,none,Standard event within normal baseline
EVT_001560,False,NORMAL,none,Standard event within normal baseline
EVT_001561,True,BURST_ACTIVITY,high,Event occurred during sudden concentrated activity surge
EVT_001562,False,NORMAL,none,Standard event within normal baseline
EVT_001563,False,NORMAL,none,Standard event within normal baseline
EVT_001564,False,NORMAL,none,Standard event within normal baseline
EVT_001565,False,NORMAL,none,Standard event within normal baseline
EVT_001566,False,NORMAL,none,Standard event within normal baseline
EVT_001567,False,NORMAL,none,Standard event within normal baseline
EVT_001568,True,BURST_ACTIVITY,high,Event occurred during sudden concentrated activity surge
EVT_001569,True,BURST_ACTIVITY,high,Event occurred during sudden concentrated activity surge
EVT_001570,False,NORMAL,none,Standard event within normal baseline
EVT_001571,False,NORMAL,none,Standard event within normal baseline
EVT_001572,True,BURST_ACTIVITY,high,Event occurred during sudden concentrated activity surge
EVT_001573,False,NORMAL,none,Standard event within normal baseline
EVT_001574,True,BURST_ACTIVITY,high,Event occurred during sudden concentrated activity surge
EVT_001575,False,NORMAL,none,Standard event within normal baseline
EVT_001576,False,NORMAL,none,Standard event within normal baseline
EVT_001577,True,BURST_ACTIVITY,high,Event occurred during sudden concentrated activity surge
EVT_001578,False,NORMAL,none,Standard event within normal baseline
EVT_001579,True,COMMUNICATION_ANOMALY,medium,High-frequency short duration ping call
EVT_001580,False,NORMAL,none,Standard event within normal baseline
EVT_001581,False,NORMAL,none,Standard event within normal baseline
EVT_001582,False,NORMAL,none,Standard event within normal baseline
EVT_001583,False,NORMAL,none,Standard event within normal baseline
EVT_001584,False,NORMAL,none,Standard event within normal baseline
EVT_001585,False,NORMAL,none,Standard event within normal baseline
EVT_001586,True,TRANSACTION_ANOMALY,high,Unusually high-value cross-account mule transfer
EVT_001587,False,NORMAL,none,Standard event within normal baseline
EVT_001588,True,BURST_ACTIVITY,high,Event occurred during sudden concentrated activity surge
EVT_001589,False,NORMAL,none,Standard event within normal baseline
EVT_001590,False,NORMAL,none,Standard event within normal baseline
EVT_001591,False,NORMAL,none,Standard event within normal baseline
EVT_001592,False,NORMAL,none,Standard event within normal baseline
EVT_001593,False,NORMAL,none,Standard event within normal baseline
EVT_001594,False,NORMAL,none,Standard event within normal baseline
EVT_001595,False,NORMAL,none,Standard event within normal baseline
EVT_001596,False,NORMAL,none,Standard event within normal baseline
EVT_001597,True,HIGH_ACTIVITY,medium,Elevated transactional volume from network hub
EVT_001598,False,NORMAL,none,Standard event within normal baseline
EVT_001599,False,NORMAL,none,Standard event within normal baseline
EVT_001600,False,NORMAL,none,Standard event within normal baseline
EVT_001601,False,NORMAL,none,Standard event within normal baseline
EVT_001602,False,NORMAL,none,Standard event within normal baseline
EVT_001603,False,NORMAL,none,Standard event within normal baseline
EVT_001604,False,NORMAL,none,Standard event within normal baseline
EVT_001605,False,NORMAL,none,Standard event within normal baseline
EVT_001606,False,NORMAL,none,Standard event within normal baseline
EVT_001607,False,NORMAL,none,Standard event within normal baseline
EVT_001608,True,BURST_ACTIVITY,high,Event occurred during sudden concentrated activity surge
EVT_001609,True,BURST_ACTIVITY,high,Event occurred during sudden concentrated activity surge
EVT_001610,False,NORMAL,none,Standard event within normal baseline
EVT_001611,False,NORMAL,none,Standard event within normal baseline
EVT_001612,False,NORMAL,none,Standard event within normal baseline
EVT_001613,False,NORMAL,none,Standard event within normal baseline
EVT_001614,False,NORMAL,none,Standard event within normal baseline
EVT_001615,True,BURST_ACTIVITY,high,Event occurred during sudden concentrated activity surge
EVT_001616,False,NORMAL,none,Standard event within normal baseline
EVT_001617,False,NORMAL,none,Standard event within normal baseline
EVT_001618,True,BURST_ACTIVITY,high,Event occurred during sudden concentrated activity surge
EVT_001619,False,NORMAL,none,Standard event within normal baseline
EVT_001620,False,NORMAL,none,Standard event within normal baseline
EVT_001621,False,NORMAL,none,Standard event within normal baseline
EVT_001622,True,BURST_ACTIVITY,high,Event occurred during sudden concentrated activity surge
EVT_001623,False,NORMAL,none,Standard event within normal baseline
EVT_001624,False,NORMAL,none,Standard event within normal baseline
EVT_001625,True,BURST_ACTIVITY,high,Event occurred during sudden concentrated activity surge
EVT_001626,False,NORMAL,none,Standard event within normal baseline
EVT_001627,False,NORMAL,none,Standard event within normal baseline
EVT_001628,True,BURST_ACTIVITY,high,Event occurred during sudden concentrated activity surge
EVT_001629,False,NORMAL,none,Standard event within normal baseline
EVT_001630,True,BURST_ACTIVITY,high,Event occurred during sudden concentrated activity surge
EVT_001631,True,COMMUNICATION_ANOMALY,medium,High-frequency short duration ping call
EVT_001632,False,NORMAL,none,Standard event within normal baseline
EVT_001633,False,NORMAL,none,Standard event within normal baseline
EVT_001634,False,NORMAL,none,Standard event within normal baseline
EVT_001635,False,NORMAL,none,Standard event within normal baseline
EVT_001636,False,NORMAL,none,Standard event within normal baseline
EVT_001637,False,NORMAL,none,Standard event within normal baseline
EVT_001638,False,NORMAL,none,Standard event within normal baseline
EVT_001639,True,BURST_ACTIVITY,high,Event occurred during sudden concentrated activity surge
EVT_001640,False,NORMAL,none,Standard event within normal baseline
EVT_001641,True,BURST_ACTIVITY,high,Event occurred during sudden concentrated activity surge
EVT_001642,False,NORMAL,none,Standard event within normal baseline
EVT_001643,False,NORMAL,none,Standard event within normal baseline
EVT_001644,False,NORMAL,none,Standard event within normal baseline
EVT_001645,False,NORMAL,none,Standard event within normal baseline
EVT_001646,False,NORMAL,none,Standard event within normal baseline
EVT_001647,False,NORMAL,none,Standard event within normal baseline
EVT_001648,False,NORMAL,none,Standard event within normal baseline
EVT_001649,False,NORMAL,none,Standard event within normal baseline
EVT_001650,True,BURST_ACTIVITY,high,Event occurred during sudden concentrated activity surge
EVT_001651,False,NORMAL,none,Standard event within normal baseline
EVT_001652,False,NORMAL,none,Standard event within normal baseline
EVT_001653,False,NORMAL,none,Standard event within normal baseline
EVT_001654,False,NORMAL,none,Standard event within normal baseline
EVT_001655,False,NORMAL,none,Standard event within normal baseline
EVT_001656,False,NORMAL,none,Standard event within normal baseline
EVT_001657,False,NORMAL,none,Standard event within normal baseline
EVT_001658,False,NORMAL,none,Standard event within normal baseline
EVT_001659,False,NORMAL,none,Standard event within normal baseline
EVT_001660,True,LOCATION_ANOMALY,medium,Event recorded with rapid impossible geographical transit
EVT_001661,False,NORMAL,none,Standard event within normal baseline
EVT_001662,False,NORMAL,none,Standard event within normal baseline
EVT_001663,False,NORMAL,none,Standard event within normal baseline
EVT_001664,False,NORMAL,none,Standard event within normal baseline
EVT_001665,False,NORMAL,none,Standard event within normal baseline
EVT_001666,False,NORMAL,none,Standard event within normal baseline
EVT_001667,False,NORMAL,none,Standard event within normal baseline
EVT_001668,True,BURST_ACTIVITY,high,Event occurred during sudden concentrated activity surge
EVT_001669,False,NORMAL,none,Standard event within normal baseline
EVT_001670,False,NORMAL,none,Standard event within normal baseline
EVT_001671,False,NORMAL,none,Standard event within normal baseline
EVT_001672,False,NORMAL,none,Standard event within normal baseline
EVT_001673,False,NORMAL,none,Standard event within normal baseline
EVT_001674,False,NORMAL,none,Standard event within normal baseline
EVT_001675,False,NORMAL,none,Standard event within normal baseline
EVT_001676,False,NORMAL,none,Standard event within normal baseline
EVT_001677,False,NORMAL,none,Standard event within normal baseline
EVT_001678,True,BURST_ACTIVITY,high,Event occurred during sudden concentrated activity surge
EVT_001679,False,NORMAL,none,Standard event within normal baseline
EVT_001680,True,BURST_ACTIVITY,high,Event occurred during sudden concentrated activity surge
EVT_001681,False,NORMAL,none,Standard event within normal baseline
EVT_001682,False,NORMAL,none,Standard event within normal baseline
EVT_001683,False,NORMAL,none,Standard event within normal baseline
EVT_001684,True,BURST_ACTIVITY,high,Event occurred during sudden concentrated activity surge
EVT_001685,False,NORMAL,none,Standard event within normal baseline
EVT_001686,False,NORMAL,none,Standard event within normal baseline
EVT_001687,False,NORMAL,none,Standard event within normal baseline
EVT_001688,False,NORMAL,none,Standard event within normal baseline
EVT_001689,False,NORMAL,none,Standard event within normal baseline
EVT_001690,False,NORMAL,none,Standard event within normal baseline
EVT_001691,False,NORMAL,none,Standard event within normal baseline
EVT_001692,True,BURST_ACTIVITY,high,Event occurred during sudden concentrated activity surge
EVT_001693,True,BURST_ACTIVITY,high,Event occurred during sudden concentrated activity surge
EVT_001694,False,NORMAL,none,Standard event within normal baseline
EVT_001695,False,NORMAL,none,Standard event within normal baseline
EVT_001696,False,NORMAL,none,Standard event within normal baseline
EVT_001697,False,NORMAL,none,Standard event within normal baseline
EVT_001698,False,NORMAL,none,Standard event within normal baseline
EVT_001699,False,NORMAL,none,Standard event within normal baseline
EVT_001700,False,NORMAL,none,Standard event within normal baseline
EVT_001701,False,NORMAL,none,Standard event within normal baseline
EVT_001702,False,NORMAL,none,Standard event within normal baseline
EVT_001703,True,BURST_ACTIVITY,high,Event occurred during sudden concentrated activity surge
EVT_001704,True,BURST_ACTIVITY,high,Event occurred during sudden concentrated activity surge
EVT_001705,False,NORMAL,none,Standard event within normal baseline
EVT_001706,True,TRANSACTION_ANOMALY,high,Unusually high-value cross-account mule transfer
EVT_001707,False,NORMAL,none,Standard event within normal baseline
EVT_001708,False,NORMAL,none,Standard event within normal baseline
EVT_001709,False,NORMAL,none,Standard event within normal baseline
EVT_001710,False,NORMAL,none,Standard event within normal baseline
EVT_001711,False,NORMAL,none,Standard event within normal baseline
EVT_001712,False,NORMAL,none,Standard event within normal baseline
EVT_001713,False,NORMAL,none,Standard event within normal baseline
EVT_001714,False,NORMAL,none,Standard event within normal baseline
EVT_001715,False,NORMAL,none,Standard event within normal baseline
EVT_001716,False,NORMAL,none,Standard event within normal baseline
EVT_001717,False,NORMAL,none,Standard event within normal baseline
EVT_001718,False,NORMAL,none,Standard event within normal baseline
EVT_001719,False,NORMAL,none,Standard event within normal baseline
EVT_001720,False,NORMAL,none,Standard event within normal baseline
EVT_001721,False,NORMAL,none,Standard event within normal baseline
EVT_001722,False,NORMAL,none,Standard event within normal baseline
EVT_001723,False,NORMAL,none,Standard event within normal baseline
EVT_001724,True,COMMUNICATION_ANOMALY,medium,High-frequency short duration ping call
EVT_001725,False,NORMAL,none,Standard event within normal baseline
EVT_001726,True,TRANSACTION_ANOMALY,high,Unusually high-value cross-account mule transfer
EVT_001727,True,COMMUNICATION_ANOMALY,medium,High-frequency short duration ping call
EVT_001728,False,NORMAL,none,Standard event within normal baseline
EVT_001729,False,NORMAL,none,Standard event within normal baseline
EVT_001730,False,NORMAL,none,Standard event within normal baseline
EVT_001731,False,NORMAL,none,Standard event within normal baseline
EVT_001732,False,NORMAL,none,Standard event within normal baseline
EVT_001733,False,NORMAL,none,Standard event within normal baseline
EVT_001734,False,NORMAL,none,Standard event within normal baseline
EVT_001735,False,NORMAL,none,Standard event within normal baseline
EVT_001736,True,COMMUNICATION_ANOMALY,medium,High-frequency short duration ping call
EVT_001737,False,NORMAL,none,Standard event within normal baseline
EVT_001738,False,NORMAL,none,Standard event within normal baseline
EVT_001739,False,NORMAL,none,Standard event within normal baseline
EVT_001740,False,NORMAL,none,Standard event within normal baseline
EVT_001741,False,NORMAL,none,Standard event within normal baseline
EVT_001742,False,NORMAL,none,Standard event within normal baseline
EVT_001743,False,NORMAL,none,Standard event within normal baseline
EVT_001744,False,NORMAL,none,Standard event within normal baseline
EVT_001745,False,NORMAL,none,Standard event within normal baseline
EVT_001746,False,NORMAL,none,Standard event within normal baseline
EVT_001747,False,NORMAL,none,Standard event within normal baseline
EVT_001748,False,NORMAL,none,Standard event within normal baseline
EVT_001749,False,NORMAL,none,Standard event within normal baseline
EVT_001750,False,NORMAL,none,Standard event within normal baseline
EVT_001751,False,NORMAL,none,Standard event within normal baseline
EVT_001752,False,NORMAL,none,Standard event within normal baseline
EVT_001753,False,NORMAL,none,Standard event within normal baseline
EVT_001754,True,TRANSACTION_ANOMALY,high,Unusually high-value cross-account mule transfer
EVT_001755,False,NORMAL,none,Standard event within normal baseline
EVT_001756,False,NORMAL,none,Standard event within normal baseline
EVT_001757,False,NORMAL,none,Standard event within normal baseline
EVT_001758,True,HIGH_ACTIVITY,medium,Elevated transactional volume from network hub
EVT_001759,False,NORMAL,none,Standard event within normal baseline
EVT_001760,False,NORMAL,none,Standard event within normal baseline
EVT_001761,False,NORMAL,none,Standard event within normal baseline
EVT_001762,False,NORMAL,none,Standard event within normal baseline
EVT_001763,False,NORMAL,none,Standard event within normal baseline
EVT_001764,False,NORMAL,none,Standard event within normal baseline
EVT_001765,False,NORMAL,none,Standard event within normal baseline
EVT_001766,False,NORMAL,none,Standard event within normal baseline
EVT_001767,False,NORMAL,none,Standard event within normal baseline
EVT_001768,False,NORMAL,none,Standard event within normal baseline
EVT_001769,False,NORMAL,none,Standard event within normal baseline
EVT_001770,False,NORMAL,none,Standard event within normal baseline
EVT_001771,True,BURST_ACTIVITY,high,Event occurred during sudden concentrated activity surge
EVT_001772,False,NORMAL,none,Standard event within normal baseline
EVT_001773,False,NORMAL,none,Standard event within normal baseline
EVT_001774,True,BURST_ACTIVITY,high,Event occurred during sudden concentrated activity surge
EVT_001775,False,NORMAL,none,Standard event within normal baseline
EVT_001776,True,LOCATION_ANOMALY,medium,Event recorded with rapid impossible geographical transit
EVT_001777,False,NORMAL,none,Standard event within normal baseline
EVT_001778,False,NORMAL,none,Standard event within normal baseline
EVT_001779,False,NORMAL,none,Standard event within normal baseline
EVT_001780,True,BURST_ACTIVITY,high,Event occurred during sudden concentrated activity surge
EVT_001781,False,NORMAL,none,Standard event within normal baseline
EVT_001782,False,NORMAL,none,Standard event within normal baseline
EVT_001783,True,COMMUNICATION_ANOMALY,medium,High-frequency short duration ping call
EVT_001784,False,NORMAL,none,Standard event within normal baseline
EVT_001785,False,NORMAL,none,Standard event within normal baseline
EVT_001786,False,NORMAL,none,Standard event within normal baseline
EVT_001787,False,NORMAL,none,Standard event within normal baseline
EVT_001788,True,TRANSACTION_ANOMALY,high,Unusually high-value cross-account mule transfer
EVT_001789,False,NORMAL,none,Standard event within normal baseline
EVT_001790,False,NORMAL,none,Standard event within normal baseline
EVT_001791,False,NORMAL,none,Standard event within normal baseline
EVT_001792,True,HIGH_ACTIVITY,medium,Elevated transactional volume from network hub
EVT_001793,True,BURST_ACTIVITY,high,Event occurred during sudden concentrated activity surge
EVT_001794,True,BURST_ACTIVITY,high,Event occurred during sudden concentrated activity surge
EVT_001795,False,NORMAL,none,Standard event within normal baseline
EVT_001796,False,NORMAL,none,Standard event within normal baseline
EVT_001797,True,BURST_ACTIVITY,high,Event occurred during sudden concentrated activity surge
EVT_001798,False,NORMAL,none,Standard event within normal baseline
EVT_001799,False,NORMAL,none,Standard event within normal baseline
EVT_001800,False,NORMAL,none,Standard event within normal baseline
EVT_001801,False,NORMAL,none,Standard event within normal baseline
EVT_001802,False,NORMAL,none,Standard event within normal baseline
EVT_001803,False,NORMAL,none,Standard event within normal baseline
EVT_001804,False,NORMAL,none,Standard event within normal baseline
EVT_001805,False,NORMAL,none,Standard event within normal baseline
EVT_001806,False,NORMAL,none,Standard event within normal baseline
EVT_001807,False,NORMAL,none,Standard event within normal baseline
EVT_001808,False,NORMAL,none,Standard event within normal baseline
EVT_001809,False,NORMAL,none,Standard event within normal baseline
EVT_001810,False,NORMAL,none,Standard event within normal baseline
EVT_001811,False,NORMAL,none,Standard event within normal baseline
EVT_001812,False,NORMAL,none,Standard event within normal baseline
EVT_001813,False,NORMAL,none,Standard event within normal baseline
EVT_001814,False,NORMAL,none,Standard event within normal baseline
EVT_001815,False,NORMAL,none,Standard event within normal baseline
EVT_001816,False,NORMAL,none,Standard event within normal baseline
EVT_001817,False,NORMAL,none,Standard event within normal baseline
EVT_001818,False,NORMAL,none,Standard event within normal baseline
EVT_001819,False,NORMAL,none,Standard event within normal baseline
EVT_001820,False,NORMAL,none,Standard event within normal baseline
EVT_001821,False,NORMAL,none,Standard event within normal baseline
EVT_001822,False,NORMAL,none,Standard event within normal baseline
EVT_001823,False,NORMAL,none,Standard event within normal baseline
EVT_001824,True,SHARED_INFRASTRUCTURE,high,Event originated from high-fanout shared device/IP cluster
EVT_001825,False,NORMAL,none,Standard event within normal baseline
EVT_001826,False,NORMAL,none,Standard event within normal baseline
EVT_001827,False,NORMAL,none,Standard event within normal baseline
EVT_001828,False,NORMAL,none,Standard event within normal baseline
EVT_001829,False,NORMAL,none,Standard event within normal baseline
EVT_001830,False,NORMAL,none,Standard event within normal baseline
EVT_001831,False,NORMAL,none,Standard event within normal baseline
EVT_001832,False,NORMAL,none,Standard event within normal baseline
EVT_001833,False,NORMAL,none,Standard event within normal baseline
EVT_001834,False,NORMAL,none,Standard event within normal baseline
EVT_001835,True,BURST_ACTIVITY,high,Event occurred during sudden concentrated activity surge
EVT_001836,False,NORMAL,none,Standard event within normal baseline
EVT_001837,False,NORMAL,none,Standard event within normal baseline
EVT_001838,False,NORMAL,none,Standard event within normal baseline
EVT_001839,True,BURST_ACTIVITY,high,Event occurred during sudden concentrated activity surge
EVT_001840,True,TRANSACTION_ANOMALY,high,Unusually high-value cross-account mule transfer
EVT_001841,False,NORMAL,none,Standard event within normal baseline
EVT_001842,False,NORMAL,none,Standard event within normal baseline
EVT_001843,False,NORMAL,none,Standard event within normal baseline
EVT_001844,True,HIGH_ACTIVITY,medium,Elevated transactional volume from network hub
EVT_001845,False,NORMAL,none,Standard event within normal baseline
EVT_001846,True,BURST_ACTIVITY,high,Event occurred during sudden concentrated activity surge
EVT_001847,False,NORMAL,none,Standard event within normal baseline
EVT_001848,False,NORMAL,none,Standard event within normal baseline
EVT_001849,True,SHARED_INFRASTRUCTURE,high,Event originated from high-fanout shared device/IP cluster
EVT_001850,False,NORMAL,none,Standard event within normal baseline
EVT_001851,False,NORMAL,none,Standard event within normal baseline
EVT_001852,False,NORMAL,none,Standard event within normal baseline
EVT_001853,False,NORMAL,none,Standard event within normal baseline
EVT_001854,True,TRANSACTION_ANOMALY,high,Unusually high-value cross-account mule transfer
EVT_001855,True,BURST_ACTIVITY,high,Event occurred during sudden concentrated activity surge
EVT_001856,False,NORMAL,none,Standard event within normal baseline
EVT_001857,False,NORMAL,none,Standard event within normal baseline
EVT_001858,False,NORMAL,none,Standard event within normal baseline
EVT_001859,False,NORMAL,none,Standard event within normal baseline
EVT_001860,False,NORMAL,none,Standard event within normal baseline
EVT_001861,False,NORMAL,none,Standard event within normal baseline
EVT_001862,True,TRANSACTION_ANOMALY,high,Unusually high-value cross-account mule transfer
EVT_001863,False,NORMAL,none,Standard event within normal baseline
EVT_001864,False,NORMAL,none,Standard event within normal baseline
EVT_001865,True,BURST_ACTIVITY,high,Event occurred during sudden concentrated activity surge
EVT_001866,False,NORMAL,none,Standard event within normal baseline
EVT_001867,True,SHARED_INFRASTRUCTURE,high,Event originated from high-fanout shared device/IP cluster
EVT_001868,True,SHARED_INFRASTRUCTURE,high,Event originated from high-fanout shared device/IP cluster
EVT_001869,True,SHARED_INFRASTRUCTURE,high,Event originated from high-fanout shared device/IP cluster
EVT_001870,True,BURST_ACTIVITY,high,Event occurred during sudden concentrated activity surge
EVT_001871,False,NORMAL,none,Standard event within normal baseline
EVT_001872,False,NORMAL,none,Standard event within normal baseline
EVT_001873,False,NORMAL,none,Standard event within normal baseline
EVT_001874,False,NORMAL,none,Standard event within normal baseline
EVT_001875,False,NORMAL,none,Standard event within normal baseline
EVT_001876,False,NORMAL,none,Standard event within normal baseline
EVT_001877,False,NORMAL,none,Standard event within normal baseline
EVT_001878,False,NORMAL,none,Standard event within normal baseline
EVT_001879,False,NORMAL,none,Standard event within normal baseline
EVT_001880,False,NORMAL,none,Standard event within normal baseline
EVT_001881,False,NORMAL,none,Standard event within normal baseline
EVT_001882,False,NORMAL,none,Standard event within normal baseline
EVT_001883,False,NORMAL,none,Standard event within normal baseline
EVT_001884,False,NORMAL,none,Standard event within normal baseline
EVT_001885,False,NORMAL,none,Standard event within normal baseline
EVT_001886,False,NORMAL,none,Standard event within normal baseline
EVT_001887,True,COMMUNICATION_ANOMALY,medium,High-frequency short duration ping call
EVT_001888,False,NORMAL,none,Standard event within normal baseline
EVT_001889,False,NORMAL,none,Standard event within normal baseline
EVT_001890,False,NORMAL,none,Standard event within normal baseline
EVT_001891,False,NORMAL,none,Standard event within normal baseline
EVT_001892,False,NORMAL,none,Standard event within normal baseline
EVT_001893,False,NORMAL,none,Standard event within normal baseline
EVT_001894,False,NORMAL,none,Standard event within normal baseline
EVT_001895,True,SHARED_INFRASTRUCTURE,high,Event originated from high-fanout shared device/IP cluster
EVT_001896,False,NORMAL,none,Standard event within normal baseline
EVT_001897,False,NORMAL,none,Standard event within normal baseline
EVT_001898,False,NORMAL,none,Standard event within normal baseline
EVT_001899,False,NORMAL,none,Standard event within normal baseline
EVT_001900,False,NORMAL,none,Standard event within normal baseline
EVT_001901,False,NORMAL,none,Standard event within normal baseline
EVT_001902,False,NORMAL,none,Standard event within normal baseline
EVT_001903,False,NORMAL,none,Standard event within normal baseline
EVT_001904,True,BURST_ACTIVITY,high,Event occurred during sudden concentrated activity surge
EVT_001905,True,BURST_ACTIVITY,high,Event occurred during sudden concentrated activity surge
EVT_001906,False,NORMAL,none,Standard event within normal baseline
EVT_001907,False,NORMAL,none,Standard event within normal baseline
EVT_001908,False,NORMAL,none,Standard event within normal baseline
EVT_001909,False,NORMAL,none,Standard event within normal baseline
EVT_001910,True,BURST_ACTIVITY,high,Event occurred during sudden concentrated activity surge
EVT_001911,False,NORMAL,none,Standard event within normal baseline
EVT_001912,False,NORMAL,none,Standard event within normal baseline
EVT_001913,True,BURST_ACTIVITY,high,Event occurred during sudden concentrated activity surge
EVT_001914,False,NORMAL,none,Standard event within normal baseline
EVT_001915,False,NORMAL,none,Standard event within normal baseline
EVT_001916,False,NORMAL,none,Standard event within normal baseline
EVT_001917,False,NORMAL,none,Standard event within normal baseline
EVT_001918,False,NORMAL,none,Standard event within normal baseline
EVT_001919,True,TRANSACTION_ANOMALY,high,Unusually high-value cross-account mule transfer
EVT_001920,False,NORMAL,none,Standard event within normal baseline
EVT_001921,False,NORMAL,none,Standard event within normal baseline
EVT_001922,False,NORMAL,none,Standard event within normal baseline
EVT_001923,False,NORMAL,none,Standard event within normal baseline
EVT_001924,False,NORMAL,none,Standard event within normal baseline
EVT_001925,False,NORMAL,none,Standard event within normal baseline
EVT_001926,False,NORMAL,none,Standard event within normal baseline
EVT_001927,False,NORMAL,none,Standard event within normal baseline
EVT_001928,False,NORMAL,none,Standard event within normal baseline
EVT_001929,False,NORMAL,none,Standard event within normal baseline
EVT_001930,False,NORMAL,none,Standard event within normal baseline
EVT_001931,False,NORMAL,none,Standard event within normal baseline
EVT_001932,True,BURST_ACTIVITY,high,Event occurred during sudden concentrated activity surge
EVT_001933,False,NORMAL,none,Standard event within normal baseline
EVT_001934,False,NORMAL,none,Standard event within normal baseline
EVT_001935,False,NORMAL,none,Standard event within normal baseline
EVT_001936,False,NORMAL,none,Standard event within normal baseline
EVT_001937,False,NORMAL,none,Standard event within normal baseline
EVT_001938,True,TRANSACTION_ANOMALY,high,Unusually high-value cross-account mule transfer
EVT_001939,False,NORMAL,none,Standard event within normal baseline
EVT_001940,True,COMMUNICATION_ANOMALY,medium,High-frequency short duration ping call
EVT_001941,False,NORMAL,none,Standard event within normal baseline
EVT_001942,False,NORMAL,none,Standard event within normal baseline
EVT_001943,True,BURST_ACTIVITY,high,Event occurred during sudden concentrated activity surge
EVT_001944,False,NORMAL,none,Standard event within normal baseline
EVT_001945,False,NORMAL,none,Standard event within normal baseline
EVT_001946,False,NORMAL,none,Standard event within normal baseline
EVT_001947,False,NORMAL,none,Standard event within normal baseline
EVT_001948,False,NORMAL,none,Standard event within normal baseline
EVT_001949,False,NORMAL,none,Standard event within normal baseline
EVT_001950,True,BURST_ACTIVITY,high,Event occurred during sudden concentrated activity surge
EVT_001951,False,NORMAL,none,Standard event within normal baseline
EVT_001952,False,NORMAL,none,Standard event within normal baseline
EVT_001953,False,NORMAL,none,Standard event within normal baseline
EVT_001954,False,NORMAL,none,Standard event within normal baseline
EVT_001955,False,NORMAL,none,Standard event within normal baseline
EVT_001956,False,NORMAL,none,Standard event within normal baseline
EVT_001957,False,NORMAL,none,Standard event within normal baseline
EVT_001958,False,NORMAL,none,Standard event within normal baseline
EVT_001959,False,NORMAL,none,Standard event within normal baseline
EVT_001960,False,NORMAL,none,Standard event within normal baseline
EVT_001961,False,NORMAL,none,Standard event within normal baseline
EVT_001962,False,NORMAL,none,Standard event within normal baseline
EVT_001963,False,NORMAL,none,Standard event within normal baseline
EVT_001964,False,NORMAL,none,Standard event within normal baseline
EVT_001965,False,NORMAL,none,Standard event within normal baseline
EVT_001966,False,NORMAL,none,Standard event within normal baseline
EVT_001967,False,NORMAL,none,Standard event within normal baseline
EVT_001968,False,NORMAL,none,Standard event within normal baseline
EVT_001969,False,NORMAL,none,Standard event within normal baseline
EVT_001970,False,NORMAL,none,Standard event within normal baseline
EVT_001971,False,NORMAL,none,Standard event within normal baseline
EVT_001972,True,TRANSACTION_ANOMALY,high,Unusually high-value cross-account mule transfer
EVT_001973,False,NORMAL,none,Standard event within normal baseline
EVT_001974,False,NORMAL,none,Standard event within normal baseline
EVT_001975,True,BURST_ACTIVITY,high,Event occurred during sudden concentrated activity surge
EVT_001976,False,NORMAL,none,Standard event within normal baseline
EVT_001977,False,NORMAL,none,Standard event within normal baseline
EVT_001978,False,NORMAL,none,Standard event within normal baseline
EVT_001979,False,NORMAL,none,Standard event within normal baseline
EVT_001980,False,NORMAL,none,Standard event within normal baseline
EVT_001981,False,NORMAL,none,Standard event within normal baseline
EVT_001982,False,NORMAL,none,Standard event within normal baseline
EVT_001983,False,NORMAL,none,Standard event within normal baseline
EVT_001984,False,NORMAL,none,Standard event within normal baseline
EVT_001985,True,BURST_ACTIVITY,high,Event occurred during sudden concentrated activity surge
EVT_001986,True,BURST_ACTIVITY,high,Event occurred during sudden concentrated activity surge
EVT_001987,False,NORMAL,none,Standard event within normal baseline
EVT_001988,False,NORMAL,none,Standard event within normal baseline
EVT_001989,False,NORMAL,none,Standard event within normal baseline
EVT_001990,False,NORMAL,none,Standard event within normal baseline
EVT_001991,False,NORMAL,none,Standard event within normal baseline
EVT_001992,False,NORMAL,none,Standard event within normal baseline
EVT_001993,False,NORMAL,none,Standard event within normal baseline
EVT_001994,True,BURST_ACTIVITY,high,Event occurred during sudden concentrated activity surge
EVT_001995,False,NORMAL,none,Standard event within normal baseline
EVT_001996,False,NORMAL,none,Standard event within normal baseline
EVT_001997,True,BURST_ACTIVITY,high,Event occurred during sudden concentrated activity surge
EVT_001998,False,NORMAL,none,Standard event within normal baseline
EVT_001999,False,NORMAL,none,Standard event within normal baseline
EVT_002000,True,BURST_ACTIVITY,high,Event occurred during sudden concentrated activity surge
EVT_002001,False,NORMAL,none,Standard event within normal baseline
EVT_002002,True,BURST_ACTIVITY,high,Event occurred during sudden concentrated activity surge
EVT_002003,False,NORMAL,none,Standard event within normal baseline
EVT_002004,False,NORMAL,none,Standard event within normal baseline
EVT_002005,False,NORMAL,none,Standard event within normal baseline
EVT_002006,False,NORMAL,none,Standard event within normal baseline
EVT_002007,False,NORMAL,none,Standard event within normal baseline
EVT_002008,False,NORMAL,none,Standard event within normal baseline
EVT_002009,False,NORMAL,none,Standard event within normal baseline
EVT_002010,False,NORMAL,none,Standard event within normal baseline
EVT_002011,False,NORMAL,none,Standard event within normal baseline
EVT_002012,False,NORMAL,none,Standard event within normal baseline
EVT_002013,False,NORMAL,none,Standard event within normal baseline
EVT_002014,False,NORMAL,none,Standard event within normal baseline
EVT_002015,False,NORMAL,none,Standard event within normal baseline
EVT_002016,False,NORMAL,none,Standard event within normal baseline
EVT_002017,False,NORMAL,none,Standard event within normal baseline
EVT_002018,False,NORMAL,none,Standard event within normal baseline
EVT_002019,False,NORMAL,none,Standard event within normal baseline
EVT_002020,False,NORMAL,none,Standard event within normal baseline
EVT_002021,True,HIGH_ACTIVITY,medium,Elevated transactional volume from network hub
EVT_002022,False,NORMAL,none,Standard event within normal baseline
EVT_002023,False,NORMAL,none,Standard event within normal baseline
EVT_002024,False,NORMAL,none,Standard event within normal baseline
EVT_002025,False,NORMAL,none,Standard event within normal baseline
EVT_002026,False,NORMAL,none,Standard event within normal baseline
EVT_002027,False,NORMAL,none,Standard event within normal baseline
EVT_002028,False,NORMAL,none,Standard event within normal baseline
EVT_002029,True,BURST_ACTIVITY,high,Event occurred during sudden concentrated activity surge
EVT_002030,False,NORMAL,none,Standard event within normal baseline
EVT_002031,True,BURST_ACTIVITY,high,Event occurred during sudden concentrated activity surge
EVT_002032,False,NORMAL,none,Standard event within normal baseline
EVT_002033,False,NORMAL,none,Standard event within normal baseline
EVT_002034,True,BURST_ACTIVITY,high,Event occurred during sudden concentrated activity surge
EVT_002035,False,NORMAL,none,Standard event within normal baseline
EVT_002036,False,NORMAL,none,Standard event within normal baseline
EVT_002037,True,COMMUNICATION_ANOMALY,medium,High-frequency short duration ping call
EVT_002038,False,NORMAL,none,Standard event within normal baseline
EVT_002039,False,NORMAL,none,Standard event within normal baseline
EVT_002040,False,NORMAL,none,Standard event within normal baseline
EVT_002041,False,NORMAL,none,Standard event within normal baseline
EVT_002042,False,NORMAL,none,Standard event within normal baseline
EVT_002043,False,NORMAL,none,Standard event within normal baseline
EVT_002044,False,NORMAL,none,Standard event within normal baseline
EVT_002045,False,NORMAL,none,Standard event within normal baseline
EVT_002046,False,NORMAL,none,Standard event within normal baseline
EVT_002047,False,NORMAL,none,Standard event within normal baseline
EVT_002048,False,NORMAL,none,Standard event within normal baseline
EVT_002049,False,NORMAL,none,Standard event within normal baseline
EVT_002050,False,NORMAL,none,Standard event within normal baseline
EVT_002051,False,NORMAL,none,Standard event within normal baseline
EVT_002052,False,NORMAL,none,Standard event within normal baseline
EVT_002053,False,NORMAL,none,Standard event within normal baseline
EVT_002054,False,NORMAL,none,Standard event within normal baseline
EVT_002055,False,NORMAL,none,Standard event within normal baseline
EVT_002056,False,NORMAL,none,Standard event within normal baseline
EVT_002057,False,NORMAL,none,Standard event within normal baseline
EVT_002058,False,NORMAL,none,Standard event within normal baseline
EVT_002059,True,BURST_ACTIVITY,high,Event occurred during sudden concentrated activity surge
EVT_002060,False,NORMAL,none,Standard event within normal baseline
EVT_002061,False,NORMAL,none,Standard event within normal baseline
EVT_002062,False,NORMAL,none,Standard event within normal baseline
EVT_002063,False,NORMAL,none,Standard event within normal baseline
EVT_002064,False,NORMAL,none,Standard event within normal baseline
EVT_002065,False,NORMAL,none,Standard event within normal baseline
EVT_002066,False,NORMAL,none,Standard event within normal baseline
EVT_002067,True,LOCATION_ANOMALY,medium,Event recorded with rapid impossible geographical transit
EVT_002068,False,NORMAL,none,Standard event within normal baseline
EVT_002069,False,NORMAL,none,Standard event within normal baseline
EVT_002070,True,BURST_ACTIVITY,high,Event occurred during sudden concentrated activity surge
EVT_002071,False,NORMAL,none,Standard event within normal baseline
EVT_002072,False,NORMAL,none,Standard event within normal baseline
EVT_002073,False,NORMAL,none,Standard event within normal baseline
EVT_002074,False,NORMAL,none,Standard event within normal baseline
EVT_002075,False,NORMAL,none,Standard event within normal baseline
EVT_002076,False,NORMAL,none,Standard event within normal baseline
EVT_002077,False,NORMAL,none,Standard event within normal baseline
EVT_002078,False,NORMAL,none,Standard event within normal baseline
EVT_002079,False,NORMAL,none,Standard event within normal baseline
EVT_002080,True,BURST_ACTIVITY,high,Event occurred during sudden concentrated activity surge
EVT_002081,False,NORMAL,none,Standard event within normal baseline
EVT_002082,False,NORMAL,none,Standard event within normal baseline
EVT_002083,True,BURST_ACTIVITY,high,Event occurred during sudden concentrated activity surge
EVT_002084,False,NORMAL,none,Standard event within normal baseline
EVT_002085,True,BURST_ACTIVITY,high,Event occurred during sudden concentrated activity surge
EVT_002086,False,NORMAL,none,Standard event within normal baseline
EVT_002087,False,NORMAL,none,Standard event within normal baseline
EVT_002088,True,TRANSACTION_ANOMALY,high,Unusually high-value cross-account mule transfer
EVT_002089,False,NORMAL,none,Standard event within normal baseline
EVT_002090,False,NORMAL,none,Standard event within normal baseline
EVT_002091,True,COMMUNICATION_ANOMALY,medium,High-frequency short duration ping call
EVT_002092,False,NORMAL,none,Standard event within normal baseline
EVT_002093,True,BURST_ACTIVITY,high,Event occurred during sudden concentrated activity surge
EVT_002094,True,BURST_ACTIVITY,high,Event occurred during sudden concentrated activity surge
EVT_002095,False,NORMAL,none,Standard event within normal baseline
EVT_002096,True,BURST_ACTIVITY,high,Event occurred during sudden concentrated activity surge
EVT_002097,False,NORMAL,none,Standard event within normal baseline
EVT_002098,False,NORMAL,none,Standard event within normal baseline
EVT_002099,False,NORMAL,none,Standard event within normal baseline
EVT_002100,False,NORMAL,none,Standard event within normal baseline
EVT_002101,False,NORMAL,none,Standard event within normal baseline
EVT_002102,False,NORMAL,none,Standard event within normal baseline
EVT_002103,False,NORMAL,none,Standard event within normal baseline
EVT_002104,False,NORMAL,none,Standard event within normal baseline
EVT_002105,False,NORMAL,none,Standard event within normal baseline
EVT_002106,False,NORMAL,none,Standard event within normal baseline
EVT_002107,True,BURST_ACTIVITY,high,Event occurred during sudden concentrated activity surge
EVT_002108,False,NORMAL,none,Standard event within normal baseline
EVT_002109,False,NORMAL,none,Standard event within normal baseline
EVT_002110,False,NORMAL,none,Standard event within normal baseline
EVT_002111,True,BURST_ACTIVITY,high,Event occurred during sudden concentrated activity surge
EVT_002112,False,NORMAL,none,Standard event within normal baseline
EVT_002113,False,NORMAL,none,Standard event within normal baseline
EVT_002114,False,NORMAL,none,Standard event within normal baseline
EVT_002115,False,NORMAL,none,Standard event within normal baseline
EVT_002116,False,NORMAL,none,Standard event within normal baseline
EVT_002117,False,NORMAL,none,Standard event within normal baseline
EVT_002118,False,NORMAL,none,Standard event within normal baseline
EVT_002119,False,NORMAL,none,Standard event within normal baseline
EVT_002120,False,NORMAL,none,Standard event within normal baseline
EVT_002121,False,NORMAL,none,Standard event within normal baseline
EVT_002122,False,NORMAL,none,Standard event within normal baseline
EVT_002123,False,NORMAL,none,Standard event within normal baseline
EVT_002124,False,NORMAL,none,Standard event within normal baseline
EVT_002125,True,BURST_ACTIVITY,high,Event occurred during sudden concentrated activity surge
EVT_002126,False,NORMAL,none,Standard event within normal baseline
EVT_002127,False,NORMAL,none,Standard event within normal baseline
EVT_002128,False,NORMAL,none,Standard event within normal baseline
EVT_002129,False,NORMAL,none,Standard event within normal baseline
EVT_002130,False,NORMAL,none,Standard event within normal baseline
EVT_002131,False,NORMAL,none,Standard event within normal baseline
EVT_002132,False,NORMAL,none,Standard event within normal baseline
EVT_002133,False,NORMAL,none,Standard event within normal baseline
EVT_002134,True,SHARED_INFRASTRUCTURE,high,Event originated from high-fanout shared device/IP cluster
EVT_002135,False,NORMAL,none,Standard event within normal baseline
EVT_002136,True,BURST_ACTIVITY,high,Event occurred during sudden concentrated activity surge
EVT_002137,False,NORMAL,none,Standard event within normal baseline
EVT_002138,False,NORMAL,none,Standard event within normal baseline
EVT_002139,False,NORMAL,none,Standard event within normal baseline
EVT_002140,False,NORMAL,none,Standard event within normal baseline
EVT_002141,False,NORMAL,none,Standard event within normal baseline
EVT_002142,True,SHARED_INFRASTRUCTURE,high,Event originated from high-fanout shared device/IP cluster
EVT_002143,False,NORMAL,none,Standard event within normal baseline
EVT_002144,False,NORMAL,none,Standard event within normal baseline
EVT_002145,False,NORMAL,none,Standard event within normal baseline
EVT_002146,False,NORMAL,none,Standard event within normal baseline
EVT_002147,False,NORMAL,none,Standard event within normal baseline
EVT_002148,True,BURST_ACTIVITY,high,Event occurred during sudden concentrated activity surge
EVT_002149,True,BURST_ACTIVITY,high,Event occurred during sudden concentrated activity surge
EVT_002150,True,BURST_ACTIVITY,high,Event occurred during sudden concentrated activity surge
EVT_002151,False,NORMAL,none,Standard event within normal baseline
EVT_002152,False,NORMAL,none,Standard event within normal baseline
EVT_002153,False,NORMAL,none,Standard event within normal baseline
EVT_002154,False,NORMAL,none,Standard event within normal baseline
EVT_002155,False,NORMAL,none,Standard event within normal baseline
EVT_002156,False,NORMAL,none,Standard event within normal baseline
EVT_002157,False,NORMAL,none,Standard event within normal baseline
EVT_002158,False,NORMAL,none,Standard event within normal baseline
EVT_002159,False,NORMAL,none,Standard event within normal baseline
EVT_002160,False,NORMAL,none,Standard event within normal baseline
EVT_002161,True,BURST_ACTIVITY,high,Event occurred during sudden concentrated activity surge
EVT_002162,True,COMMUNICATION_ANOMALY,medium,High-frequency short duration ping call
EVT_002163,False,NORMAL,none,Standard event within normal baseline
EVT_002164,False,NORMAL,none,Standard event within normal baseline
EVT_002165,False,NORMAL,none,Standard event within normal baseline
EVT_002166,False,NORMAL,none,Standard event within normal baseline
EVT_002167,True,BURST_ACTIVITY,high,Event occurred during sudden concentrated activity surge
EVT_002168,True,TRANSACTION_ANOMALY,high,Unusually high-value cross-account mule transfer
EVT_002169,False,NORMAL,none,Standard event within normal baseline
EVT_002170,True,SHARED_INFRASTRUCTURE,high,Event originated from high-fanout shared device/IP cluster
EVT_002171,False,NORMAL,none,Standard event within normal baseline
EVT_002172,True,BURST_ACTIVITY,high,Event occurred during sudden concentrated activity surge
EVT_002173,True,BURST_ACTIVITY,high,Event occurred during sudden concentrated activity surge
EVT_002174,False,NORMAL,none,Standard event within normal baseline
EVT_002175,False,NORMAL,none,Standard event within normal baseline
EVT_002176,False,NORMAL,none,Standard event within normal baseline
EVT_002177,False,NORMAL,none,Standard event within normal baseline
EVT_002178,True,BURST_ACTIVITY,high,Event occurred during sudden concentrated activity surge
EVT_002179,True,BURST_ACTIVITY,high,Event occurred during sudden concentrated activity surge
EVT_002180,False,NORMAL,none,Standard event within normal baseline
EVT_002181,True,BURST_ACTIVITY,high,Event occurred during sudden concentrated activity surge
EVT_002182,False,NORMAL,none,Standard event within normal baseline
EVT_002183,False,NORMAL,none,Standard event within normal baseline
EVT_002184,False,NORMAL,none,Standard event within normal baseline
EVT_002185,False,NORMAL,none,Standard event within normal baseline
EVT_002186,False,NORMAL,none,Standard event within normal baseline
EVT_002187,False,NORMAL,none,Standard event within normal baseline
EVT_002188,False,NORMAL,none,Standard event within normal baseline
EVT_002189,False,NORMAL,none,Standard event within normal baseline
EVT_002190,True,LOCATION_ANOMALY,medium,Event recorded with rapid impossible geographical transit
EVT_002191,False,NORMAL,none,Standard event within normal baseline
EVT_002192,False,NORMAL,none,Standard event within normal baseline
EVT_002193,True,HIGH_ACTIVITY,medium,Elevated transactional volume from network hub
EVT_002194,False,NORMAL,none,Standard event within normal baseline
EVT_002195,False,NORMAL,none,Standard event within normal baseline
EVT_002196,False,NORMAL,none,Standard event within normal baseline
EVT_002197,False,NORMAL,none,Standard event within normal baseline
EVT_002198,False,NORMAL,none,Standard event within normal baseline
EVT_002199,False,NORMAL,none,Standard event within normal baseline
EVT_002200,False,NORMAL,none,Standard event within normal baseline
EVT_002201,False,NORMAL,none,Standard event within normal baseline
EVT_002202,False,NORMAL,none,Standard event within normal baseline
EVT_002203,False,NORMAL,none,Standard event within normal baseline
EVT_002204,False,NORMAL,none,Standard event within normal baseline
EVT_002205,False,NORMAL,none,Standard event within normal baseline
EVT_002206,False,NORMAL,none,Standard event within normal baseline
EVT_002207,False,NORMAL,none,Standard event within normal baseline
EVT_002208,False,NORMAL,none,Standard event within normal baseline
EVT_002209,False,NORMAL,none,Standard event within normal baseline
EVT_002210,False,NORMAL,none,Standard event within normal baseline
EVT_002211,True,SHARED_INFRASTRUCTURE,high,Event originated from high-fanout shared device/IP cluster
EVT_002212,False,NORMAL,none,Standard event within normal baseline
EVT_002213,True,TRANSACTION_ANOMALY,high,Unusually high-value cross-account mule transfer
EVT_002214,False,NORMAL,none,Standard event within normal baseline
EVT_002215,False,NORMAL,none,Standard event within normal baseline
EVT_002216,False,NORMAL,none,Standard event within normal baseline
EVT_002217,True,BURST_ACTIVITY,high,Event occurred during sudden concentrated activity surge
EVT_002218,False,NORMAL,none,Standard event within normal baseline
EVT_002219,False,NORMAL,none,Standard event within normal baseline
EVT_002220,False,NORMAL,none,Standard event within normal baseline
EVT_002221,False,NORMAL,none,Standard event within normal baseline
EVT_002222,True,COMMUNICATION_ANOMALY,medium,High-frequency short duration ping call
EVT_002223,False,NORMAL,none,Standard event within normal baseline
EVT_002224,False,NORMAL,none,Standard event within normal baseline
EVT_002225,False,NORMAL,none,Standard event within normal baseline
EVT_002226,False,NORMAL,none,Standard event within normal baseline
EVT_002227,False,NORMAL,none,Standard event within normal baseline
EVT_002228,True,TRANSACTION_ANOMALY,high,Unusually high-value cross-account mule transfer
EVT_002229,False,NORMAL,none,Standard event within normal baseline
EVT_002230,False,NORMAL,none,Standard event within normal baseline
EVT_002231,False,NORMAL,none,Standard event within normal baseline
EVT_002232,True,BURST_ACTIVITY,high,Event occurred during sudden concentrated activity surge
EVT_002233,False,NORMAL,none,Standard event within normal baseline
EVT_002234,False,NORMAL,none,Standard event within normal baseline
EVT_002235,False,NORMAL,none,Standard event within normal baseline
EVT_002236,False,NORMAL,none,Standard event within normal baseline
EVT_002237,False,NORMAL,none,Standard event within normal baseline
EVT_002238,True,LOCATION_ANOMALY,medium,Event recorded with rapid impossible geographical transit
EVT_002239,False,NORMAL,none,Standard event within normal baseline
EVT_002240,True,BURST_ACTIVITY,high,Event occurred during sudden concentrated activity surge
EVT_002241,True,BURST_ACTIVITY,high,Event occurred during sudden concentrated activity surge
EVT_002242,False,NORMAL,none,Standard event within normal baseline
EVT_002243,True,TRANSACTION_ANOMALY,high,Unusually high-value cross-account mule transfer
EVT_002244,False,NORMAL,none,Standard event within normal baseline
EVT_002245,True,BURST_ACTIVITY,high,Event occurred during sudden concentrated activity surge
EVT_002246,False,NORMAL,none,Standard event within normal baseline
EVT_002247,False,NORMAL,none,Standard event within normal baseline
EVT_002248,False,NORMAL,none,Standard event within normal baseline
EVT_002249,True,TRANSACTION_ANOMALY,high,Unusually high-value cross-account mule transfer
EVT_002250,False,NORMAL,none,Standard event within normal baseline
EVT_002251,False,NORMAL,none,Standard event within normal baseline
EVT_002252,True,LOCATION_ANOMALY,medium,Event recorded with rapid impossible geographical transit
EVT_002253,False,NORMAL,none,Standard event within normal baseline
EVT_002254,True,HIGH_ACTIVITY,medium,Elevated transactional volume from network hub
EVT_002255,True,BURST_ACTIVITY,high,Event occurred during sudden concentrated activity surge
EVT_002256,False,NORMAL,none,Standard event within normal baseline
EVT_002257,False,NORMAL,none,Standard event within normal baseline
EVT_002258,False,NORMAL,none,Standard event within normal baseline
EVT_002259,True,TRANSACTION_ANOMALY,high,Unusually high-value cross-account mule transfer
EVT_002260,False,NORMAL,none,Standard event within normal baseline
EVT_002261,False,NORMAL,none,Standard event within normal baseline
EVT_002262,False,NORMAL,none,Standard event within normal baseline
EVT_002263,False,NORMAL,none,Standard event within normal baseline
EVT_002264,True,LOCATION_ANOMALY,medium,Event recorded with rapid impossible geographical transit
EVT_002265,True,BURST_ACTIVITY,high,Event occurred during sudden concentrated activity surge
EVT_002266,False,NORMAL,none,Standard event within normal baseline
EVT_002267,False,NORMAL,none,Standard event within normal baseline
EVT_002268,False,NORMAL,none,Standard event within normal baseline
EVT_002269,False,NORMAL,none,Standard event within normal baseline
EVT_002270,False,NORMAL,none,Standard event within normal baseline
EVT_002271,False,NORMAL,none,Standard event within normal baseline
EVT_002272,False,NORMAL,none,Standard event within normal baseline
EVT_002273,True,BURST_ACTIVITY,high,Event occurred during sudden concentrated activity surge
EVT_002274,False,NORMAL,none,Standard event within normal baseline
EVT_002275,False,NORMAL,none,Standard event within normal baseline
EVT_002276,False,NORMAL,none,Standard event within normal baseline
EVT_002277,True,BURST_ACTIVITY,high,Event occurred during sudden concentrated activity surge
EVT_002278,False,NORMAL,none,Standard event within normal baseline
EVT_002279,False,NORMAL,none,Standard event within normal baseline
EVT_002280,False,NORMAL,none,Standard event within normal baseline
EVT_002281,True,HIGH_ACTIVITY,medium,Elevated transactional volume from network hub
EVT_002282,False,NORMAL,none,Standard event within normal baseline
EVT_002283,False,NORMAL,none,Standard event within normal baseline
EVT_002284,False,NORMAL,none,Standard event within normal baseline
EVT_002285,False,NORMAL,none,Standard event within normal baseline
EVT_002286,False,NORMAL,none,Standard event within normal baseline
EVT_002287,True,TRANSACTION_ANOMALY,high,Unusually high-value cross-account mule transfer
EVT_002288,False,NORMAL,none,Standard event within normal baseline
EVT_002289,False,NORMAL,none,Standard event within normal baseline
EVT_002290,False,NORMAL,none,Standard event within normal baseline
EVT_002291,False,NORMAL,none,Standard event within normal baseline
EVT_002292,False,NORMAL,none,Standard event within normal baseline
EVT_002293,False,NORMAL,none,Standard event within normal baseline
EVT_002294,False,NORMAL,none,Standard event within normal baseline
EVT_002295,False,NORMAL,none,Standard event within normal baseline
EVT_002296,False,NORMAL,none,Standard event within normal baseline
EVT_002297,False,NORMAL,none,Standard event within normal baseline
EVT_002298,True,TRANSACTION_ANOMALY,high,Unusually high-value cross-account mule transfer
EVT_002299,False,NORMAL,none,Standard event within normal baseline
EVT_002300,False,NORMAL,none,Standard event within normal baseline
EVT_002301,True,SHARED_INFRASTRUCTURE,high,Event originated from high-fanout shared device/IP cluster
EVT_002302,False,NORMAL,none,Standard event within normal baseline
EVT_002303,True,BURST_ACTIVITY,high,Event occurred during sudden concentrated activity surge
EVT_002304,False,NORMAL,none,Standard event within normal baseline
EVT_002305,True,BURST_ACTIVITY,high,Event occurred during sudden concentrated activity surge
EVT_002306,True,LOCATION_ANOMALY,medium,Event recorded with rapid impossible geographical transit
EVT_002307,False,NORMAL,none,Standard event within normal baseline
EVT_002308,True,LOCATION_ANOMALY,medium,Event recorded with rapid impossible geographical transit
EVT_002309,False,NORMAL,none,Standard event within normal baseline
EVT_002310,False,NORMAL,none,Standard event within normal baseline
EVT_002311,False,NORMAL,none,Standard event within normal baseline
EVT_002312,False,NORMAL,none,Standard event within normal baseline
EVT_002313,False,NORMAL,none,Standard event within normal baseline
EVT_002314,False,NORMAL,none,Standard event within normal baseline
EVT_002315,True,BURST_ACTIVITY,high,Event occurred during sudden concentrated activity surge
EVT_002316,False,NORMAL,none,Standard event within normal baseline
EVT_002317,False,NORMAL,none,Standard event within normal baseline
EVT_002318,False,NORMAL,none,Standard event within normal baseline
EVT_002319,True,BURST_ACTIVITY,high,Event occurred during sudden concentrated activity surge
EVT_002320,False,NORMAL,none,Standard event within normal baseline
EVT_002321,False,NORMAL,none,Standard event within normal baseline
EVT_002322,False,NORMAL,none,Standard event within normal baseline
EVT_002323,False,NORMAL,none,Standard event within normal baseline
EVT_002324,True,BURST_ACTIVITY,high,Event occurred during sudden concentrated activity surge
EVT_002325,False,NORMAL,none,Standard event within normal baseline
EVT_002326,True,BURST_ACTIVITY,high,Event occurred during sudden concentrated activity surge
EVT_002327,False,NORMAL,none,Standard event within normal baseline
EVT_002328,False,NORMAL,none,Standard event within normal baseline
EVT_002329,False,NORMAL,none,Standard event within normal baseline
EVT_002330,False,NORMAL,none,Standard event within normal baseline
EVT_002331,False,NORMAL,none,Standard event within normal baseline
EVT_002332,False,NORMAL,none,Standard event within normal baseline
EVT_002333,False,NORMAL,none,Standard event within normal baseline
EVT_002334,False,NORMAL,none,Standard event within normal baseline
EVT_002335,False,NORMAL,none,Standard event within normal baseline
EVT_002336,False,NORMAL,none,Standard event within normal baseline
EVT_002337,True,BURST_ACTIVITY,high,Event occurred during sudden concentrated activity surge
EVT_002338,False,NORMAL,none,Standard event within normal baseline
EVT_002339,False,NORMAL,none,Standard event within normal baseline
EVT_002340,True,BURST_ACTIVITY,high,Event occurred during sudden concentrated activity surge
EVT_002341,False,NORMAL,none,Standard event within normal baseline
EVT_002342,True,BURST_ACTIVITY,high,Event occurred during sudden concentrated activity surge
EVT_002343,True,BURST_ACTIVITY,high,Event occurred during sudden concentrated activity surge
EVT_002344,False,NORMAL,none,Standard event within normal baseline
EVT_002345,False,NORMAL,none,Standard event within normal baseline
EVT_002346,False,NORMAL,none,Standard event within normal baseline
EVT_002347,False,NORMAL,none,Standard event within normal baseline
EVT_002348,True,BURST_ACTIVITY,high,Event occurred during sudden concentrated activity surge
EVT_002349,True,BURST_ACTIVITY,high,Event occurred during sudden concentrated activity surge
EVT_002350,False,NORMAL,none,Standard event within normal baseline
EVT_002351,True,TRANSACTION_ANOMALY,high,Unusually high-value cross-account mule transfer
EVT_002352,False,NORMAL,none,Standard event within normal baseline
EVT_002353,True,TRANSACTION_ANOMALY,high,Unusually high-value cross-account mule transfer
EVT_002354,False,NORMAL,none,Standard event within normal baseline
EVT_002355,False,NORMAL,none,Standard event within normal baseline
EVT_002356,False,NORMAL,none,Standard event within normal baseline
EVT_002357,False,NORMAL,none,Standard event within normal baseline
EVT_002358,False,NORMAL,none,Standard event within normal baseline
EVT_002359,False,NORMAL,none,Standard event within normal baseline
EVT_002360,False,NORMAL,none,Standard event within normal baseline
EVT_002361,True,BURST_ACTIVITY,high,Event occurred during sudden concentrated activity surge
EVT_002362,False,NORMAL,none,Standard event within normal baseline
EVT_002363,True,BURST_ACTIVITY,high,Event occurred during sudden concentrated activity surge
EVT_002364,False,NORMAL,none,Standard event within normal baseline
EVT_002365,False,NORMAL,none,Standard event within normal baseline
EVT_002366,False,NORMAL,none,Standard event within normal baseline
EVT_002367,False,NORMAL,none,Standard event within normal baseline
EVT_002368,False,NORMAL,none,Standard event within normal baseline
EVT_002369,False,NORMAL,none,Standard event within normal baseline
EVT_002370,False,NORMAL,none,Standard event within normal baseline
EVT_002371,False,NORMAL,none,Standard event within normal baseline
EVT_002372,False,NORMAL,none,Standard event within normal baseline
EVT_002373,False,NORMAL,none,Standard event within normal baseline
EVT_002374,True,BURST_ACTIVITY,high,Event occurred during sudden concentrated activity surge
EVT_002375,False,NORMAL,none,Standard event within normal baseline
EVT_002376,True,BURST_ACTIVITY,high,Event occurred during sudden concentrated activity surge
EVT_002377,False,NORMAL,none,Standard event within normal baseline
EVT_002378,False,NORMAL,none,Standard event within normal baseline
EVT_002379,True,LOCATION_ANOMALY,medium,Event recorded with rapid impossible geographical transit
EVT_002380,False,NORMAL,none,Standard event within normal baseline
EVT_002381,True,BURST_ACTIVITY,high,Event occurred during sudden concentrated activity surge
EVT_002382,True,BURST_ACTIVITY,high,Event occurred during sudden concentrated activity surge
EVT_002383,False,NORMAL,none,Standard event within normal baseline
EVT_002384,False,NORMAL,none,Standard event within normal baseline
EVT_002385,False,NORMAL,none,Standard event within normal baseline
EVT_002386,False,NORMAL,none,Standard event within normal baseline
EVT_002387,False,NORMAL,none,Standard event within normal baseline
EVT_002388,False,NORMAL,none,Standard event within normal baseline
EVT_002389,False,NORMAL,none,Standard event within normal baseline
EVT_002390,False,NORMAL,none,Standard event within normal baseline
EVT_002391,False,NORMAL,none,Standard event within normal baseline
EVT_002392,False,NORMAL,none,Standard event within normal baseline
EVT_002393,False,NORMAL,none,Standard event within normal baseline
EVT_002394,True,BURST_ACTIVITY,high,Event occurred during sudden concentrated activity surge
EVT_002395,False,NORMAL,none,Standard event within normal baseline
EVT_002396,False,NORMAL,none,Standard event within normal baseline
EVT_002397,True,COMMUNICATION_ANOMALY,medium,High-frequency short duration ping call
EVT_002398,False,NORMAL,none,Standard event within normal baseline
EVT_002399,False,NORMAL,none,Standard event within normal baseline
EVT_002400,False,NORMAL,none,Standard event within normal baseline
EVT_002401,False,NORMAL,none,Standard event within normal baseline
EVT_002402,True,BURST_ACTIVITY,high,Event occurred during sudden concentrated activity surge
EVT_002403,False,NORMAL,none,Standard event within normal baseline
EVT_002404,False,NORMAL,none,Standard event within normal baseline
EVT_002405,False,NORMAL,none,Standard event within normal baseline
EVT_002406,True,BURST_ACTIVITY,high,Event occurred during sudden concentrated activity surge
EVT_002407,False,NORMAL,none,Standard event within normal baseline
EVT_002408,False,NORMAL,none,Standard event within normal baseline
EVT_002409,False,NORMAL,none,Standard event within normal baseline
EVT_002410,False,NORMAL,none,Standard event within normal baseline
EVT_002411,False,NORMAL,none,Standard event within normal baseline
EVT_002412,False,NORMAL,none,Standard event within normal baseline
EVT_002413,False,NORMAL,none,Standard event within normal baseline
EVT_002414,False,NORMAL,none,Standard event within normal baseline
EVT_002415,False,NORMAL,none,Standard event within normal baseline
EVT_002416,False,NORMAL,none,Standard event within normal baseline
EVT_002417,False,NORMAL,none,Standard event within normal baseline
EVT_002418,False,NORMAL,none,Standard event within normal baseline
EVT_002419,False,NORMAL,none,Standard event within normal baseline
EVT_002420,True,BURST_ACTIVITY,high,Event occurred during sudden concentrated activity surge
EVT_002421,False,NORMAL,none,Standard event within normal baseline
EVT_002422,False,NORMAL,none,Standard event within normal baseline
EVT_002423,False,NORMAL,none,Standard event within normal baseline
EVT_002424,False,NORMAL,none,Standard event within normal baseline
EVT_002425,False,NORMAL,none,Standard event within normal baseline
EVT_002426,False,NORMAL,none,Standard event within normal baseline
EVT_002427,False,NORMAL,none,Standard event within normal baseline
EVT_002428,False,NORMAL,none,Standard event within normal baseline
EVT_002429,False,NORMAL,none,Standard event within normal baseline
EVT_002430,True,BURST_ACTIVITY,high,Event occurred during sudden concentrated activity surge
EVT_002431,False,NORMAL,none,Standard event within normal baseline
EVT_002432,False,NORMAL,none,Standard event within normal baseline
EVT_002433,False,NORMAL,none,Standard event within normal baseline
EVT_002434,False,NORMAL,none,Standard event within normal baseline
EVT_002435,True,BURST_ACTIVITY,high,Event occurred during sudden concentrated activity surge
EVT_002436,False,NORMAL,none,Standard event within normal baseline
EVT_002437,False,NORMAL,none,Standard event within normal baseline
EVT_002438,False,NORMAL,none,Standard event within normal baseline
EVT_002439,True,BURST_ACTIVITY,high,Event occurred during sudden concentrated activity surge
EVT_002440,False,NORMAL,none,Standard event within normal baseline
EVT_002441,False,NORMAL,none,Standard event within normal baseline
EVT_002442,False,NORMAL,none,Standard event within normal baseline
EVT_002443,False,NORMAL,none,Standard event within normal baseline
EVT_002444,False,NORMAL,none,Standard event within normal baseline
EVT_002445,True,BURST_ACTIVITY,high,Event occurred during sudden concentrated activity surge
EVT_002446,False,NORMAL,none,Standard event within normal baseline
EVT_002447,False,NORMAL,none,Standard event within normal baseline
EVT_002448,False,NORMAL,none,Standard event within normal baseline
EVT_002449,False,NORMAL,none,Standard event within normal baseline
EVT_002450,True,TRANSACTION_ANOMALY,high,Unusually high-value cross-account mule transfer
EVT_002451,True,HIGH_ACTIVITY,medium,Elevated transactional volume from network hub
EVT_002452,False,NORMAL,none,Standard event within normal baseline
EVT_002453,False,NORMAL,none,Standard event within normal baseline
EVT_002454,True,BURST_ACTIVITY,high,Event occurred during sudden concentrated activity surge
EVT_002455,False,NORMAL,none,Standard event within normal baseline
EVT_002456,False,NORMAL,none,Standard event within normal baseline
EVT_002457,False,NORMAL,none,Standard event within normal baseline
EVT_002458,False,NORMAL,none,Standard event within normal baseline
EVT_002459,False,NORMAL,none,Standard event within normal baseline
EVT_002460,True,BURST_ACTIVITY,high,Event occurred during sudden concentrated activity surge
EVT_002461,False,NORMAL,none,Standard event within normal baseline
EVT_002462,False,NORMAL,none,Standard event within normal baseline
EVT_002463,False,NORMAL,none,Standard event within normal baseline
EVT_002464,False,NORMAL,none,Standard event within normal baseline
EVT_002465,False,NORMAL,none,Standard event within normal baseline
EVT_002466,False,NORMAL,none,Standard event within normal baseline
EVT_002467,True,BURST_ACTIVITY,high,Event occurred during sudden concentrated activity surge
EVT_002468,False,NORMAL,none,Standard event within normal baseline
EVT_002469,False,NORMAL,none,Standard event within normal baseline
EVT_002470,False,NORMAL,none,Standard event within normal baseline
EVT_002471,False,NORMAL,none,Standard event within normal baseline
EVT_002472,False,NORMAL,none,Standard event within normal baseline
EVT_002473,False,NORMAL,none,Standard event within normal baseline
EVT_002474,False,NORMAL,none,Standard event within normal baseline
EVT_002475,False,NORMAL,none,Standard event within normal baseline
EVT_002476,False,NORMAL,none,Standard event within normal baseline
EVT_002477,False,NORMAL,none,Standard event within normal baseline
EVT_002478,True,BURST_ACTIVITY,high,Event occurred during sudden concentrated activity surge
EVT_002479,False,NORMAL,none,Standard event within normal baseline
EVT_002480,False,NORMAL,none,Standard event within normal baseline
EVT_002481,False,NORMAL,none,Standard event within normal baseline
EVT_002482,False,NORMAL,none,Standard event within normal baseline
EVT_002483,False,NORMAL,none,Standard event within normal baseline
EVT_002484,False,NORMAL,none,Standard event within normal baseline
EVT_002485,False,NORMAL,none,Standard event within normal baseline
EVT_002486,False,NORMAL,none,Standard event within normal baseline
EVT_002487,False,NORMAL,none,Standard event within normal baseline
EVT_002488,False,NORMAL,none,Standard event within normal baseline
EVT_002489,True,BURST_ACTIVITY,high,Event occurred during sudden concentrated activity surge
EVT_002490,False,NORMAL,none,Standard event within normal baseline
EVT_002491,False,NORMAL,none,Standard event within normal baseline
EVT_002492,False,NORMAL,none,Standard event within normal baseline
EVT_002493,False,NORMAL,none,Standard event within normal baseline
EVT_002494,False,NORMAL,none,Standard event within normal baseline
EVT_002495,False,NORMAL,none,Standard event within normal baseline
EVT_002496,False,NORMAL,none,Standard event within normal baseline
EVT_002497,False,NORMAL,none,Standard event within normal baseline
EVT_002498,True,BURST_ACTIVITY,high,Event occurred during sudden concentrated activity surge
EVT_002499,False,NORMAL,none,Standard event within normal baseline
EVT_002500,False,NORMAL,none,Standard event within normal baseline
EVT_002501,True,BURST_ACTIVITY,high,Event occurred during sudden concentrated activity surge
EVT_002502,False,NORMAL,none,Standard event within normal baseline
EVT_002503,False,NORMAL,none,Standard event within normal baseline
EVT_002504,True,BURST_ACTIVITY,high,Event occurred during sudden concentrated activity surge
EVT_002505,False,NORMAL,none,Standard event within normal baseline
EVT_002506,False,NORMAL,none,Standard event within normal baseline
EVT_002507,False,NORMAL,none,Standard event within normal baseline
EVT_002508,False,NORMAL,none,Standard event within normal baseline
EVT_002509,True,BURST_ACTIVITY,high,Event occurred during sudden concentrated activity surge
EVT_002510,False,NORMAL,none,Standard event within normal baseline
EVT_002511,True,BURST_ACTIVITY,high,Event occurred during sudden concentrated activity surge
EVT_002512,False,NORMAL,none,Standard event within normal baseline
EVT_002513,False,NORMAL,none,Standard event within normal baseline
EVT_002514,True,HIGH_ACTIVITY,medium,Elevated transactional volume from network hub
EVT_002515,False,NORMAL,none,Standard event within normal baseline
EVT_002516,False,NORMAL,none,Standard event within normal baseline
EVT_002517,True,BURST_ACTIVITY,high,Event occurred during sudden concentrated activity surge
EVT_002518,True,COMMUNICATION_ANOMALY,medium,High-frequency short duration ping call
EVT_002519,False,NORMAL,none,Standard event within normal baseline
EVT_002520,False,NORMAL,none,Standard event within normal baseline
EVT_002521,False,NORMAL,none,Standard event within normal baseline
EVT_002522,False,NORMAL,none,Standard event within normal baseline
EVT_002523,False,NORMAL,none,Standard event within normal baseline
EVT_002524,False,NORMAL,none,Standard event within normal baseline
EVT_002525,False,NORMAL,none,Standard event within normal baseline
EVT_002526,False,NORMAL,none,Standard event within normal baseline
EVT_002527,False,NORMAL,none,Standard event within normal baseline
EVT_002528,False,NORMAL,none,Standard event within normal baseline
EVT_002529,False,NORMAL,none,Standard event within normal baseline
EVT_002530,False,NORMAL,none,Standard event within normal baseline
EVT_002531,True,BURST_ACTIVITY,high,Event occurred during sudden concentrated activity surge
EVT_002532,False,NORMAL,none,Standard event within normal baseline
EVT_002533,False,NORMAL,none,Standard event within normal baseline
EVT_002534,False,NORMAL,none,Standard event within normal baseline
EVT_002535,False,NORMAL,none,Standard event within normal baseline
EVT_002536,False,NORMAL,none,Standard event within normal baseline
EVT_002537,True,BURST_ACTIVITY,high,Event occurred during sudden concentrated activity surge
EVT_002538,False,NORMAL,none,Standard event within normal baseline
EVT_002539,False,NORMAL,none,Standard event within normal baseline
EVT_002540,True,BURST_ACTIVITY,high,Event occurred during sudden concentrated activity surge
EVT_002541,False,NORMAL,none,Standard event within normal baseline
EVT_002542,False,NORMAL,none,Standard event within normal baseline
EVT_002543,False,NORMAL,none,Standard event within normal baseline
EVT_002544,True,BURST_ACTIVITY,high,Event occurred during sudden concentrated activity surge
EVT_002545,True,BURST_ACTIVITY,high,Event occurred during sudden concentrated activity surge
EVT_002546,True,BURST_ACTIVITY,high,Event occurred during sudden concentrated activity surge
EVT_002547,False,NORMAL,none,Standard event within normal baseline
EVT_002548,False,NORMAL,none,Standard event within normal baseline
EVT_002549,False,NORMAL,none,Standard event within normal baseline
EVT_002550,False,NORMAL,none,Standard event within normal baseline
EVT_002551,True,BURST_ACTIVITY,high,Event occurred during sudden concentrated activity surge
EVT_002552,False,NORMAL,none,Standard event within normal baseline
EVT_002553,False,NORMAL,none,Standard event within normal baseline
EVT_002554,False,NORMAL,none,Standard event within normal baseline
EVT_002555,False,NORMAL,none,Standard event within normal baseline
EVT_002556,False,NORMAL,none,Standard event within normal baseline
EVT_002557,True,BURST_ACTIVITY,high,Event occurred during sudden concentrated activity surge
EVT_002558,False,NORMAL,none,Standard event within normal baseline
EVT_002559,False,NORMAL,none,Standard event within normal baseline
EVT_002560,False,NORMAL,none,Standard event within normal baseline
EVT_002561,False,NORMAL,none,Standard event within normal baseline
EVT_002562,False,NORMAL,none,Standard event within normal baseline
EVT_002563,False,NORMAL,none,Standard event within normal baseline
EVT_002564,False,NORMAL,none,Standard event within normal baseline
EVT_002565,False,NORMAL,none,Standard event within normal baseline
EVT_002566,False,NORMAL,none,Standard event within normal baseline
EVT_002567,False,NORMAL,none,Standard event within normal baseline
EVT_002568,False,NORMAL,none,Standard event within normal baseline
EVT_002569,False,NORMAL,none,Standard event within normal baseline
EVT_002570,False,NORMAL,none,Standard event within normal baseline
EVT_002571,True,BURST_ACTIVITY,high,Event occurred during sudden concentrated activity surge
EVT_002572,True,BURST_ACTIVITY,high,Event occurred during sudden concentrated activity surge
EVT_002573,False,NORMAL,none,Standard event within normal baseline
EVT_002574,False,NORMAL,none,Standard event within normal baseline
EVT_002575,False,NORMAL,none,Standard event within normal baseline
EVT_002576,False,NORMAL,none,Standard event within normal baseline
EVT_002577,False,NORMAL,none,Standard event within normal baseline
EVT_002578,False,NORMAL,none,Standard event within normal baseline
EVT_002579,False,NORMAL,none,Standard event within normal baseline
EVT_002580,True,BURST_ACTIVITY,high,Event occurred during sudden concentrated activity surge
EVT_002581,False,NORMAL,none,Standard event within normal baseline
EVT_002582,False,NORMAL,none,Standard event within normal baseline
EVT_002583,False,NORMAL,none,Standard event within normal baseline
EVT_002584,False,NORMAL,none,Standard event within normal baseline
EVT_002585,False,NORMAL,none,Standard event within normal baseline
EVT_002586,True,HIGH_ACTIVITY,medium,Elevated transactional volume from network hub
EVT_002587,False,NORMAL,none,Standard event within normal baseline
EVT_002588,False,NORMAL,none,Standard event within normal baseline
EVT_002589,False,NORMAL,none,Standard event within normal baseline
EVT_002590,False,NORMAL,none,Standard event within normal baseline
EVT_002591,True,TRANSACTION_ANOMALY,high,Unusually high-value cross-account mule transfer
EVT_002592,False,NORMAL,none,Standard event within normal baseline
EVT_002593,False,NORMAL,none,Standard event within normal baseline
EVT_002594,False,NORMAL,none,Standard event within normal baseline
EVT_002595,False,NORMAL,none,Standard event within normal baseline
EVT_002596,False,NORMAL,none,Standard event within normal baseline
EVT_002597,False,NORMAL,none,Standard event within normal baseline
EVT_002598,False,NORMAL,none,Standard event within normal baseline
EVT_002599,False,NORMAL,none,Standard event within normal baseline
EVT_002600,False,NORMAL,none,Standard event within normal baseline
EVT_002601,True,BURST_ACTIVITY,high,Event occurred during sudden concentrated activity surge
EVT_002602,False,NORMAL,none,Standard event within normal baseline
EVT_002603,False,NORMAL,none,Standard event within normal baseline
EVT_002604,False,NORMAL,none,Standard event within normal baseline
EVT_002605,False,NORMAL,none,Standard event within normal baseline
EVT_002606,False,NORMAL,none,Standard event within normal baseline
EVT_002607,False,NORMAL,none,Standard event within normal baseline
EVT_002608,False,NORMAL,none,Standard event within normal baseline
EVT_002609,True,BURST_ACTIVITY,high,Event occurred during sudden concentrated activity surge
EVT_002610,False,NORMAL,none,Standard event within normal baseline
EVT_002611,False,NORMAL,none,Standard event within normal baseline
EVT_002612,True,BURST_ACTIVITY,high,Event occurred during sudden concentrated activity surge
EVT_002613,True,BURST_ACTIVITY,high,Event occurred during sudden concentrated activity surge
EVT_002614,False,NORMAL,none,Standard event within normal baseline
EVT_002615,True,HIGH_ACTIVITY,medium,Elevated transactional volume from network hub
EVT_002616,True,BURST_ACTIVITY,high,Event occurred during sudden concentrated activity surge
EVT_002617,False,NORMAL,none,Standard event within normal baseline
EVT_002618,True,BURST_ACTIVITY,high,Event occurred during sudden concentrated activity surge
EVT_002619,False,NORMAL,none,Standard event within normal baseline
EVT_002620,False,NORMAL,none,Standard event within normal baseline
EVT_002621,True,TRANSACTION_ANOMALY,high,Unusually high-value cross-account mule transfer
EVT_002622,False,NORMAL,none,Standard event within normal baseline
EVT_002623,False,NORMAL,none,Standard event within normal baseline
EVT_002624,False,NORMAL,none,Standard event within normal baseline
EVT_002625,False,NORMAL,none,Standard event within normal baseline
EVT_002626,False,NORMAL,none,Standard event within normal baseline
EVT_002627,False,NORMAL,none,Standard event within normal baseline
EVT_002628,False,NORMAL,none,Standard event within normal baseline
EVT_002629,False,NORMAL,none,Standard event within normal baseline
EVT_002630,False,NORMAL,none,Standard event within normal baseline
EVT_002631,False,NORMAL,none,Standard event within normal baseline
EVT_002632,False,NORMAL,none,Standard event within normal baseline
EVT_002633,False,NORMAL,none,Standard event within normal baseline
EVT_002634,False,NORMAL,none,Standard event within normal baseline
EVT_002635,False,NORMAL,none,Standard event within normal baseline
EVT_002636,False,NORMAL,none,Standard event within normal baseline
EVT_002637,False,NORMAL,none,Standard event within normal baseline
EVT_002638,False,NORMAL,none,Standard event within normal baseline
EVT_002639,False,NORMAL,none,Standard event within normal baseline
EVT_002640,False,NORMAL,none,Standard event within normal baseline
EVT_002641,False,NORMAL,none,Standard event within normal baseline
EVT_002642,False,NORMAL,none,Standard event within normal baseline
EVT_002643,False,NORMAL,none,Standard event within normal baseline
EVT_002644,False,NORMAL,none,Standard event within normal baseline
EVT_002645,True,COMMUNICATION_ANOMALY,medium,High-frequency short duration ping call
EVT_002646,False,NORMAL,none,Standard event within normal baseline
EVT_002647,False,NORMAL,none,Standard event within normal baseline
EVT_002648,False,NORMAL,none,Standard event within normal baseline
EVT_002649,True,BURST_ACTIVITY,high,Event occurred during sudden concentrated activity surge
EVT_002650,False,NORMAL,none,Standard event within normal baseline
EVT_002651,False,NORMAL,none,Standard event within normal baseline
EVT_002652,True,BURST_ACTIVITY,high,Event occurred during sudden concentrated activity surge
EVT_002653,False,NORMAL,none,Standard event within normal baseline
EVT_002654,False,NORMAL,none,Standard event within normal baseline
EVT_002655,False,NORMAL,none,Standard event within normal baseline
EVT_002656,False,NORMAL,none,Standard event within normal baseline
EVT_002657,False,NORMAL,none,Standard event within normal baseline
EVT_002658,False,NORMAL,none,Standard event within normal baseline
EVT_002659,False,NORMAL,none,Standard event within normal baseline
EVT_002660,True,TRANSACTION_ANOMALY,high,Unusually high-value cross-account mule transfer
EVT_002661,False,NORMAL,none,Standard event within normal baseline
EVT_002662,True,HIGH_ACTIVITY,medium,Elevated transactional volume from network hub
EVT_002663,True,BURST_ACTIVITY,high,Event occurred during sudden concentrated activity surge
EVT_002664,False,NORMAL,none,Standard event within normal baseline
EVT_002665,False,NORMAL,none,Standard event within normal baseline
EVT_002666,False,NORMAL,none,Standard event within normal baseline
EVT_002667,False,NORMAL,none,Standard event within normal baseline
EVT_002668,False,NORMAL,none,Standard event within normal baseline
EVT_002669,False,NORMAL,none,Standard event within normal baseline
EVT_002670,False,NORMAL,none,Standard event within normal baseline
EVT_002671,True,LOCATION_ANOMALY,medium,Event recorded with rapid impossible geographical transit
EVT_002672,False,NORMAL,none,Standard event within normal baseline
EVT_002673,False,NORMAL,none,Standard event within normal baseline
EVT_002674,False,NORMAL,none,Standard event within normal baseline
EVT_002675,False,NORMAL,none,Standard event within normal baseline
EVT_002676,False,NORMAL,none,Standard event within normal baseline
EVT_002677,False,NORMAL,none,Standard event within normal baseline
EVT_002678,False,NORMAL,none,Standard event within normal baseline
EVT_002679,False,NORMAL,none,Standard event within normal baseline
EVT_002680,True,HIGH_ACTIVITY,medium,Elevated transactional volume from network hub
EVT_002681,False,NORMAL,none,Standard event within normal baseline
EVT_002682,False,NORMAL,none,Standard event within normal baseline
EVT_002683,False,NORMAL,none,Standard event within normal baseline
EVT_002684,False,NORMAL,none,Standard event within normal baseline
EVT_002685,False,NORMAL,none,Standard event within normal baseline
EVT_002686,False,NORMAL,none,Standard event within normal baseline
EVT_002687,False,NORMAL,none,Standard event within normal baseline
EVT_002688,False,NORMAL,none,Standard event within normal baseline
EVT_002689,False,NORMAL,none,Standard event within normal baseline
EVT_002690,False,NORMAL,none,Standard event within normal baseline
EVT_002691,True,BURST_ACTIVITY,high,Event occurred during sudden concentrated activity surge
EVT_002692,False,NORMAL,none,Standard event within normal baseline
EVT_002693,False,NORMAL,none,Standard event within normal baseline
EVT_002694,False,NORMAL,none,Standard event within normal baseline
EVT_002695,True,LOCATION_ANOMALY,medium,Event recorded with rapid impossible geographical transit
EVT_002696,False,NORMAL,none,Standard event within normal baseline
EVT_002697,False,NORMAL,none,Standard event within normal baseline
EVT_002698,False,NORMAL,none,Standard event within normal baseline
EVT_002699,False,NORMAL,none,Standard event within normal baseline
EVT_002700,False,NORMAL,none,Standard event within normal baseline
EVT_002701,False,NORMAL,none,Standard event within normal baseline
EVT_002702,False,NORMAL,none,Standard event within normal baseline
EVT_002703,False,NORMAL,none,Standard event within normal baseline
EVT_002704,False,NORMAL,none,Standard event within normal baseline
EVT_002705,False,NORMAL,none,Standard event within normal baseline
EVT_002706,False,NORMAL,none,Standard event within normal baseline
EVT_002707,False,NORMAL,none,Standard event within normal baseline
EVT_002708,False,NORMAL,none,Standard event within normal baseline
EVT_002709,False,NORMAL,none,Standard event within normal baseline
EVT_002710,False,NORMAL,none,Standard event within normal baseline
EVT_002711,False,NORMAL,none,Standard event within normal baseline
EVT_002712,False,NORMAL,none,Standard event within normal baseline
EVT_002713,False,NORMAL,none,Standard event within normal baseline
EVT_002714,False,NORMAL,none,Standard event within normal baseline
EVT_002715,False,NORMAL,none,Standard event within normal baseline
EVT_002716,False,NORMAL,none,Standard event within normal baseline
EVT_002717,False,NORMAL,none,Standard event within normal baseline
EVT_002718,False,NORMAL,none,Standard event within normal baseline
EVT_002719,False,NORMAL,none,Standard event within normal baseline
EVT_002720,False,NORMAL,none,Standard event within normal baseline
EVT_002721,True,TRANSACTION_ANOMALY,high,Unusually high-value cross-account mule transfer
EVT_002722,False,NORMAL,none,Standard event within normal baseline
EVT_002723,False,NORMAL,none,Standard event within normal baseline
EVT_002724,False,NORMAL,none,Standard event within normal baseline
EVT_002725,False,NORMAL,none,Standard event within normal baseline
EVT_002726,False,NORMAL,none,Standard event within normal baseline
EVT_002727,False,NORMAL,none,Standard event within normal baseline
EVT_002728,False,NORMAL,none,Standard event within normal baseline
EVT_002729,False,NORMAL,none,Standard event within normal baseline
EVT_002730,False,NORMAL,none,Standard event within normal baseline
EVT_002731,False,NORMAL,none,Standard event within normal baseline
EVT_002732,False,NORMAL,none,Standard event within normal baseline
EVT_002733,True,TRANSACTION_ANOMALY,high,Unusually high-value cross-account mule transfer
EVT_002734,False,NORMAL,none,Standard event within normal baseline
EVT_002735,True,BURST_ACTIVITY,high,Event occurred during sudden concentrated activity surge
EVT_002736,True,BURST_ACTIVITY,high,Event occurred during sudden concentrated activity surge
EVT_002737,False,NORMAL,none,Standard event within normal baseline
EVT_002738,False,NORMAL,none,Standard event within normal baseline
EVT_002739,False,NORMAL,none,Standard event within normal baseline
EVT_002740,False,NORMAL,none,Standard event within normal baseline
EVT_002741,False,NORMAL,none,Standard event within normal baseline
EVT_002742,False,NORMAL,none,Standard event within normal baseline
EVT_002743,False,NORMAL,none,Standard event within normal baseline
EVT_002744,False,NORMAL,none,Standard event within normal baseline
EVT_002745,False,NORMAL,none,Standard event within normal baseline
EVT_002746,False,NORMAL,none,Standard event within normal baseline
EVT_002747,False,NORMAL,none,Standard event within normal baseline
EVT_002748,False,NORMAL,none,Standard event within normal baseline
EVT_002749,False,NORMAL,none,Standard event within normal baseline
EVT_002750,True,BURST_ACTIVITY,high,Event occurred during sudden concentrated activity surge
EVT_002751,True,BURST_ACTIVITY,high,Event occurred during sudden concentrated activity surge
EVT_002752,False,NORMAL,none,Standard event within normal baseline
EVT_002753,False,NORMAL,none,Standard event within normal baseline
EVT_002754,False,NORMAL,none,Standard event within normal baseline
EVT_002755,False,NORMAL,none,Standard event within normal baseline
EVT_002756,False,NORMAL,none,Standard event within normal baseline
EVT_002757,False,NORMAL,none,Standard event within normal baseline
EVT_002758,False,NORMAL,none,Standard event within normal baseline
EVT_002759,False,NORMAL,none,Standard event within normal baseline
EVT_002760,True,BURST_ACTIVITY,high,Event occurred during sudden concentrated activity surge
EVT_002761,True,TRANSACTION_ANOMALY,high,Unusually high-value cross-account mule transfer
EVT_002762,False,NORMAL,none,Standard event within normal baseline
EVT_002763,True,BURST_ACTIVITY,high,Event occurred during sudden concentrated activity surge
EVT_002764,False,NORMAL,none,Standard event within normal baseline
EVT_002765,False,NORMAL,none,Standard event within normal baseline
EVT_002766,True,BURST_ACTIVITY,high,Event occurred during sudden concentrated activity surge
EVT_002767,False,NORMAL,none,Standard event within normal baseline
EVT_002768,False,NORMAL,none,Standard event within normal baseline
EVT_002769,False,NORMAL,none,Standard event within normal baseline
EVT_002770,False,NORMAL,none,Standard event within normal baseline
EVT_002771,False,NORMAL,none,Standard event within normal baseline
EVT_002772,False,NORMAL,none,Standard event within normal baseline
EVT_002773,False,NORMAL,none,Standard event within normal baseline
EVT_002774,False,NORMAL,none,Standard event within normal baseline
EVT_002775,True,BURST_ACTIVITY,high,Event occurred during sudden concentrated activity surge
EVT_002776,False,NORMAL,none,Standard event within normal baseline
EVT_002777,False,NORMAL,none,Standard event within normal baseline
EVT_002778,False,NORMAL,none,Standard event within normal baseline
EVT_002779,False,NORMAL,none,Standard event within normal baseline
EVT_002780,False,NORMAL,none,Standard event within normal baseline
EVT_002781,True,TRANSACTION_ANOMALY,high,Unusually high-value cross-account mule transfer
EVT_002782,False,NORMAL,none,Standard event within normal baseline
EVT_002783,False,NORMAL,none,Standard event within normal baseline
EVT_002784,True,BURST_ACTIVITY,high,Event occurred during sudden concentrated activity surge
EVT_002785,False,NORMAL,none,Standard event within normal baseline
EVT_002786,False,NORMAL,none,Standard event within normal baseline
EVT_002787,False,NORMAL,none,Standard event within normal baseline
EVT_002788,False,NORMAL,none,Standard event within normal baseline
EVT_002789,False,NORMAL,none,Standard event within normal baseline
EVT_002790,True,BURST_ACTIVITY,high,Event occurred during sudden concentrated activity surge
EVT_002791,False,NORMAL,none,Standard event within normal baseline
EVT_002792,False,NORMAL,none,Standard event within normal baseline
EVT_002793,False,NORMAL,none,Standard event within normal baseline
EVT_002794,False,NORMAL,none,Standard event within normal baseline
EVT_002795,False,NORMAL,none,Standard event within normal baseline
EVT_002796,False,NORMAL,none,Standard event within normal baseline
EVT_002797,False,NORMAL,none,Standard event within normal baseline
EVT_002798,False,NORMAL,none,Standard event within normal baseline
EVT_002799,False,NORMAL,none,Standard event within normal baseline
EVT_002800,False,NORMAL,none,Standard event within normal baseline
EVT_002801,True,BURST_ACTIVITY,high,Event occurred during sudden concentrated activity surge
EVT_002802,False,NORMAL,none,Standard event within normal baseline
EVT_002803,True,SHARED_INFRASTRUCTURE,high,Event originated from high-fanout shared device/IP cluster
EVT_002804,True,BURST_ACTIVITY,high,Event occurred during sudden concentrated activity surge
EVT_002805,False,NORMAL,none,Standard event within normal baseline
EVT_002806,False,NORMAL,none,Standard event within normal baseline
EVT_002807,True,BURST_ACTIVITY,high,Event occurred during sudden concentrated activity surge
EVT_002808,True,BURST_ACTIVITY,high,Event occurred during sudden concentrated activity surge
EVT_002809,False,NORMAL,none,Standard event within normal baseline
EVT_002810,False,NORMAL,none,Standard event within normal baseline
EVT_002811,False,NORMAL,none,Standard event within normal baseline
EVT_002812,False,NORMAL,none,Standard event within normal baseline
EVT_002813,False,NORMAL,none,Standard event within normal baseline
EVT_002814,False,NORMAL,none,Standard event within normal baseline
EVT_002815,False,NORMAL,none,Standard event within normal baseline
EVT_002816,True,BURST_ACTIVITY,high,Event occurred during sudden concentrated activity surge
EVT_002817,False,NORMAL,none,Standard event within normal baseline
EVT_002818,False,NORMAL,none,Standard event within normal baseline
EVT_002819,True,SHARED_INFRASTRUCTURE,high,Event originated from high-fanout shared device/IP cluster
EVT_002820,True,LOCATION_ANOMALY,medium,Event recorded with rapid impossible geographical transit
EVT_002821,False,NORMAL,none,Standard event within normal baseline
EVT_002822,False,NORMAL,none,Standard event within normal baseline
EVT_002823,False,NORMAL,none,Standard event within normal baseline
EVT_002824,False,NORMAL,none,Standard event within normal baseline
EVT_002825,False,NORMAL,none,Standard event within normal baseline
EVT_002826,False,NORMAL,none,Standard event within normal baseline
EVT_002827,True,HIGH_ACTIVITY,medium,Elevated transactional volume from network hub
EVT_002828,False,NORMAL,none,Standard event within normal baseline
EVT_002829,True,COMMUNICATION_ANOMALY,medium,High-frequency short duration ping call
EVT_002830,False,NORMAL,none,Standard event within normal baseline
EVT_002831,True,COMMUNICATION_ANOMALY,medium,High-frequency short duration ping call
EVT_002832,False,NORMAL,none,Standard event within normal baseline
EVT_002833,False,NORMAL,none,Standard event within normal baseline
EVT_002834,True,BURST_ACTIVITY,high,Event occurred during sudden concentrated activity surge
EVT_002835,False,NORMAL,none,Standard event within normal baseline
EVT_002836,False,NORMAL,none,Standard event within normal baseline
EVT_002837,True,BURST_ACTIVITY,high,Event occurred during sudden concentrated activity surge
EVT_002838,False,NORMAL,none,Standard event within normal baseline
EVT_002839,False,NORMAL,none,Standard event within normal baseline
EVT_002840,False,NORMAL,none,Standard event within normal baseline
EVT_002841,False,NORMAL,none,Standard event within normal baseline
EVT_002842,False,NORMAL,none,Standard event within normal baseline
EVT_002843,False,NORMAL,none,Standard event within normal baseline
EVT_002844,True,BURST_ACTIVITY,high,Event occurred during sudden concentrated activity surge
EVT_002845,False,NORMAL,none,Standard event within normal baseline
EVT_002846,False,NORMAL,none,Standard event within normal baseline
EVT_002847,False,NORMAL,none,Standard event within normal baseline
EVT_002848,False,NORMAL,none,Standard event within normal baseline
EVT_002849,False,NORMAL,none,Standard event within normal baseline
EVT_002850,False,NORMAL,none,Standard event within normal baseline
EVT_002851,False,NORMAL,none,Standard event within normal baseline
EVT_002852,False,NORMAL,none,Standard event within normal baseline
EVT_002853,False,NORMAL,none,Standard event within normal baseline
EVT_002854,False,NORMAL,none,Standard event within normal baseline
EVT_002855,False,NORMAL,none,Standard event within normal baseline
EVT_002856,False,NORMAL,none,Standard event within normal baseline
EVT_002857,True,BURST_ACTIVITY,high,Event occurred during sudden concentrated activity surge
EVT_002858,False,NORMAL,none,Standard event within normal baseline
EVT_002859,False,NORMAL,none,Standard event within normal baseline
EVT_002860,False,NORMAL,none,Standard event within normal baseline
EVT_002861,True,BURST_ACTIVITY,high,Event occurred during sudden concentrated activity surge
EVT_002862,True,BURST_ACTIVITY,high,Event occurred during sudden concentrated activity surge
EVT_002863,False,NORMAL,none,Standard event within normal baseline
EVT_002864,False,NORMAL,none,Standard event within normal baseline
EVT_002865,True,BURST_ACTIVITY,high,Event occurred during sudden concentrated activity surge
EVT_002866,False,NORMAL,none,Standard event within normal baseline
EVT_002867,False,NORMAL,none,Standard event within normal baseline
EVT_002868,True,BURST_ACTIVITY,high,Event occurred during sudden concentrated activity surge
EVT_002869,False,NORMAL,none,Standard event within normal baseline
EVT_002870,True,SHARED_INFRASTRUCTURE,high,Event originated from high-fanout shared device/IP cluster
EVT_002871,True,BURST_ACTIVITY,high,Event occurred during sudden concentrated activity surge
EVT_002872,False,NORMAL,none,Standard event within normal baseline
EVT_002873,False,NORMAL,none,Standard event within normal baseline
EVT_002874,False,NORMAL,none,Standard event within normal baseline
EVT_002875,True,TRANSACTION_ANOMALY,high,Unusually high-value cross-account mule transfer
EVT_002876,False,NORMAL,none,Standard event within normal baseline
EVT_002877,False,NORMAL,none,Standard event within normal baseline
EVT_002878,False,NORMAL,none,Standard event within normal baseline
EVT_002879,True,BURST_ACTIVITY,high,Event occurred during sudden concentrated activity surge
EVT_002880,True,BURST_ACTIVITY,high,Event occurred during sudden concentrated activity surge
EVT_002881,False,NORMAL,none,Standard event within normal baseline
EVT_002882,True,BURST_ACTIVITY,high,Event occurred during sudden concentrated activity surge
EVT_002883,False,NORMAL,none,Standard event within normal baseline
EVT_002884,True,BURST_ACTIVITY,high,Event occurred during sudden concentrated activity surge
EVT_002885,False,NORMAL,none,Standard event within normal baseline
EVT_002886,True,BURST_ACTIVITY,high,Event occurred during sudden concentrated activity surge
EVT_002887,False,NORMAL,none,Standard event within normal baseline
EVT_002888,False,NORMAL,none,Standard event within normal baseline
EVT_002889,False,NORMAL,none,Standard event within normal baseline
EVT_002890,True,LOCATION_ANOMALY,medium,Event recorded with rapid impossible geographical transit
EVT_002891,False,NORMAL,none,Standard event within normal baseline
EVT_002892,False,NORMAL,none,Standard event within normal baseline
EVT_002893,False,NORMAL,none,Standard event within normal baseline
EVT_002894,False,NORMAL,none,Standard event within normal baseline
EVT_002895,True,BURST_ACTIVITY,high,Event occurred during sudden concentrated activity surge
EVT_002896,False,NORMAL,none,Standard event within normal baseline
EVT_002897,True,BURST_ACTIVITY,high,Event occurred during sudden concentrated activity surge
EVT_002898,True,BURST_ACTIVITY,high,Event occurred during sudden concentrated activity surge
EVT_002899,False,NORMAL,none,Standard event within normal baseline
EVT_002900,False,NORMAL,none,Standard event within normal baseline
EVT_002901,False,NORMAL,none,Standard event within normal baseline
EVT_002902,False,NORMAL,none,Standard event within normal baseline
EVT_002903,False,NORMAL,none,Standard event within normal baseline
EVT_002904,False,NORMAL,none,Standard event within normal baseline
EVT_002905,False,NORMAL,none,Standard event within normal baseline
EVT_002906,False,NORMAL,none,Standard event within normal baseline
EVT_002907,False,NORMAL,none,Standard event within normal baseline
EVT_002908,False,NORMAL,none,Standard event within normal baseline
EVT_002909,False,NORMAL,none,Standard event within normal baseline
EVT_002910,True,BURST_ACTIVITY,high,Event occurred during sudden concentrated activity surge
EVT_002911,True,HIGH_ACTIVITY,medium,Elevated transactional volume from network hub
EVT_002912,False,NORMAL,none,Standard event within normal baseline
EVT_002913,False,NORMAL,none,Standard event within normal baseline
EVT_002914,True,BURST_ACTIVITY,high,Event occurred during sudden concentrated activity surge
EVT_002915,False,NORMAL,none,Standard event within normal baseline
EVT_002916,False,NORMAL,none,Standard event within normal baseline
EVT_002917,True,BURST_ACTIVITY,high,Event occurred during sudden concentrated activity surge
EVT_002918,False,NORMAL,none,Standard event within normal baseline
EVT_002919,False,NORMAL,none,Standard event within normal baseline
EVT_002920,False,NORMAL,none,Standard event within normal baseline
EVT_002921,False,NORMAL,none,Standard event within normal baseline
EVT_002922,False,NORMAL,none,Standard event within normal baseline
EVT_002923,False,NORMAL,none,Standard event within normal baseline
EVT_002924,True,LOCATION_ANOMALY,medium,Event recorded with rapid impossible geographical transit
EVT_002925,True,BURST_ACTIVITY,high,Event occurred during sudden concentrated activity surge
EVT_002926,False,NORMAL,none,Standard event within normal baseline
EVT_002927,False,NORMAL,none,Standard event within normal baseline
EVT_002928,False,NORMAL,none,Standard event within normal baseline
EVT_002929,False,NORMAL,none,Standard event within normal baseline
EVT_002930,False,NORMAL,none,Standard event within normal baseline
EVT_002931,False,NORMAL,none,Standard event within normal baseline
EVT_002932,False,NORMAL,none,Standard event within normal baseline
EVT_002933,False,NORMAL,none,Standard event within normal baseline
EVT_002934,False,NORMAL,none,Standard event within normal baseline
EVT_002935,False,NORMAL,none,Standard event within normal baseline
EVT_002936,True,BURST_ACTIVITY,high,Event occurred during sudden concentrated activity surge
EVT_002937,False,NORMAL,none,Standard event within normal baseline
EVT_002938,False,NORMAL,none,Standard event within normal baseline
EVT_002939,False,NORMAL,none,Standard event within normal baseline
EVT_002940,True,BURST_ACTIVITY,high,Event occurred during sudden concentrated activity surge
EVT_002941,False,NORMAL,none,Standard event within normal baseline
EVT_002942,False,NORMAL,none,Standard event within normal baseline
EVT_002943,False,NORMAL,none,Standard event within normal baseline
EVT_002944,False,NORMAL,none,Standard event within normal baseline
EVT_002945,False,NORMAL,none,Standard event within normal baseline
EVT_002946,False,NORMAL,none,Standard event within normal baseline
EVT_002947,False,NORMAL,none,Standard event within normal baseline
EVT_002948,True,BURST_ACTIVITY,high,Event occurred during sudden concentrated activity surge
EVT_002949,False,NORMAL,none,Standard event within normal baseline
EVT_002950,True,HIGH_ACTIVITY,medium,Elevated transactional volume from network hub
EVT_002951,False,NORMAL,none,Standard event within normal baseline
EVT_002952,False,NORMAL,none,Standard event within normal baseline
EVT_002953,False,NORMAL,none,Standard event within normal baseline
EVT_002954,True,BURST_ACTIVITY,high,Event occurred during sudden concentrated activity surge
EVT_002955,True,BURST_ACTIVITY,high,Event occurred during sudden concentrated activity surge
EVT_002956,False,NORMAL,none,Standard event within normal baseline
EVT_002957,False,NORMAL,none,Standard event within normal baseline
EVT_002958,True,BURST_ACTIVITY,high,Event occurred during sudden concentrated activity surge
EVT_002959,True,HIGH_ACTIVITY,medium,Elevated transactional volume from network hub
EVT_002960,False,NORMAL,none,Standard event within normal baseline
EVT_002961,False,NORMAL,none,Standard event within normal baseline
EVT_002962,False,NORMAL,none,Standard event within normal baseline
EVT_002963,False,NORMAL,none,Standard event within normal baseline
EVT_002964,False,NORMAL,none,Standard event within normal baseline
EVT_002965,True,BURST_ACTIVITY,high,Event occurred during sudden concentrated activity surge
EVT_002966,False,NORMAL,none,Standard event within normal baseline
EVT_002967,False,NORMAL,none,Standard event within normal baseline
EVT_002968,False,NORMAL,none,Standard event within normal baseline
EVT_002969,False,NORMAL,none,Standard event within normal baseline
EVT_002970,False,NORMAL,none,Standard event within normal baseline
EVT_002971,False,NORMAL,none,Standard event within normal baseline
EVT_002972,False,NORMAL,none,Standard event within normal baseline
EVT_002973,True,BURST_ACTIVITY,high,Event occurred during sudden concentrated activity surge
EVT_002974,False,NORMAL,none,Standard event within normal baseline
EVT_002975,False,NORMAL,none,Standard event within normal baseline
EVT_002976,False,NORMAL,none,Standard event within normal baseline
EVT_002977,False,NORMAL,none,Standard event within normal baseline
EVT_002978,False,NORMAL,none,Standard event within normal baseline
EVT_002979,False,NORMAL,none,Standard event within normal baseline
EVT_002980,False,NORMAL,none,Standard event within normal baseline
EVT_002981,False,NORMAL,none,Standard event within normal baseline
EVT_002982,False,NORMAL,none,Standard event within normal baseline
EVT_002983,False,NORMAL,none,Standard event within normal baseline
EVT_002984,True,BURST_ACTIVITY,high,Event occurred during sudden concentrated activity surge
EVT_002985,False,NORMAL,none,Standard event within normal baseline
EVT_002986,True,TRANSACTION_ANOMALY,high,Unusually high-value cross-account mule transfer
EVT_002987,True,BURST_ACTIVITY,high,Event occurred during sudden concentrated activity surge
EVT_002988,False,NORMAL,none,Standard event within normal baseline
EVT_002989,False,NORMAL,none,Standard event within normal baseline
EVT_002990,False,NORMAL,none,Standard event within normal baseline
EVT_002991,False,NORMAL,none,Standard event within normal baseline
EVT_002992,False,NORMAL,none,Standard event within normal baseline
EVT_002993,False,NORMAL,none,Standard event within normal baseline
EVT_002994,False,NORMAL,none,Standard event within normal baseline
EVT_002995,False,NORMAL,none,Standard event within normal baseline
EVT_002996,True,COMMUNICATION_ANOMALY,medium,High-frequency short duration ping call
EVT_002997,False,NORMAL,none,Standard event within normal baseline
EVT_002998,False,NORMAL,none,Standard event within normal baseline
EVT_002999,False,NORMAL,none,Standard event within normal baseline
EVT_003000,True,BURST_ACTIVITY,high,Event occurred during sudden concentrated activity surge
EVT_003001,False,NORMAL,none,Standard event within normal baseline
EVT_003002,False,NORMAL,none,Standard event within normal baseline
EVT_003003,True,BURST_ACTIVITY,high,Event occurred during sudden concentrated activity surge
EVT_003004,True,TRANSACTION_ANOMALY,high,Unusually high-value cross-account mule transfer
EVT_003005,False,NORMAL,none,Standard event within normal baseline
EVT_003006,True,BURST_ACTIVITY,high,Event occurred during sudden concentrated activity surge
EVT_003007,True,BURST_ACTIVITY,high,Event occurred during sudden concentrated activity surge
EVT_003008,False,NORMAL,none,Standard event within normal baseline
EVT_003009,False,NORMAL,none,Standard event within normal baseline
EVT_003010,True,BURST_ACTIVITY,high,Event occurred during sudden concentrated activity surge
EVT_003011,False,NORMAL,none,Standard event within normal baseline
EVT_003012,False,NORMAL,none,Standard event within normal baseline
EVT_003013,False,NORMAL,none,Standard event within normal baseline
EVT_003014,False,NORMAL,none,Standard event within normal baseline
EVT_003015,False,NORMAL,none,Standard event within normal baseline
EVT_003016,False,NORMAL,none,Standard event within normal baseline
EVT_003017,True,BURST_ACTIVITY,high,Event occurred during sudden concentrated activity surge
EVT_003018,False,NORMAL,none,Standard event within normal baseline
EVT_003019,False,NORMAL,none,Standard event within normal baseline
EVT_003020,False,NORMAL,none,Standard event within normal baseline
EVT_003021,False,NORMAL,none,Standard event within normal baseline
EVT_003022,False,NORMAL,none,Standard event within normal baseline
EVT_003023,True,BURST_ACTIVITY,high,Event occurred during sudden concentrated activity surge
EVT_003024,True,BURST_ACTIVITY,high,Event occurred during sudden concentrated activity surge
EVT_003025,False,NORMAL,none,Standard event within normal baseline
EVT_003026,False,NORMAL,none,Standard event within normal baseline
EVT_003027,False,NORMAL,none,Standard event within normal baseline
EVT_003028,False,NORMAL,none,Standard event within normal baseline
EVT_003029,False,NORMAL,none,Standard event within normal baseline
EVT_003030,False,NORMAL,none,Standard event within normal baseline
EVT_003031,False,NORMAL,none,Standard event within normal baseline
EVT_003032,True,BURST_ACTIVITY,high,Event occurred during sudden concentrated activity surge
EVT_003033,False,NORMAL,none,Standard event within normal baseline
EVT_003034,False,NORMAL,none,Standard event within normal baseline
EVT_003035,False,NORMAL,none,Standard event within normal baseline
EVT_003036,False,NORMAL,none,Standard event within normal baseline
EVT_003037,False,NORMAL,none,Standard event within normal baseline
EVT_003038,False,NORMAL,none,Standard event within normal baseline
EVT_003039,False,NORMAL,none,Standard event within normal baseline
EVT_003040,False,NORMAL,none,Standard event within normal baseline
EVT_003041,False,NORMAL,none,Standard event within normal baseline
EVT_003042,False,NORMAL,none,Standard event within normal baseline
EVT_003043,False,NORMAL,none,Standard event within normal baseline
EVT_003044,False,NORMAL,none,Standard event within normal baseline
EVT_003045,False,NORMAL,none,Standard event within normal baseline
EVT_003046,False,NORMAL,none,Standard event within normal baseline
EVT_003047,False,NORMAL,none,Standard event within normal baseline
EVT_003048,False,NORMAL,none,Standard event within normal baseline
EVT_003049,False,NORMAL,none,Standard event within normal baseline
EVT_003050,False,NORMAL,none,Standard event within normal baseline
EVT_003051,False,NORMAL,none,Standard event within normal baseline
EVT_003052,False,NORMAL,none,Standard event within normal baseline
EVT_003053,False,NORMAL,none,Standard event within normal baseline
EVT_003054,False,NORMAL,none,Standard event within normal baseline
EVT_003055,False,NORMAL,none,Standard event within normal baseline
EVT_003056,False,NORMAL,none,Standard event within normal baseline
EVT_003057,False,NORMAL,none,Standard event within normal baseline
EVT_003058,False,NORMAL,none,Standard event within normal baseline
EVT_003059,False,NORMAL,none,Standard event within normal baseline
EVT_003060,False,NORMAL,none,Standard event within normal baseline
EVT_003061,False,NORMAL,none,Standard event within normal baseline
EVT_003062,False,NORMAL,none,Standard event within normal baseline
EVT_003063,False,NORMAL,none,Standard event within normal baseline
EVT_003064,False,NORMAL,none,Standard event within normal baseline
EVT_003065,False,NORMAL,none,Standard event within normal baseline
EVT_003066,False,NORMAL,none,Standard event within normal baseline
EVT_003067,True,BURST_ACTIVITY,high,Event occurred during sudden concentrated activity surge
EVT_003068,False,NORMAL,none,Standard event within normal baseline
EVT_003069,False,NORMAL,none,Standard event within normal baseline
EVT_003070,False,NORMAL,none,Standard event within normal baseline
EVT_003071,False,NORMAL,none,Standard event within normal baseline
EVT_003072,True,BURST_ACTIVITY,high,Event occurred during sudden concentrated activity surge
EVT_003073,False,NORMAL,none,Standard event within normal baseline
EVT_003074,True,COMMUNICATION_ANOMALY,medium,High-frequency short duration ping call
EVT_003075,True,BURST_ACTIVITY,high,Event occurred during sudden concentrated activity surge
EVT_003076,False,NORMAL,none,Standard event within normal baseline
EVT_003077,True,BURST_ACTIVITY,high,Event occurred during sudden concentrated activity surge
EVT_003078,False,NORMAL,none,Standard event within normal baseline
EVT_003079,False,NORMAL,none,Standard event within normal baseline
EVT_003080,False,NORMAL,none,Standard event within normal baseline
EVT_003081,False,NORMAL,none,Standard event within normal baseline
EVT_003082,True,HIGH_ACTIVITY,medium,Elevated transactional volume from network hub
EVT_003083,False,NORMAL,none,Standard event within normal baseline
EVT_003084,False,NORMAL,none,Standard event within normal baseline
EVT_003085,False,NORMAL,none,Standard event within normal baseline
EVT_003086,False,NORMAL,none,Standard event within normal baseline
EVT_003087,True,BURST_ACTIVITY,high,Event occurred during sudden concentrated activity surge
EVT_003088,False,NORMAL,none,Standard event within normal baseline
EVT_003089,True,BURST_ACTIVITY,high,Event occurred during sudden concentrated activity surge
EVT_003090,False,NORMAL,none,Standard event within normal baseline
EVT_003091,False,NORMAL,none,Standard event within normal baseline
EVT_003092,False,NORMAL,none,Standard event within normal baseline
EVT_003093,False,NORMAL,none,Standard event within normal baseline
EVT_003094,False,NORMAL,none,Standard event within normal baseline
EVT_003095,False,NORMAL,none,Standard event within normal baseline
EVT_003096,False,NORMAL,none,Standard event within normal baseline
EVT_003097,False,NORMAL,none,Standard event within normal baseline
EVT_003098,False,NORMAL,none,Standard event within normal baseline
EVT_003099,False,NORMAL,none,Standard event within normal baseline
EVT_003100,False,NORMAL,none,Standard event within normal baseline
EVT_003101,True,TRANSACTION_ANOMALY,high,Unusually high-value cross-account mule transfer
EVT_003102,False,NORMAL,none,Standard event within normal baseline
EVT_003103,True,LOCATION_ANOMALY,medium,Event recorded with rapid impossible geographical transit
EVT_003104,False,NORMAL,none,Standard event within normal baseline
EVT_003105,False,NORMAL,none,Standard event within normal baseline
EVT_003106,True,BURST_ACTIVITY,high,Event occurred during sudden concentrated activity surge
EVT_003107,False,NORMAL,none,Standard event within normal baseline
EVT_003108,True,COMMUNICATION_ANOMALY,medium,High-frequency short duration ping call
EVT_003109,False,NORMAL,none,Standard event within normal baseline
EVT_003110,False,NORMAL,none,Standard event within normal baseline
EVT_003111,False,NORMAL,none,Standard event within normal baseline
EVT_003112,False,NORMAL,none,Standard event within normal baseline
EVT_003113,False,NORMAL,none,Standard event within normal baseline
EVT_003114,False,NORMAL,none,Standard event within normal baseline
EVT_003115,False,NORMAL,none,Standard event within normal baseline
EVT_003116,False,NORMAL,none,Standard event within normal baseline
EVT_003117,True,BURST_ACTIVITY,high,Event occurred during sudden concentrated activity surge
EVT_003118,False,NORMAL,none,Standard event within normal baseline
EVT_003119,False,NORMAL,none,Standard event within normal baseline
EVT_003120,True,LOCATION_ANOMALY,medium,Event recorded with rapid impossible geographical transit
EVT_003121,True,LOCATION_ANOMALY,medium,Event recorded with rapid impossible geographical transit
EVT_003122,False,NORMAL,none,Standard event within normal baseline
EVT_003123,False,NORMAL,none,Standard event within normal baseline
EVT_003124,False,NORMAL,none,Standard event within normal baseline
EVT_003125,False,NORMAL,none,Standard event within normal baseline
EVT_003126,False,NORMAL,none,Standard event within normal baseline
EVT_003127,False,NORMAL,none,Standard event within normal baseline
EVT_003128,True,BURST_ACTIVITY,high,Event occurred during sudden concentrated activity surge
EVT_003129,False,NORMAL,none,Standard event within normal baseline
EVT_003130,False,NORMAL,none,Standard event within normal baseline
EVT_003131,False,NORMAL,none,Standard event within normal baseline
EVT_003132,True,BURST_ACTIVITY,high,Event occurred during sudden concentrated activity surge
EVT_003133,True,BURST_ACTIVITY,high,Event occurred during sudden concentrated activity surge
EVT_003134,False,NORMAL,none,Standard event within normal baseline
EVT_003135,False,NORMAL,none,Standard event within normal baseline
EVT_003136,False,NORMAL,none,Standard event within normal baseline
EVT_003137,False,NORMAL,none,Standard event within normal baseline
EVT_003138,False,NORMAL,none,Standard event within normal baseline
EVT_003139,False,NORMAL,none,Standard event within normal baseline
EVT_003140,False,NORMAL,none,Standard event within normal baseline
EVT_003141,False,NORMAL,none,Standard event within normal baseline
EVT_003142,False,NORMAL,none,Standard event within normal baseline
EVT_003143,False,NORMAL,none,Standard event within normal baseline
EVT_003144,False,NORMAL,none,Standard event within normal baseline
EVT_003145,False,NORMAL,none,Standard event within normal baseline
EVT_003146,False,NORMAL,none,Standard event within normal baseline
EVT_003147,False,NORMAL,none,Standard event within normal baseline
EVT_003148,True,LOCATION_ANOMALY,medium,Event recorded with rapid impossible geographical transit
EVT_003149,False,NORMAL,none,Standard event within normal baseline
EVT_003150,False,NORMAL,none,Standard event within normal baseline
EVT_003151,False,NORMAL,none,Standard event within normal baseline
EVT_003152,False,NORMAL,none,Standard event within normal baseline
EVT_003153,False,NORMAL,none,Standard event within normal baseline
EVT_003154,False,NORMAL,none,Standard event within normal baseline
EVT_003155,False,NORMAL,none,Standard event within normal baseline
EVT_003156,False,NORMAL,none,Standard event within normal baseline
EVT_003157,False,NORMAL,none,Standard event within normal baseline
EVT_003158,False,NORMAL,none,Standard event within normal baseline
EVT_003159,False,NORMAL,none,Standard event within normal baseline
EVT_003160,False,NORMAL,none,Standard event within normal baseline
EVT_003161,True,BURST_ACTIVITY,high,Event occurred during sudden concentrated activity surge
EVT_003162,False,NORMAL,none,Standard event within normal baseline
EVT_003163,True,BURST_ACTIVITY,high,Event occurred during sudden concentrated activity surge
EVT_003164,True,BURST_ACTIVITY,high,Event occurred during sudden concentrated activity surge
EVT_003165,False,NORMAL,none,Standard event within normal baseline
EVT_003166,False,NORMAL,none,Standard event within normal baseline
EVT_003167,False,NORMAL,none,Standard event within normal baseline
EVT_003168,False,NORMAL,none,Standard event within normal baseline
EVT_003169,False,NORMAL,none,Standard event within normal baseline
EVT_003170,False,NORMAL,none,Standard event within normal baseline
EVT_003171,False,NORMAL,none,Standard event within normal baseline
EVT_003172,False,NORMAL,none,Standard event within normal baseline
EVT_003173,False,NORMAL,none,Standard event within normal baseline
EVT_003174,False,NORMAL,none,Standard event within normal baseline
EVT_003175,False,NORMAL,none,Standard event within normal baseline
EVT_003176,False,NORMAL,none,Standard event within normal baseline
EVT_003177,False,NORMAL,none,Standard event within normal baseline
EVT_003178,False,NORMAL,none,Standard event within normal baseline
EVT_003179,False,NORMAL,none,Standard event within normal baseline
EVT_003180,False,NORMAL,none,Standard event within normal baseline
EVT_003181,False,NORMAL,none,Standard event within normal baseline
EVT_003182,True,BURST_ACTIVITY,high,Event occurred during sudden concentrated activity surge
EVT_003183,False,NORMAL,none,Standard event within normal baseline
EVT_003184,True,BURST_ACTIVITY,high,Event occurred during sudden concentrated activity surge
EVT_003185,False,NORMAL,none,Standard event within normal baseline
EVT_003186,False,NORMAL,none,Standard event within normal baseline
EVT_003187,False,NORMAL,none,Standard event within normal baseline
EVT_003188,False,NORMAL,none,Standard event within normal baseline
EVT_003189,False,NORMAL,none,Standard event within normal baseline
EVT_003190,False,NORMAL,none,Standard event within normal baseline
EVT_003191,False,NORMAL,none,Standard event within normal baseline
EVT_003192,False,NORMAL,none,Standard event within normal baseline
EVT_003193,False,NORMAL,none,Standard event within normal baseline
EVT_003194,True,HIGH_ACTIVITY,medium,Elevated transactional volume from network hub
EVT_003195,False,NORMAL,none,Standard event within normal baseline
EVT_003196,False,NORMAL,none,Standard event within normal baseline
EVT_003197,False,NORMAL,none,Standard event within normal baseline
EVT_003198,True,BURST_ACTIVITY,high,Event occurred during sudden concentrated activity surge
EVT_003199,False,NORMAL,none,Standard event within normal baseline
EVT_003200,False,NORMAL,none,Standard event within normal baseline
EVT_003201,False,NORMAL,none,Standard event within normal baseline
EVT_003202,False,NORMAL,none,Standard event within normal baseline
EVT_003203,False,NORMAL,none,Standard event within normal baseline
EVT_003204,False,NORMAL,none,Standard event within normal baseline
EVT_003205,False,NORMAL,none,Standard event within normal baseline
EVT_003206,True,BURST_ACTIVITY,high,Event occurred during sudden concentrated activity surge
EVT_003207,False,NORMAL,none,Standard event within normal baseline
EVT_003208,False,NORMAL,none,Standard event within normal baseline
EVT_003209,False,NORMAL,none,Standard event within normal baseline
EVT_003210,True,TRANSACTION_ANOMALY,high,Unusually high-value cross-account mule transfer
EVT_003211,False,NORMAL,none,Standard event within normal baseline
EVT_003212,False,NORMAL,none,Standard event within normal baseline
EVT_003213,False,NORMAL,none,Standard event within normal baseline
EVT_003214,False,NORMAL,none,Standard event within normal baseline
EVT_003215,False,NORMAL,none,Standard event within normal baseline
EVT_003216,False,NORMAL,none,Standard event within normal baseline
EVT_003217,False,NORMAL,none,Standard event within normal baseline
EVT_003218,True,BURST_ACTIVITY,high,Event occurred during sudden concentrated activity surge
EVT_003219,False,NORMAL,none,Standard event within normal baseline
EVT_003220,False,NORMAL,none,Standard event within normal baseline
EVT_003221,False,NORMAL,none,Standard event within normal baseline
EVT_003222,True,TRANSACTION_ANOMALY,high,Unusually high-value cross-account mule transfer
EVT_003223,False,NORMAL,none,Standard event within normal baseline
EVT_003224,False,NORMAL,none,Standard event within normal baseline
EVT_003225,False,NORMAL,none,Standard event within normal baseline
EVT_003226,False,NORMAL,none,Standard event within normal baseline
EVT_003227,False,NORMAL,none,Standard event within normal baseline
EVT_003228,False,NORMAL,none,Standard event within normal baseline
EVT_003229,False,NORMAL,none,Standard event within normal baseline
EVT_003230,True,TRANSACTION_ANOMALY,high,Unusually high-value cross-account mule transfer
EVT_003231,False,NORMAL,none,Standard event within normal baseline
EVT_003232,False,NORMAL,none,Standard event within normal baseline
EVT_003233,False,NORMAL,none,Standard event within normal baseline
EVT_003234,True,BURST_ACTIVITY,high,Event occurred during sudden concentrated activity surge
EVT_003235,False,NORMAL,none,Standard event within normal baseline
EVT_003236,False,NORMAL,none,Standard event within normal baseline
EVT_003237,False,NORMAL,none,Standard event within normal baseline
EVT_003238,False,NORMAL,none,Standard event within normal baseline
EVT_003239,False,NORMAL,none,Standard event within normal baseline
EVT_003240,False,NORMAL,none,Standard event within normal baseline
EVT_003241,False,NORMAL,none,Standard event within normal baseline
EVT_003242,False,NORMAL,none,Standard event within normal baseline
EVT_003243,False,NORMAL,none,Standard event within normal baseline
EVT_003244,True,BURST_ACTIVITY,high,Event occurred during sudden concentrated activity surge
EVT_003245,True,BURST_ACTIVITY,high,Event occurred during sudden concentrated activity surge
EVT_003246,False,NORMAL,none,Standard event within normal baseline
EVT_003247,False,NORMAL,none,Standard event within normal baseline
EVT_003248,False,NORMAL,none,Standard event within normal baseline
EVT_003249,False,NORMAL,none,Standard event within normal baseline
EVT_003250,False,NORMAL,none,Standard event within normal baseline
EVT_003251,False,NORMAL,none,Standard event within normal baseline
EVT_003252,False,NORMAL,none,Standard event within normal baseline
EVT_003253,False,NORMAL,none,Standard event within normal baseline
EVT_003254,False,NORMAL,none,Standard event within normal baseline
EVT_003255,False,NORMAL,none,Standard event within normal baseline
EVT_003256,False,NORMAL,none,Standard event within normal baseline
EVT_003257,True,BURST_ACTIVITY,high,Event occurred during sudden concentrated activity surge
EVT_003258,False,NORMAL,none,Standard event within normal baseline
EVT_003259,False,NORMAL,none,Standard event within normal baseline
EVT_003260,False,NORMAL,none,Standard event within normal baseline
EVT_003261,False,NORMAL,none,Standard event within normal baseline
EVT_003262,False,NORMAL,none,Standard event within normal baseline
EVT_003263,False,NORMAL,none,Standard event within normal baseline
EVT_003264,False,NORMAL,none,Standard event within normal baseline
EVT_003265,False,NORMAL,none,Standard event within normal baseline
EVT_003266,False,NORMAL,none,Standard event within normal baseline
EVT_003267,False,NORMAL,none,Standard event within normal baseline
EVT_003268,False,NORMAL,none,Standard event within normal baseline
EVT_003269,False,NORMAL,none,Standard event within normal baseline
EVT_003270,False,NORMAL,none,Standard event within normal baseline
EVT_003271,False,NORMAL,none,Standard event within normal baseline
EVT_003272,False,NORMAL,none,Standard event within normal baseline
EVT_003273,False,NORMAL,none,Standard event within normal baseline
EVT_003274,False,NORMAL,none,Standard event within normal baseline
EVT_003275,False,NORMAL,none,Standard event within normal baseline
EVT_003276,False,NORMAL,none,Standard event within normal baseline
EVT_003277,False,NORMAL,none,Standard event within normal baseline
EVT_003278,False,NORMAL,none,Standard event within normal baseline
EVT_003279,False,NORMAL,none,Standard event within normal baseline
EVT_003280,False,NORMAL,none,Standard event within normal baseline
EVT_003281,True,HIGH_ACTIVITY,medium,Elevated transactional volume from network hub
EVT_003282,True,BURST_ACTIVITY,high,Event occurred during sudden concentrated activity surge
EVT_003283,False,NORMAL,none,Standard event within normal baseline
EVT_003284,False,NORMAL,none,Standard event within normal baseline
EVT_003285,False,NORMAL,none,Standard event within normal baseline
EVT_003286,False,NORMAL,none,Standard event within normal baseline
EVT_003287,False,NORMAL,none,Standard event within normal baseline
EVT_003288,True,BURST_ACTIVITY,high,Event occurred during sudden concentrated activity surge
EVT_003289,False,NORMAL,none,Standard event within normal baseline
EVT_003290,True,BURST_ACTIVITY,high,Event occurred during sudden concentrated activity surge
EVT_003291,True,BURST_ACTIVITY,high,Event occurred during sudden concentrated activity surge
EVT_003292,False,NORMAL,none,Standard event within normal baseline
EVT_003293,False,NORMAL,none,Standard event within normal baseline
EVT_003294,False,NORMAL,none,Standard event within normal baseline
EVT_003295,False,NORMAL,none,Standard event within normal baseline
EVT_003296,False,NORMAL,none,Standard event within normal baseline
EVT_003297,False,NORMAL,none,Standard event within normal baseline
EVT_003298,False,NORMAL,none,Standard event within normal baseline
EVT_003299,False,NORMAL,none,Standard event within normal baseline
EVT_003300,False,NORMAL,none,Standard event within normal baseline
EVT_003301,False,NORMAL,none,Standard event within normal baseline
EVT_003302,True,TRANSACTION_ANOMALY,high,Unusually high-value cross-account mule transfer
EVT_003303,False,NORMAL,none,Standard event within normal baseline
EVT_003304,False,NORMAL,none,Standard event within normal baseline
EVT_003305,False,NORMAL,none,Standard event within normal baseline
EVT_003306,False,NORMAL,none,Standard event within normal baseline
EVT_003307,False,NORMAL,none,Standard event within normal baseline
EVT_003308,False,NORMAL,none,Standard event within normal baseline
EVT_003309,False,NORMAL,none,Standard event within normal baseline
EVT_003310,False,NORMAL,none,Standard event within normal baseline
EVT_003311,False,NORMAL,none,Standard event within normal baseline
EVT_003312,False,NORMAL,none,Standard event within normal baseline
EVT_003313,False,NORMAL,none,Standard event within normal baseline
EVT_003314,False,NORMAL,none,Standard event within normal baseline
EVT_003315,False,NORMAL,none,Standard event within normal baseline
EVT_003316,True,BURST_ACTIVITY,high,Event occurred during sudden concentrated activity surge
EVT_003317,False,NORMAL,none,Standard event within normal baseline
EVT_003318,False,NORMAL,none,Standard event within normal baseline
EVT_003319,False,NORMAL,none,Standard event within normal baseline
EVT_003320,False,NORMAL,none,Standard event within normal baseline
EVT_003321,False,NORMAL,none,Standard event within normal baseline
EVT_003322,False,NORMAL,none,Standard event within normal baseline
EVT_003323,False,NORMAL,none,Standard event within normal baseline
EVT_003324,True,BURST_ACTIVITY,high,Event occurred during sudden concentrated activity surge
EVT_003325,False,NORMAL,none,Standard event within normal baseline
EVT_003326,False,NORMAL,none,Standard event within normal baseline
EVT_003327,False,NORMAL,none,Standard event within normal baseline
EVT_003328,False,NORMAL,none,Standard event within normal baseline
EVT_003329,True,BURST_ACTIVITY,high,Event occurred during sudden concentrated activity surge
EVT_003330,False,NORMAL,none,Standard event within normal baseline
EVT_003331,False,NORMAL,none,Standard event within normal baseline
EVT_003332,False,NORMAL,none,Standard event within normal baseline
EVT_003333,False,NORMAL,none,Standard event within normal baseline
EVT_003334,True,TRANSACTION_ANOMALY,high,Unusually high-value cross-account mule transfer
EVT_003335,False,NORMAL,none,Standard event within normal baseline
EVT_003336,False,NORMAL,none,Standard event within normal baseline
EVT_003337,False,NORMAL,none,Standard event within normal baseline
EVT_003338,False,NORMAL,none,Standard event within normal baseline
EVT_003339,False,NORMAL,none,Standard event within normal baseline
EVT_003340,False,NORMAL,none,Standard event within normal baseline
EVT_003341,False,NORMAL,none,Standard event within normal baseline
EVT_003342,False,NORMAL,none,Standard event within normal baseline
EVT_003343,False,NORMAL,none,Standard event within normal baseline
EVT_003344,False,NORMAL,none,Standard event within normal baseline
EVT_003345,True,TRANSACTION_ANOMALY,high,Unusually high-value cross-account mule transfer
EVT_003346,False,NORMAL,none,Standard event within normal baseline
EVT_003347,True,BURST_ACTIVITY,high,Event occurred during sudden concentrated activity surge
EVT_003348,True,BURST_ACTIVITY,high,Event occurred during sudden concentrated activity surge
EVT_003349,True,BURST_ACTIVITY,high,Event occurred during sudden concentrated activity surge
EVT_003350,False,NORMAL,none,Standard event within normal baseline
EVT_003351,True,BURST_ACTIVITY,high,Event occurred during sudden concentrated activity surge
EVT_003352,False,NORMAL,none,Standard event within normal baseline
EVT_003353,False,NORMAL,none,Standard event within normal baseline
EVT_003354,True,BURST_ACTIVITY,high,Event occurred during sudden concentrated activity surge
EVT_003355,False,NORMAL,none,Standard event within normal baseline
EVT_003356,True,BURST_ACTIVITY,high,Event occurred during sudden concentrated activity surge
EVT_003357,False,NORMAL,none,Standard event within normal baseline
EVT_003358,False,NORMAL,none,Standard event within normal baseline
EVT_003359,False,NORMAL,none,Standard event within normal baseline
EVT_003360,False,NORMAL,none,Standard event within normal baseline
EVT_003361,False,NORMAL,none,Standard event within normal baseline
EVT_003362,False,NORMAL,none,Standard event within normal baseline
EVT_003363,False,NORMAL,none,Standard event within normal baseline
EVT_003364,False,NORMAL,none,Standard event within normal baseline
EVT_003365,False,NORMAL,none,Standard event within normal baseline
EVT_003366,True,BURST_ACTIVITY,high,Event occurred during sudden concentrated activity surge
EVT_003367,True,BURST_ACTIVITY,high,Event occurred during sudden concentrated activity surge
EVT_003368,True,BURST_ACTIVITY,high,Event occurred during sudden concentrated activity surge
EVT_003369,True,BURST_ACTIVITY,high,Event occurred during sudden concentrated activity surge
EVT_003370,False,NORMAL,none,Standard event within normal baseline
EVT_003371,False,NORMAL,none,Standard event within normal baseline
EVT_003372,False,NORMAL,none,Standard event within normal baseline
EVT_003373,False,NORMAL,none,Standard event within normal baseline
EVT_003374,False,NORMAL,none,Standard event within normal baseline
EVT_003375,True,HIGH_ACTIVITY,medium,Elevated transactional volume from network hub
EVT_003376,False,NORMAL,none,Standard event within normal baseline
EVT_003377,False,NORMAL,none,Standard event within normal baseline
EVT_003378,False,NORMAL,none,Standard event within normal baseline
EVT_003379,False,NORMAL,none,Standard event within normal baseline
EVT_003380,True,BURST_ACTIVITY,high,Event occurred during sudden concentrated activity surge
EVT_003381,False,NORMAL,none,Standard event within normal baseline
EVT_003382,False,NORMAL,none,Standard event within normal baseline
EVT_003383,False,NORMAL,none,Standard event within normal baseline
EVT_003384,False,NORMAL,none,Standard event within normal baseline
EVT_003385,False,NORMAL,none,Standard event within normal baseline
EVT_003386,True,BURST_ACTIVITY,high,Event occurred during sudden concentrated activity surge
EVT_003387,False,NORMAL,none,Standard event within normal baseline
EVT_003388,False,NORMAL,none,Standard event within normal baseline
EVT_003389,False,NORMAL,none,Standard event within normal baseline
EVT_003390,False,NORMAL,none,Standard event within normal baseline
EVT_003391,False,NORMAL,none,Standard event within normal baseline
EVT_003392,False,NORMAL,none,Standard event within normal baseline
EVT_003393,False,NORMAL,none,Standard event within normal baseline
EVT_003394,False,NORMAL,none,Standard event within normal baseline
EVT_003395,False,NORMAL,none,Standard event within normal baseline
EVT_003396,True,SHARED_INFRASTRUCTURE,high,Event originated from high-fanout shared device/IP cluster
EVT_003397,True,BURST_ACTIVITY,high,Event occurred during sudden concentrated activity surge
EVT_003398,False,NORMAL,none,Standard event within normal baseline
EVT_003399,False,NORMAL,none,Standard event within normal baseline
EVT_003400,False,NORMAL,none,Standard event within normal baseline
EVT_003401,False,NORMAL,none,Standard event within normal baseline
EVT_003402,True,BURST_ACTIVITY,high,Event occurred during sudden concentrated activity surge
EVT_003403,False,NORMAL,none,Standard event within normal baseline
EVT_003404,True,BURST_ACTIVITY,high,Event occurred during sudden concentrated activity surge
EVT_003405,False,NORMAL,none,Standard event within normal baseline
EVT_003406,False,NORMAL,none,Standard event within normal baseline
EVT_003407,False,NORMAL,none,Standard event within normal baseline
EVT_003408,False,NORMAL,none,Standard event within normal baseline
EVT_003409,False,NORMAL,none,Standard event within normal baseline
EVT_003410,False,NORMAL,none,Standard event within normal baseline
EVT_003411,False,NORMAL,none,Standard event within normal baseline
EVT_003412,True,SHARED_INFRASTRUCTURE,high,Event originated from high-fanout shared device/IP cluster
EVT_003413,False,NORMAL,none,Standard event within normal baseline
EVT_003414,False,NORMAL,none,Standard event within normal baseline
EVT_003415,False,NORMAL,none,Standard event within normal baseline
EVT_003416,False,NORMAL,none,Standard event within normal baseline
EVT_003417,False,NORMAL,none,Standard event within normal baseline
EVT_003418,False,NORMAL,none,Standard event within normal baseline
EVT_003419,False,NORMAL,none,Standard event within normal baseline
EVT_003420,False,NORMAL,none,Standard event within normal baseline
EVT_003421,False,NORMAL,none,Standard event within normal baseline
EVT_003422,False,NORMAL,none,Standard event within normal baseline
EVT_003423,False,NORMAL,none,Standard event within normal baseline
EVT_003424,False,NORMAL,none,Standard event within normal baseline
EVT_003425,False,NORMAL,none,Standard event within normal baseline
EVT_003426,False,NORMAL,none,Standard event within normal baseline
EVT_003427,False,NORMAL,none,Standard event within normal baseline
EVT_003428,True,BURST_ACTIVITY,high,Event occurred during sudden concentrated activity surge
EVT_003429,False,NORMAL,none,Standard event within normal baseline
EVT_003430,False,NORMAL,none,Standard event within normal baseline
EVT_003431,False,NORMAL,none,Standard event within normal baseline
EVT_003432,False,NORMAL,none,Standard event within normal baseline
EVT_003433,True,COMMUNICATION_ANOMALY,medium,High-frequency short duration ping call
EVT_003434,True,COMMUNICATION_ANOMALY,medium,High-frequency short duration ping call
EVT_003435,False,NORMAL,none,Standard event within normal baseline
EVT_003436,False,NORMAL,none,Standard event within normal baseline
EVT_003437,False,NORMAL,none,Standard event within normal baseline
EVT_003438,False,NORMAL,none,Standard event within normal baseline
EVT_003439,False,NORMAL,none,Standard event within normal baseline
EVT_003440,False,NORMAL,none,Standard event within normal baseline
EVT_003441,True,BURST_ACTIVITY,high,Event occurred during sudden concentrated activity surge
EVT_003442,True,BURST_ACTIVITY,high,Event occurred during sudden concentrated activity surge
EVT_003443,False,NORMAL,none,Standard event within normal baseline
EVT_003444,False,NORMAL,none,Standard event within normal baseline
EVT_003445,False,NORMAL,none,Standard event within normal baseline
EVT_003446,False,NORMAL,none,Standard event within normal baseline
EVT_003447,False,NORMAL,none,Standard event within normal baseline
EVT_003448,False,NORMAL,none,Standard event within normal baseline
EVT_003449,False,NORMAL,none,Standard event within normal baseline
EVT_003450,False,NORMAL,none,Standard event within normal baseline
EVT_003451,False,NORMAL,none,Standard event within normal baseline
EVT_003452,False,NORMAL,none,Standard event within normal baseline
EVT_003453,False,NORMAL,none,Standard event within normal baseline
EVT_003454,False,NORMAL,none,Standard event within normal baseline
EVT_003455,False,NORMAL,none,Standard event within normal baseline
EVT_003456,False,NORMAL,none,Standard event within normal baseline
EVT_003457,False,NORMAL,none,Standard event within normal baseline
EVT_003458,False,NORMAL,none,Standard event within normal baseline
EVT_003459,False,NORMAL,none,Standard event within normal baseline
EVT_003460,False,NORMAL,none,Standard event within normal baseline
EVT_003461,False,NORMAL,none,Standard event within normal baseline
EVT_003462,False,NORMAL,none,Standard event within normal baseline
EVT_003463,False,NORMAL,none,Standard event within normal baseline
EVT_003464,False,NORMAL,none,Standard event within normal baseline
EVT_003465,False,NORMAL,none,Standard event within normal baseline
EVT_003466,True,TRANSACTION_ANOMALY,high,Unusually high-value cross-account mule transfer
EVT_003467,False,NORMAL,none,Standard event within normal baseline
EVT_003468,False,NORMAL,none,Standard event within normal baseline
EVT_003469,False,NORMAL,none,Standard event within normal baseline
EVT_003470,False,NORMAL,none,Standard event within normal baseline
EVT_003471,False,NORMAL,none,Standard event within normal baseline
EVT_003472,False,NORMAL,none,Standard event within normal baseline
EVT_003473,False,NORMAL,none,Standard event within normal baseline
EVT_003474,False,NORMAL,none,Standard event within normal baseline
EVT_003475,False,NORMAL,none,Standard event within normal baseline
EVT_003476,False,NORMAL,none,Standard event within normal baseline
EVT_003477,False,NORMAL,none,Standard event within normal baseline
EVT_003478,False,NORMAL,none,Standard event within normal baseline
EVT_003479,True,BURST_ACTIVITY,high,Event occurred during sudden concentrated activity surge
EVT_003480,False,NORMAL,none,Standard event within normal baseline
EVT_003481,False,NORMAL,none,Standard event within normal baseline
EVT_003482,False,NORMAL,none,Standard event within normal baseline
EVT_003483,False,NORMAL,none,Standard event within normal baseline
EVT_003484,False,NORMAL,none,Standard event within normal baseline
EVT_003485,False,NORMAL,none,Standard event within normal baseline
EVT_003486,False,NORMAL,none,Standard event within normal baseline
EVT_003487,False,NORMAL,none,Standard event within normal baseline
EVT_003488,False,NORMAL,none,Standard event within normal baseline
EVT_003489,False,NORMAL,none,Standard event within normal baseline
EVT_003490,False,NORMAL,none,Standard event within normal baseline
EVT_003491,False,NORMAL,none,Standard event within normal baseline
EVT_003492,False,NORMAL,none,Standard event within normal baseline
EVT_003493,False,NORMAL,none,Standard event within normal baseline
EVT_003494,False,NORMAL,none,Standard event within normal baseline
EVT_003495,False,NORMAL,none,Standard event within normal baseline
EVT_003496,False,NORMAL,none,Standard event within normal baseline
EVT_003497,False,NORMAL,none,Standard event within normal baseline
EVT_003498,True,BURST_ACTIVITY,high,Event occurred during sudden concentrated activity surge
EVT_003499,False,NORMAL,none,Standard event within normal baseline
EVT_003500,True,BURST_ACTIVITY,high,Event occurred during sudden concentrated activity surge
EVT_003501,False,NORMAL,none,Standard event within normal baseline
EVT_003502,False,NORMAL,none,Standard event within normal baseline
EVT_003503,False,NORMAL,none,Standard event within normal baseline
EVT_003504,False,NORMAL,none,Standard event within normal baseline
EVT_003505,True,BURST_ACTIVITY,high,Event occurred during sudden concentrated activity surge
EVT_003506,False,NORMAL,none,Standard event within normal baseline
EVT_003507,False,NORMAL,none,Standard event within normal baseline
EVT_003508,False,NORMAL,none,Standard event within normal baseline
EVT_003509,False,NORMAL,none,Standard event within normal baseline
EVT_003510,False,NORMAL,none,Standard event within normal baseline
EVT_003511,False,NORMAL,none,Standard event within normal baseline
EVT_003512,True,BURST_ACTIVITY,high,Event occurred during sudden concentrated activity surge
EVT_003513,False,NORMAL,none,Standard event within normal baseline
EVT_003514,False,NORMAL,none,Standard event within normal baseline
EVT_003515,False,NORMAL,none,Standard event within normal baseline
EVT_003516,False,NORMAL,none,Standard event within normal baseline
EVT_003517,True,BURST_ACTIVITY,high,Event occurred during sudden concentrated activity surge
EVT_003518,False,NORMAL,none,Standard event within normal baseline
EVT_003519,False,NORMAL,none,Standard event within normal baseline
EVT_003520,False,NORMAL,none,Standard event within normal baseline
EVT_003521,False,NORMAL,none,Standard event within normal baseline
EVT_003522,False,NORMAL,none,Standard event within normal baseline
EVT_003523,False,NORMAL,none,Standard event within normal baseline
EVT_003524,False,NORMAL,none,Standard event within normal baseline
EVT_003525,True,BURST_ACTIVITY,high,Event occurred during sudden concentrated activity surge
EVT_003526,True,COMMUNICATION_ANOMALY,medium,High-frequency short duration ping call
EVT_003527,False,NORMAL,none,Standard event within normal baseline
EVT_003528,True,BURST_ACTIVITY,high,Event occurred during sudden concentrated activity surge
EVT_003529,False,NORMAL,none,Standard event within normal baseline
EVT_003530,False,NORMAL,none,Standard event within normal baseline
EVT_003531,False,NORMAL,none,Standard event within normal baseline
EVT_003532,False,NORMAL,none,Standard event within normal baseline
EVT_003533,False,NORMAL,none,Standard event within normal baseline
EVT_003534,False,NORMAL,none,Standard event within normal baseline
EVT_003535,False,NORMAL,none,Standard event within normal baseline
EVT_003536,False,NORMAL,none,Standard event within normal baseline
EVT_003537,False,NORMAL,none,Standard event within normal baseline
EVT_003538,False,NORMAL,none,Standard event within normal baseline
EVT_003539,False,NORMAL,none,Standard event within normal baseline
EVT_003540,False,NORMAL,none,Standard event within normal baseline
EVT_003541,False,NORMAL,none,Standard event within normal baseline
EVT_003542,False,NORMAL,none,Standard event within normal baseline
EVT_003543,False,NORMAL,none,Standard event within normal baseline
EVT_003544,False,NORMAL,none,Standard event within normal baseline
EVT_003545,False,NORMAL,none,Standard event within normal baseline
EVT_003546,False,NORMAL,none,Standard event within normal baseline
EVT_003547,False,NORMAL,none,Standard event within normal baseline
EVT_003548,False,NORMAL,none,Standard event within normal baseline
EVT_003549,False,NORMAL,none,Standard event within normal baseline
EVT_003550,False,NORMAL,none,Standard event within normal baseline
EVT_003551,False,NORMAL,none,Standard event within normal baseline
EVT_003552,False,NORMAL,none,Standard event within normal baseline
EVT_003553,True,HIGH_ACTIVITY,medium,Elevated transactional volume from network hub
EVT_003554,True,BURST_ACTIVITY,high,Event occurred during sudden concentrated activity surge
EVT_003555,True,COMMUNICATION_ANOMALY,medium,High-frequency short duration ping call
EVT_003556,True,BURST_ACTIVITY,high,Event occurred during sudden concentrated activity surge
EVT_003557,False,NORMAL,none,Standard event within normal baseline
EVT_003558,False,NORMAL,none,Standard event within normal baseline
EVT_003559,False,NORMAL,none,Standard event within normal baseline
EVT_003560,False,NORMAL,none,Standard event within normal baseline
EVT_003561,False,NORMAL,none,Standard event within normal baseline
EVT_003562,True,BURST_ACTIVITY,high,Event occurred during sudden concentrated activity surge
EVT_003563,False,NORMAL,none,Standard event within normal baseline
EVT_003564,False,NORMAL,none,Standard event within normal baseline
EVT_003565,False,NORMAL,none,Standard event within normal baseline
EVT_003566,True,BURST_ACTIVITY,high,Event occurred during sudden concentrated activity surge
EVT_003567,False,NORMAL,none,Standard event within normal baseline
EVT_003568,False,NORMAL,none,Standard event within normal baseline
EVT_003569,False,NORMAL,none,Standard event within normal baseline
EVT_003570,True,BURST_ACTIVITY,high,Event occurred during sudden concentrated activity surge
EVT_003571,True,BURST_ACTIVITY,high,Event occurred during sudden concentrated activity surge
EVT_003572,True,BURST_ACTIVITY,high,Event occurred during sudden concentrated activity surge
EVT_003573,False,NORMAL,none,Standard event within normal baseline
EVT_003574,False,NORMAL,none,Standard event within normal baseline
EVT_003575,False,NORMAL,none,Standard event within normal baseline
EVT_003576,False,NORMAL,none,Standard event within normal baseline
EVT_003577,False,NORMAL,none,Standard event within normal baseline
EVT_003578,True,BURST_ACTIVITY,high,Event occurred during sudden concentrated activity surge
EVT_003579,False,NORMAL,none,Standard event within normal baseline
EVT_003580,True,BURST_ACTIVITY,high,Event occurred during sudden concentrated activity surge
EVT_003581,False,NORMAL,none,Standard event within normal baseline
EVT_003582,False,NORMAL,none,Standard event within normal baseline
EVT_003583,False,NORMAL,none,Standard event within normal baseline
EVT_003584,True,BURST_ACTIVITY,high,Event occurred during sudden concentrated activity surge
EVT_003585,False,NORMAL,none,Standard event within normal baseline
EVT_003586,False,NORMAL,none,Standard event within normal baseline
EVT_003587,False,NORMAL,none,Standard event within normal baseline
EVT_003588,False,NORMAL,none,Standard event within normal baseline
EVT_003589,False,NORMAL,none,Standard event within normal baseline
EVT_003590,True,SHARED_INFRASTRUCTURE,high,Event originated from high-fanout shared device/IP cluster
EVT_003591,False,NORMAL,none,Standard event within normal baseline
EVT_003592,False,NORMAL,none,Standard event within normal baseline
EVT_003593,False,NORMAL,none,Standard event within normal baseline
EVT_003594,True,BURST_ACTIVITY,high,Event occurred during sudden concentrated activity surge
EVT_003595,False,NORMAL,none,Standard event within normal baseline
EVT_003596,False,NORMAL,none,Standard event within normal baseline
EVT_003597,False,NORMAL,none,Standard event within normal baseline
EVT_003598,False,NORMAL,none,Standard event within normal baseline
EVT_003599,False,NORMAL,none,Standard event within normal baseline
EVT_003600,False,NORMAL,none,Standard event within normal baseline
EVT_003601,False,NORMAL,none,Standard event within normal baseline
EVT_003602,True,BURST_ACTIVITY,high,Event occurred during sudden concentrated activity surge
EVT_003603,False,NORMAL,none,Standard event within normal baseline
EVT_003604,True,HIGH_ACTIVITY,medium,Elevated transactional volume from network hub
EVT_003605,False,NORMAL,none,Standard event within normal baseline
EVT_003606,False,NORMAL,none,Standard event within normal baseline
EVT_003607,False,NORMAL,none,Standard event within normal baseline
EVT_003608,False,NORMAL,none,Standard event within normal baseline
EVT_003609,False,NORMAL,none,Standard event within normal baseline
EVT_003610,False,NORMAL,none,Standard event within normal baseline
EVT_003611,False,NORMAL,none,Standard event within normal baseline
EVT_003612,False,NORMAL,none,Standard event within normal baseline
EVT_003613,False,NORMAL,none,Standard event within normal baseline
EVT_003614,True,BURST_ACTIVITY,high,Event occurred during sudden concentrated activity surge
EVT_003615,False,NORMAL,none,Standard event within normal baseline
EVT_003616,False,NORMAL,none,Standard event within normal baseline
EVT_003617,False,NORMAL,none,Standard event within normal baseline
EVT_003618,False,NORMAL,none,Standard event within normal baseline
EVT_003619,False,NORMAL,none,Standard event within normal baseline
EVT_003620,True,BURST_ACTIVITY,high,Event occurred during sudden concentrated activity surge
EVT_003621,False,NORMAL,none,Standard event within normal baseline
EVT_003622,False,NORMAL,none,Standard event within normal baseline
EVT_003623,False,NORMAL,none,Standard event within normal baseline
EVT_003624,False,NORMAL,none,Standard event within normal baseline
EVT_003625,False,NORMAL,none,Standard event within normal baseline
EVT_003626,False,NORMAL,none,Standard event within normal baseline
EVT_003627,False,NORMAL,none,Standard event within normal baseline
EVT_003628,False,NORMAL,none,Standard event within normal baseline
EVT_003629,False,NORMAL,none,Standard event within normal baseline
EVT_003630,False,NORMAL,none,Standard event within normal baseline
EVT_003631,False,NORMAL,none,Standard event within normal baseline
EVT_003632,False,NORMAL,none,Standard event within normal baseline
EVT_003633,False,NORMAL,none,Standard event within normal baseline
EVT_003634,False,NORMAL,none,Standard event within normal baseline
EVT_003635,True,LOCATION_ANOMALY,medium,Event recorded with rapid impossible geographical transit
EVT_003636,True,SHARED_INFRASTRUCTURE,high,Event originated from high-fanout shared device/IP cluster
EVT_003637,False,NORMAL,none,Standard event within normal baseline
EVT_003638,False,NORMAL,none,Standard event within normal baseline
EVT_003639,False,NORMAL,none,Standard event within normal baseline
EVT_003640,True,BURST_ACTIVITY,high,Event occurred during sudden concentrated activity surge
EVT_003641,False,NORMAL,none,Standard event within normal baseline
EVT_003642,False,NORMAL,none,Standard event within normal baseline
EVT_003643,False,NORMAL,none,Standard event within normal baseline
EVT_003644,False,NORMAL,none,Standard event within normal baseline
EVT_003645,False,NORMAL,none,Standard event within normal baseline
EVT_003646,True,BURST_ACTIVITY,high,Event occurred during sudden concentrated activity surge
EVT_003647,False,NORMAL,none,Standard event within normal baseline
EVT_003648,False,NORMAL,none,Standard event within normal baseline
EVT_003649,False,NORMAL,none,Standard event within normal baseline
EVT_003650,False,NORMAL,none,Standard event within normal baseline
EVT_003651,True,BURST_ACTIVITY,high,Event occurred during sudden concentrated activity surge
EVT_003652,False,NORMAL,none,Standard event within normal baseline
EVT_003653,False,NORMAL,none,Standard event within normal baseline
EVT_003654,False,NORMAL,none,Standard event within normal baseline
EVT_003655,False,NORMAL,none,Standard event within normal baseline
EVT_003656,True,TRANSACTION_ANOMALY,high,Unusually high-value cross-account mule transfer
EVT_003657,False,NORMAL,none,Standard event within normal baseline
EVT_003658,False,NORMAL,none,Standard event within normal baseline
EVT_003659,False,NORMAL,none,Standard event within normal baseline
EVT_003660,False,NORMAL,none,Standard event within normal baseline
EVT_003661,False,NORMAL,none,Standard event within normal baseline
EVT_003662,False,NORMAL,none,Standard event within normal baseline
EVT_003663,False,NORMAL,none,Standard event within normal baseline
EVT_003664,False,NORMAL,none,Standard event within normal baseline
EVT_003665,False,NORMAL,none,Standard event within normal baseline
EVT_003666,False,NORMAL,none,Standard event within normal baseline
EVT_003667,False,NORMAL,none,Standard event within normal baseline
EVT_003668,False,NORMAL,none,Standard event within normal baseline
EVT_003669,True,BURST_ACTIVITY,high,Event occurred during sudden concentrated activity surge
EVT_003670,True,LOCATION_ANOMALY,medium,Event recorded with rapid impossible geographical transit
EVT_003671,False,NORMAL,none,Standard event within normal baseline
EVT_003672,False,NORMAL,none,Standard event within normal baseline
EVT_003673,False,NORMAL,none,Standard event within normal baseline
EVT_003674,False,NORMAL,none,Standard event within normal baseline
EVT_003675,False,NORMAL,none,Standard event within normal baseline
EVT_003676,False,NORMAL,none,Standard event within normal baseline
EVT_003677,False,NORMAL,none,Standard event within normal baseline
EVT_003678,False,NORMAL,none,Standard event within normal baseline
EVT_003679,False,NORMAL,none,Standard event within normal baseline
EVT_003680,False,NORMAL,none,Standard event within normal baseline
EVT_003681,True,COMMUNICATION_ANOMALY,medium,High-frequency short duration ping call
EVT_003682,False,NORMAL,none,Standard event within normal baseline
EVT_003683,False,NORMAL,none,Standard event within normal baseline
EVT_003684,False,NORMAL,none,Standard event within normal baseline
EVT_003685,False,NORMAL,none,Standard event within normal baseline
EVT_003686,False,NORMAL,none,Standard event within normal baseline
EVT_003687,False,NORMAL,none,Standard event within normal baseline
EVT_003688,False,NORMAL,none,Standard event within normal baseline
EVT_003689,False,NORMAL,none,Standard event within normal baseline
EVT_003690,False,NORMAL,none,Standard event within normal baseline
EVT_003691,False,NORMAL,none,Standard event within normal baseline
EVT_003692,True,LOCATION_ANOMALY,medium,Event recorded with rapid impossible geographical transit
EVT_003693,False,NORMAL,none,Standard event within normal baseline
EVT_003694,False,NORMAL,none,Standard event within normal baseline
EVT_003695,False,NORMAL,none,Standard event within normal baseline
EVT_003696,True,LOCATION_ANOMALY,medium,Event recorded with rapid impossible geographical transit
EVT_003697,False,NORMAL,none,Standard event within normal baseline
EVT_003698,False,NORMAL,none,Standard event within normal baseline
EVT_003699,False,NORMAL,none,Standard event within normal baseline
EVT_003700,False,NORMAL,none,Standard event within normal baseline
EVT_003701,False,NORMAL,none,Standard event within normal baseline
EVT_003702,False,NORMAL,none,Standard event within normal baseline
EVT_003703,False,NORMAL,none,Standard event within normal baseline
EVT_003704,False,NORMAL,none,Standard event within normal baseline
EVT_003705,False,NORMAL,none,Standard event within normal baseline
EVT_003706,False,NORMAL,none,Standard event within normal baseline
EVT_003707,True,BURST_ACTIVITY,high,Event occurred during sudden concentrated activity surge
EVT_003708,False,NORMAL,none,Standard event within normal baseline
EVT_003709,False,NORMAL,none,Standard event within normal baseline
EVT_003710,False,NORMAL,none,Standard event within normal baseline
EVT_003711,False,NORMAL,none,Standard event within normal baseline
EVT_003712,True,BURST_ACTIVITY,high,Event occurred during sudden concentrated activity surge
EVT_003713,False,NORMAL,none,Standard event within normal baseline
EVT_003714,False,NORMAL,none,Standard event within normal baseline
EVT_003715,False,NORMAL,none,Standard event within normal baseline
EVT_003716,False,NORMAL,none,Standard event within normal baseline
EVT_003717,False,NORMAL,none,Standard event within normal baseline
EVT_003718,False,NORMAL,none,Standard event within normal baseline
EVT_003719,True,BURST_ACTIVITY,high,Event occurred during sudden concentrated activity surge
EVT_003720,False,NORMAL,none,Standard event within normal baseline
EVT_003721,True,BURST_ACTIVITY,high,Event occurred during sudden concentrated activity surge
EVT_003722,False,NORMAL,none,Standard event within normal baseline
EVT_003723,False,NORMAL,none,Standard event within normal baseline
EVT_003724,False,NORMAL,none,Standard event within normal baseline
EVT_003725,False,NORMAL,none,Standard event within normal baseline
EVT_003726,False,NORMAL,none,Standard event within normal baseline
EVT_003727,False,NORMAL,none,Standard event within normal baseline
EVT_003728,False,NORMAL,none,Standard event within normal baseline
EVT_003729,False,NORMAL,none,Standard event within normal baseline
EVT_003730,False,NORMAL,none,Standard event within normal baseline
EVT_003731,False,NORMAL,none,Standard event within normal baseline
EVT_003732,False,NORMAL,none,Standard event within normal baseline
EVT_003733,False,NORMAL,none,Standard event within normal baseline
EVT_003734,False,NORMAL,none,Standard event within normal baseline
EVT_003735,False,NORMAL,none,Standard event within normal baseline
EVT_003736,True,LOCATION_ANOMALY,medium,Event recorded with rapid impossible geographical transit
EVT_003737,False,NORMAL,none,Standard event within normal baseline
EVT_003738,False,NORMAL,none,Standard event within normal baseline
EVT_003739,False,NORMAL,none,Standard event within normal baseline
EVT_003740,False,NORMAL,none,Standard event within normal baseline
EVT_003741,True,BURST_ACTIVITY,high,Event occurred during sudden concentrated activity surge
EVT_003742,True,TRANSACTION_ANOMALY,high,Unusually high-value cross-account mule transfer
EVT_003743,False,NORMAL,none,Standard event within normal baseline
EVT_003744,True,BURST_ACTIVITY,high,Event occurred during sudden concentrated activity surge
EVT_003745,False,NORMAL,none,Standard event within normal baseline
EVT_003746,False,NORMAL,none,Standard event within normal baseline
EVT_003747,False,NORMAL,none,Standard event within normal baseline
EVT_003748,False,NORMAL,none,Standard event within normal baseline
EVT_003749,False,NORMAL,none,Standard event within normal baseline
EVT_003750,False,NORMAL,none,Standard event within normal baseline
EVT_003751,False,NORMAL,none,Standard event within normal baseline
EVT_003752,False,NORMAL,none,Standard event within normal baseline
EVT_003753,False,NORMAL,none,Standard event within normal baseline
EVT_003754,False,NORMAL,none,Standard event within normal baseline
EVT_003755,False,NORMAL,none,Standard event within normal baseline
EVT_003756,True,BURST_ACTIVITY,high,Event occurred during sudden concentrated activity surge
EVT_003757,False,NORMAL,none,Standard event within normal baseline
EVT_003758,False,NORMAL,none,Standard event within normal baseline
EVT_003759,True,COMMUNICATION_ANOMALY,medium,High-frequency short duration ping call
EVT_003760,False,NORMAL,none,Standard event within normal baseline
EVT_003761,False,NORMAL,none,Standard event within normal baseline
EVT_003762,False,NORMAL,none,Standard event within normal baseline
EVT_003763,False,NORMAL,none,Standard event within normal baseline
EVT_003764,False,NORMAL,none,Standard event within normal baseline
EVT_003765,True,LOCATION_ANOMALY,medium,Event recorded with rapid impossible geographical transit
EVT_003766,False,NORMAL,none,Standard event within normal baseline
EVT_003767,False,NORMAL,none,Standard event within normal baseline
EVT_003768,False,NORMAL,none,Standard event within normal baseline
EVT_003769,False,NORMAL,none,Standard event within normal baseline
EVT_003770,False,NORMAL,none,Standard event within normal baseline
EVT_003771,False,NORMAL,none,Standard event within normal baseline
EVT_003772,False,NORMAL,none,Standard event within normal baseline
EVT_003773,True,COMMUNICATION_ANOMALY,medium,High-frequency short duration ping call
EVT_003774,False,NORMAL,none,Standard event within normal baseline
EVT_003775,False,NORMAL,none,Standard event within normal baseline
EVT_003776,False,NORMAL,none,Standard event within normal baseline
EVT_003777,False,NORMAL,none,Standard event within normal baseline
EVT_003778,False,NORMAL,none,Standard event within normal baseline
EVT_003779,False,NORMAL,none,Standard event within normal baseline
EVT_003780,False,NORMAL,none,Standard event within normal baseline
EVT_003781,True,BURST_ACTIVITY,high,Event occurred during sudden concentrated activity surge
EVT_003782,False,NORMAL,none,Standard event within normal baseline
EVT_003783,False,NORMAL,none,Standard event within normal baseline
EVT_003784,False,NORMAL,none,Standard event within normal baseline
EVT_003785,False,NORMAL,none,Standard event within normal baseline
EVT_003786,False,NORMAL,none,Standard event within normal baseline
EVT_003787,False,NORMAL,none,Standard event within normal baseline
EVT_003788,False,NORMAL,none,Standard event within normal baseline
EVT_003789,True,SHARED_INFRASTRUCTURE,high,Event originated from high-fanout shared device/IP cluster
EVT_003790,False,NORMAL,none,Standard event within normal baseline
EVT_003791,True,SHARED_INFRASTRUCTURE,high,Event originated from high-fanout shared device/IP cluster
EVT_003792,True,BURST_ACTIVITY,high,Event occurred during sudden concentrated activity surge
EVT_003793,False,NORMAL,none,Standard event within normal baseline
EVT_003794,False,NORMAL,none,Standard event within normal baseline
EVT_003795,False,NORMAL,none,Standard event within normal baseline
EVT_003796,False,NORMAL,none,Standard event within normal baseline
EVT_003797,False,NORMAL,none,Standard event within normal baseline
EVT_003798,False,NORMAL,none,Standard event within normal baseline
EVT_003799,True,BURST_ACTIVITY,high,Event occurred during sudden concentrated activity surge
EVT_003800,True,HIGH_ACTIVITY,medium,Elevated transactional volume from network hub
EVT_003801,False,NORMAL,none,Standard event within normal baseline
EVT_003802,False,NORMAL,none,Standard event within normal baseline
EVT_003803,False,NORMAL,none,Standard event within normal baseline
EVT_003804,False,NORMAL,none,Standard event within normal baseline
EVT_003805,False,NORMAL,none,Standard event within normal baseline
EVT_003806,True,TRANSACTION_ANOMALY,high,Unusually high-value cross-account mule transfer
EVT_003807,False,NORMAL,none,Standard event within normal baseline
EVT_003808,False,NORMAL,none,Standard event within normal baseline
EVT_003809,True,BURST_ACTIVITY,high,Event occurred during sudden concentrated activity surge
EVT_003810,True,HIGH_ACTIVITY,medium,Elevated transactional volume from network hub
EVT_003811,True,LOCATION_ANOMALY,medium,Event recorded with rapid impossible geographical transit
EVT_003812,False,NORMAL,none,Standard event within normal baseline
EVT_003813,True,BURST_ACTIVITY,high,Event occurred during sudden concentrated activity surge
EVT_003814,True,BURST_ACTIVITY,high,Event occurred during sudden concentrated activity surge
EVT_003815,False,NORMAL,none,Standard event within normal baseline
EVT_003816,False,NORMAL,none,Standard event within normal baseline
EVT_003817,False,NORMAL,none,Standard event within normal baseline
EVT_003818,False,NORMAL,none,Standard event within normal baseline
EVT_003819,False,NORMAL,none,Standard event within normal baseline
EVT_003820,False,NORMAL,none,Standard event within normal baseline
EVT_003821,False,NORMAL,none,Standard event within normal baseline
EVT_003822,False,NORMAL,none,Standard event within normal baseline
EVT_003823,False,NORMAL,none,Standard event within normal baseline
EVT_003824,True,SHARED_INFRASTRUCTURE,high,Event originated from high-fanout shared device/IP cluster
EVT_003825,False,NORMAL,none,Standard event within normal baseline
EVT_003826,False,NORMAL,none,Standard event within normal baseline
EVT_003827,False,NORMAL,none,Standard event within normal baseline
EVT_003828,False,NORMAL,none,Standard event within normal baseline
EVT_003829,False,NORMAL,none,Standard event within normal baseline
EVT_003830,False,NORMAL,none,Standard event within normal baseline
EVT_003831,False,NORMAL,none,Standard event within normal baseline
EVT_003832,False,NORMAL,none,Standard event within normal baseline
EVT_003833,True,BURST_ACTIVITY,high,Event occurred during sudden concentrated activity surge
EVT_003834,False,NORMAL,none,Standard event within normal baseline
EVT_003835,False,NORMAL,none,Standard event within normal baseline
EVT_003836,False,NORMAL,none,Standard event within normal baseline
EVT_003837,False,NORMAL,none,Standard event within normal baseline
EVT_003838,False,NORMAL,none,Standard event within normal baseline
EVT_003839,True,BURST_ACTIVITY,high,Event occurred during sudden concentrated activity surge
EVT_003840,False,NORMAL,none,Standard event within normal baseline
EVT_003841,False,NORMAL,none,Standard event within normal baseline
EVT_003842,True,BURST_ACTIVITY,high,Event occurred during sudden concentrated activity surge
EVT_003843,False,NORMAL,none,Standard event within normal baseline
EVT_003844,True,BURST_ACTIVITY,high,Event occurred during sudden concentrated activity surge
EVT_003845,False,NORMAL,none,Standard event within normal baseline
EVT_003846,True,COMMUNICATION_ANOMALY,medium,High-frequency short duration ping call
EVT_003847,False,NORMAL,none,Standard event within normal baseline
EVT_003848,False,NORMAL,none,Standard event within normal baseline
EVT_003849,False,NORMAL,none,Standard event within normal baseline
EVT_003850,False,NORMAL,none,Standard event within normal baseline
EVT_003851,False,NORMAL,none,Standard event within normal baseline
EVT_003852,False,NORMAL,none,Standard event within normal baseline
EVT_003853,False,NORMAL,none,Standard event within normal baseline
EVT_003854,False,NORMAL,none,Standard event within normal baseline
EVT_003855,True,BURST_ACTIVITY,high,Event occurred during sudden concentrated activity surge
EVT_003856,False,NORMAL,none,Standard event within normal baseline
EVT_003857,False,NORMAL,none,Standard event within normal baseline
EVT_003858,False,NORMAL,none,Standard event within normal baseline
EVT_003859,False,NORMAL,none,Standard event within normal baseline
EVT_003860,False,NORMAL,none,Standard event within normal baseline
EVT_003861,False,NORMAL,none,Standard event within normal baseline
EVT_003862,False,NORMAL,none,Standard event within normal baseline
EVT_003863,False,NORMAL,none,Standard event within normal baseline
EVT_003864,True,BURST_ACTIVITY,high,Event occurred during sudden concentrated activity surge
EVT_003865,True,BURST_ACTIVITY,high,Event occurred during sudden concentrated activity surge
EVT_003866,True,COMMUNICATION_ANOMALY,medium,High-frequency short duration ping call
EVT_003867,False,NORMAL,none,Standard event within normal baseline
EVT_003868,False,NORMAL,none,Standard event within normal baseline
EVT_003869,False,NORMAL,none,Standard event within normal baseline
EVT_003870,True,LOCATION_ANOMALY,medium,Event recorded with rapid impossible geographical transit
EVT_003871,False,NORMAL,none,Standard event within normal baseline
EVT_003872,False,NORMAL,none,Standard event within normal baseline
EVT_003873,True,BURST_ACTIVITY,high,Event occurred during sudden concentrated activity surge
EVT_003874,False,NORMAL,none,Standard event within normal baseline
EVT_003875,False,NORMAL,none,Standard event within normal baseline
EVT_003876,True,BURST_ACTIVITY,high,Event occurred during sudden concentrated activity surge
EVT_003877,False,NORMAL,none,Standard event within normal baseline
EVT_003878,True,BURST_ACTIVITY,high,Event occurred during sudden concentrated activity surge
EVT_003879,True,BURST_ACTIVITY,high,Event occurred during sudden concentrated activity surge
EVT_003880,False,NORMAL,none,Standard event within normal baseline
EVT_003881,False,NORMAL,none,Standard event within normal baseline
EVT_003882,False,NORMAL,none,Standard event within normal baseline
EVT_003883,False,NORMAL,none,Standard event within normal baseline
EVT_003884,False,NORMAL,none,Standard event within normal baseline
EVT_003885,True,TRANSACTION_ANOMALY,high,Unusually high-value cross-account mule transfer
EVT_003886,False,NORMAL,none,Standard event within normal baseline
EVT_003887,False,NORMAL,none,Standard event within normal baseline
EVT_003888,False,NORMAL,none,Standard event within normal baseline
EVT_003889,False,NORMAL,none,Standard event within normal baseline
EVT_003890,False,NORMAL,none,Standard event within normal baseline
EVT_003891,False,NORMAL,none,Standard event within normal baseline
EVT_003892,False,NORMAL,none,Standard event within normal baseline
EVT_003893,True,BURST_ACTIVITY,high,Event occurred during sudden concentrated activity surge
EVT_003894,False,NORMAL,none,Standard event within normal baseline
EVT_003895,False,NORMAL,none,Standard event within normal baseline
EVT_003896,True,BURST_ACTIVITY,high,Event occurred during sudden concentrated activity surge
EVT_003897,False,NORMAL,none,Standard event within normal baseline
EVT_003898,False,NORMAL,none,Standard event within normal baseline
EVT_003899,False,NORMAL,none,Standard event within normal baseline
EVT_003900,False,NORMAL,none,Standard event within normal baseline
EVT_003901,False,NORMAL,none,Standard event within normal baseline
EVT_003902,False,NORMAL,none,Standard event within normal baseline
EVT_003903,False,NORMAL,none,Standard event within normal baseline
EVT_003904,False,NORMAL,none,Standard event within normal baseline
EVT_003905,False,NORMAL,none,Standard event within normal baseline
EVT_003906,False,NORMAL,none,Standard event within normal baseline
EVT_003907,False,NORMAL,none,Standard event within normal baseline
EVT_003908,False,NORMAL,none,Standard event within normal baseline
EVT_003909,True,SHARED_INFRASTRUCTURE,high,Event originated from high-fanout shared device/IP cluster
EVT_003910,False,NORMAL,none,Standard event within normal baseline
EVT_003911,False,NORMAL,none,Standard event within normal baseline
EVT_003912,False,NORMAL,none,Standard event within normal baseline
EVT_003913,True,COMMUNICATION_ANOMALY,medium,High-frequency short duration ping call
EVT_003914,True,TRANSACTION_ANOMALY,high,Unusually high-value cross-account mule transfer
EVT_003915,False,NORMAL,none,Standard event within normal baseline
EVT_003916,False,NORMAL,none,Standard event within normal baseline
EVT_003917,True,BURST_ACTIVITY,high,Event occurred during sudden concentrated activity surge
EVT_003918,False,NORMAL,none,Standard event within normal baseline
EVT_003919,False,NORMAL,none,Standard event within normal baseline
EVT_003920,False,NORMAL,none,Standard event within normal baseline
EVT_003921,False,NORMAL,none,Standard event within normal baseline
EVT_003922,False,NORMAL,none,Standard event within normal baseline
EVT_003923,False,NORMAL,none,Standard event within normal baseline
EVT_003924,False,NORMAL,none,Standard event within normal baseline
EVT_003925,False,NORMAL,none,Standard event within normal baseline
EVT_003926,False,NORMAL,none,Standard event within normal baseline
EVT_003927,False,NORMAL,none,Standard event within normal baseline
EVT_003928,True,BURST_ACTIVITY,high,Event occurred during sudden concentrated activity surge
EVT_003929,False,NORMAL,none,Standard event within normal baseline
EVT_003930,False,NORMAL,none,Standard event within normal baseline
EVT_003931,False,NORMAL,none,Standard event within normal baseline
EVT_003932,True,TRANSACTION_ANOMALY,high,Unusually high-value cross-account mule transfer
EVT_003933,False,NORMAL,none,Standard event within normal baseline
EVT_003934,False,NORMAL,none,Standard event within normal baseline
EVT_003935,True,TRANSACTION_ANOMALY,high,Unusually high-value cross-account mule transfer
EVT_003936,True,BURST_ACTIVITY,high,Event occurred during sudden concentrated activity surge
EVT_003937,False,NORMAL,none,Standard event within normal baseline
EVT_003938,False,NORMAL,none,Standard event within normal baseline
EVT_003939,False,NORMAL,none,Standard event within normal baseline
EVT_003940,True,BURST_ACTIVITY,high,Event occurred during sudden concentrated activity surge
EVT_003941,False,NORMAL,none,Standard event within normal baseline
EVT_003942,False,NORMAL,none,Standard event within normal baseline
EVT_003943,False,NORMAL,none,Standard event within normal baseline
EVT_003944,False,NORMAL,none,Standard event within normal baseline
EVT_003945,False,NORMAL,none,Standard event within normal baseline
EVT_003946,False,NORMAL,none,Standard event within normal baseline
EVT_003947,False,NORMAL,none,Standard event within normal baseline
EVT_003948,False,NORMAL,none,Standard event within normal baseline
EVT_003949,False,NORMAL,none,Standard event within normal baseline
EVT_003950,False,NORMAL,none,Standard event within normal baseline
EVT_003951,False,NORMAL,none,Standard event within normal baseline
EVT_003952,False,NORMAL,none,Standard event within normal baseline
EVT_003953,True,BURST_ACTIVITY,high,Event occurred during sudden concentrated activity surge
EVT_003954,False,NORMAL,none,Standard event within normal baseline
EVT_003955,False,NORMAL,none,Standard event within normal baseline
EVT_003956,False,NORMAL,none,Standard event within normal baseline
EVT_003957,False,NORMAL,none,Standard event within normal baseline
EVT_003958,False,NORMAL,none,Standard event within normal baseline
EVT_003959,False,NORMAL,none,Standard event within normal baseline
EVT_003960,False,NORMAL,none,Standard event within normal baseline
EVT_003961,False,NORMAL,none,Standard event within normal baseline
EVT_003962,False,NORMAL,none,Standard event within normal baseline
EVT_003963,False,NORMAL,none,Standard event within normal baseline
EVT_003964,True,BURST_ACTIVITY,high,Event occurred during sudden concentrated activity surge
EVT_003965,False,NORMAL,none,Standard event within normal baseline
EVT_003966,False,NORMAL,none,Standard event within normal baseline
EVT_003967,False,NORMAL,none,Standard event within normal baseline
EVT_003968,False,NORMAL,none,Standard event within normal baseline
EVT_003969,False,NORMAL,none,Standard event within normal baseline
EVT_003970,False,NORMAL,none,Standard event within normal baseline
EVT_003971,False,NORMAL,none,Standard event within normal baseline
EVT_003972,False,NORMAL,none,Standard event within normal baseline
EVT_003973,False,NORMAL,none,Standard event within normal baseline
EVT_003974,False,NORMAL,none,Standard event within normal baseline
EVT_003975,True,BURST_ACTIVITY,high,Event occurred during sudden concentrated activity surge
EVT_003976,False,NORMAL,none,Standard event within normal baseline
EVT_003977,False,NORMAL,none,Standard event within normal baseline
EVT_003978,False,NORMAL,none,Standard event within normal baseline
EVT_003979,True,HIGH_ACTIVITY,medium,Elevated transactional volume from network hub
EVT_003980,True,LOCATION_ANOMALY,medium,Event recorded with rapid impossible geographical transit
EVT_003981,False,NORMAL,none,Standard event within normal baseline
EVT_003982,True,COMMUNICATION_ANOMALY,medium,High-frequency short duration ping call
EVT_003983,False,NORMAL,none,Standard event within normal baseline
EVT_003984,True,SHARED_INFRASTRUCTURE,high,Event originated from high-fanout shared device/IP cluster
EVT_003985,False,NORMAL,none,Standard event within normal baseline
EVT_003986,False,NORMAL,none,Standard event within normal baseline
EVT_003987,False,NORMAL,none,Standard event within normal baseline
EVT_003988,False,NORMAL,none,Standard event within normal baseline
EVT_003989,False,NORMAL,none,Standard event within normal baseline
EVT_003990,False,NORMAL,none,Standard event within normal baseline
EVT_003991,False,NORMAL,none,Standard event within normal baseline
EVT_003992,False,NORMAL,none,Standard event within normal baseline
EVT_003993,False,NORMAL,none,Standard event within normal baseline
EVT_003994,False,NORMAL,none,Standard event within normal baseline
EVT_003995,True,BURST_ACTIVITY,high,Event occurred during sudden concentrated activity surge
EVT_003996,False,NORMAL,none,Standard event within normal baseline
EVT_003997,False,NORMAL,none,Standard event within normal baseline
EVT_003998,False,NORMAL,none,Standard event within normal baseline
EVT_003999,True,BURST_ACTIVITY,high,Event occurred during sudden concentrated activity surge
EVT_004000,False,NORMAL,none,Standard event within normal baseline
EVT_004001,False,NORMAL,none,Standard event within normal baseline
EVT_004002,False,NORMAL,none,Standard event within normal baseline
EVT_004003,False,NORMAL,none,Standard event within normal baseline
EVT_004004,False,NORMAL,none,Standard event within normal baseline
EVT_004005,False,NORMAL,none,Standard event within normal baseline
EVT_004006,False,NORMAL,none,Standard event within normal baseline
EVT_004007,True,SHARED_INFRASTRUCTURE,high,Event originated from high-fanout shared device/IP cluster
EVT_004008,False,NORMAL,none,Standard event within normal baseline
EVT_004009,False,NORMAL,none,Standard event within normal baseline
EVT_004010,False,NORMAL,none,Standard event within normal baseline
EVT_004011,False,NORMAL,none,Standard event within normal baseline
EVT_004012,False,NORMAL,none,Standard event within normal baseline
EVT_004013,False,NORMAL,none,Standard event within normal baseline
EVT_004014,False,NORMAL,none,Standard event within normal baseline
EVT_004015,False,NORMAL,none,Standard event within normal baseline
EVT_004016,False,NORMAL,none,Standard event within normal baseline
EVT_004017,False,NORMAL,none,Standard event within normal baseline
EVT_004018,False,NORMAL,none,Standard event within normal baseline
EVT_004019,True,TRANSACTION_ANOMALY,high,Unusually high-value cross-account mule transfer
EVT_004020,True,BURST_ACTIVITY,high,Event occurred during sudden concentrated activity surge
EVT_004021,False,NORMAL,none,Standard event within normal baseline
EVT_004022,False,NORMAL,none,Standard event within normal baseline
EVT_004023,False,NORMAL,none,Standard event within normal baseline
EVT_004024,False,NORMAL,none,Standard event within normal baseline
EVT_004025,False,NORMAL,none,Standard event within normal baseline
EVT_004026,True,COMMUNICATION_ANOMALY,medium,High-frequency short duration ping call
EVT_004027,True,BURST_ACTIVITY,high,Event occurred during sudden concentrated activity surge
EVT_004028,True,BURST_ACTIVITY,high,Event occurred during sudden concentrated activity surge
EVT_004029,False,NORMAL,none,Standard event within normal baseline
EVT_004030,False,NORMAL,none,Standard event within normal baseline
EVT_004031,False,NORMAL,none,Standard event within normal baseline
EVT_004032,False,NORMAL,none,Standard event within normal baseline
EVT_004033,True,BURST_ACTIVITY,high,Event occurred during sudden concentrated activity surge
EVT_004034,True,COMMUNICATION_ANOMALY,medium,High-frequency short duration ping call
EVT_004035,True,LOCATION_ANOMALY,medium,Event recorded with rapid impossible geographical transit
EVT_004036,True,BURST_ACTIVITY,high,Event occurred during sudden concentrated activity surge
EVT_004037,False,NORMAL,none,Standard event within normal baseline
EVT_004038,False,NORMAL,none,Standard event within normal baseline
EVT_004039,True,BURST_ACTIVITY,high,Event occurred during sudden concentrated activity surge
EVT_004040,False,NORMAL,none,Standard event within normal baseline
EVT_004041,True,BURST_ACTIVITY,high,Event occurred during sudden concentrated activity surge
EVT_004042,False,NORMAL,none,Standard event within normal baseline
EVT_004043,False,NORMAL,none,Standard event within normal baseline
EVT_004044,False,NORMAL,none,Standard event within normal baseline
EVT_004045,False,NORMAL,none,Standard event within normal baseline
EVT_004046,False,NORMAL,none,Standard event within normal baseline
EVT_004047,True,SHARED_INFRASTRUCTURE,high,Event originated from high-fanout shared device/IP cluster
EVT_004048,False,NORMAL,none,Standard event within normal baseline
EVT_004049,False,NORMAL,none,Standard event within normal baseline
EVT_004050,False,NORMAL,none,Standard event within normal baseline
EVT_004051,True,LOCATION_ANOMALY,medium,Event recorded with rapid impossible geographical transit
EVT_004052,True,LOCATION_ANOMALY,medium,Event recorded with rapid impossible geographical transit
EVT_004053,False,NORMAL,none,Standard event within normal baseline
EVT_004054,False,NORMAL,none,Standard event within normal baseline
EVT_004055,False,NORMAL,none,Standard event within normal baseline
EVT_004056,True,COMMUNICATION_ANOMALY,medium,High-frequency short duration ping call
EVT_004057,False,NORMAL,none,Standard event within normal baseline
EVT_004058,False,NORMAL,none,Standard event within normal baseline
EVT_004059,False,NORMAL,none,Standard event within normal baseline
EVT_004060,False,NORMAL,none,Standard event within normal baseline
EVT_004061,False,NORMAL,none,Standard event within normal baseline
EVT_004062,False,NORMAL,none,Standard event within normal baseline
EVT_004063,False,NORMAL,none,Standard event within normal baseline
EVT_004064,False,NORMAL,none,Standard event within normal baseline
EVT_004065,False,NORMAL,none,Standard event within normal baseline
EVT_004066,False,NORMAL,none,Standard event within normal baseline
EVT_004067,False,NORMAL,none,Standard event within normal baseline
EVT_004068,False,NORMAL,none,Standard event within normal baseline
EVT_004069,False,NORMAL,none,Standard event within normal baseline
EVT_004070,False,NORMAL,none,Standard event within normal baseline
EVT_004071,False,NORMAL,none,Standard event within normal baseline
EVT_004072,False,NORMAL,none,Standard event within normal baseline
EVT_004073,True,BURST_ACTIVITY,high,Event occurred during sudden concentrated activity surge
EVT_004074,False,NORMAL,none,Standard event within normal baseline
EVT_004075,False,NORMAL,none,Standard event within normal baseline
EVT_004076,True,TRANSACTION_ANOMALY,high,Unusually high-value cross-account mule transfer
EVT_004077,False,NORMAL,none,Standard event within normal baseline
EVT_004078,False,NORMAL,none,Standard event within normal baseline
EVT_004079,False,NORMAL,none,Standard event within normal baseline
EVT_004080,False,NORMAL,none,Standard event within normal baseline
EVT_004081,False,NORMAL,none,Standard event within normal baseline
EVT_004082,False,NORMAL,none,Standard event within normal baseline
EVT_004083,True,BURST_ACTIVITY,high,Event occurred during sudden concentrated activity surge
EVT_004084,False,NORMAL,none,Standard event within normal baseline
EVT_004085,False,NORMAL,none,Standard event within normal baseline
EVT_004086,False,NORMAL,none,Standard event within normal baseline
EVT_004087,False,NORMAL,none,Standard event within normal baseline
EVT_004088,False,NORMAL,none,Standard event within normal baseline
EVT_004089,True,BURST_ACTIVITY,high,Event occurred during sudden concentrated activity surge
EVT_004090,False,NORMAL,none,Standard event within normal baseline
EVT_004091,False,NORMAL,none,Standard event within normal baseline
EVT_004092,False,NORMAL,none,Standard event within normal baseline
EVT_004093,True,COMMUNICATION_ANOMALY,medium,High-frequency short duration ping call
EVT_004094,True,BURST_ACTIVITY,high,Event occurred during sudden concentrated activity surge
EVT_004095,True,LOCATION_ANOMALY,medium,Event recorded with rapid impossible geographical transit
EVT_004096,False,NORMAL,none,Standard event within normal baseline
EVT_004097,False,NORMAL,none,Standard event within normal baseline
EVT_004098,False,NORMAL,none,Standard event within normal baseline
EVT_004099,False,NORMAL,none,Standard event within normal baseline
EVT_004100,False,NORMAL,none,Standard event within normal baseline
EVT_004101,False,NORMAL,none,Standard event within normal baseline
EVT_004102,False,NORMAL,none,Standard event within normal baseline
EVT_004103,True,BURST_ACTIVITY,high,Event occurred during sudden concentrated activity surge
EVT_004104,False,NORMAL,none,Standard event within normal baseline
EVT_004105,False,NORMAL,none,Standard event within normal baseline
EVT_004106,False,NORMAL,none,Standard event within normal baseline
EVT_004107,False,NORMAL,none,Standard event within normal baseline
EVT_004108,False,NORMAL,none,Standard event within normal baseline
EVT_004109,False,NORMAL,none,Standard event within normal baseline
EVT_004110,False,NORMAL,none,Standard event within normal baseline
EVT_004111,False,NORMAL,none,Standard event within normal baseline
EVT_004112,True,SHARED_INFRASTRUCTURE,high,Event originated from high-fanout shared device/IP cluster
EVT_004113,True,BURST_ACTIVITY,high,Event occurred during sudden concentrated activity surge
EVT_004114,False,NORMAL,none,Standard event within normal baseline
EVT_004115,False,NORMAL,none,Standard event within normal baseline
EVT_004116,True,LOCATION_ANOMALY,medium,Event recorded with rapid impossible geographical transit
EVT_004117,False,NORMAL,none,Standard event within normal baseline
EVT_004118,True,BURST_ACTIVITY,high,Event occurred during sudden concentrated activity surge
EVT_004119,False,NORMAL,none,Standard event within normal baseline
EVT_004120,False,NORMAL,none,Standard event within normal baseline
EVT_004121,True,BURST_ACTIVITY,high,Event occurred during sudden concentrated activity surge
EVT_004122,True,LOCATION_ANOMALY,medium,Event recorded with rapid impossible geographical transit
EVT_004123,False,NORMAL,none,Standard event within normal baseline
EVT_004124,False,NORMAL,none,Standard event within normal baseline
EVT_004125,False,NORMAL,none,Standard event within normal baseline
EVT_004126,False,NORMAL,none,Standard event within normal baseline
EVT_004127,False,NORMAL,none,Standard event within normal baseline
EVT_004128,True,BURST_ACTIVITY,high,Event occurred during sudden concentrated activity surge
EVT_004129,True,SHARED_INFRASTRUCTURE,high,Event originated from high-fanout shared device/IP cluster
EVT_004130,False,NORMAL,none,Standard event within normal baseline
EVT_004131,False,NORMAL,none,Standard event within normal baseline
EVT_004132,False,NORMAL,none,Standard event within normal baseline
EVT_004133,False,NORMAL,none,Standard event within normal baseline
EVT_004134,False,NORMAL,none,Standard event within normal baseline
EVT_004135,False,NORMAL,none,Standard event within normal baseline
EVT_004136,False,NORMAL,none,Standard event within normal baseline
EVT_004137,False,NORMAL,none,Standard event within normal baseline
EVT_004138,False,NORMAL,none,Standard event within normal baseline
EVT_004139,False,NORMAL,none,Standard event within normal baseline
EVT_004140,False,NORMAL,none,Standard event within normal baseline
EVT_004141,False,NORMAL,none,Standard event within normal baseline
EVT_004142,False,NORMAL,none,Standard event within normal baseline
EVT_004143,False,NORMAL,none,Standard event within normal baseline
EVT_004144,False,NORMAL,none,Standard event within normal baseline
EVT_004145,False,NORMAL,none,Standard event within normal baseline
EVT_004146,True,COMMUNICATION_ANOMALY,medium,High-frequency short duration ping call
EVT_004147,False,NORMAL,none,Standard event within normal baseline
EVT_004148,False,NORMAL,none,Standard event within normal baseline
EVT_004149,False,NORMAL,none,Standard event within normal baseline
EVT_004150,False,NORMAL,none,Standard event within normal baseline
EVT_004151,True,BURST_ACTIVITY,high,Event occurred during sudden concentrated activity surge
EVT_004152,False,NORMAL,none,Standard event within normal baseline
EVT_004153,True,BURST_ACTIVITY,high,Event occurred during sudden concentrated activity surge
EVT_004154,False,NORMAL,none,Standard event within normal baseline
EVT_004155,False,NORMAL,none,Standard event within normal baseline
EVT_004156,False,NORMAL,none,Standard event within normal baseline
EVT_004157,False,NORMAL,none,Standard event within normal baseline
EVT_004158,False,NORMAL,none,Standard event within normal baseline
EVT_004159,False,NORMAL,none,Standard event within normal baseline
EVT_004160,False,NORMAL,none,Standard event within normal baseline
EVT_004161,False,NORMAL,none,Standard event within normal baseline
EVT_004162,True,BURST_ACTIVITY,high,Event occurred during sudden concentrated activity surge
EVT_004163,False,NORMAL,none,Standard event within normal baseline
EVT_004164,False,NORMAL,none,Standard event within normal baseline
EVT_004165,False,NORMAL,none,Standard event within normal baseline
EVT_004166,False,NORMAL,none,Standard event within normal baseline
EVT_004167,False,NORMAL,none,Standard event within normal baseline
EVT_004168,False,NORMAL,none,Standard event within normal baseline
EVT_004169,False,NORMAL,none,Standard event within normal baseline
EVT_004170,False,NORMAL,none,Standard event within normal baseline
EVT_004171,False,NORMAL,none,Standard event within normal baseline
EVT_004172,False,NORMAL,none,Standard event within normal baseline
EVT_004173,False,NORMAL,none,Standard event within normal baseline
EVT_004174,False,NORMAL,none,Standard event within normal baseline
EVT_004175,True,BURST_ACTIVITY,high,Event occurred during sudden concentrated activity surge
EVT_004176,False,NORMAL,none,Standard event within normal baseline
EVT_004177,False,NORMAL,none,Standard event within normal baseline
EVT_004178,False,NORMAL,none,Standard event within normal baseline
EVT_004179,False,NORMAL,none,Standard event within normal baseline
EVT_004180,False,NORMAL,none,Standard event within normal baseline
EVT_004181,False,NORMAL,none,Standard event within normal baseline
EVT_004182,False,NORMAL,none,Standard event within normal baseline
EVT_004183,False,NORMAL,none,Standard event within normal baseline
EVT_004184,False,NORMAL,none,Standard event within normal baseline
EVT_004185,False,NORMAL,none,Standard event within normal baseline
EVT_004186,False,NORMAL,none,Standard event within normal baseline
EVT_004187,False,NORMAL,none,Standard event within normal baseline
EVT_004188,True,BURST_ACTIVITY,high,Event occurred during sudden concentrated activity surge
EVT_004189,False,NORMAL,none,Standard event within normal baseline
EVT_004190,False,NORMAL,none,Standard event within normal baseline
EVT_004191,False,NORMAL,none,Standard event within normal baseline
EVT_004192,False,NORMAL,none,Standard event within normal baseline
EVT_004193,False,NORMAL,none,Standard event within normal baseline
EVT_004194,False,NORMAL,none,Standard event within normal baseline
EVT_004195,True,BURST_ACTIVITY,high,Event occurred during sudden concentrated activity surge
EVT_004196,False,NORMAL,none,Standard event within normal baseline
EVT_004197,False,NORMAL,none,Standard event within normal baseline
EVT_004198,False,NORMAL,none,Standard event within normal baseline
EVT_004199,False,NORMAL,none,Standard event within normal baseline
EVT_004200,False,NORMAL,none,Standard event within normal baseline
EVT_004201,True,BURST_ACTIVITY,high,Event occurred during sudden concentrated activity surge
EVT_004202,False,NORMAL,none,Standard event within normal baseline
EVT_004203,False,NORMAL,none,Standard event within normal baseline
EVT_004204,False,NORMAL,none,Standard event within normal baseline
EVT_004205,False,NORMAL,none,Standard event within normal baseline
EVT_004206,False,NORMAL,none,Standard event within normal baseline
EVT_004207,True,BURST_ACTIVITY,high,Event occurred during sudden concentrated activity surge
EVT_004208,True,LOCATION_ANOMALY,medium,Event recorded with rapid impossible geographical transit
EVT_004209,False,NORMAL,none,Standard event within normal baseline
EVT_004210,False,NORMAL,none,Standard event within normal baseline
EVT_004211,True,COMMUNICATION_ANOMALY,medium,High-frequency short duration ping call
EVT_004212,False,NORMAL,none,Standard event within normal baseline
EVT_004213,False,NORMAL,none,Standard event within normal baseline
EVT_004214,True,BURST_ACTIVITY,high,Event occurred during sudden concentrated activity surge
EVT_004215,True,BURST_ACTIVITY,high,Event occurred during sudden concentrated activity surge
EVT_004216,True,BURST_ACTIVITY,high,Event occurred during sudden concentrated activity surge
EVT_004217,False,NORMAL,none,Standard event within normal baseline
EVT_004218,False,NORMAL,none,Standard event within normal baseline
EVT_004219,False,NORMAL,none,Standard event within normal baseline
EVT_004220,False,NORMAL,none,Standard event within normal baseline
EVT_004221,False,NORMAL,none,Standard event within normal baseline
EVT_004222,False,NORMAL,none,Standard event within normal baseline
EVT_004223,False,NORMAL,none,Standard event within normal baseline
EVT_004224,False,NORMAL,none,Standard event within normal baseline
EVT_004225,True,BURST_ACTIVITY,high,Event occurred during sudden concentrated activity surge
EVT_004226,False,NORMAL,none,Standard event within normal baseline
EVT_004227,True,SHARED_INFRASTRUCTURE,high,Event originated from high-fanout shared device/IP cluster
EVT_004228,False,NORMAL,none,Standard event within normal baseline
EVT_004229,False,NORMAL,none,Standard event within normal baseline
EVT_004230,False,NORMAL,none,Standard event within normal baseline
EVT_004231,False,NORMAL,none,Standard event within normal baseline
EVT_004232,False,NORMAL,none,Standard event within normal baseline
EVT_004233,False,NORMAL,none,Standard event within normal baseline
EVT_004234,True,BURST_ACTIVITY,high,Event occurred during sudden concentrated activity surge
EVT_004235,False,NORMAL,none,Standard event within normal baseline
EVT_004236,False,NORMAL,none,Standard event within normal baseline
EVT_004237,False,NORMAL,none,Standard event within normal baseline
EVT_004238,False,NORMAL,none,Standard event within normal baseline
EVT_004239,False,NORMAL,none,Standard event within normal baseline
EVT_004240,False,NORMAL,none,Standard event within normal baseline
EVT_004241,False,NORMAL,none,Standard event within normal baseline
EVT_004242,False,NORMAL,none,Standard event within normal baseline
EVT_004243,False,NORMAL,none,Standard event within normal baseline
EVT_004244,False,NORMAL,none,Standard event within normal baseline
EVT_004245,False,NORMAL,none,Standard event within normal baseline
EVT_004246,False,NORMAL,none,Standard event within normal baseline
EVT_004247,False,NORMAL,none,Standard event within normal baseline
EVT_004248,False,NORMAL,none,Standard event within normal baseline
EVT_004249,False,NORMAL,none,Standard event within normal baseline
EVT_004250,True,TRANSACTION_ANOMALY,high,Unusually high-value cross-account mule transfer
EVT_004251,False,NORMAL,none,Standard event within normal baseline
EVT_004252,False,NORMAL,none,Standard event within normal baseline
EVT_004253,False,NORMAL,none,Standard event within normal baseline
EVT_004254,False,NORMAL,none,Standard event within normal baseline
EVT_004255,False,NORMAL,none,Standard event within normal baseline
EVT_004256,False,NORMAL,none,Standard event within normal baseline
EVT_004257,False,NORMAL,none,Standard event within normal baseline
EVT_004258,False,NORMAL,none,Standard event within normal baseline
EVT_004259,False,NORMAL,none,Standard event within normal baseline
EVT_004260,False,NORMAL,none,Standard event within normal baseline
EVT_004261,True,BURST_ACTIVITY,high,Event occurred during sudden concentrated activity surge
EVT_004262,False,NORMAL,none,Standard event within normal baseline
EVT_004263,False,NORMAL,none,Standard event within normal baseline
EVT_004264,False,NORMAL,none,Standard event within normal baseline
EVT_004265,False,NORMAL,none,Standard event within normal baseline
EVT_004266,True,BURST_ACTIVITY,high,Event occurred during sudden concentrated activity surge
EVT_004267,False,NORMAL,none,Standard event within normal baseline
EVT_004268,False,NORMAL,none,Standard event within normal baseline
EVT_004269,True,LOCATION_ANOMALY,medium,Event recorded with rapid impossible geographical transit
EVT_004270,False,NORMAL,none,Standard event within normal baseline
EVT_004271,False,NORMAL,none,Standard event within normal baseline
EVT_004272,False,NORMAL,none,Standard event within normal baseline
EVT_004273,False,NORMAL,none,Standard event within normal baseline
EVT_004274,False,NORMAL,none,Standard event within normal baseline
EVT_004275,True,BURST_ACTIVITY,high,Event occurred during sudden concentrated activity surge
EVT_004276,False,NORMAL,none,Standard event within normal baseline
EVT_004277,False,NORMAL,none,Standard event within normal baseline
EVT_004278,False,NORMAL,none,Standard event within normal baseline
EVT_004279,False,NORMAL,none,Standard event within normal baseline
EVT_004280,False,NORMAL,none,Standard event within normal baseline
EVT_004281,False,NORMAL,none,Standard event within normal baseline
EVT_004282,False,NORMAL,none,Standard event within normal baseline
EVT_004283,True,HIGH_ACTIVITY,medium,Elevated transactional volume from network hub
EVT_004284,False,NORMAL,none,Standard event within normal baseline
EVT_004285,False,NORMAL,none,Standard event within normal baseline
EVT_004286,False,NORMAL,none,Standard event within normal baseline
EVT_004287,False,NORMAL,none,Standard event within normal baseline
EVT_004288,False,NORMAL,none,Standard event within normal baseline
EVT_004289,False,NORMAL,none,Standard event within normal baseline
EVT_004290,False,NORMAL,none,Standard event within normal baseline
EVT_004291,False,NORMAL,none,Standard event within normal baseline
EVT_004292,False,NORMAL,none,Standard event within normal baseline
EVT_004293,False,NORMAL,none,Standard event within normal baseline
EVT_004294,False,NORMAL,none,Standard event within normal baseline
EVT_004295,False,NORMAL,none,Standard event within normal baseline
EVT_004296,False,NORMAL,none,Standard event within normal baseline
EVT_004297,False,NORMAL,none,Standard event within normal baseline
EVT_004298,False,NORMAL,none,Standard event within normal baseline
EVT_004299,False,NORMAL,none,Standard event within normal baseline
EVT_004300,False,NORMAL,none,Standard event within normal baseline
EVT_004301,False,NORMAL,none,Standard event within normal baseline
EVT_004302,False,NORMAL,none,Standard event within normal baseline
EVT_004303,False,NORMAL,none,Standard event within normal baseline
EVT_004304,False,NORMAL,none,Standard event within normal baseline
EVT_004305,False,NORMAL,none,Standard event within normal baseline
EVT_004306,False,NORMAL,none,Standard event within normal baseline
EVT_004307,True,LOCATION_ANOMALY,medium,Event recorded with rapid impossible geographical transit
EVT_004308,False,NORMAL,none,Standard event within normal baseline
EVT_004309,False,NORMAL,none,Standard event within normal baseline
EVT_004310,False,NORMAL,none,Standard event within normal baseline
EVT_004311,False,NORMAL,none,Standard event within normal baseline
EVT_004312,False,NORMAL,none,Standard event within normal baseline
EVT_004313,True,SHARED_INFRASTRUCTURE,high,Event originated from high-fanout shared device/IP cluster
EVT_004314,False,NORMAL,none,Standard event within normal baseline
EVT_004315,False,NORMAL,none,Standard event within normal baseline
EVT_004316,True,SHARED_INFRASTRUCTURE,high,Event originated from high-fanout shared device/IP cluster
EVT_004317,False,NORMAL,none,Standard event within normal baseline
EVT_004318,False,NORMAL,none,Standard event within normal baseline
EVT_004319,False,NORMAL,none,Standard event within normal baseline
EVT_004320,False,NORMAL,none,Standard event within normal baseline
EVT_004321,False,NORMAL,none,Standard event within normal baseline
EVT_004322,False,NORMAL,none,Standard event within normal baseline
EVT_004323,True,SHARED_INFRASTRUCTURE,high,Event originated from high-fanout shared device/IP cluster
EVT_004324,True,BURST_ACTIVITY,high,Event occurred during sudden concentrated activity surge
EVT_004325,False,NORMAL,none,Standard event within normal baseline
EVT_004326,False,NORMAL,none,Standard event within normal baseline
EVT_004327,False,NORMAL,none,Standard event within normal baseline
EVT_004328,False,NORMAL,none,Standard event within normal baseline
EVT_004329,False,NORMAL,none,Standard event within normal baseline
EVT_004330,False,NORMAL,none,Standard event within normal baseline
EVT_004331,False,NORMAL,none,Standard event within normal baseline
EVT_004332,False,NORMAL,none,Standard event within normal baseline
EVT_004333,False,NORMAL,none,Standard event within normal baseline
EVT_004334,True,SHARED_INFRASTRUCTURE,high,Event originated from high-fanout shared device/IP cluster
EVT_004335,False,NORMAL,none,Standard event within normal baseline
EVT_004336,False,NORMAL,none,Standard event within normal baseline
EVT_004337,False,NORMAL,none,Standard event within normal baseline
EVT_004338,False,NORMAL,none,Standard event within normal baseline
EVT_004339,True,TRANSACTION_ANOMALY,high,Unusually high-value cross-account mule transfer
EVT_004340,False,NORMAL,none,Standard event within normal baseline
EVT_004341,False,NORMAL,none,Standard event within normal baseline
EVT_004342,False,NORMAL,none,Standard event within normal baseline
EVT_004343,False,NORMAL,none,Standard event within normal baseline
EVT_004344,False,NORMAL,none,Standard event within normal baseline
EVT_004345,False,NORMAL,none,Standard event within normal baseline
EVT_004346,False,NORMAL,none,Standard event within normal baseline
EVT_004347,True,BURST_ACTIVITY,high,Event occurred during sudden concentrated activity surge
EVT_004348,False,NORMAL,none,Standard event within normal baseline
EVT_004349,False,NORMAL,none,Standard event within normal baseline
EVT_004350,True,BURST_ACTIVITY,high,Event occurred during sudden concentrated activity surge
EVT_004351,False,NORMAL,none,Standard event within normal baseline
EVT_004352,False,NORMAL,none,Standard event within normal baseline
EVT_004353,False,NORMAL,none,Standard event within normal baseline
EVT_004354,True,SHARED_INFRASTRUCTURE,high,Event originated from high-fanout shared device/IP cluster
EVT_004355,True,LOCATION_ANOMALY,medium,Event recorded with rapid impossible geographical transit
EVT_004356,False,NORMAL,none,Standard event within normal baseline
EVT_004357,False,NORMAL,none,Standard event within normal baseline
EVT_004358,False,NORMAL,none,Standard event within normal baseline
EVT_004359,False,NORMAL,none,Standard event within normal baseline
EVT_004360,False,NORMAL,none,Standard event within normal baseline
EVT_004361,False,NORMAL,none,Standard event within normal baseline
EVT_004362,True,BURST_ACTIVITY,high,Event occurred during sudden concentrated activity surge
EVT_004363,False,NORMAL,none,Standard event within normal baseline
EVT_004364,False,NORMAL,none,Standard event within normal baseline
EVT_004365,False,NORMAL,none,Standard event within normal baseline
EVT_004366,False,NORMAL,none,Standard event within normal baseline
EVT_004367,True,TRANSACTION_ANOMALY,high,Unusually high-value cross-account mule transfer
EVT_004368,False,NORMAL,none,Standard event within normal baseline
EVT_004369,False,NORMAL,none,Standard event within normal baseline
EVT_004370,False,NORMAL,none,Standard event within normal baseline
EVT_004371,False,NORMAL,none,Standard event within normal baseline
EVT_004372,False,NORMAL,none,Standard event within normal baseline
EVT_004373,False,NORMAL,none,Standard event within normal baseline
EVT_004374,False,NORMAL,none,Standard event within normal baseline
EVT_004375,False,NORMAL,none,Standard event within normal baseline
EVT_004376,False,NORMAL,none,Standard event within normal baseline
EVT_004377,False,NORMAL,none,Standard event within normal baseline
EVT_004378,False,NORMAL,none,Standard event within normal baseline
EVT_004379,False,NORMAL,none,Standard event within normal baseline
EVT_004380,False,NORMAL,none,Standard event within normal baseline
EVT_004381,False,NORMAL,none,Standard event within normal baseline
EVT_004382,False,NORMAL,none,Standard event within normal baseline
EVT_004383,False,NORMAL,none,Standard event within normal baseline
EVT_004384,False,NORMAL,none,Standard event within normal baseline
EVT_004385,False,NORMAL,none,Standard event within normal baseline
EVT_004386,False,NORMAL,none,Standard event within normal baseline
EVT_004387,True,BURST_ACTIVITY,high,Event occurred during sudden concentrated activity surge
EVT_004388,False,NORMAL,none,Standard event within normal baseline
EVT_004389,False,NORMAL,none,Standard event within normal baseline
EVT_004390,False,NORMAL,none,Standard event within normal baseline
EVT_004391,False,NORMAL,none,Standard event within normal baseline
EVT_004392,False,NORMAL,none,Standard event within normal baseline
EVT_004393,False,NORMAL,none,Standard event within normal baseline
EVT_004394,False,NORMAL,none,Standard event within normal baseline
EVT_004395,False,NORMAL,none,Standard event within normal baseline
EVT_004396,False,NORMAL,none,Standard event within normal baseline
EVT_004397,False,NORMAL,none,Standard event within normal baseline
EVT_004398,True,COMMUNICATION_ANOMALY,medium,High-frequency short duration ping call
EVT_004399,False,NORMAL,none,Standard event within normal baseline
EVT_004400,True,COMMUNICATION_ANOMALY,medium,High-frequency short duration ping call
EVT_004401,True,LOCATION_ANOMALY,medium,Event recorded with rapid impossible geographical transit
EVT_004402,False,NORMAL,none,Standard event within normal baseline
EVT_004403,False,NORMAL,none,Standard event within normal baseline
EVT_004404,True,COMMUNICATION_ANOMALY,medium,High-frequency short duration ping call
EVT_004405,False,NORMAL,none,Standard event within normal baseline
EVT_004406,False,NORMAL,none,Standard event within normal baseline
EVT_004407,False,NORMAL,none,Standard event within normal baseline
EVT_004408,False,NORMAL,none,Standard event within normal baseline
EVT_004409,False,NORMAL,none,Standard event within normal baseline
EVT_004410,False,NORMAL,none,Standard event within normal baseline
EVT_004411,False,NORMAL,none,Standard event within normal baseline
EVT_004412,False,NORMAL,none,Standard event within normal baseline
EVT_004413,False,NORMAL,none,Standard event within normal baseline
EVT_004414,True,BURST_ACTIVITY,high,Event occurred during sudden concentrated activity surge
EVT_004415,False,NORMAL,none,Standard event within normal baseline
EVT_004416,False,NORMAL,none,Standard event within normal baseline
EVT_004417,False,NORMAL,none,Standard event within normal baseline
EVT_004418,False,NORMAL,none,Standard event within normal baseline
EVT_004419,False,NORMAL,none,Standard event within normal baseline
EVT_004420,False,NORMAL,none,Standard event within normal baseline
EVT_004421,True,BURST_ACTIVITY,high,Event occurred during sudden concentrated activity surge
EVT_004422,False,NORMAL,none,Standard event within normal baseline
EVT_004423,False,NORMAL,none,Standard event within normal baseline
EVT_004424,False,NORMAL,none,Standard event within normal baseline
EVT_004425,False,NORMAL,none,Standard event within normal baseline
EVT_004426,True,TRANSACTION_ANOMALY,high,Unusually high-value cross-account mule transfer
EVT_004427,False,NORMAL,none,Standard event within normal baseline
EVT_004428,False,NORMAL,none,Standard event within normal baseline
EVT_004429,False,NORMAL,none,Standard event within normal baseline
EVT_004430,False,NORMAL,none,Standard event within normal baseline
EVT_004431,False,NORMAL,none,Standard event within normal baseline
EVT_004432,False,NORMAL,none,Standard event within normal baseline
EVT_004433,False,NORMAL,none,Standard event within normal baseline
EVT_004434,False,NORMAL,none,Standard event within normal baseline
EVT_004435,True,BURST_ACTIVITY,high,Event occurred during sudden concentrated activity surge
EVT_004436,False,NORMAL,none,Standard event within normal baseline
EVT_004437,False,NORMAL,none,Standard event within normal baseline
EVT_004438,False,NORMAL,none,Standard event within normal baseline
EVT_004439,False,NORMAL,none,Standard event within normal baseline
EVT_004440,False,NORMAL,none,Standard event within normal baseline
EVT_004441,True,BURST_ACTIVITY,high,Event occurred during sudden concentrated activity surge
EVT_004442,False,NORMAL,none,Standard event within normal baseline
EVT_004443,False,NORMAL,none,Standard event within normal baseline
EVT_004444,False,NORMAL,none,Standard event within normal baseline
EVT_004445,True,BURST_ACTIVITY,high,Event occurred during sudden concentrated activity surge
EVT_004446,False,NORMAL,none,Standard event within normal baseline
EVT_004447,False,NORMAL,none,Standard event within normal baseline
EVT_004448,False,NORMAL,none,Standard event within normal baseline
EVT_004449,True,BURST_ACTIVITY,high,Event occurred during sudden concentrated activity surge
EVT_004450,False,NORMAL,none,Standard event within normal baseline
EVT_004451,False,NORMAL,none,Standard event within normal baseline
EVT_004452,False,NORMAL,none,Standard event within normal baseline
EVT_004453,False,NORMAL,none,Standard event within normal baseline
EVT_004454,True,COMMUNICATION_ANOMALY,medium,High-frequency short duration ping call
EVT_004455,False,NORMAL,none,Standard event within normal baseline
EVT_004456,True,LOCATION_ANOMALY,medium,Event recorded with rapid impossible geographical transit
EVT_004457,False,NORMAL,none,Standard event within normal baseline
EVT_004458,False,NORMAL,none,Standard event within normal baseline
EVT_004459,False,NORMAL,none,Standard event within normal baseline
EVT_004460,False,NORMAL,none,Standard event within normal baseline
EVT_004461,False,NORMAL,none,Standard event within normal baseline
EVT_004462,False,NORMAL,none,Standard event within normal baseline
EVT_004463,True,SHARED_INFRASTRUCTURE,high,Event originated from high-fanout shared device/IP cluster
EVT_004464,False,NORMAL,none,Standard event within normal baseline
EVT_004465,False,NORMAL,none,Standard event within normal baseline
EVT_004466,False,NORMAL,none,Standard event within normal baseline
EVT_004467,False,NORMAL,none,Standard event within normal baseline
EVT_004468,False,NORMAL,none,Standard event within normal baseline
EVT_004469,True,BURST_ACTIVITY,high,Event occurred during sudden concentrated activity surge
EVT_004470,False,NORMAL,none,Standard event within normal baseline
EVT_004471,False,NORMAL,none,Standard event within normal baseline
EVT_004472,False,NORMAL,none,Standard event within normal baseline
EVT_004473,False,NORMAL,none,Standard event within normal baseline
EVT_004474,False,NORMAL,none,Standard event within normal baseline
EVT_004475,False,NORMAL,none,Standard event within normal baseline
EVT_004476,False,NORMAL,none,Standard event within normal baseline
EVT_004477,False,NORMAL,none,Standard event within normal baseline
EVT_004478,False,NORMAL,none,Standard event within normal baseline
EVT_004479,False,NORMAL,none,Standard event within normal baseline
EVT_004480,False,NORMAL,none,Standard event within normal baseline
EVT_004481,False,NORMAL,none,Standard event within normal baseline
EVT_004482,True,COMMUNICATION_ANOMALY,medium,High-frequency short duration ping call
EVT_004483,False,NORMAL,none,Standard event within normal baseline
EVT_004484,False,NORMAL,none,Standard event within normal baseline
EVT_004485,False,NORMAL,none,Standard event within normal baseline
EVT_004486,True,HIGH_ACTIVITY,medium,Elevated transactional volume from network hub
EVT_004487,False,NORMAL,none,Standard event within normal baseline
EVT_004488,False,NORMAL,none,Standard event within normal baseline
EVT_004489,False,NORMAL,none,Standard event within normal baseline
EVT_004490,True,BURST_ACTIVITY,high,Event occurred during sudden concentrated activity surge
EVT_004491,False,NORMAL,none,Standard event within normal baseline
EVT_004492,False,NORMAL,none,Standard event within normal baseline
EVT_004493,False,NORMAL,none,Standard event within normal baseline
EVT_004494,True,BURST_ACTIVITY,high,Event occurred during sudden concentrated activity surge
EVT_004495,False,NORMAL,none,Standard event within normal baseline
EVT_004496,False,NORMAL,none,Standard event within normal baseline
EVT_004497,False,NORMAL,none,Standard event within normal baseline
EVT_004498,True,BURST_ACTIVITY,high,Event occurred during sudden concentrated activity surge
EVT_004499,False,NORMAL,none,Standard event within normal baseline
EVT_004500,False,NORMAL,none,Standard event within normal baseline
EVT_004501,False,NORMAL,none,Standard event within normal baseline
EVT_004502,False,NORMAL,none,Standard event within normal baseline
EVT_004503,False,NORMAL,none,Standard event within normal baseline
EVT_004504,False,NORMAL,none,Standard event within normal baseline
EVT_004505,False,NORMAL,none,Standard event within normal baseline
EVT_004506,False,NORMAL,none,Standard event within normal baseline
EVT_004507,False,NORMAL,none,Standard event within normal baseline
EVT_004508,False,NORMAL,none,Standard event within normal baseline
EVT_004509,False,NORMAL,none,Standard event within normal baseline
EVT_004510,False,NORMAL,none,Standard event within normal baseline
EVT_004511,True,BURST_ACTIVITY,high,Event occurred during sudden concentrated activity surge
EVT_004512,False,NORMAL,none,Standard event within normal baseline
EVT_004513,False,NORMAL,none,Standard event within normal baseline
EVT_004514,False,NORMAL,none,Standard event within normal baseline
EVT_004515,False,NORMAL,none,Standard event within normal baseline
EVT_004516,False,NORMAL,none,Standard event within normal baseline
EVT_004517,True,BURST_ACTIVITY,high,Event occurred during sudden concentrated activity surge
EVT_004518,True,BURST_ACTIVITY,high,Event occurred during sudden concentrated activity surge
EVT_004519,True,BURST_ACTIVITY,high,Event occurred during sudden concentrated activity surge
EVT_004520,False,NORMAL,none,Standard event within normal baseline
EVT_004521,False,NORMAL,none,Standard event within normal baseline
EVT_004522,True,BURST_ACTIVITY,high,Event occurred during sudden concentrated activity surge
EVT_004523,False,NORMAL,none,Standard event within normal baseline
EVT_004524,False,NORMAL,none,Standard event within normal baseline
EVT_004525,False,NORMAL,none,Standard event within normal baseline
EVT_004526,False,NORMAL,none,Standard event within normal baseline
EVT_004527,False,NORMAL,none,Standard event within normal baseline
EVT_004528,True,BURST_ACTIVITY,high,Event occurred during sudden concentrated activity surge
EVT_004529,False,NORMAL,none,Standard event within normal baseline
EVT_004530,False,NORMAL,none,Standard event within normal baseline
EVT_004531,False,NORMAL,none,Standard event within normal baseline
EVT_004532,False,NORMAL,none,Standard event within normal baseline
EVT_004533,False,NORMAL,none,Standard event within normal baseline
EVT_004534,True,SHARED_INFRASTRUCTURE,high,Event originated from high-fanout shared device/IP cluster
EVT_004535,False,NORMAL,none,Standard event within normal baseline
EVT_004536,False,NORMAL,none,Standard event within normal baseline
EVT_004537,False,NORMAL,none,Standard event within normal baseline
EVT_004538,False,NORMAL,none,Standard event within normal baseline
EVT_004539,False,NORMAL,none,Standard event within normal baseline
EVT_004540,False,NORMAL,none,Standard event within normal baseline
EVT_004541,False,NORMAL,none,Standard event within normal baseline
EVT_004542,False,NORMAL,none,Standard event within normal baseline
EVT_004543,False,NORMAL,none,Standard event within normal baseline
EVT_004544,True,TRANSACTION_ANOMALY,high,Unusually high-value cross-account mule transfer
EVT_004545,False,NORMAL,none,Standard event within normal baseline
EVT_004546,True,TRANSACTION_ANOMALY,high,Unusually high-value cross-account mule transfer
EVT_004547,True,BURST_ACTIVITY,high,Event occurred during sudden concentrated activity surge
EVT_004548,False,NORMAL,none,Standard event within normal baseline
EVT_004549,False,NORMAL,none,Standard event within normal baseline
EVT_004550,False,NORMAL,none,Standard event within normal baseline
EVT_004551,False,NORMAL,none,Standard event within normal baseline
EVT_004552,False,NORMAL,none,Standard event within normal baseline
EVT_004553,False,NORMAL,none,Standard event within normal baseline
EVT_004554,False,NORMAL,none,Standard event within normal baseline
EVT_004555,False,NORMAL,none,Standard event within normal baseline
EVT_004556,False,NORMAL,none,Standard event within normal baseline
EVT_004557,True,COMMUNICATION_ANOMALY,medium,High-frequency short duration ping call
EVT_004558,False,NORMAL,none,Standard event within normal baseline
EVT_004559,False,NORMAL,none,Standard event within normal baseline
EVT_004560,False,NORMAL,none,Standard event within normal baseline
EVT_004561,False,NORMAL,none,Standard event within normal baseline
EVT_004562,False,NORMAL,none,Standard event within normal baseline
EVT_004563,False,NORMAL,none,Standard event within normal baseline
EVT_004564,False,NORMAL,none,Standard event within normal baseline
EVT_004565,False,NORMAL,none,Standard event within normal baseline
EVT_004566,False,NORMAL,none,Standard event within normal baseline
EVT_004567,False,NORMAL,none,Standard event within normal baseline
EVT_004568,False,NORMAL,none,Standard event within normal baseline
EVT_004569,False,NORMAL,none,Standard event within normal baseline
EVT_004570,False,NORMAL,none,Standard event within normal baseline
EVT_004571,True,BURST_ACTIVITY,high,Event occurred during sudden concentrated activity surge
EVT_004572,False,NORMAL,none,Standard event within normal baseline
EVT_004573,False,NORMAL,none,Standard event within normal baseline
EVT_004574,False,NORMAL,none,Standard event within normal baseline
EVT_004575,False,NORMAL,none,Standard event within normal baseline
EVT_004576,True,TRANSACTION_ANOMALY,high,Unusually high-value cross-account mule transfer
EVT_004577,False,NORMAL,none,Standard event within normal baseline
EVT_004578,False,NORMAL,none,Standard event within normal baseline
EVT_004579,False,NORMAL,none,Standard event within normal baseline
EVT_004580,False,NORMAL,none,Standard event within normal baseline
EVT_004581,False,NORMAL,none,Standard event within normal baseline
EVT_004582,False,NORMAL,none,Standard event within normal baseline
EVT_004583,False,NORMAL,none,Standard event within normal baseline
EVT_004584,False,NORMAL,none,Standard event within normal baseline
EVT_004585,False,NORMAL,none,Standard event within normal baseline
EVT_004586,False,NORMAL,none,Standard event within normal baseline
EVT_004587,False,NORMAL,none,Standard event within normal baseline
EVT_004588,False,NORMAL,none,Standard event within normal baseline
EVT_004589,False,NORMAL,none,Standard event within normal baseline
EVT_004590,False,NORMAL,none,Standard event within normal baseline
EVT_004591,True,HIGH_ACTIVITY,medium,Elevated transactional volume from network hub
EVT_004592,False,NORMAL,none,Standard event within normal baseline
EVT_004593,False,NORMAL,none,Standard event within normal baseline
EVT_004594,False,NORMAL,none,Standard event within normal baseline
EVT_004595,True,BURST_ACTIVITY,high,Event occurred during sudden concentrated activity surge
EVT_004596,False,NORMAL,none,Standard event within normal baseline
EVT_004597,False,NORMAL,none,Standard event within normal baseline
EVT_004598,True,BURST_ACTIVITY,high,Event occurred during sudden concentrated activity surge
EVT_004599,False,NORMAL,none,Standard event within normal baseline
EVT_004600,False,NORMAL,none,Standard event within normal baseline
EVT_004601,False,NORMAL,none,Standard event within normal baseline
EVT_004602,False,NORMAL,none,Standard event within normal baseline
EVT_004603,False,NORMAL,none,Standard event within normal baseline
EVT_004604,False,NORMAL,none,Standard event within normal baseline
EVT_004605,False,NORMAL,none,Standard event within normal baseline
EVT_004606,False,NORMAL,none,Standard event within normal baseline
EVT_004607,False,NORMAL,none,Standard event within normal baseline
EVT_004608,True,BURST_ACTIVITY,high,Event occurred during sudden concentrated activity surge
EVT_004609,False,NORMAL,none,Standard event within normal baseline
EVT_004610,False,NORMAL,none,Standard event within normal baseline
EVT_004611,False,NORMAL,none,Standard event within normal baseline
EVT_004612,False,NORMAL,none,Standard event within normal baseline
EVT_004613,True,HIGH_ACTIVITY,medium,Elevated transactional volume from network hub
EVT_004614,False,NORMAL,none,Standard event within normal baseline
EVT_004615,False,NORMAL,none,Standard event within normal baseline
EVT_004616,False,NORMAL,none,Standard event within normal baseline
EVT_004617,False,NORMAL,none,Standard event within normal baseline
EVT_004618,False,NORMAL,none,Standard event within normal baseline
EVT_004619,False,NORMAL,none,Standard event within normal baseline
EVT_004620,False,NORMAL,none,Standard event within normal baseline
EVT_004621,False,NORMAL,none,Standard event within normal baseline
EVT_004622,True,HIGH_ACTIVITY,medium,Elevated transactional volume from network hub
EVT_004623,False,NORMAL,none,Standard event within normal baseline
EVT_004624,False,NORMAL,none,Standard event within normal baseline
EVT_004625,False,NORMAL,none,Standard event within normal baseline
EVT_004626,False,NORMAL,none,Standard event within normal baseline
EVT_004627,True,BURST_ACTIVITY,high,Event occurred during sudden concentrated activity surge
EVT_004628,False,NORMAL,none,Standard event within normal baseline
EVT_004629,False,NORMAL,none,Standard event within normal baseline
EVT_004630,False,NORMAL,none,Standard event within normal baseline
EVT_004631,False,NORMAL,none,Standard event within normal baseline
EVT_004632,False,NORMAL,none,Standard event within normal baseline
EVT_004633,False,NORMAL,none,Standard event within normal baseline
EVT_004634,False,NORMAL,none,Standard event within normal baseline
EVT_004635,False,NORMAL,none,Standard event within normal baseline
EVT_004636,False,NORMAL,none,Standard event within normal baseline
EVT_004637,False,NORMAL,none,Standard event within normal baseline
EVT_004638,False,NORMAL,none,Standard event within normal baseline
EVT_004639,False,NORMAL,none,Standard event within normal baseline
EVT_004640,False,NORMAL,none,Standard event within normal baseline
EVT_004641,False,NORMAL,none,Standard event within normal baseline
EVT_004642,False,NORMAL,none,Standard event within normal baseline
EVT_004643,False,NORMAL,none,Standard event within normal baseline
EVT_004644,False,NORMAL,none,Standard event within normal baseline
EVT_004645,False,NORMAL,none,Standard event within normal baseline
EVT_004646,False,NORMAL,none,Standard event within normal baseline
EVT_004647,True,LOCATION_ANOMALY,medium,Event recorded with rapid impossible geographical transit
EVT_004648,False,NORMAL,none,Standard event within normal baseline
EVT_004649,False,NORMAL,none,Standard event within normal baseline
EVT_004650,False,NORMAL,none,Standard event within normal baseline
EVT_004651,False,NORMAL,none,Standard event within normal baseline
EVT_004652,False,NORMAL,none,Standard event within normal baseline
EVT_004653,False,NORMAL,none,Standard event within normal baseline
EVT_004654,True,TRANSACTION_ANOMALY,high,Unusually high-value cross-account mule transfer
EVT_004655,False,NORMAL,none,Standard event within normal baseline
EVT_004656,False,NORMAL,none,Standard event within normal baseline
EVT_004657,False,NORMAL,none,Standard event within normal baseline
EVT_004658,False,NORMAL,none,Standard event within normal baseline
EVT_004659,False,NORMAL,none,Standard event within normal baseline
EVT_004660,False,NORMAL,none,Standard event within normal baseline
EVT_004661,False,NORMAL,none,Standard event within normal baseline
EVT_004662,False,NORMAL,none,Standard event within normal baseline
EVT_004663,False,NORMAL,none,Standard event within normal baseline
EVT_004664,True,TRANSACTION_ANOMALY,high,Unusually high-value cross-account mule transfer
EVT_004665,True,BURST_ACTIVITY,high,Event occurred during sudden concentrated activity surge
EVT_004666,False,NORMAL,none,Standard event within normal baseline
EVT_004667,False,NORMAL,none,Standard event within normal baseline
EVT_004668,False,NORMAL,none,Standard event within normal baseline
EVT_004669,False,NORMAL,none,Standard event within normal baseline
EVT_004670,False,NORMAL,none,Standard event within normal baseline
EVT_004671,False,NORMAL,none,Standard event within normal baseline
EVT_004672,False,NORMAL,none,Standard event within normal baseline
EVT_004673,False,NORMAL,none,Standard event within normal baseline
EVT_004674,False,NORMAL,none,Standard event within normal baseline
EVT_004675,False,NORMAL,none,Standard event within normal baseline
EVT_004676,False,NORMAL,none,Standard event within normal baseline
EVT_004677,False,NORMAL,none,Standard event within normal baseline
EVT_004678,False,NORMAL,none,Standard event within normal baseline
EVT_004679,False,NORMAL,none,Standard event within normal baseline
EVT_004680,False,NORMAL,none,Standard event within normal baseline
EVT_004681,False,NORMAL,none,Standard event within normal baseline
EVT_004682,False,NORMAL,none,Standard event within normal baseline
EVT_004683,False,NORMAL,none,Standard event within normal baseline
EVT_004684,True,LOCATION_ANOMALY,medium,Event recorded with rapid impossible geographical transit
EVT_004685,False,NORMAL,none,Standard event within normal baseline
EVT_004686,True,BURST_ACTIVITY,high,Event occurred during sudden concentrated activity surge
EVT_004687,True,BURST_ACTIVITY,high,Event occurred during sudden concentrated activity surge
EVT_004688,False,NORMAL,none,Standard event within normal baseline
EVT_004689,False,NORMAL,none,Standard event within normal baseline
EVT_004690,False,NORMAL,none,Standard event within normal baseline
EVT_004691,True,BURST_ACTIVITY,high,Event occurred during sudden concentrated activity surge
EVT_004692,False,NORMAL,none,Standard event within normal baseline
EVT_004693,False,NORMAL,none,Standard event within normal baseline
EVT_004694,False,NORMAL,none,Standard event within normal baseline
EVT_004695,False,NORMAL,none,Standard event within normal baseline
EVT_004696,False,NORMAL,none,Standard event within normal baseline
EVT_004697,True,BURST_ACTIVITY,high,Event occurred during sudden concentrated activity surge
EVT_004698,False,NORMAL,none,Standard event within normal baseline
EVT_004699,False,NORMAL,none,Standard event within normal baseline
EVT_004700,False,NORMAL,none,Standard event within normal baseline
EVT_004701,True,BURST_ACTIVITY,high,Event occurred during sudden concentrated activity surge
EVT_004702,False,NORMAL,none,Standard event within normal baseline
EVT_004703,False,NORMAL,none,Standard event within normal baseline
EVT_004704,False,NORMAL,none,Standard event within normal baseline
EVT_004705,False,NORMAL,none,Standard event within normal baseline
EVT_004706,False,NORMAL,none,Standard event within normal baseline
EVT_004707,False,NORMAL,none,Standard event within normal baseline
EVT_004708,False,NORMAL,none,Standard event within normal baseline
EVT_004709,False,NORMAL,none,Standard event within normal baseline
EVT_004710,False,NORMAL,none,Standard event within normal baseline
EVT_004711,False,NORMAL,none,Standard event within normal baseline
EVT_004712,False,NORMAL,none,Standard event within normal baseline
EVT_004713,False,NORMAL,none,Standard event within normal baseline
EVT_004714,False,NORMAL,none,Standard event within normal baseline
EVT_004715,False,NORMAL,none,Standard event within normal baseline
EVT_004716,False,NORMAL,none,Standard event within normal baseline
EVT_004717,False,NORMAL,none,Standard event within normal baseline
EVT_004718,False,NORMAL,none,Standard event within normal baseline
EVT_004719,False,NORMAL,none,Standard event within normal baseline
EVT_004720,False,NORMAL,none,Standard event within normal baseline
EVT_004721,False,NORMAL,none,Standard event within normal baseline
EVT_004722,False,NORMAL,none,Standard event within normal baseline
EVT_004723,False,NORMAL,none,Standard event within normal baseline
EVT_004724,False,NORMAL,none,Standard event within normal baseline
EVT_004725,False,NORMAL,none,Standard event within normal baseline
EVT_004726,False,NORMAL,none,Standard event within normal baseline
EVT_004727,False,NORMAL,none,Standard event within normal baseline
EVT_004728,False,NORMAL,none,Standard event within normal baseline
EVT_004729,False,NORMAL,none,Standard event within normal baseline
EVT_004730,False,NORMAL,none,Standard event within normal baseline
EVT_004731,False,NORMAL,none,Standard event within normal baseline
EVT_004732,False,NORMAL,none,Standard event within normal baseline
EVT_004733,False,NORMAL,none,Standard event within normal baseline
EVT_004734,False,NORMAL,none,Standard event within normal baseline
EVT_004735,False,NORMAL,none,Standard event within normal baseline
EVT_004736,False,NORMAL,none,Standard event within normal baseline
EVT_004737,False,NORMAL,none,Standard event within normal baseline
EVT_004738,False,NORMAL,none,Standard event within normal baseline
EVT_004739,False,NORMAL,none,Standard event within normal baseline
EVT_004740,False,NORMAL,none,Standard event within normal baseline
EVT_004741,True,BURST_ACTIVITY,high,Event occurred during sudden concentrated activity surge
EVT_004742,False,NORMAL,none,Standard event within normal baseline
EVT_004743,False,NORMAL,none,Standard event within normal baseline
EVT_004744,False,NORMAL,none,Standard event within normal baseline
EVT_004745,False,NORMAL,none,Standard event within normal baseline
EVT_004746,False,NORMAL,none,Standard event within normal baseline
EVT_004747,False,NORMAL,none,Standard event within normal baseline
EVT_004748,True,BURST_ACTIVITY,high,Event occurred during sudden concentrated activity surge
EVT_004749,False,NORMAL,none,Standard event within normal baseline
EVT_004750,True,TRANSACTION_ANOMALY,high,Unusually high-value cross-account mule transfer
EVT_004751,False,NORMAL,none,Standard event within normal baseline
EVT_004752,False,NORMAL,none,Standard event within normal baseline
EVT_004753,True,BURST_ACTIVITY,high,Event occurred during sudden concentrated activity surge
EVT_004754,False,NORMAL,none,Standard event within normal baseline
EVT_004755,False,NORMAL,none,Standard event within normal baseline
EVT_004756,False,NORMAL,none,Standard event within normal baseline
EVT_004757,False,NORMAL,none,Standard event within normal baseline
EVT_004758,True,BURST_ACTIVITY,high,Event occurred during sudden concentrated activity surge
EVT_004759,False,NORMAL,none,Standard event within normal baseline
EVT_004760,False,NORMAL,none,Standard event within normal baseline
EVT_004761,True,BURST_ACTIVITY,high,Event occurred during sudden concentrated activity surge
EVT_004762,True,BURST_ACTIVITY,high,Event occurred during sudden concentrated activity surge
EVT_004763,False,NORMAL,none,Standard event within normal baseline
EVT_004764,True,HIGH_ACTIVITY,medium,Elevated transactional volume from network hub
EVT_004765,False,NORMAL,none,Standard event within normal baseline
EVT_004766,False,NORMAL,none,Standard event within normal baseline
EVT_004767,False,NORMAL,none,Standard event within normal baseline
EVT_004768,True,TRANSACTION_ANOMALY,high,Unusually high-value cross-account mule transfer
EVT_004769,False,NORMAL,none,Standard event within normal baseline
EVT_004770,True,BURST_ACTIVITY,high,Event occurred during sudden concentrated activity surge
EVT_004771,False,NORMAL,none,Standard event within normal baseline
EVT_004772,False,NORMAL,none,Standard event within normal baseline
EVT_004773,True,BURST_ACTIVITY,high,Event occurred during sudden concentrated activity surge
EVT_004774,False,NORMAL,none,Standard event within normal baseline
EVT_004775,True,BURST_ACTIVITY,high,Event occurred during sudden concentrated activity surge
EVT_004776,False,NORMAL,none,Standard event within normal baseline
EVT_004777,False,NORMAL,none,Standard event within normal baseline
EVT_004778,False,NORMAL,none,Standard event within normal baseline
EVT_004779,False,NORMAL,none,Standard event within normal baseline
EVT_004780,False,NORMAL,none,Standard event within normal baseline
EVT_004781,True,BURST_ACTIVITY,high,Event occurred during sudden concentrated activity surge
EVT_004782,False,NORMAL,none,Standard event within normal baseline
EVT_004783,False,NORMAL,none,Standard event within normal baseline
EVT_004784,False,NORMAL,none,Standard event within normal baseline
EVT_004785,False,NORMAL,none,Standard event within normal baseline
EVT_004786,False,NORMAL,none,Standard event within normal baseline
EVT_004787,True,SHARED_INFRASTRUCTURE,high,Event originated from high-fanout shared device/IP cluster
EVT_004788,False,NORMAL,none,Standard event within normal baseline
EVT_004789,True,BURST_ACTIVITY,high,Event occurred during sudden concentrated activity surge
EVT_004790,True,SHARED_INFRASTRUCTURE,high,Event originated from high-fanout shared device/IP cluster
EVT_004791,True,BURST_ACTIVITY,high,Event occurred during sudden concentrated activity surge
EVT_004792,False,NORMAL,none,Standard event within normal baseline
EVT_004793,True,HIGH_ACTIVITY,medium,Elevated transactional volume from network hub
EVT_004794,False,NORMAL,none,Standard event within normal baseline
EVT_004795,False,NORMAL,none,Standard event within normal baseline
EVT_004796,False,NORMAL,none,Standard event within normal baseline
EVT_004797,False,NORMAL,none,Standard event within normal baseline
EVT_004798,False,NORMAL,none,Standard event within normal baseline
EVT_004799,True,TRANSACTION_ANOMALY,high,Unusually high-value cross-account mule transfer
EVT_004800,False,NORMAL,none,Standard event within normal baseline
EVT_004801,False,NORMAL,none,Standard event within normal baseline
EVT_004802,False,NORMAL,none,Standard event within normal baseline
EVT_004803,False,NORMAL,none,Standard event within normal baseline
EVT_004804,False,NORMAL,none,Standard event within normal baseline
EVT_004805,False,NORMAL,none,Standard event within normal baseline
EVT_004806,False,NORMAL,none,Standard event within normal baseline
EVT_004807,True,LOCATION_ANOMALY,medium,Event recorded with rapid impossible geographical transit
EVT_004808,True,BURST_ACTIVITY,high,Event occurred during sudden concentrated activity surge
EVT_004809,False,NORMAL,none,Standard event within normal baseline
EVT_004810,False,NORMAL,none,Standard event within normal baseline
EVT_004811,False,NORMAL,none,Standard event within normal baseline
EVT_004812,False,NORMAL,none,Standard event within normal baseline
EVT_004813,False,NORMAL,none,Standard event within normal baseline
EVT_004814,False,NORMAL,none,Standard event within normal baseline
EVT_004815,False,NORMAL,none,Standard event within normal baseline
EVT_004816,False,NORMAL,none,Standard event within normal baseline
EVT_004817,False,NORMAL,none,Standard event within normal baseline
EVT_004818,False,NORMAL,none,Standard event within normal baseline
EVT_004819,False,NORMAL,none,Standard event within normal baseline
EVT_004820,False,NORMAL,none,Standard event within normal baseline
EVT_004821,True,BURST_ACTIVITY,high,Event occurred during sudden concentrated activity surge
EVT_004822,False,NORMAL,none,Standard event within normal baseline
EVT_004823,False,NORMAL,none,Standard event within normal baseline
EVT_004824,False,NORMAL,none,Standard event within normal baseline
EVT_004825,False,NORMAL,none,Standard event within normal baseline
EVT_004826,False,NORMAL,none,Standard event within normal baseline
EVT_004827,False,NORMAL,none,Standard event within normal baseline
EVT_004828,False,NORMAL,none,Standard event within normal baseline
EVT_004829,False,NORMAL,none,Standard event within normal baseline
EVT_004830,False,NORMAL,none,Standard event within normal baseline
EVT_004831,False,NORMAL,none,Standard event within normal baseline
EVT_004832,False,NORMAL,none,Standard event within normal baseline
EVT_004833,False,NORMAL,none,Standard event within normal baseline
EVT_004834,False,NORMAL,none,Standard event within normal baseline
EVT_004835,False,NORMAL,none,Standard event within normal baseline
EVT_004836,False,NORMAL,none,Standard event within normal baseline
EVT_004837,False,NORMAL,none,Standard event within normal baseline
EVT_004838,False,NORMAL,none,Standard event within normal baseline
EVT_004839,False,NORMAL,none,Standard event within normal baseline
EVT_004840,True,TRANSACTION_ANOMALY,high,Unusually high-value cross-account mule transfer
EVT_004841,False,NORMAL,none,Standard event within normal baseline
EVT_004842,False,NORMAL,none,Standard event within normal baseline
EVT_004843,False,NORMAL,none,Standard event within normal baseline
EVT_004844,False,NORMAL,none,Standard event within normal baseline
EVT_004845,False,NORMAL,none,Standard event within normal baseline
EVT_004846,True,BURST_ACTIVITY,high,Event occurred during sudden concentrated activity surge
EVT_004847,False,NORMAL,none,Standard event within normal baseline
EVT_004848,True,SHARED_INFRASTRUCTURE,high,Event originated from high-fanout shared device/IP cluster
EVT_004849,False,NORMAL,none,Standard event within normal baseline
EVT_004850,False,NORMAL,none,Standard event within normal baseline
EVT_004851,False,NORMAL,none,Standard event within normal baseline
EVT_004852,False,NORMAL,none,Standard event within normal baseline
EVT_004853,True,COMMUNICATION_ANOMALY,medium,High-frequency short duration ping call
EVT_004854,True,COMMUNICATION_ANOMALY,medium,High-frequency short duration ping call
EVT_004855,False,NORMAL,none,Standard event within normal baseline
EVT_004856,False,NORMAL,none,Standard event within normal baseline
EVT_004857,False,NORMAL,none,Standard event within normal baseline
EVT_004858,False,NORMAL,none,Standard event within normal baseline
EVT_004859,False,NORMAL,none,Standard event within normal baseline
EVT_004860,False,NORMAL,none,Standard event within normal baseline
EVT_004861,False,NORMAL,none,Standard event within normal baseline
EVT_004862,False,NORMAL,none,Standard event within normal baseline
EVT_004863,False,NORMAL,none,Standard event within normal baseline
EVT_004864,False,NORMAL,none,Standard event within normal baseline
EVT_004865,False,NORMAL,none,Standard event within normal baseline
EVT_004866,False,NORMAL,none,Standard event within normal baseline
EVT_004867,False,NORMAL,none,Standard event within normal baseline
EVT_004868,False,NORMAL,none,Standard event within normal baseline
EVT_004869,False,NORMAL,none,Standard event within normal baseline
EVT_004870,False,NORMAL,none,Standard event within normal baseline
EVT_004871,True,LOCATION_ANOMALY,medium,Event recorded with rapid impossible geographical transit
EVT_004872,False,NORMAL,none,Standard event within normal baseline
EVT_004873,False,NORMAL,none,Standard event within normal baseline
EVT_004874,False,NORMAL,none,Standard event within normal baseline
EVT_004875,True,TRANSACTION_ANOMALY,high,Unusually high-value cross-account mule transfer
EVT_004876,False,NORMAL,none,Standard event within normal baseline
EVT_004877,False,NORMAL,none,Standard event within normal baseline
EVT_004878,False,NORMAL,none,Standard event within normal baseline
EVT_004879,False,NORMAL,none,Standard event within normal baseline
EVT_004880,False,NORMAL,none,Standard event within normal baseline
EVT_004881,False,NORMAL,none,Standard event within normal baseline
EVT_004882,False,NORMAL,none,Standard event within normal baseline
EVT_004883,False,NORMAL,none,Standard event within normal baseline
EVT_004884,False,NORMAL,none,Standard event within normal baseline
EVT_004885,False,NORMAL,none,Standard event within normal baseline
EVT_004886,False,NORMAL,none,Standard event within normal baseline
EVT_004887,False,NORMAL,none,Standard event within normal baseline
EVT_004888,False,NORMAL,none,Standard event within normal baseline
EVT_004889,False,NORMAL,none,Standard event within normal baseline
EVT_004890,False,NORMAL,none,Standard event within normal baseline
EVT_004891,False,NORMAL,none,Standard event within normal baseline
EVT_004892,False,NORMAL,none,Standard event within normal baseline
EVT_004893,True,HIGH_ACTIVITY,medium,Elevated transactional volume from network hub
EVT_004894,False,NORMAL,none,Standard event within normal baseline
EVT_004895,True,BURST_ACTIVITY,high,Event occurred during sudden concentrated activity surge
EVT_004896,False,NORMAL,none,Standard event within normal baseline
EVT_004897,False,NORMAL,none,Standard event within normal baseline
EVT_004898,False,NORMAL,none,Standard event within normal baseline
EVT_004899,True,HIGH_ACTIVITY,medium,Elevated transactional volume from network hub
EVT_004900,False,NORMAL,none,Standard event within normal baseline
EVT_004901,False,NORMAL,none,Standard event within normal baseline
EVT_004902,False,NORMAL,none,Standard event within normal baseline
EVT_004903,True,HIGH_ACTIVITY,medium,Elevated transactional volume from network hub
EVT_004904,False,NORMAL,none,Standard event within normal baseline
EVT_004905,False,NORMAL,none,Standard event within normal baseline
EVT_004906,False,NORMAL,none,Standard event within normal baseline
EVT_004907,False,NORMAL,none,Standard event within normal baseline
EVT_004908,False,NORMAL,none,Standard event within normal baseline
EVT_004909,True,BURST_ACTIVITY,high,Event occurred during sudden concentrated activity surge
EVT_004910,False,NORMAL,none,Standard event within normal baseline
EVT_004911,False,NORMAL,none,Standard event within normal baseline
EVT_004912,False,NORMAL,none,Standard event within normal baseline
EVT_004913,False,NORMAL,none,Standard event within normal baseline
EVT_004914,False,NORMAL,none,Standard event within normal baseline
EVT_004915,False,NORMAL,none,Standard event within normal baseline
EVT_004916,True,BURST_ACTIVITY,high,Event occurred during sudden concentrated activity surge
EVT_004917,False,NORMAL,none,Standard event within normal baseline
EVT_004918,False,NORMAL,none,Standard event within normal baseline
EVT_004919,False,NORMAL,none,Standard event within normal baseline
EVT_004920,False,NORMAL,none,Standard event within normal baseline
EVT_004921,True,BURST_ACTIVITY,high,Event occurred during sudden concentrated activity surge
EVT_004922,False,NORMAL,none,Standard event within normal baseline
EVT_004923,True,BURST_ACTIVITY,high,Event occurred during sudden concentrated activity surge
EVT_004924,False,NORMAL,none,Standard event within normal baseline
EVT_004925,True,BURST_ACTIVITY,high,Event occurred during sudden concentrated activity surge
EVT_004926,False,NORMAL,none,Standard event within normal baseline
EVT_004927,False,NORMAL,none,Standard event within normal baseline
EVT_004928,False,NORMAL,none,Standard event within normal baseline
EVT_004929,False,NORMAL,none,Standard event within normal baseline
EVT_004930,True,TRANSACTION_ANOMALY,high,Unusually high-value cross-account mule transfer
EVT_004931,False,NORMAL,none,Standard event within normal baseline
EVT_004932,True,BURST_ACTIVITY,high,Event occurred during sudden concentrated activity surge
EVT_004933,True,BURST_ACTIVITY,high,Event occurred during sudden concentrated activity surge
EVT_004934,False,NORMAL,none,Standard event within normal baseline
EVT_004935,False,NORMAL,none,Standard event within normal baseline
EVT_004936,False,NORMAL,none,Standard event within normal baseline
EVT_004937,False,NORMAL,none,Standard event within normal baseline
EVT_004938,False,NORMAL,none,Standard event within normal baseline
EVT_004939,True,SHARED_INFRASTRUCTURE,high,Event originated from high-fanout shared device/IP cluster
EVT_004940,False,NORMAL,none,Standard event within normal baseline
EVT_004941,False,NORMAL,none,Standard event within normal baseline
EVT_004942,False,NORMAL,none,Standard event within normal baseline
EVT_004943,False,NORMAL,none,Standard event within normal baseline
EVT_004944,False,NORMAL,none,Standard event within normal baseline
EVT_004945,False,NORMAL,none,Standard event within normal baseline
EVT_004946,False,NORMAL,none,Standard event within normal baseline
EVT_004947,False,NORMAL,none,Standard event within normal baseline
EVT_004948,False,NORMAL,none,Standard event within normal baseline
EVT_004949,False,NORMAL,none,Standard event within normal baseline
EVT_004950,False,NORMAL,none,Standard event within normal baseline
EVT_004951,False,NORMAL,none,Standard event within normal baseline
EVT_004952,False,NORMAL,none,Standard event within normal baseline
EVT_004953,False,NORMAL,none,Standard event within normal baseline
EVT_004954,False,NORMAL,none,Standard event within normal baseline
EVT_004955,True,BURST_ACTIVITY,high,Event occurred during sudden concentrated activity surge
EVT_004956,False,NORMAL,none,Standard event within normal baseline
EVT_004957,False,NORMAL,none,Standard event within normal baseline
EVT_004958,False,NORMAL,none,Standard event within normal baseline
EVT_004959,False,NORMAL,none,Standard event within normal baseline
EVT_004960,False,NORMAL,none,Standard event within normal baseline
EVT_004961,True,BURST_ACTIVITY,high,Event occurred during sudden concentrated activity surge
EVT_004962,False,NORMAL,none,Standard event within normal baseline
EVT_004963,False,NORMAL,none,Standard event within normal baseline
EVT_004964,False,NORMAL,none,Standard event within normal baseline
EVT_004965,False,NORMAL,none,Standard event within normal baseline
EVT_004966,True,BURST_ACTIVITY,high,Event occurred during sudden concentrated activity surge
EVT_004967,False,NORMAL,none,Standard event within normal baseline
EVT_004968,False,NORMAL,none,Standard event within normal baseline
EVT_004969,False,NORMAL,none,Standard event within normal baseline
EVT_004970,False,NORMAL,none,Standard event within normal baseline
EVT_004971,False,NORMAL,none,Standard event within normal baseline
EVT_004972,False,NORMAL,none,Standard event within normal baseline
EVT_004973,False,NORMAL,none,Standard event within normal baseline
EVT_004974,False,NORMAL,none,Standard event within normal baseline
EVT_004975,False,NORMAL,none,Standard event within normal baseline
EVT_004976,False,NORMAL,none,Standard event within normal baseline
EVT_004977,False,NORMAL,none,Standard event within normal baseline
EVT_004978,True,BURST_ACTIVITY,high,Event occurred during sudden concentrated activity surge
EVT_004979,False,NORMAL,none,Standard event within normal baseline
EVT_004980,False,NORMAL,none,Standard event within normal baseline
EVT_004981,False,NORMAL,none,Standard event within normal baseline
EVT_004982,False,NORMAL,none,Standard event within normal baseline
EVT_004983,False,NORMAL,none,Standard event within normal baseline
EVT_004984,False,NORMAL,none,Standard event within normal baseline
EVT_004985,False,NORMAL,none,Standard event within normal baseline
EVT_004986,False,NORMAL,none,Standard event within normal baseline
EVT_004987,False,NORMAL,none,Standard event within normal baseline
EVT_004988,False,NORMAL,none,Standard event within normal baseline
EVT_004989,False,NORMAL,none,Standard event within normal baseline
EVT_004990,True,BURST_ACTIVITY,high,Event occurred during sudden concentrated activity surge
EVT_004991,False,NORMAL,none,Standard event within normal baseline
EVT_004992,False,NORMAL,none,Standard event within normal baseline
EVT_004993,False,NORMAL,none,Standard event within normal baseline
EVT_004994,False,NORMAL,none,Standard event within normal baseline
EVT_004995,False,NORMAL,none,Standard event within normal baseline
EVT_004996,True,LOCATION_ANOMALY,medium,Event recorded with rapid impossible geographical transit
EVT_004997,False,NORMAL,none,Standard event within normal baseline
EVT_004998,False,NORMAL,none,Standard event within normal baseline
EVT_004999,False,NORMAL,none,Standard event within normal baseline
EVT_005000,False,NORMAL,none,Standard event within normal baseline
EVT_005001,False,NORMAL,none,Standard event within normal baseline
EVT_005002,False,NORMAL,none,Standard event within normal baseline
EVT_005003,False,NORMAL,none,Standard event within normal baseline
EVT_005004,True,BURST_ACTIVITY,high,Event occurred during sudden concentrated activity surge
EVT_005005,False,NORMAL,none,Standard event within normal baseline
EVT_005006,False,NORMAL,none,Standard event within normal baseline
EVT_005007,False,NORMAL,none,Standard event within normal baseline
EVT_005008,False,NORMAL,none,Standard event within normal baseline
EVT_005009,False,NORMAL,none,Standard event within normal baseline
EVT_005010,True,BURST_ACTIVITY,high,Event occurred during sudden concentrated activity surge
EVT_005011,False,NORMAL,none,Standard event within normal baseline
EVT_005012,True,BURST_ACTIVITY,high,Event occurred during sudden concentrated activity surge
EVT_005013,False,NORMAL,none,Standard event within normal baseline
EVT_005014,False,NORMAL,none,Standard event within normal baseline
EVT_005015,False,NORMAL,none,Standard event within normal baseline
EVT_005016,False,NORMAL,none,Standard event within normal baseline
EVT_005017,False,NORMAL,none,Standard event within normal baseline
EVT_005018,False,NORMAL,none,Standard event within normal baseline
EVT_005019,False,NORMAL,none,Standard event within normal baseline
EVT_005020,False,NORMAL,none,Standard event within normal baseline
EVT_005021,True,BURST_ACTIVITY,high,Event occurred during sudden concentrated activity surge
EVT_005022,False,NORMAL,none,Standard event within normal baseline
EVT_005023,False,NORMAL,none,Standard event within normal baseline
EVT_005024,False,NORMAL,none,Standard event within normal baseline
EVT_005025,True,SHARED_INFRASTRUCTURE,high,Event originated from high-fanout shared device/IP cluster
EVT_005026,False,NORMAL,none,Standard event within normal baseline
EVT_005027,False,NORMAL,none,Standard event within normal baseline
EVT_005028,False,NORMAL,none,Standard event within normal baseline
EVT_005029,False,NORMAL,none,Standard event within normal baseline
EVT_005030,False,NORMAL,none,Standard event within normal baseline
EVT_005031,True,BURST_ACTIVITY,high,Event occurred during sudden concentrated activity surge
EVT_005032,False,NORMAL,none,Standard event within normal baseline
EVT_005033,False,NORMAL,none,Standard event within normal baseline
EVT_005034,False,NORMAL,none,Standard event within normal baseline
EVT_005035,False,NORMAL,none,Standard event within normal baseline
EVT_005036,False,NORMAL,none,Standard event within normal baseline
EVT_005037,False,NORMAL,none,Standard event within normal baseline
EVT_005038,False,NORMAL,none,Standard event within normal baseline
EVT_005039,False,NORMAL,none,Standard event within normal baseline
EVT_005040,True,BURST_ACTIVITY,high,Event occurred during sudden concentrated activity surge
EVT_005041,False,NORMAL,none,Standard event within normal baseline
EVT_005042,True,SHARED_INFRASTRUCTURE,high,Event originated from high-fanout shared device/IP cluster
EVT_005043,False,NORMAL,none,Standard event within normal baseline
EVT_005044,False,NORMAL,none,Standard event within normal baseline
EVT_005045,True,BURST_ACTIVITY,high,Event occurred during sudden concentrated activity surge
EVT_005046,False,NORMAL,none,Standard event within normal baseline
EVT_005047,False,NORMAL,none,Standard event within normal baseline
EVT_005048,False,NORMAL,none,Standard event within normal baseline
EVT_005049,False,NORMAL,none,Standard event within normal baseline
EVT_005050,True,BURST_ACTIVITY,high,Event occurred during sudden concentrated activity surge
EVT_005051,False,NORMAL,none,Standard event within normal baseline
EVT_005052,True,BURST_ACTIVITY,high,Event occurred during sudden concentrated activity surge
EVT_005053,False,NORMAL,none,Standard event within normal baseline
EVT_005054,False,NORMAL,none,Standard event within normal baseline
EVT_005055,False,NORMAL,none,Standard event within normal baseline
EVT_005056,False,NORMAL,none,Standard event within normal baseline
EVT_005057,True,BURST_ACTIVITY,high,Event occurred during sudden concentrated activity surge
EVT_005058,True,BURST_ACTIVITY,high,Event occurred during sudden concentrated activity surge
EVT_005059,False,NORMAL,none,Standard event within normal baseline
EVT_005060,False,NORMAL,none,Standard event within normal baseline
EVT_005061,False,NORMAL,none,Standard event within normal baseline
EVT_005062,False,NORMAL,none,Standard event within normal baseline
EVT_005063,False,NORMAL,none,Standard event within normal baseline
EVT_005064,False,NORMAL,none,Standard event within normal baseline
EVT_005065,False,NORMAL,none,Standard event within normal baseline
EVT_005066,False,NORMAL,none,Standard event within normal baseline
EVT_005067,False,NORMAL,none,Standard event within normal baseline
EVT_005068,False,NORMAL,none,Standard event within normal baseline
EVT_005069,False,NORMAL,none,Standard event within normal baseline
EVT_005070,True,BURST_ACTIVITY,high,Event occurred during sudden concentrated activity surge
EVT_005071,False,NORMAL,none,Standard event within normal baseline
EVT_005072,False,NORMAL,none,Standard event within normal baseline
EVT_005073,False,NORMAL,none,Standard event within normal baseline
EVT_005074,False,NORMAL,none,Standard event within normal baseline
EVT_005075,False,NORMAL,none,Standard event within normal baseline
EVT_005076,False,NORMAL,none,Standard event within normal baseline
EVT_005077,False,NORMAL,none,Standard event within normal baseline
EVT_005078,True,LOCATION_ANOMALY,medium,Event recorded with rapid impossible geographical transit
EVT_005079,False,NORMAL,none,Standard event within normal baseline
EVT_005080,False,NORMAL,none,Standard event within normal baseline
EVT_005081,False,NORMAL,none,Standard event within normal baseline
EVT_005082,True,BURST_ACTIVITY,high,Event occurred during sudden concentrated activity surge
EVT_005083,True,BURST_ACTIVITY,high,Event occurred during sudden concentrated activity surge
EVT_005084,False,NORMAL,none,Standard event within normal baseline
EVT_005085,False,NORMAL,none,Standard event within normal baseline
EVT_005086,False,NORMAL,none,Standard event within normal baseline
EVT_005087,True,TRANSACTION_ANOMALY,high,Unusually high-value cross-account mule transfer
EVT_005088,True,BURST_ACTIVITY,high,Event occurred during sudden concentrated activity surge
EVT_005089,False,NORMAL,none,Standard event within normal baseline
EVT_005090,False,NORMAL,none,Standard event within normal baseline
EVT_005091,True,BURST_ACTIVITY,high,Event occurred during sudden concentrated activity surge
EVT_005092,False,NORMAL,none,Standard event within normal baseline
EVT_005093,True,BURST_ACTIVITY,high,Event occurred during sudden concentrated activity surge
EVT_005094,False,NORMAL,none,Standard event within normal baseline
EVT_005095,False,NORMAL,none,Standard event within normal baseline
EVT_005096,True,BURST_ACTIVITY,high,Event occurred during sudden concentrated activity surge
EVT_005097,False,NORMAL,none,Standard event within normal baseline
EVT_005098,False,NORMAL,none,Standard event within normal baseline
EVT_005099,False,NORMAL,none,Standard event within normal baseline
EVT_005100,False,NORMAL,none,Standard event within normal baseline
EVT_005101,False,NORMAL,none,Standard event within normal baseline
EVT_005102,True,BURST_ACTIVITY,high,Event occurred during sudden concentrated activity surge
EVT_005103,True,TRANSACTION_ANOMALY,high,Unusually high-value cross-account mule transfer
EVT_005104,False,NORMAL,none,Standard event within normal baseline
EVT_005105,False,NORMAL,none,Standard event within normal baseline
EVT_005106,False,NORMAL,none,Standard event within normal baseline
EVT_005107,False,NORMAL,none,Standard event within normal baseline
EVT_005108,True,BURST_ACTIVITY,high,Event occurred during sudden concentrated activity surge
EVT_005109,False,NORMAL,none,Standard event within normal baseline
EVT_005110,False,NORMAL,none,Standard event within normal baseline
EVT_005111,False,NORMAL,none,Standard event within normal baseline
EVT_005112,False,NORMAL,none,Standard event within normal baseline
EVT_005113,False,NORMAL,none,Standard event within normal baseline
EVT_005114,False,NORMAL,none,Standard event within normal baseline
EVT_005115,False,NORMAL,none,Standard event within normal baseline
EVT_005116,False,NORMAL,none,Standard event within normal baseline
EVT_005117,True,LOCATION_ANOMALY,medium,Event recorded with rapid impossible geographical transit
EVT_005118,False,NORMAL,none,Standard event within normal baseline
EVT_005119,False,NORMAL,none,Standard event within normal baseline
EVT_005120,False,NORMAL,none,Standard event within normal baseline
EVT_005121,True,TRANSACTION_ANOMALY,high,Unusually high-value cross-account mule transfer
EVT_005122,False,NORMAL,none,Standard event within normal baseline
EVT_005123,False,NORMAL,none,Standard event within normal baseline
EVT_005124,False,NORMAL,none,Standard event within normal baseline
EVT_005125,False,NORMAL,none,Standard event within normal baseline
EVT_005126,False,NORMAL,none,Standard event within normal baseline
EVT_005127,True,BURST_ACTIVITY,high,Event occurred during sudden concentrated activity surge
EVT_005128,False,NORMAL,none,Standard event within normal baseline
EVT_005129,True,HIGH_ACTIVITY,medium,Elevated transactional volume from network hub
EVT_005130,False,NORMAL,none,Standard event within normal baseline
EVT_005131,False,NORMAL,none,Standard event within normal baseline
EVT_005132,False,NORMAL,none,Standard event within normal baseline
EVT_005133,False,NORMAL,none,Standard event within normal baseline
EVT_005134,False,NORMAL,none,Standard event within normal baseline
EVT_005135,False,NORMAL,none,Standard event within normal baseline
EVT_005136,True,COMMUNICATION_ANOMALY,medium,High-frequency short duration ping call
EVT_005137,False,NORMAL,none,Standard event within normal baseline
EVT_005138,True,BURST_ACTIVITY,high,Event occurred during sudden concentrated activity surge
EVT_005139,False,NORMAL,none,Standard event within normal baseline
EVT_005140,False,NORMAL,none,Standard event within normal baseline
EVT_005141,False,NORMAL,none,Standard event within normal baseline
EVT_005142,True,BURST_ACTIVITY,high,Event occurred during sudden concentrated activity surge
EVT_005143,False,NORMAL,none,Standard event within normal baseline
EVT_005144,False,NORMAL,none,Standard event within normal baseline
EVT_005145,False,NORMAL,none,Standard event within normal baseline
EVT_005146,True,SHARED_INFRASTRUCTURE,high,Event originated from high-fanout shared device/IP cluster
EVT_005147,False,NORMAL,none,Standard event within normal baseline
EVT_005148,True,BURST_ACTIVITY,high,Event occurred during sudden concentrated activity surge
EVT_005149,False,NORMAL,none,Standard event within normal baseline
EVT_005150,True,BURST_ACTIVITY,high,Event occurred during sudden concentrated activity surge
EVT_005151,True,BURST_ACTIVITY,high,Event occurred during sudden concentrated activity surge
EVT_005152,False,NORMAL,none,Standard event within normal baseline
EVT_005153,False,NORMAL,none,Standard event within normal baseline
EVT_005154,False,NORMAL,none,Standard event within normal baseline
EVT_005155,False,NORMAL,none,Standard event within normal baseline
EVT_005156,False,NORMAL,none,Standard event within normal baseline
EVT_005157,False,NORMAL,none,Standard event within normal baseline
EVT_005158,False,NORMAL,none,Standard event within normal baseline
EVT_005159,True,BURST_ACTIVITY,high,Event occurred during sudden concentrated activity surge
EVT_005160,False,NORMAL,none,Standard event within normal baseline
EVT_005161,False,NORMAL,none,Standard event within normal baseline
EVT_005162,True,BURST_ACTIVITY,high,Event occurred during sudden concentrated activity surge
EVT_005163,False,NORMAL,none,Standard event within normal baseline
EVT_005164,True,BURST_ACTIVITY,high,Event occurred during sudden concentrated activity surge
EVT_005165,False,NORMAL,none,Standard event within normal baseline
EVT_005166,False,NORMAL,none,Standard event within normal baseline
EVT_005167,False,NORMAL,none,Standard event within normal baseline
EVT_005168,False,NORMAL,none,Standard event within normal baseline
EVT_005169,False,NORMAL,none,Standard event within normal baseline
EVT_005170,True,BURST_ACTIVITY,high,Event occurred during sudden concentrated activity surge
EVT_005171,True,BURST_ACTIVITY,high,Event occurred during sudden concentrated activity surge
EVT_005172,False,NORMAL,none,Standard event within normal baseline
EVT_005173,False,NORMAL,none,Standard event within normal baseline
EVT_005174,True,BURST_ACTIVITY,high,Event occurred during sudden concentrated activity surge
EVT_005175,False,NORMAL,none,Standard event within normal baseline
EVT_005176,False,NORMAL,none,Standard event within normal baseline
EVT_005177,False,NORMAL,none,Standard event within normal baseline
EVT_005178,False,NORMAL,none,Standard event within normal baseline
EVT_005179,False,NORMAL,none,Standard event within normal baseline
EVT_005180,True,SHARED_INFRASTRUCTURE,high,Event originated from high-fanout shared device/IP cluster
EVT_005181,False,NORMAL,none,Standard event within normal baseline
EVT_005182,False,NORMAL,none,Standard event within normal baseline
EVT_005183,False,NORMAL,none,Standard event within normal baseline
EVT_005184,False,NORMAL,none,Standard event within normal baseline
EVT_005185,False,NORMAL,none,Standard event within normal baseline
EVT_005186,False,NORMAL,none,Standard event within normal baseline
EVT_005187,False,NORMAL,none,Standard event within normal baseline
EVT_005188,False,NORMAL,none,Standard event within normal baseline
EVT_005189,True,BURST_ACTIVITY,high,Event occurred during sudden concentrated activity surge
EVT_005190,False,NORMAL,none,Standard event within normal baseline
EVT_005191,False,NORMAL,none,Standard event within normal baseline
EVT_005192,False,NORMAL,none,Standard event within normal baseline
EVT_005193,False,NORMAL,none,Standard event within normal baseline
EVT_005194,True,LOCATION_ANOMALY,medium,Event recorded with rapid impossible geographical transit
EVT_005195,False,NORMAL,none,Standard event within normal baseline
EVT_005196,False,NORMAL,none,Standard event within normal baseline
EVT_005197,False,NORMAL,none,Standard event within normal baseline
EVT_005198,False,NORMAL,none,Standard event within normal baseline
EVT_005199,True,TRANSACTION_ANOMALY,high,Unusually high-value cross-account mule transfer
EVT_005200,False,NORMAL,none,Standard event within normal baseline
EVT_005201,False,NORMAL,none,Standard event within normal baseline
EVT_005202,False,NORMAL,none,Standard event within normal baseline
EVT_005203,False,NORMAL,none,Standard event within normal baseline
EVT_005204,False,NORMAL,none,Standard event within normal baseline
EVT_005205,False,NORMAL,none,Standard event within normal baseline
EVT_005206,False,NORMAL,none,Standard event within normal baseline
EVT_005207,False,NORMAL,none,Standard event within normal baseline
EVT_005208,True,BURST_ACTIVITY,high,Event occurred during sudden concentrated activity surge
EVT_005209,True,BURST_ACTIVITY,high,Event occurred during sudden concentrated activity surge
EVT_005210,False,NORMAL,none,Standard event within normal baseline
EVT_005211,False,NORMAL,none,Standard event within normal baseline
EVT_005212,False,NORMAL,none,Standard event within normal baseline
EVT_005213,False,NORMAL,none,Standard event within normal baseline
EVT_005214,False,NORMAL,none,Standard event within normal baseline
EVT_005215,False,NORMAL,none,Standard event within normal baseline
EVT_005216,False,NORMAL,none,Standard event within normal baseline
EVT_005217,True,TRANSACTION_ANOMALY,high,Unusually high-value cross-account mule transfer
EVT_005218,False,NORMAL,none,Standard event within normal baseline
EVT_005219,False,NORMAL,none,Standard event within normal baseline
EVT_005220,False,NORMAL,none,Standard event within normal baseline
EVT_005221,True,BURST_ACTIVITY,high,Event occurred during sudden concentrated activity surge
EVT_005222,False,NORMAL,none,Standard event within normal baseline
EVT_005223,False,NORMAL,none,Standard event within normal baseline
EVT_005224,False,NORMAL,none,Standard event within normal baseline
EVT_005225,False,NORMAL,none,Standard event within normal baseline
EVT_005226,False,NORMAL,none,Standard event within normal baseline
EVT_005227,False,NORMAL,none,Standard event within normal baseline
EVT_005228,False,NORMAL,none,Standard event within normal baseline
EVT_005229,False,NORMAL,none,Standard event within normal baseline
EVT_005230,False,NORMAL,none,Standard event within normal baseline
EVT_005231,False,NORMAL,none,Standard event within normal baseline
EVT_005232,False,NORMAL,none,Standard event within normal baseline
EVT_005233,False,NORMAL,none,Standard event within normal baseline
EVT_005234,False,NORMAL,none,Standard event within normal baseline
EVT_005235,False,NORMAL,none,Standard event within normal baseline
EVT_005236,True,BURST_ACTIVITY,high,Event occurred during sudden concentrated activity surge
EVT_005237,False,NORMAL,none,Standard event within normal baseline
EVT_005238,True,LOCATION_ANOMALY,medium,Event recorded with rapid impossible geographical transit
EVT_005239,False,NORMAL,none,Standard event within normal baseline
EVT_005240,True,HIGH_ACTIVITY,medium,Elevated transactional volume from network hub
EVT_005241,False,NORMAL,none,Standard event within normal baseline
EVT_005242,True,TRANSACTION_ANOMALY,high,Unusually high-value cross-account mule transfer
EVT_005243,False,NORMAL,none,Standard event within normal baseline
EVT_005244,True,BURST_ACTIVITY,high,Event occurred during sudden concentrated activity surge
EVT_005245,False,NORMAL,none,Standard event within normal baseline
EVT_005246,False,NORMAL,none,Standard event within normal baseline
EVT_005247,False,NORMAL,none,Standard event within normal baseline
EVT_005248,False,NORMAL,none,Standard event within normal baseline
EVT_005249,False,NORMAL,none,Standard event within normal baseline
EVT_005250,False,NORMAL,none,Standard event within normal baseline
EVT_005251,True,BURST_ACTIVITY,high,Event occurred during sudden concentrated activity surge
EVT_005252,False,NORMAL,none,Standard event within normal baseline
EVT_005253,True,LOCATION_ANOMALY,medium,Event recorded with rapid impossible geographical transit
EVT_005254,False,NORMAL,none,Standard event within normal baseline
EVT_005255,False,NORMAL,none,Standard event within normal baseline
EVT_005256,False,NORMAL,none,Standard event within normal baseline
EVT_005257,False,NORMAL,none,Standard event within normal baseline
EVT_005258,False,NORMAL,none,Standard event within normal baseline
EVT_005259,False,NORMAL,none,Standard event within normal baseline
EVT_005260,True,BURST_ACTIVITY,high,Event occurred during sudden concentrated activity surge
EVT_005261,False,NORMAL,none,Standard event within normal baseline
EVT_005262,False,NORMAL,none,Standard event within normal baseline
EVT_005263,True,LOCATION_ANOMALY,medium,Event recorded with rapid impossible geographical transit
EVT_005264,False,NORMAL,none,Standard event within normal baseline
EVT_005265,False,NORMAL,none,Standard event within normal baseline
EVT_005266,False,NORMAL,none,Standard event within normal baseline
EVT_005267,True,BURST_ACTIVITY,high,Event occurred during sudden concentrated activity surge
EVT_005268,False,NORMAL,none,Standard event within normal baseline
EVT_005269,True,BURST_ACTIVITY,high,Event occurred during sudden concentrated activity surge
EVT_005270,False,NORMAL,none,Standard event within normal baseline
EVT_005271,False,NORMAL,none,Standard event within normal baseline
EVT_005272,True,TRANSACTION_ANOMALY,high,Unusually high-value cross-account mule transfer
EVT_005273,True,TRANSACTION_ANOMALY,high,Unusually high-value cross-account mule transfer
EVT_005274,False,NORMAL,none,Standard event within normal baseline
EVT_005275,False,NORMAL,none,Standard event within normal baseline
EVT_005276,False,NORMAL,none,Standard event within normal baseline
EVT_005277,False,NORMAL,none,Standard event within normal baseline
EVT_005278,False,NORMAL,none,Standard event within normal baseline
EVT_005279,False,NORMAL,none,Standard event within normal baseline
EVT_005280,False,NORMAL,none,Standard event within normal baseline
EVT_005281,True,BURST_ACTIVITY,high,Event occurred during sudden concentrated activity surge
EVT_005282,True,LOCATION_ANOMALY,medium,Event recorded with rapid impossible geographical transit
EVT_005283,True,BURST_ACTIVITY,high,Event occurred during sudden concentrated activity surge
EVT_005284,False,NORMAL,none,Standard event within normal baseline
EVT_005285,False,NORMAL,none,Standard event within normal baseline
EVT_005286,False,NORMAL,none,Standard event within normal baseline
EVT_005287,False,NORMAL,none,Standard event within normal baseline
EVT_005288,False,NORMAL,none,Standard event within normal baseline
EVT_005289,False,NORMAL,none,Standard event within normal baseline
EVT_005290,False,NORMAL,none,Standard event within normal baseline
EVT_005291,True,BURST_ACTIVITY,high,Event occurred during sudden concentrated activity surge
EVT_005292,False,NORMAL,none,Standard event within normal baseline
EVT_005293,False,NORMAL,none,Standard event within normal baseline
EVT_005294,False,NORMAL,none,Standard event within normal baseline
EVT_005295,False,NORMAL,none,Standard event within normal baseline
EVT_005296,False,NORMAL,none,Standard event within normal baseline
EVT_005297,False,NORMAL,none,Standard event within normal baseline
EVT_005298,False,NORMAL,none,Standard event within normal baseline
EVT_005299,False,NORMAL,none,Standard event within normal baseline
EVT_005300,False,NORMAL,none,Standard event within normal baseline
EVT_005301,True,BURST_ACTIVITY,high,Event occurred during sudden concentrated activity surge
EVT_005302,True,BURST_ACTIVITY,high,Event occurred during sudden concentrated activity surge
EVT_005303,False,NORMAL,none,Standard event within normal baseline
EVT_005304,False,NORMAL,none,Standard event within normal baseline
EVT_005305,False,NORMAL,none,Standard event within normal baseline
EVT_005306,False,NORMAL,none,Standard event within normal baseline
EVT_005307,False,NORMAL,none,Standard event within normal baseline
EVT_005308,False,NORMAL,none,Standard event within normal baseline
EVT_005309,False,NORMAL,none,Standard event within normal baseline
EVT_005310,False,NORMAL,none,Standard event within normal baseline
EVT_005311,False,NORMAL,none,Standard event within normal baseline
EVT_005312,False,NORMAL,none,Standard event within normal baseline
EVT_005313,True,BURST_ACTIVITY,high,Event occurred during sudden concentrated activity surge
EVT_005314,False,NORMAL,none,Standard event within normal baseline
EVT_005315,True,BURST_ACTIVITY,high,Event occurred during sudden concentrated activity surge
EVT_005316,True,BURST_ACTIVITY,high,Event occurred during sudden concentrated activity surge
EVT_005317,True,BURST_ACTIVITY,high,Event occurred during sudden concentrated activity surge
EVT_005318,False,NORMAL,none,Standard event within normal baseline
EVT_005319,False,NORMAL,none,Standard event within normal baseline
EVT_005320,False,NORMAL,none,Standard event within normal baseline
EVT_005321,False,NORMAL,none,Standard event within normal baseline
EVT_005322,True,BURST_ACTIVITY,high,Event occurred during sudden concentrated activity surge
EVT_005323,True,BURST_ACTIVITY,high,Event occurred during sudden concentrated activity surge
EVT_005324,False,NORMAL,none,Standard event within normal baseline
EVT_005325,False,NORMAL,none,Standard event within normal baseline
EVT_005326,True,COMMUNICATION_ANOMALY,medium,High-frequency short duration ping call
EVT_005327,True,BURST_ACTIVITY,high,Event occurred during sudden concentrated activity surge
EVT_005328,False,NORMAL,none,Standard event within normal baseline
EVT_005329,False,NORMAL,none,Standard event within normal baseline
EVT_005330,False,NORMAL,none,Standard event within normal baseline
EVT_005331,False,NORMAL,none,Standard event within normal baseline
EVT_005332,False,NORMAL,none,Standard event within normal baseline
EVT_005333,False,NORMAL,none,Standard event within normal baseline
EVT_005334,False,NORMAL,none,Standard event within normal baseline
EVT_005335,False,NORMAL,none,Standard event within normal baseline
EVT_005336,True,BURST_ACTIVITY,high,Event occurred during sudden concentrated activity surge
EVT_005337,False,NORMAL,none,Standard event within normal baseline
EVT_005338,False,NORMAL,none,Standard event within normal baseline
EVT_005339,False,NORMAL,none,Standard event within normal baseline
EVT_005340,False,NORMAL,none,Standard event within normal baseline
EVT_005341,False,NORMAL,none,Standard event within normal baseline
EVT_005342,True,BURST_ACTIVITY,high,Event occurred during sudden concentrated activity surge
EVT_005343,False,NORMAL,none,Standard event within normal baseline
EVT_005344,False,NORMAL,none,Standard event within normal baseline
EVT_005345,False,NORMAL,none,Standard event within normal baseline
EVT_005346,False,NORMAL,none,Standard event within normal baseline
EVT_005347,False,NORMAL,none,Standard event within normal baseline
EVT_005348,False,NORMAL,none,Standard event within normal baseline
EVT_005349,True,BURST_ACTIVITY,high,Event occurred during sudden concentrated activity surge
EVT_005350,False,NORMAL,none,Standard event within normal baseline
EVT_005351,False,NORMAL,none,Standard event within normal baseline
EVT_005352,True,COMMUNICATION_ANOMALY,medium,High-frequency short duration ping call
EVT_005353,False,NORMAL,none,Standard event within normal baseline
EVT_005354,False,NORMAL,none,Standard event within normal baseline
EVT_005355,False,NORMAL,none,Standard event within normal baseline
EVT_005356,False,NORMAL,none,Standard event within normal baseline
EVT_005357,True,BURST_ACTIVITY,high,Event occurred during sudden concentrated activity surge
EVT_005358,False,NORMAL,none,Standard event within normal baseline
EVT_005359,False,NORMAL,none,Standard event within normal baseline
EVT_005360,False,NORMAL,none,Standard event within normal baseline
EVT_005361,True,BURST_ACTIVITY,high,Event occurred during sudden concentrated activity surge
EVT_005362,True,LOCATION_ANOMALY,medium,Event recorded with rapid impossible geographical transit
EVT_005363,False,NORMAL,none,Standard event within normal baseline
EVT_005364,False,NORMAL,none,Standard event within normal baseline
EVT_005365,False,NORMAL,none,Standard event within normal baseline
EVT_005366,False,NORMAL,none,Standard event within normal baseline
EVT_005367,False,NORMAL,none,Standard event within normal baseline
EVT_005368,False,NORMAL,none,Standard event within normal baseline
EVT_005369,False,NORMAL,none,Standard event within normal baseline
EVT_005370,False,NORMAL,none,Standard event within normal baseline
EVT_005371,False,NORMAL,none,Standard event within normal baseline
EVT_005372,False,NORMAL,none,Standard event within normal baseline
EVT_005373,False,NORMAL,none,Standard event within normal baseline
EVT_005374,True,BURST_ACTIVITY,high,Event occurred during sudden concentrated activity surge
EVT_005375,False,NORMAL,none,Standard event within normal baseline
EVT_005376,False,NORMAL,none,Standard event within normal baseline
EVT_005377,False,NORMAL,none,Standard event within normal baseline
EVT_005378,False,NORMAL,none,Standard event within normal baseline
EVT_005379,False,NORMAL,none,Standard event within normal baseline
EVT_005380,False,NORMAL,none,Standard event within normal baseline
EVT_005381,False,NORMAL,none,Standard event within normal baseline
EVT_005382,True,BURST_ACTIVITY,high,Event occurred during sudden concentrated activity surge
EVT_005383,False,NORMAL,none,Standard event within normal baseline
EVT_005384,False,NORMAL,none,Standard event within normal baseline
EVT_005385,False,NORMAL,none,Standard event within normal baseline
EVT_005386,True,BURST_ACTIVITY,high,Event occurred during sudden concentrated activity surge
EVT_005387,False,NORMAL,none,Standard event within normal baseline
EVT_005388,True,BURST_ACTIVITY,high,Event occurred during sudden concentrated activity surge
EVT_005389,False,NORMAL,none,Standard event within normal baseline
EVT_005390,False,NORMAL,none,Standard event within normal baseline
EVT_005391,False,NORMAL,none,Standard event within normal baseline
EVT_005392,False,NORMAL,none,Standard event within normal baseline
EVT_005393,False,NORMAL,none,Standard event within normal baseline
EVT_005394,False,NORMAL,none,Standard event within normal baseline
EVT_005395,True,COMMUNICATION_ANOMALY,medium,High-frequency short duration ping call
EVT_005396,False,NORMAL,none,Standard event within normal baseline
EVT_005397,False,NORMAL,none,Standard event within normal baseline
EVT_005398,False,NORMAL,none,Standard event within normal baseline
EVT_005399,False,NORMAL,none,Standard event within normal baseline
EVT_005400,False,NORMAL,none,Standard event within normal baseline
EVT_005401,False,NORMAL,none,Standard event within normal baseline
EVT_005402,False,NORMAL,none,Standard event within normal baseline
EVT_005403,False,NORMAL,none,Standard event within normal baseline
EVT_005404,False,NORMAL,none,Standard event within normal baseline
EVT_005405,False,NORMAL,none,Standard event within normal baseline
EVT_005406,False,NORMAL,none,Standard event within normal baseline
EVT_005407,False,NORMAL,none,Standard event within normal baseline
EVT_005408,False,NORMAL,none,Standard event within normal baseline
EVT_005409,False,NORMAL,none,Standard event within normal baseline
EVT_005410,False,NORMAL,none,Standard event within normal baseline
EVT_005411,True,BURST_ACTIVITY,high,Event occurred during sudden concentrated activity surge
EVT_005412,False,NORMAL,none,Standard event within normal baseline
EVT_005413,False,NORMAL,none,Standard event within normal baseline
EVT_005414,False,NORMAL,none,Standard event within normal baseline
EVT_005415,False,NORMAL,none,Standard event within normal baseline
EVT_005416,False,NORMAL,none,Standard event within normal baseline
EVT_005417,False,NORMAL,none,Standard event within normal baseline
EVT_005418,False,NORMAL,none,Standard event within normal baseline
EVT_005419,False,NORMAL,none,Standard event within normal baseline
EVT_005420,False,NORMAL,none,Standard event within normal baseline
EVT_005421,False,NORMAL,none,Standard event within normal baseline
EVT_005422,True,SHARED_INFRASTRUCTURE,high,Event originated from high-fanout shared device/IP cluster
EVT_005423,False,NORMAL,none,Standard event within normal baseline
EVT_005424,False,NORMAL,none,Standard event within normal baseline
EVT_005425,False,NORMAL,none,Standard event within normal baseline
EVT_005426,False,NORMAL,none,Standard event within normal baseline
EVT_005427,True,TRANSACTION_ANOMALY,high,Unusually high-value cross-account mule transfer
EVT_005428,False,NORMAL,none,Standard event within normal baseline
EVT_005429,False,NORMAL,none,Standard event within normal baseline
EVT_005430,False,NORMAL,none,Standard event within normal baseline
EVT_005431,False,NORMAL,none,Standard event within normal baseline
EVT_005432,False,NORMAL,none,Standard event within normal baseline
EVT_005433,False,NORMAL,none,Standard event within normal baseline
EVT_005434,False,NORMAL,none,Standard event within normal baseline
EVT_005435,False,NORMAL,none,Standard event within normal baseline
EVT_005436,False,NORMAL,none,Standard event within normal baseline
EVT_005437,False,NORMAL,none,Standard event within normal baseline
EVT_005438,False,NORMAL,none,Standard event within normal baseline
EVT_005439,False,NORMAL,none,Standard event within normal baseline
EVT_005440,False,NORMAL,none,Standard event within normal baseline
EVT_005441,False,NORMAL,none,Standard event within normal baseline
EVT_005442,False,NORMAL,none,Standard event within normal baseline
EVT_005443,False,NORMAL,none,Standard event within normal baseline
EVT_005444,True,BURST_ACTIVITY,high,Event occurred during sudden concentrated activity surge
EVT_005445,False,NORMAL,none,Standard event within normal baseline
EVT_005446,False,NORMAL,none,Standard event within normal baseline
EVT_005447,False,NORMAL,none,Standard event within normal baseline
EVT_005448,False,NORMAL,none,Standard event within normal baseline
EVT_005449,False,NORMAL,none,Standard event within normal baseline
EVT_005450,False,NORMAL,none,Standard event within normal baseline
EVT_005451,False,NORMAL,none,Standard event within normal baseline
EVT_005452,False,NORMAL,none,Standard event within normal baseline
EVT_005453,False,NORMAL,none,Standard event within normal baseline
EVT_005454,False,NORMAL,none,Standard event within normal baseline
EVT_005455,False,NORMAL,none,Standard event within normal baseline
EVT_005456,False,NORMAL,none,Standard event within normal baseline
EVT_005457,True,BURST_ACTIVITY,high,Event occurred during sudden concentrated activity surge
EVT_005458,False,NORMAL,none,Standard event within normal baseline
EVT_005459,False,NORMAL,none,Standard event within normal baseline
EVT_005460,False,NORMAL,none,Standard event within normal baseline
EVT_005461,False,NORMAL,none,Standard event within normal baseline
EVT_005462,True,BURST_ACTIVITY,high,Event occurred during sudden concentrated activity surge
EVT_005463,False,NORMAL,none,Standard event within normal baseline
EVT_005464,False,NORMAL,none,Standard event within normal baseline
EVT_005465,True,BURST_ACTIVITY,high,Event occurred during sudden concentrated activity surge
EVT_005466,False,NORMAL,none,Standard event within normal baseline
EVT_005467,False,NORMAL,none,Standard event within normal baseline
EVT_005468,False,NORMAL,none,Standard event within normal baseline
EVT_005469,False,NORMAL,none,Standard event within normal baseline
EVT_005470,False,NORMAL,none,Standard event within normal baseline
EVT_005471,False,NORMAL,none,Standard event within normal baseline
EVT_005472,False,NORMAL,none,Standard event within normal baseline
EVT_005473,False,NORMAL,none,Standard event within normal baseline
EVT_005474,False,NORMAL,none,Standard event within normal baseline
EVT_005475,False,NORMAL,none,Standard event within normal baseline
EVT_005476,True,BURST_ACTIVITY,high,Event occurred during sudden concentrated activity surge
EVT_005477,False,NORMAL,none,Standard event within normal baseline
EVT_005478,False,NORMAL,none,Standard event within normal baseline
EVT_005479,False,NORMAL,none,Standard event within normal baseline
EVT_005480,False,NORMAL,none,Standard event within normal baseline
EVT_005481,False,NORMAL,none,Standard event within normal baseline
EVT_005482,False,NORMAL,none,Standard event within normal baseline
EVT_005483,False,NORMAL,none,Standard event within normal baseline
EVT_005484,True,SHARED_INFRASTRUCTURE,high,Event originated from high-fanout shared device/IP cluster
EVT_005485,False,NORMAL,none,Standard event within normal baseline
EVT_005486,False,NORMAL,none,Standard event within normal baseline
EVT_005487,False,NORMAL,none,Standard event within normal baseline
EVT_005488,True,HIGH_ACTIVITY,medium,Elevated transactional volume from network hub
EVT_005489,False,NORMAL,none,Standard event within normal baseline
EVT_005490,False,NORMAL,none,Standard event within normal baseline
EVT_005491,True,BURST_ACTIVITY,high,Event occurred during sudden concentrated activity surge
EVT_005492,True,BURST_ACTIVITY,high,Event occurred during sudden concentrated activity surge
EVT_005493,False,NORMAL,none,Standard event within normal baseline
EVT_005494,False,NORMAL,none,Standard event within normal baseline
EVT_005495,True,HIGH_ACTIVITY,medium,Elevated transactional volume from network hub
EVT_005496,True,COMMUNICATION_ANOMALY,medium,High-frequency short duration ping call
EVT_005497,False,NORMAL,none,Standard event within normal baseline
EVT_005498,False,NORMAL,none,Standard event within normal baseline
EVT_005499,False,NORMAL,none,Standard event within normal baseline
EVT_005500,False,NORMAL,none,Standard event within normal baseline
EVT_005501,False,NORMAL,none,Standard event within normal baseline
EVT_005502,False,NORMAL,none,Standard event within normal baseline
EVT_005503,True,BURST_ACTIVITY,high,Event occurred during sudden concentrated activity surge
EVT_005504,False,NORMAL,none,Standard event within normal baseline
EVT_005505,True,BURST_ACTIVITY,high,Event occurred during sudden concentrated activity surge
EVT_005506,False,NORMAL,none,Standard event within normal baseline
EVT_005507,False,NORMAL,none,Standard event within normal baseline
EVT_005508,True,BURST_ACTIVITY,high,Event occurred during sudden concentrated activity surge
EVT_005509,False,NORMAL,none,Standard event within normal baseline
EVT_005510,False,NORMAL,none,Standard event within normal baseline
EVT_005511,False,NORMAL,none,Standard event within normal baseline
EVT_005512,False,NORMAL,none,Standard event within normal baseline
EVT_005513,False,NORMAL,none,Standard event within normal baseline
EVT_005514,True,BURST_ACTIVITY,high,Event occurred during sudden concentrated activity surge
EVT_005515,False,NORMAL,none,Standard event within normal baseline
EVT_005516,False,NORMAL,none,Standard event within normal baseline
EVT_005517,False,NORMAL,none,Standard event within normal baseline
EVT_005518,False,NORMAL,none,Standard event within normal baseline
EVT_005519,False,NORMAL,none,Standard event within normal baseline
EVT_005520,False,NORMAL,none,Standard event within normal baseline
EVT_005521,False,NORMAL,none,Standard event within normal baseline
EVT_005522,False,NORMAL,none,Standard event within normal baseline
EVT_005523,False,NORMAL,none,Standard event within normal baseline
EVT_005524,True,BURST_ACTIVITY,high,Event occurred during sudden concentrated activity surge
EVT_005525,False,NORMAL,none,Standard event within normal baseline
EVT_005526,False,NORMAL,none,Standard event within normal baseline
EVT_005527,False,NORMAL,none,Standard event within normal baseline
EVT_005528,True,SHARED_INFRASTRUCTURE,high,Event originated from high-fanout shared device/IP cluster
EVT_005529,False,NORMAL,none,Standard event within normal baseline
EVT_005530,True,LOCATION_ANOMALY,medium,Event recorded with rapid impossible geographical transit
EVT_005531,False,NORMAL,none,Standard event within normal baseline
EVT_005532,False,NORMAL,none,Standard event within normal baseline
EVT_005533,False,NORMAL,none,Standard event within normal baseline
EVT_005534,False,NORMAL,none,Standard event within normal baseline
EVT_005535,False,NORMAL,none,Standard event within normal baseline
EVT_005536,False,NORMAL,none,Standard event within normal baseline
EVT_005537,False,NORMAL,none,Standard event within normal baseline
EVT_005538,True,BURST_ACTIVITY,high,Event occurred during sudden concentrated activity surge
EVT_005539,False,NORMAL,none,Standard event within normal baseline
EVT_005540,False,NORMAL,none,Standard event within normal baseline
EVT_005541,False,NORMAL,none,Standard event within normal baseline
EVT_005542,False,NORMAL,none,Standard event within normal baseline
EVT_005543,False,NORMAL,none,Standard event within normal baseline
EVT_005544,True,BURST_ACTIVITY,high,Event occurred during sudden concentrated activity surge
EVT_005545,False,NORMAL,none,Standard event within normal baseline
EVT_005546,False,NORMAL,none,Standard event within normal baseline
EVT_005547,False,NORMAL,none,Standard event within normal baseline
EVT_005548,False,NORMAL,none,Standard event within normal baseline
EVT_005549,False,NORMAL,none,Standard event within normal baseline
EVT_005550,False,NORMAL,none,Standard event within normal baseline
EVT_005551,False,NORMAL,none,Standard event within normal baseline
EVT_005552,True,COMMUNICATION_ANOMALY,medium,High-frequency short duration ping call
EVT_005553,False,NORMAL,none,Standard event within normal baseline
EVT_005554,False,NORMAL,none,Standard event within normal baseline
EVT_005555,True,TRANSACTION_ANOMALY,high,Unusually high-value cross-account mule transfer
EVT_005556,False,NORMAL,none,Standard event within normal baseline
EVT_005557,False,NORMAL,none,Standard event within normal baseline
EVT_005558,False,NORMAL,none,Standard event within normal baseline
EVT_005559,False,NORMAL,none,Standard event within normal baseline
EVT_005560,False,NORMAL,none,Standard event within normal baseline
EVT_005561,False,NORMAL,none,Standard event within normal baseline
EVT_005562,False,NORMAL,none,Standard event within normal baseline
EVT_005563,True,TRANSACTION_ANOMALY,high,Unusually high-value cross-account mule transfer
EVT_005564,True,SHARED_INFRASTRUCTURE,high,Event originated from high-fanout shared device/IP cluster
EVT_005565,False,NORMAL,none,Standard event within normal baseline
EVT_005566,False,NORMAL,none,Standard event within normal baseline
EVT_005567,True,TRANSACTION_ANOMALY,high,Unusually high-value cross-account mule transfer
EVT_005568,True,BURST_ACTIVITY,high,Event occurred during sudden concentrated activity surge
EVT_005569,False,NORMAL,none,Standard event within normal baseline
EVT_005570,True,TRANSACTION_ANOMALY,high,Unusually high-value cross-account mule transfer
EVT_005571,True,BURST_ACTIVITY,high,Event occurred during sudden concentrated activity surge
EVT_005572,False,NORMAL,none,Standard event within normal baseline
EVT_005573,False,NORMAL,none,Standard event within normal baseline
EVT_005574,False,NORMAL,none,Standard event within normal baseline
EVT_005575,False,NORMAL,none,Standard event within normal baseline
EVT_005576,True,BURST_ACTIVITY,high,Event occurred during sudden concentrated activity surge
EVT_005577,False,NORMAL,none,Standard event within normal baseline
EVT_005578,False,NORMAL,none,Standard event within normal baseline
EVT_005579,True,TRANSACTION_ANOMALY,high,Unusually high-value cross-account mule transfer
EVT_005580,False,NORMAL,none,Standard event within normal baseline
EVT_005581,True,BURST_ACTIVITY,high,Event occurred during sudden concentrated activity surge
EVT_005582,False,NORMAL,none,Standard event within normal baseline
EVT_005583,True,BURST_ACTIVITY,high,Event occurred during sudden concentrated activity surge
EVT_005584,False,NORMAL,none,Standard event within normal baseline
EVT_005585,False,NORMAL,none,Standard event within normal baseline
EVT_005586,False,NORMAL,none,Standard event within normal baseline
EVT_005587,True,BURST_ACTIVITY,high,Event occurred during sudden concentrated activity surge
EVT_005588,False,NORMAL,none,Standard event within normal baseline
EVT_005589,False,NORMAL,none,Standard event within normal baseline
EVT_005590,False,NORMAL,none,Standard event within normal baseline
EVT_005591,False,NORMAL,none,Standard event within normal baseline
EVT_005592,False,NORMAL,none,Standard event within normal baseline
EVT_005593,False,NORMAL,none,Standard event within normal baseline
EVT_005594,False,NORMAL,none,Standard event within normal baseline
EVT_005595,True,BURST_ACTIVITY,high,Event occurred during sudden concentrated activity surge
EVT_005596,False,NORMAL,none,Standard event within normal baseline
EVT_005597,False,NORMAL,none,Standard event within normal baseline
EVT_005598,True,BURST_ACTIVITY,high,Event occurred during sudden concentrated activity surge
EVT_005599,False,NORMAL,none,Standard event within normal baseline
EVT_005600,False,NORMAL,none,Standard event within normal baseline
EVT_005601,False,NORMAL,none,Standard event within normal baseline
EVT_005602,False,NORMAL,none,Standard event within normal baseline
EVT_005603,False,NORMAL,none,Standard event within normal baseline
EVT_005604,False,NORMAL,none,Standard event within normal baseline
EVT_005605,False,NORMAL,none,Standard event within normal baseline
EVT_005606,False,NORMAL,none,Standard event within normal baseline
EVT_005607,False,NORMAL,none,Standard event within normal baseline
EVT_005608,False,NORMAL,none,Standard event within normal baseline
EVT_005609,False,NORMAL,none,Standard event within normal baseline
EVT_005610,False,NORMAL,none,Standard event within normal baseline
EVT_005611,True,BURST_ACTIVITY,high,Event occurred during sudden concentrated activity surge
EVT_005612,False,NORMAL,none,Standard event within normal baseline
EVT_005613,False,NORMAL,none,Standard event within normal baseline
EVT_005614,False,NORMAL,none,Standard event within normal baseline
EVT_005615,True,LOCATION_ANOMALY,medium,Event recorded with rapid impossible geographical transit
EVT_005616,False,NORMAL,none,Standard event within normal baseline
EVT_005617,False,NORMAL,none,Standard event within normal baseline
EVT_005618,False,NORMAL,none,Standard event within normal baseline
EVT_005619,True,TRANSACTION_ANOMALY,high,Unusually high-value cross-account mule transfer
EVT_005620,False,NORMAL,none,Standard event within normal baseline
EVT_005621,False,NORMAL,none,Standard event within normal baseline
EVT_005622,False,NORMAL,none,Standard event within normal baseline
EVT_005623,False,NORMAL,none,Standard event within normal baseline
EVT_005624,True,BURST_ACTIVITY,high,Event occurred during sudden concentrated activity surge
EVT_005625,True,BURST_ACTIVITY,high,Event occurred during sudden concentrated activity surge
EVT_005626,False,NORMAL,none,Standard event within normal baseline
EVT_005627,False,NORMAL,none,Standard event within normal baseline
EVT_005628,False,NORMAL,none,Standard event within normal baseline
EVT_005629,False,NORMAL,none,Standard event within normal baseline
EVT_005630,False,NORMAL,none,Standard event within normal baseline
EVT_005631,True,BURST_ACTIVITY,high,Event occurred during sudden concentrated activity surge
EVT_005632,True,SHARED_INFRASTRUCTURE,high,Event originated from high-fanout shared device/IP cluster
EVT_005633,False,NORMAL,none,Standard event within normal baseline
EVT_005634,True,BURST_ACTIVITY,high,Event occurred during sudden concentrated activity surge
EVT_005635,False,NORMAL,none,Standard event within normal baseline
EVT_005636,False,NORMAL,none,Standard event within normal baseline
EVT_005637,False,NORMAL,none,Standard event within normal baseline
EVT_005638,False,NORMAL,none,Standard event within normal baseline
EVT_005639,False,NORMAL,none,Standard event within normal baseline
EVT_005640,False,NORMAL,none,Standard event within normal baseline
EVT_005641,False,NORMAL,none,Standard event within normal baseline
EVT_005642,False,NORMAL,none,Standard event within normal baseline
EVT_005643,False,NORMAL,none,Standard event within normal baseline
EVT_005644,False,NORMAL,none,Standard event within normal baseline
EVT_005645,False,NORMAL,none,Standard event within normal baseline
EVT_005646,False,NORMAL,none,Standard event within normal baseline
EVT_005647,False,NORMAL,none,Standard event within normal baseline
EVT_005648,False,NORMAL,none,Standard event within normal baseline
EVT_005649,True,BURST_ACTIVITY,high,Event occurred during sudden concentrated activity surge
EVT_005650,True,BURST_ACTIVITY,high,Event occurred during sudden concentrated activity surge
EVT_005651,False,NORMAL,none,Standard event within normal baseline
EVT_005652,False,NORMAL,none,Standard event within normal baseline
EVT_005653,False,NORMAL,none,Standard event within normal baseline
EVT_005654,False,NORMAL,none,Standard event within normal baseline
EVT_005655,True,HIGH_ACTIVITY,medium,Elevated transactional volume from network hub
EVT_005656,False,NORMAL,none,Standard event within normal baseline
EVT_005657,False,NORMAL,none,Standard event within normal baseline
EVT_005658,False,NORMAL,none,Standard event within normal baseline
EVT_005659,True,BURST_ACTIVITY,high,Event occurred during sudden concentrated activity surge
EVT_005660,False,NORMAL,none,Standard event within normal baseline
EVT_005661,False,NORMAL,none,Standard event within normal baseline
EVT_005662,False,NORMAL,none,Standard event within normal baseline
EVT_005663,False,NORMAL,none,Standard event within normal baseline
EVT_005664,False,NORMAL,none,Standard event within normal baseline
EVT_005665,False,NORMAL,none,Standard event within normal baseline
EVT_005666,False,NORMAL,none,Standard event within normal baseline
EVT_005667,False,NORMAL,none,Standard event within normal baseline
EVT_005668,True,LOCATION_ANOMALY,medium,Event recorded with rapid impossible geographical transit
EVT_005669,False,NORMAL,none,Standard event within normal baseline
EVT_005670,False,NORMAL,none,Standard event within normal baseline
EVT_005671,False,NORMAL,none,Standard event within normal baseline
EVT_005672,True,TRANSACTION_ANOMALY,high,Unusually high-value cross-account mule transfer
EVT_005673,False,NORMAL,none,Standard event within normal baseline
EVT_005674,False,NORMAL,none,Standard event within normal baseline
EVT_005675,False,NORMAL,none,Standard event within normal baseline
EVT_005676,False,NORMAL,none,Standard event within normal baseline
EVT_005677,False,NORMAL,none,Standard event within normal baseline
EVT_005678,False,NORMAL,none,Standard event within normal baseline
EVT_005679,False,NORMAL,none,Standard event within normal baseline
EVT_005680,False,NORMAL,none,Standard event within normal baseline
EVT_005681,False,NORMAL,none,Standard event within normal baseline
EVT_005682,False,NORMAL,none,Standard event within normal baseline
EVT_005683,True,BURST_ACTIVITY,high,Event occurred during sudden concentrated activity surge
EVT_005684,False,NORMAL,none,Standard event within normal baseline
EVT_005685,True,BURST_ACTIVITY,high,Event occurred during sudden concentrated activity surge
EVT_005686,False,NORMAL,none,Standard event within normal baseline
EVT_005687,False,NORMAL,none,Standard event within normal baseline
EVT_005688,False,NORMAL,none,Standard event within normal baseline
EVT_005689,True,BURST_ACTIVITY,high,Event occurred during sudden concentrated activity surge
EVT_005690,True,BURST_ACTIVITY,high,Event occurred during sudden concentrated activity surge
EVT_005691,True,BURST_ACTIVITY,high,Event occurred during sudden concentrated activity surge
EVT_005692,False,NORMAL,none,Standard event within normal baseline
EVT_005693,False,NORMAL,none,Standard event within normal baseline
EVT_005694,False,NORMAL,none,Standard event within normal baseline
EVT_005695,False,NORMAL,none,Standard event within normal baseline
EVT_005696,False,NORMAL,none,Standard event within normal baseline
EVT_005697,False,NORMAL,none,Standard event within normal baseline
EVT_005698,False,NORMAL,none,Standard event within normal baseline
EVT_005699,False,NORMAL,none,Standard event within normal baseline
EVT_005700,True,BURST_ACTIVITY,high,Event occurred during sudden concentrated activity surge
EVT_005701,False,NORMAL,none,Standard event within normal baseline
EVT_005702,False,NORMAL,none,Standard event within normal baseline
EVT_005703,False,NORMAL,none,Standard event within normal baseline
EVT_005704,False,NORMAL,none,Standard event within normal baseline
EVT_005705,False,NORMAL,none,Standard event within normal baseline
EVT_005706,False,NORMAL,none,Standard event within normal baseline
EVT_005707,False,NORMAL,none,Standard event within normal baseline
EVT_005708,False,NORMAL,none,Standard event within normal baseline
EVT_005709,False,NORMAL,none,Standard event within normal baseline
EVT_005710,False,NORMAL,none,Standard event within normal baseline
EVT_005711,False,NORMAL,none,Standard event within normal baseline
EVT_005712,False,NORMAL,none,Standard event within normal baseline
EVT_005713,False,NORMAL,none,Standard event within normal baseline
EVT_005714,False,NORMAL,none,Standard event within normal baseline
EVT_005715,True,BURST_ACTIVITY,high,Event occurred during sudden concentrated activity surge
EVT_005716,True,BURST_ACTIVITY,high,Event occurred during sudden concentrated activity surge
EVT_005717,False,NORMAL,none,Standard event within normal baseline
EVT_005718,True,BURST_ACTIVITY,high,Event occurred during sudden concentrated activity surge
EVT_005719,False,NORMAL,none,Standard event within normal baseline
EVT_005720,False,NORMAL,none,Standard event within normal baseline
EVT_005721,True,SHARED_INFRASTRUCTURE,high,Event originated from high-fanout shared device/IP cluster
EVT_005722,False,NORMAL,none,Standard event within normal baseline
EVT_005723,False,NORMAL,none,Standard event within normal baseline
EVT_005724,False,NORMAL,none,Standard event within normal baseline
EVT_005725,False,NORMAL,none,Standard event within normal baseline
EVT_005726,False,NORMAL,none,Standard event within normal baseline
EVT_005727,False,NORMAL,none,Standard event within normal baseline
EVT_005728,False,NORMAL,none,Standard event within normal baseline
EVT_005729,False,NORMAL,none,Standard event within normal baseline
EVT_005730,False,NORMAL,none,Standard event within normal baseline
EVT_005731,False,NORMAL,none,Standard event within normal baseline
EVT_005732,True,TRANSACTION_ANOMALY,high,Unusually high-value cross-account mule transfer
EVT_005733,False,NORMAL,none,Standard event within normal baseline
EVT_005734,False,NORMAL,none,Standard event within normal baseline
EVT_005735,False,NORMAL,none,Standard event within normal baseline
EVT_005736,True,BURST_ACTIVITY,high,Event occurred during sudden concentrated activity surge
EVT_005737,False,NORMAL,none,Standard event within normal baseline
EVT_005738,False,NORMAL,none,Standard event within normal baseline
EVT_005739,False,NORMAL,none,Standard event within normal baseline
EVT_005740,False,NORMAL,none,Standard event within normal baseline
EVT_005741,False,NORMAL,none,Standard event within normal baseline
EVT_005742,False,NORMAL,none,Standard event within normal baseline
EVT_005743,False,NORMAL,none,Standard event within normal baseline
EVT_005744,True,BURST_ACTIVITY,high,Event occurred during sudden concentrated activity surge
EVT_005745,False,NORMAL,none,Standard event within normal baseline
EVT_005746,False,NORMAL,none,Standard event within normal baseline
EVT_005747,False,NORMAL,none,Standard event within normal baseline
EVT_005748,False,NORMAL,none,Standard event within normal baseline
EVT_005749,True,BURST_ACTIVITY,high,Event occurred during sudden concentrated activity surge
EVT_005750,False,NORMAL,none,Standard event within normal baseline
EVT_005751,False,NORMAL,none,Standard event within normal baseline
EVT_005752,False,NORMAL,none,Standard event within normal baseline
EVT_005753,False,NORMAL,none,Standard event within normal baseline
EVT_005754,False,NORMAL,none,Standard event within normal baseline
EVT_005755,True,SHARED_INFRASTRUCTURE,high,Event originated from high-fanout shared device/IP cluster
EVT_005756,False,NORMAL,none,Standard event within normal baseline
EVT_005757,False,NORMAL,none,Standard event within normal baseline
EVT_005758,True,BURST_ACTIVITY,high,Event occurred during sudden concentrated activity surge
EVT_005759,False,NORMAL,none,Standard event within normal baseline
EVT_005760,False,NORMAL,none,Standard event within normal baseline
EVT_005761,True,TRANSACTION_ANOMALY,high,Unusually high-value cross-account mule transfer
EVT_005762,False,NORMAL,none,Standard event within normal baseline
EVT_005763,False,NORMAL,none,Standard event within normal baseline
EVT_005764,True,BURST_ACTIVITY,high,Event occurred during sudden concentrated activity surge
EVT_005765,False,NORMAL,none,Standard event within normal baseline
EVT_005766,False,NORMAL,none,Standard event within normal baseline
EVT_005767,True,BURST_ACTIVITY,high,Event occurred during sudden concentrated activity surge
EVT_005768,True,BURST_ACTIVITY,high,Event occurred during sudden concentrated activity surge
EVT_005769,False,NORMAL,none,Standard event within normal baseline
EVT_005770,False,NORMAL,none,Standard event within normal baseline
EVT_005771,False,NORMAL,none,Standard event within normal baseline
EVT_005772,False,NORMAL,none,Standard event within normal baseline
EVT_005773,False,NORMAL,none,Standard event within normal baseline
EVT_005774,False,NORMAL,none,Standard event within normal baseline
EVT_005775,True,SHARED_INFRASTRUCTURE,high,Event originated from high-fanout shared device/IP cluster
EVT_005776,False,NORMAL,none,Standard event within normal baseline
EVT_005777,True,BURST_ACTIVITY,high,Event occurred during sudden concentrated activity surge
EVT_005778,False,NORMAL,none,Standard event within normal baseline
EVT_005779,False,NORMAL,none,Standard event within normal baseline
EVT_005780,False,NORMAL,none,Standard event within normal baseline
EVT_005781,False,NORMAL,none,Standard event within normal baseline
EVT_005782,True,BURST_ACTIVITY,high,Event occurred during sudden concentrated activity surge
EVT_005783,False,NORMAL,none,Standard event within normal baseline
EVT_005784,False,NORMAL,none,Standard event within normal baseline
EVT_005785,False,NORMAL,none,Standard event within normal baseline
EVT_005786,False,NORMAL,none,Standard event within normal baseline
EVT_005787,False,NORMAL,none,Standard event within normal baseline
EVT_005788,False,NORMAL,none,Standard event within normal baseline
EVT_005789,False,NORMAL,none,Standard event within normal baseline
EVT_005790,False,NORMAL,none,Standard event within normal baseline
EVT_005791,False,NORMAL,none,Standard event within normal baseline
EVT_005792,False,NORMAL,none,Standard event within normal baseline
EVT_005793,True,SHARED_INFRASTRUCTURE,high,Event originated from high-fanout shared device/IP cluster
EVT_005794,True,BURST_ACTIVITY,high,Event occurred during sudden concentrated activity surge
EVT_005795,False,NORMAL,none,Standard event within normal baseline
EVT_005796,False,NORMAL,none,Standard event within normal baseline
EVT_005797,True,BURST_ACTIVITY,high,Event occurred during sudden concentrated activity surge
EVT_005798,False,NORMAL,none,Standard event within normal baseline
EVT_005799,True,TRANSACTION_ANOMALY,high,Unusually high-value cross-account mule transfer
EVT_005800,False,NORMAL,none,Standard event within normal baseline
EVT_005801,False,NORMAL,none,Standard event within normal baseline
EVT_005802,False,NORMAL,none,Standard event within normal baseline
EVT_005803,False,NORMAL,none,Standard event within normal baseline
EVT_005804,True,BURST_ACTIVITY,high,Event occurred during sudden concentrated activity surge
EVT_005805,False,NORMAL,none,Standard event within normal baseline
EVT_005806,True,BURST_ACTIVITY,high,Event occurred during sudden concentrated activity surge
EVT_005807,False,NORMAL,none,Standard event within normal baseline
EVT_005808,False,NORMAL,none,Standard event within normal baseline
EVT_005809,False,NORMAL,none,Standard event within normal baseline
EVT_005810,True,BURST_ACTIVITY,high,Event occurred during sudden concentrated activity surge
EVT_005811,True,TRANSACTION_ANOMALY,high,Unusually high-value cross-account mule transfer
EVT_005812,False,NORMAL,none,Standard event within normal baseline
EVT_005813,False,NORMAL,none,Standard event within normal baseline
EVT_005814,False,NORMAL,none,Standard event within normal baseline
EVT_005815,False,NORMAL,none,Standard event within normal baseline
EVT_005816,False,NORMAL,none,Standard event within normal baseline
EVT_005817,False,NORMAL,none,Standard event within normal baseline
EVT_005818,False,NORMAL,none,Standard event within normal baseline
EVT_005819,False,NORMAL,none,Standard event within normal baseline
EVT_005820,True,BURST_ACTIVITY,high,Event occurred during sudden concentrated activity surge
EVT_005821,False,NORMAL,none,Standard event within normal baseline
EVT_005822,False,NORMAL,none,Standard event within normal baseline
EVT_005823,False,NORMAL,none,Standard event within normal baseline
EVT_005824,False,NORMAL,none,Standard event within normal baseline
EVT_005825,True,BURST_ACTIVITY,high,Event occurred during sudden concentrated activity surge
EVT_005826,False,NORMAL,none,Standard event within normal baseline
EVT_005827,False,NORMAL,none,Standard event within normal baseline
EVT_005828,False,NORMAL,none,Standard event within normal baseline
EVT_005829,True,TRANSACTION_ANOMALY,high,Unusually high-value cross-account mule transfer
EVT_005830,False,NORMAL,none,Standard event within normal baseline
EVT_005831,False,NORMAL,none,Standard event within normal baseline
EVT_005832,False,NORMAL,none,Standard event within normal baseline
EVT_005833,False,NORMAL,none,Standard event within normal baseline
EVT_005834,False,NORMAL,none,Standard event within normal baseline
EVT_005835,True,BURST_ACTIVITY,high,Event occurred during sudden concentrated activity surge
EVT_005836,True,LOCATION_ANOMALY,medium,Event recorded with rapid impossible geographical transit
EVT_005837,False,NORMAL,none,Standard event within normal baseline
EVT_005838,False,NORMAL,none,Standard event within normal baseline
EVT_005839,False,NORMAL,none,Standard event within normal baseline
EVT_005840,False,NORMAL,none,Standard event within normal baseline
EVT_005841,False,NORMAL,none,Standard event within normal baseline
EVT_005842,True,TRANSACTION_ANOMALY,high,Unusually high-value cross-account mule transfer
EVT_005843,False,NORMAL,none,Standard event within normal baseline
EVT_005844,False,NORMAL,none,Standard event within normal baseline
EVT_005845,False,NORMAL,none,Standard event within normal baseline
EVT_005846,False,NORMAL,none,Standard event within normal baseline
EVT_005847,False,NORMAL,none,Standard event within normal baseline
EVT_005848,False,NORMAL,none,Standard event within normal baseline
EVT_005849,False,NORMAL,none,Standard event within normal baseline
EVT_005850,True,BURST_ACTIVITY,high,Event occurred during sudden concentrated activity surge
EVT_005851,False,NORMAL,none,Standard event within normal baseline
EVT_005852,False,NORMAL,none,Standard event within normal baseline
EVT_005853,False,NORMAL,none,Standard event within normal baseline
EVT_005854,False,NORMAL,none,Standard event within normal baseline
EVT_005855,False,NORMAL,none,Standard event within normal baseline
EVT_005856,False,NORMAL,none,Standard event within normal baseline
EVT_005857,False,NORMAL,none,Standard event within normal baseline
EVT_005858,False,NORMAL,none,Standard event within normal baseline
EVT_005859,True,HIGH_ACTIVITY,medium,Elevated transactional volume from network hub
EVT_005860,True,BURST_ACTIVITY,high,Event occurred during sudden concentrated activity surge
EVT_005861,False,NORMAL,none,Standard event within normal baseline
EVT_005862,False,NORMAL,none,Standard event within normal baseline
EVT_005863,False,NORMAL,none,Standard event within normal baseline
EVT_005864,False,NORMAL,none,Standard event within normal baseline
EVT_005865,False,NORMAL,none,Standard event within normal baseline
EVT_005866,False,NORMAL,none,Standard event within normal baseline
EVT_005867,False,NORMAL,none,Standard event within normal baseline
EVT_005868,False,NORMAL,none,Standard event within normal baseline
EVT_005869,False,NORMAL,none,Standard event within normal baseline
EVT_005870,False,NORMAL,none,Standard event within normal baseline
EVT_005871,False,NORMAL,none,Standard event within normal baseline
EVT_005872,False,NORMAL,none,Standard event within normal baseline
EVT_005873,False,NORMAL,none,Standard event within normal baseline
EVT_005874,False,NORMAL,none,Standard event within normal baseline
EVT_005875,False,NORMAL,none,Standard event within normal baseline
EVT_005876,False,NORMAL,none,Standard event within normal baseline
EVT_005877,False,NORMAL,none,Standard event within normal baseline
EVT_005878,False,NORMAL,none,Standard event within normal baseline
EVT_005879,False,NORMAL,none,Standard event within normal baseline
EVT_005880,False,NORMAL,none,Standard event within normal baseline
EVT_005881,False,NORMAL,none,Standard event within normal baseline
EVT_005882,True,BURST_ACTIVITY,high,Event occurred during sudden concentrated activity surge
EVT_005883,True,BURST_ACTIVITY,high,Event occurred during sudden concentrated activity surge
EVT_005884,False,NORMAL,none,Standard event within normal baseline
EVT_005885,False,NORMAL,none,Standard event within normal baseline
EVT_005886,False,NORMAL,none,Standard event within normal baseline
EVT_005887,False,NORMAL,none,Standard event within normal baseline
EVT_005888,False,NORMAL,none,Standard event within normal baseline
EVT_005889,False,NORMAL,none,Standard event within normal baseline
EVT_005890,True,BURST_ACTIVITY,high,Event occurred during sudden concentrated activity surge
EVT_005891,True,BURST_ACTIVITY,high,Event occurred during sudden concentrated activity surge
EVT_005892,False,NORMAL,none,Standard event within normal baseline
EVT_005893,True,TRANSACTION_ANOMALY,high,Unusually high-value cross-account mule transfer
EVT_005894,True,LOCATION_ANOMALY,medium,Event recorded with rapid impossible geographical transit
EVT_005895,True,BURST_ACTIVITY,high,Event occurred during sudden concentrated activity surge
EVT_005896,False,NORMAL,none,Standard event within normal baseline
EVT_005897,True,BURST_ACTIVITY,high,Event occurred during sudden concentrated activity surge
EVT_005898,False,NORMAL,none,Standard event within normal baseline
EVT_005899,True,BURST_ACTIVITY,high,Event occurred during sudden concentrated activity surge
EVT_005900,False,NORMAL,none,Standard event within normal baseline
EVT_005901,False,NORMAL,none,Standard event within normal baseline
EVT_005902,False,NORMAL,none,Standard event within normal baseline
EVT_005903,False,NORMAL,none,Standard event within normal baseline
EVT_005904,True,BURST_ACTIVITY,high,Event occurred during sudden concentrated activity surge
EVT_005905,False,NORMAL,none,Standard event within normal baseline
EVT_005906,False,NORMAL,none,Standard event within normal baseline
EVT_005907,False,NORMAL,none,Standard event within normal baseline
EVT_005908,False,NORMAL,none,Standard event within normal baseline
EVT_005909,False,NORMAL,none,Standard event within normal baseline
EVT_005910,False,NORMAL,none,Standard event within normal baseline
EVT_005911,False,NORMAL,none,Standard event within normal baseline
EVT_005912,False,NORMAL,none,Standard event within normal baseline
EVT_005913,False,NORMAL,none,Standard event within normal baseline
EVT_005914,False,NORMAL,none,Standard event within normal baseline
EVT_005915,False,NORMAL,none,Standard event within normal baseline
EVT_005916,False,NORMAL,none,Standard event within normal baseline
EVT_005917,False,NORMAL,none,Standard event within normal baseline
EVT_005918,False,NORMAL,none,Standard event within normal baseline
EVT_005919,False,NORMAL,none,Standard event within normal baseline
EVT_005920,False,NORMAL,none,Standard event within normal baseline
EVT_005921,False,NORMAL,none,Standard event within normal baseline
EVT_005922,False,NORMAL,none,Standard event within normal baseline
EVT_005923,False,NORMAL,none,Standard event within normal baseline
EVT_005924,True,BURST_ACTIVITY,high,Event occurred during sudden concentrated activity surge
EVT_005925,False,NORMAL,none,Standard event within normal baseline
EVT_005926,True,HIGH_ACTIVITY,medium,Elevated transactional volume from network hub
EVT_005927,True,BURST_ACTIVITY,high,Event occurred during sudden concentrated activity surge
EVT_005928,True,BURST_ACTIVITY,high,Event occurred during sudden concentrated activity surge
EVT_005929,False,NORMAL,none,Standard event within normal baseline
EVT_005930,False,NORMAL,none,Standard event within normal baseline
EVT_005931,False,NORMAL,none,Standard event within normal baseline
EVT_005932,False,NORMAL,none,Standard event within normal baseline
EVT_005933,False,NORMAL,none,Standard event within normal baseline
EVT_005934,False,NORMAL,none,Standard event within normal baseline
EVT_005935,False,NORMAL,none,Standard event within normal baseline
EVT_005936,False,NORMAL,none,Standard event within normal baseline
EVT_005937,True,BURST_ACTIVITY,high,Event occurred during sudden concentrated activity surge
EVT_005938,False,NORMAL,none,Standard event within normal baseline
EVT_005939,False,NORMAL,none,Standard event within normal baseline
EVT_005940,True,LOCATION_ANOMALY,medium,Event recorded with rapid impossible geographical transit
EVT_005941,False,NORMAL,none,Standard event within normal baseline
EVT_005942,False,NORMAL,none,Standard event within normal baseline
EVT_005943,True,BURST_ACTIVITY,high,Event occurred during sudden concentrated activity surge
EVT_005944,False,NORMAL,none,Standard event within normal baseline
EVT_005945,False,NORMAL,none,Standard event within normal baseline
EVT_005946,False,NORMAL,none,Standard event within normal baseline
EVT_005947,False,NORMAL,none,Standard event within normal baseline
EVT_005948,True,BURST_ACTIVITY,high,Event occurred during sudden concentrated activity surge
EVT_005949,False,NORMAL,none,Standard event within normal baseline
EVT_005950,False,NORMAL,none,Standard event within normal baseline
EVT_005951,False,NORMAL,none,Standard event within normal baseline
EVT_005952,False,NORMAL,none,Standard event within normal baseline
EVT_005953,False,NORMAL,none,Standard event within normal baseline
EVT_005954,False,NORMAL,none,Standard event within normal baseline
EVT_005955,True,BURST_ACTIVITY,high,Event occurred during sudden concentrated activity surge
EVT_005956,False,NORMAL,none,Standard event within normal baseline
EVT_005957,True,TRANSACTION_ANOMALY,high,Unusually high-value cross-account mule transfer
EVT_005958,False,NORMAL,none,Standard event within normal baseline
EVT_005959,False,NORMAL,none,Standard event within normal baseline
EVT_005960,False,NORMAL,none,Standard event within normal baseline
EVT_005961,False,NORMAL,none,Standard event within normal baseline
EVT_005962,False,NORMAL,none,Standard event within normal baseline
EVT_005963,False,NORMAL,none,Standard event within normal baseline
EVT_005964,False,NORMAL,none,Standard event within normal baseline
EVT_005965,True,BURST_ACTIVITY,high,Event occurred during sudden concentrated activity surge
EVT_005966,True,LOCATION_ANOMALY,medium,Event recorded with rapid impossible geographical transit
EVT_005967,True,BURST_ACTIVITY,high,Event occurred during sudden concentrated activity surge
EVT_005968,False,NORMAL,none,Standard event within normal baseline
EVT_005969,False,NORMAL,none,Standard event within normal baseline
EVT_005970,False,NORMAL,none,Standard event within normal baseline
EVT_005971,False,NORMAL,none,Standard event within normal baseline
EVT_005972,False,NORMAL,none,Standard event within normal baseline
EVT_005973,False,NORMAL,none,Standard event within normal baseline
EVT_005974,False,NORMAL,none,Standard event within normal baseline
EVT_005975,False,NORMAL,none,Standard event within normal baseline
EVT_005976,False,NORMAL,none,Standard event within normal baseline
EVT_005977,False,NORMAL,none,Standard event within normal baseline
EVT_005978,True,BURST_ACTIVITY,high,Event occurred during sudden concentrated activity surge
EVT_005979,False,NORMAL,none,Standard event within normal baseline
EVT_005980,False,NORMAL,none,Standard event within normal baseline
EVT_005981,True,BURST_ACTIVITY,high,Event occurred during sudden concentrated activity surge
EVT_005982,True,TRANSACTION_ANOMALY,high,Unusually high-value cross-account mule transfer
EVT_005983,False,NORMAL,none,Standard event within normal baseline
EVT_005984,False,NORMAL,none,Standard event within normal baseline
EVT_005985,False,NORMAL,none,Standard event within normal baseline
EVT_005986,False,NORMAL,none,Standard event within normal baseline
EVT_005987,False,NORMAL,none,Standard event within normal baseline
EVT_005988,True,LOCATION_ANOMALY,medium,Event recorded with rapid impossible geographical transit
EVT_005989,False,NORMAL,none,Standard event within normal baseline
EVT_005990,True,BURST_ACTIVITY,high,Event occurred during sudden concentrated activity surge
EVT_005991,False,NORMAL,none,Standard event within normal baseline
EVT_005992,False,NORMAL,none,Standard event within normal baseline
EVT_005993,False,NORMAL,none,Standard event within normal baseline
EVT_005994,False,NORMAL,none,Standard event within normal baseline
EVT_005995,False,NORMAL,none,Standard event within normal baseline
EVT_005996,False,NORMAL,none,Standard event within normal baseline
EVT_005997,False,NORMAL,none,Standard event within normal baseline
EVT_005998,False,NORMAL,none,Standard event within normal baseline
EVT_005999,False,NORMAL,none,Standard event within normal baseline
EVT_006000,True,BURST_ACTIVITY,high,Event occurred during sudden concentrated activity surge
EVT_006001,False,NORMAL,none,Standard event within normal baseline
EVT_006002,False,NORMAL,none,Standard event within normal baseline
EVT_006003,True,SHARED_INFRASTRUCTURE,high,Event originated from high-fanout shared device/IP cluster
EVT_006004,False,NORMAL,none,Standard event within normal baseline
EVT_006005,True,LOCATION_ANOMALY,medium,Event recorded with rapid impossible geographical transit
EVT_006006,False,NORMAL,none,Standard event within normal baseline
EVT_006007,True,BURST_ACTIVITY,high,Event occurred during sudden concentrated activity surge
EVT_006008,False,NORMAL,none,Standard event within normal baseline
EVT_006009,False,NORMAL,none,Standard event within normal baseline
EVT_006010,False,NORMAL,none,Standard event within normal baseline
EVT_006011,False,NORMAL,none,Standard event within normal baseline
EVT_006012,True,BURST_ACTIVITY,high,Event occurred during sudden concentrated activity surge
EVT_006013,False,NORMAL,none,Standard event within normal baseline
EVT_006014,False,NORMAL,none,Standard event within normal baseline
EVT_006015,False,NORMAL,none,Standard event within normal baseline
EVT_006016,False,NORMAL,none,Standard event within normal baseline
EVT_006017,False,NORMAL,none,Standard event within normal baseline
EVT_006018,False,NORMAL,none,Standard event within normal baseline
EVT_006019,False,NORMAL,none,Standard event within normal baseline
EVT_006020,False,NORMAL,none,Standard event within normal baseline
EVT_006021,False,NORMAL,none,Standard event within normal baseline
EVT_006022,False,NORMAL,none,Standard event within normal baseline
EVT_006023,False,NORMAL,none,Standard event within normal baseline
EVT_006024,False,NORMAL,none,Standard event within normal baseline
EVT_006025,False,NORMAL,none,Standard event within normal baseline
EVT_006026,False,NORMAL,none,Standard event within normal baseline
EVT_006027,False,NORMAL,none,Standard event within normal baseline
EVT_006028,False,NORMAL,none,Standard event within normal baseline
EVT_006029,False,NORMAL,none,Standard event within normal baseline
EVT_006030,False,NORMAL,none,Standard event within normal baseline
EVT_006031,False,NORMAL,none,Standard event within normal baseline
EVT_006032,False,NORMAL,none,Standard event within normal baseline
EVT_006033,False,NORMAL,none,Standard event within normal baseline
EVT_006034,True,BURST_ACTIVITY,high,Event occurred during sudden concentrated activity surge
EVT_006035,False,NORMAL,none,Standard event within normal baseline
EVT_006036,False,NORMAL,none,Standard event within normal baseline
EVT_006037,False,NORMAL,none,Standard event within normal baseline
EVT_006038,False,NORMAL,none,Standard event within normal baseline
EVT_006039,False,NORMAL,none,Standard event within normal baseline
EVT_006040,False,NORMAL,none,Standard event within normal baseline
EVT_006041,False,NORMAL,none,Standard event within normal baseline
EVT_006042,True,COMMUNICATION_ANOMALY,medium,High-frequency short duration ping call
EVT_006043,False,NORMAL,none,Standard event within normal baseline
EVT_006044,False,NORMAL,none,Standard event within normal baseline
EVT_006045,False,NORMAL,none,Standard event within normal baseline
EVT_006046,True,LOCATION_ANOMALY,medium,Event recorded with rapid impossible geographical transit
EVT_006047,True,BURST_ACTIVITY,high,Event occurred during sudden concentrated activity surge
EVT_006048,False,NORMAL,none,Standard event within normal baseline
EVT_006049,True,BURST_ACTIVITY,high,Event occurred during sudden concentrated activity surge
EVT_006050,False,NORMAL,none,Standard event within normal baseline
EVT_006051,False,NORMAL,none,Standard event within normal baseline
EVT_006052,False,NORMAL,none,Standard event within normal baseline
EVT_006053,False,NORMAL,none,Standard event within normal baseline
EVT_006054,True,BURST_ACTIVITY,high,Event occurred during sudden concentrated activity surge
EVT_006055,True,TRANSACTION_ANOMALY,high,Unusually high-value cross-account mule transfer
EVT_006056,True,BURST_ACTIVITY,high,Event occurred during sudden concentrated activity surge
EVT_006057,False,NORMAL,none,Standard event within normal baseline
EVT_006058,False,NORMAL,none,Standard event within normal baseline
EVT_006059,False,NORMAL,none,Standard event within normal baseline
EVT_006060,False,NORMAL,none,Standard event within normal baseline
EVT_006061,False,NORMAL,none,Standard event within normal baseline
EVT_006062,False,NORMAL,none,Standard event within normal baseline
EVT_006063,False,NORMAL,none,Standard event within normal baseline
EVT_006064,False,NORMAL,none,Standard event within normal baseline
EVT_006065,False,NORMAL,none,Standard event within normal baseline
EVT_006066,False,NORMAL,none,Standard event within normal baseline
EVT_006067,False,NORMAL,none,Standard event within normal baseline
EVT_006068,False,NORMAL,none,Standard event within normal baseline
EVT_006069,True,HIGH_ACTIVITY,medium,Elevated transactional volume from network hub
EVT_006070,False,NORMAL,none,Standard event within normal baseline
EVT_006071,False,NORMAL,none,Standard event within normal baseline
EVT_006072,False,NORMAL,none,Standard event within normal baseline
EVT_006073,False,NORMAL,none,Standard event within normal baseline
EVT_006074,False,NORMAL,none,Standard event within normal baseline
EVT_006075,False,NORMAL,none,Standard event within normal baseline
EVT_006076,False,NORMAL,none,Standard event within normal baseline
EVT_006077,False,NORMAL,none,Standard event within normal baseline
EVT_006078,True,HIGH_ACTIVITY,medium,Elevated transactional volume from network hub
EVT_006079,False,NORMAL,none,Standard event within normal baseline
EVT_006080,False,NORMAL,none,Standard event within normal baseline
EVT_006081,False,NORMAL,none,Standard event within normal baseline
EVT_006082,True,TRANSACTION_ANOMALY,high,Unusually high-value cross-account mule transfer
EVT_006083,False,NORMAL,none,Standard event within normal baseline
EVT_006084,False,NORMAL,none,Standard event within normal baseline
EVT_006085,False,NORMAL,none,Standard event within normal baseline
EVT_006086,False,NORMAL,none,Standard event within normal baseline
EVT_006087,False,NORMAL,none,Standard event within normal baseline
EVT_006088,False,NORMAL,none,Standard event within normal baseline
EVT_006089,False,NORMAL,none,Standard event within normal baseline
EVT_006090,False,NORMAL,none,Standard event within normal baseline
EVT_006091,True,BURST_ACTIVITY,high,Event occurred during sudden concentrated activity surge
EVT_006092,False,NORMAL,none,Standard event within normal baseline
EVT_006093,False,NORMAL,none,Standard event within normal baseline
EVT_006094,False,NORMAL,none,Standard event within normal baseline
EVT_006095,False,NORMAL,none,Standard event within normal baseline
EVT_006096,False,NORMAL,none,Standard event within normal baseline
EVT_006097,True,BURST_ACTIVITY,high,Event occurred during sudden concentrated activity surge
EVT_006098,True,COMMUNICATION_ANOMALY,medium,High-frequency short duration ping call
EVT_006099,False,NORMAL,none,Standard event within normal baseline
EVT_006100,False,NORMAL,none,Standard event within normal baseline
EVT_006101,True,BURST_ACTIVITY,high,Event occurred during sudden concentrated activity surge
EVT_006102,False,NORMAL,none,Standard event within normal baseline
EVT_006103,False,NORMAL,none,Standard event within normal baseline
EVT_006104,False,NORMAL,none,Standard event within normal baseline
EVT_006105,False,NORMAL,none,Standard event within normal baseline
EVT_006106,False,NORMAL,none,Standard event within normal baseline
EVT_006107,False,NORMAL,none,Standard event within normal baseline
EVT_006108,False,NORMAL,none,Standard event within normal baseline
EVT_006109,False,NORMAL,none,Standard event within normal baseline
EVT_006110,False,NORMAL,none,Standard event within normal baseline
EVT_006111,True,BURST_ACTIVITY,high,Event occurred during sudden concentrated activity surge
EVT_006112,False,NORMAL,none,Standard event within normal baseline
EVT_006113,False,NORMAL,none,Standard event within normal baseline
EVT_006114,False,NORMAL,none,Standard event within normal baseline
EVT_006115,False,NORMAL,none,Standard event within normal baseline
EVT_006116,False,NORMAL,none,Standard event within normal baseline
EVT_006117,False,NORMAL,none,Standard event within normal baseline
EVT_006118,False,NORMAL,none,Standard event within normal baseline
EVT_006119,False,NORMAL,none,Standard event within normal baseline
EVT_006120,False,NORMAL,none,Standard event within normal baseline
EVT_006121,False,NORMAL,none,Standard event within normal baseline
EVT_006122,False,NORMAL,none,Standard event within normal baseline
EVT_006123,False,NORMAL,none,Standard event within normal baseline
EVT_006124,False,NORMAL,none,Standard event within normal baseline
EVT_006125,False,NORMAL,none,Standard event within normal baseline
EVT_006126,False,NORMAL,none,Standard event within normal baseline
EVT_006127,True,BURST_ACTIVITY,high,Event occurred during sudden concentrated activity surge
EVT_006128,False,NORMAL,none,Standard event within normal baseline
EVT_006129,False,NORMAL,none,Standard event within normal baseline
EVT_006130,False,NORMAL,none,Standard event within normal baseline
EVT_006131,False,NORMAL,none,Standard event within normal baseline
EVT_006132,True,HIGH_ACTIVITY,medium,Elevated transactional volume from network hub
EVT_006133,False,NORMAL,none,Standard event within normal baseline
EVT_006134,False,NORMAL,none,Standard event within normal baseline
EVT_006135,False,NORMAL,none,Standard event within normal baseline
EVT_006136,False,NORMAL,none,Standard event within normal baseline
EVT_006137,False,NORMAL,none,Standard event within normal baseline
EVT_006138,False,NORMAL,none,Standard event within normal baseline
EVT_006139,False,NORMAL,none,Standard event within normal baseline
EVT_006140,False,NORMAL,none,Standard event within normal baseline
EVT_006141,False,NORMAL,none,Standard event within normal baseline
EVT_006142,False,NORMAL,none,Standard event within normal baseline
EVT_006143,False,NORMAL,none,Standard event within normal baseline
EVT_006144,False,NORMAL,none,Standard event within normal baseline
EVT_006145,True,BURST_ACTIVITY,high,Event occurred during sudden concentrated activity surge
EVT_006146,True,COMMUNICATION_ANOMALY,medium,High-frequency short duration ping call
EVT_006147,False,NORMAL,none,Standard event within normal baseline
EVT_006148,False,NORMAL,none,Standard event within normal baseline
EVT_006149,False,NORMAL,none,Standard event within normal baseline
EVT_006150,False,NORMAL,none,Standard event within normal baseline
EVT_006151,False,NORMAL,none,Standard event within normal baseline
EVT_006152,False,NORMAL,none,Standard event within normal baseline
EVT_006153,False,NORMAL,none,Standard event within normal baseline
EVT_006154,False,NORMAL,none,Standard event within normal baseline
EVT_006155,False,NORMAL,none,Standard event within normal baseline
EVT_006156,False,NORMAL,none,Standard event within normal baseline
EVT_006157,False,NORMAL,none,Standard event within normal baseline
EVT_006158,True,COMMUNICATION_ANOMALY,medium,High-frequency short duration ping call
EVT_006159,False,NORMAL,none,Standard event within normal baseline
EVT_006160,True,TRANSACTION_ANOMALY,high,Unusually high-value cross-account mule transfer
EVT_006161,False,NORMAL,none,Standard event within normal baseline
EVT_006162,False,NORMAL,none,Standard event within normal baseline
EVT_006163,False,NORMAL,none,Standard event within normal baseline
EVT_006164,False,NORMAL,none,Standard event within normal baseline
EVT_006165,False,NORMAL,none,Standard event within normal baseline
EVT_006166,False,NORMAL,none,Standard event within normal baseline
EVT_006167,False,NORMAL,none,Standard event within normal baseline
EVT_006168,False,NORMAL,none,Standard event within normal baseline
EVT_006169,False,NORMAL,none,Standard event within normal baseline
EVT_006170,False,NORMAL,none,Standard event within normal baseline
EVT_006171,False,NORMAL,none,Standard event within normal baseline
EVT_006172,False,NORMAL,none,Standard event within normal baseline
EVT_006173,False,NORMAL,none,Standard event within normal baseline
EVT_006174,True,TRANSACTION_ANOMALY,high,Unusually high-value cross-account mule transfer
EVT_006175,False,NORMAL,none,Standard event within normal baseline
EVT_006176,False,NORMAL,none,Standard event within normal baseline
EVT_006177,False,NORMAL,none,Standard event within normal baseline
EVT_006178,False,NORMAL,none,Standard event within normal baseline
EVT_006179,False,NORMAL,none,Standard event within normal baseline
EVT_006180,False,NORMAL,none,Standard event within normal baseline
EVT_006181,False,NORMAL,none,Standard event within normal baseline
EVT_006182,False,NORMAL,none,Standard event within normal baseline
EVT_006183,False,NORMAL,none,Standard event within normal baseline
EVT_006184,False,NORMAL,none,Standard event within normal baseline
EVT_006185,False,NORMAL,none,Standard event within normal baseline
EVT_006186,False,NORMAL,none,Standard event within normal baseline
EVT_006187,False,NORMAL,none,Standard event within normal baseline
EVT_006188,False,NORMAL,none,Standard event within normal baseline
EVT_006189,False,NORMAL,none,Standard event within normal baseline
EVT_006190,False,NORMAL,none,Standard event within normal baseline
EVT_006191,True,BURST_ACTIVITY,high,Event occurred during sudden concentrated activity surge
EVT_006192,False,NORMAL,none,Standard event within normal baseline
EVT_006193,True,BURST_ACTIVITY,high,Event occurred during sudden concentrated activity surge
EVT_006194,True,TRANSACTION_ANOMALY,high,Unusually high-value cross-account mule transfer
EVT_006195,True,BURST_ACTIVITY,high,Event occurred during sudden concentrated activity surge
EVT_006196,False,NORMAL,none,Standard event within normal baseline
EVT_006197,True,BURST_ACTIVITY,high,Event occurred during sudden concentrated activity surge
EVT_006198,False,NORMAL,none,Standard event within normal baseline
EVT_006199,False,NORMAL,none,Standard event within normal baseline
EVT_006200,False,NORMAL,none,Standard event within normal baseline
EVT_006201,True,LOCATION_ANOMALY,medium,Event recorded with rapid impossible geographical transit
EVT_006202,False,NORMAL,none,Standard event within normal baseline
EVT_006203,False,NORMAL,none,Standard event within normal baseline
EVT_006204,True,LOCATION_ANOMALY,medium,Event recorded with rapid impossible geographical transit
EVT_006205,False,NORMAL,none,Standard event within normal baseline
EVT_006206,False,NORMAL,none,Standard event within normal baseline
EVT_006207,False,NORMAL,none,Standard event within normal baseline
EVT_006208,False,NORMAL,none,Standard event within normal baseline
EVT_006209,True,BURST_ACTIVITY,high,Event occurred during sudden concentrated activity surge
EVT_006210,False,NORMAL,none,Standard event within normal baseline
EVT_006211,False,NORMAL,none,Standard event within normal baseline
EVT_006212,True,BURST_ACTIVITY,high,Event occurred during sudden concentrated activity surge
EVT_006213,True,LOCATION_ANOMALY,medium,Event recorded with rapid impossible geographical transit
EVT_006214,True,BURST_ACTIVITY,high,Event occurred during sudden concentrated activity surge
EVT_006215,True,BURST_ACTIVITY,high,Event occurred during sudden concentrated activity surge
EVT_006216,False,NORMAL,none,Standard event within normal baseline
EVT_006217,True,BURST_ACTIVITY,high,Event occurred during sudden concentrated activity surge
EVT_006218,False,NORMAL,none,Standard event within normal baseline
EVT_006219,False,NORMAL,none,Standard event within normal baseline
EVT_006220,False,NORMAL,none,Standard event within normal baseline
EVT_006221,False,NORMAL,none,Standard event within normal baseline
EVT_006222,False,NORMAL,none,Standard event within normal baseline
EVT_006223,False,NORMAL,none,Standard event within normal baseline
EVT_006224,False,NORMAL,none,Standard event within normal baseline
EVT_006225,False,NORMAL,none,Standard event within normal baseline
EVT_006226,False,NORMAL,none,Standard event within normal baseline
EVT_006227,False,NORMAL,none,Standard event within normal baseline
EVT_006228,False,NORMAL,none,Standard event within normal baseline
EVT_006229,False,NORMAL,none,Standard event within normal baseline
EVT_006230,False,NORMAL,none,Standard event within normal baseline
EVT_006231,False,NORMAL,none,Standard event within normal baseline
EVT_006232,False,NORMAL,none,Standard event within normal baseline
EVT_006233,False,NORMAL,none,Standard event within normal baseline
EVT_006234,False,NORMAL,none,Standard event within normal baseline
EVT_006235,True,BURST_ACTIVITY,high,Event occurred during sudden concentrated activity surge
EVT_006236,True,BURST_ACTIVITY,high,Event occurred during sudden concentrated activity surge
EVT_006237,True,COMMUNICATION_ANOMALY,medium,High-frequency short duration ping call
EVT_006238,False,NORMAL,none,Standard event within normal baseline
EVT_006239,False,NORMAL,none,Standard event within normal baseline
EVT_006240,False,NORMAL,none,Standard event within normal baseline
EVT_006241,False,NORMAL,none,Standard event within normal baseline
EVT_006242,True,BURST_ACTIVITY,high,Event occurred during sudden concentrated activity surge
EVT_006243,False,NORMAL,none,Standard event within normal baseline
EVT_006244,True,BURST_ACTIVITY,high,Event occurred during sudden concentrated activity surge
EVT_006245,False,NORMAL,none,Standard event within normal baseline
EVT_006246,False,NORMAL,none,Standard event within normal baseline
EVT_006247,False,NORMAL,none,Standard event within normal baseline
EVT_006248,False,NORMAL,none,Standard event within normal baseline
EVT_006249,False,NORMAL,none,Standard event within normal baseline
EVT_006250,False,NORMAL,none,Standard event within normal baseline
EVT_006251,False,NORMAL,none,Standard event within normal baseline
EVT_006252,False,NORMAL,none,Standard event within normal baseline
EVT_006253,True,TRANSACTION_ANOMALY,high,Unusually high-value cross-account mule transfer
EVT_006254,False,NORMAL,none,Standard event within normal baseline
EVT_006255,False,NORMAL,none,Standard event within normal baseline
EVT_006256,False,NORMAL,none,Standard event within normal baseline
EVT_006257,False,NORMAL,none,Standard event within normal baseline
EVT_006258,False,NORMAL,none,Standard event within normal baseline
EVT_006259,False,NORMAL,none,Standard event within normal baseline
EVT_006260,False,NORMAL,none,Standard event within normal baseline
EVT_006261,True,BURST_ACTIVITY,high,Event occurred during sudden concentrated activity surge
EVT_006262,False,NORMAL,none,Standard event within normal baseline
EVT_006263,True,SHARED_INFRASTRUCTURE,high,Event originated from high-fanout shared device/IP cluster
EVT_006264,True,BURST_ACTIVITY,high,Event occurred during sudden concentrated activity surge
EVT_006265,False,NORMAL,none,Standard event within normal baseline
EVT_006266,False,NORMAL,none,Standard event within normal baseline
EVT_006267,True,BURST_ACTIVITY,high,Event occurred during sudden concentrated activity surge
EVT_006268,True,BURST_ACTIVITY,high,Event occurred during sudden concentrated activity surge
EVT_006269,False,NORMAL,none,Standard event within normal baseline
EVT_006270,False,NORMAL,none,Standard event within normal baseline
EVT_006271,True,BURST_ACTIVITY,high,Event occurred during sudden concentrated activity surge
EVT_006272,False,NORMAL,none,Standard event within normal baseline
EVT_006273,False,NORMAL,none,Standard event within normal baseline
EVT_006274,False,NORMAL,none,Standard event within normal baseline
EVT_006275,False,NORMAL,none,Standard event within normal baseline
EVT_006276,False,NORMAL,none,Standard event within normal baseline
EVT_006277,False,NORMAL,none,Standard event within normal baseline
EVT_006278,False,NORMAL,none,Standard event within normal baseline
EVT_006279,True,BURST_ACTIVITY,high,Event occurred during sudden concentrated activity surge
EVT_006280,False,NORMAL,none,Standard event within normal baseline
EVT_006281,False,NORMAL,none,Standard event within normal baseline
EVT_006282,False,NORMAL,none,Standard event within normal baseline
EVT_006283,False,NORMAL,none,Standard event within normal baseline
EVT_006284,False,NORMAL,none,Standard event within normal baseline
EVT_006285,False,NORMAL,none,Standard event within normal baseline
EVT_006286,False,NORMAL,none,Standard event within normal baseline
EVT_006287,False,NORMAL,none,Standard event within normal baseline
EVT_006288,True,SHARED_INFRASTRUCTURE,high,Event originated from high-fanout shared device/IP cluster
EVT_006289,True,BURST_ACTIVITY,high,Event occurred during sudden concentrated activity surge
EVT_006290,False,NORMAL,none,Standard event within normal baseline
EVT_006291,False,NORMAL,none,Standard event within normal baseline
EVT_006292,False,NORMAL,none,Standard event within normal baseline
EVT_006293,False,NORMAL,none,Standard event within normal baseline
EVT_006294,False,NORMAL,none,Standard event within normal baseline
EVT_006295,True,COMMUNICATION_ANOMALY,medium,High-frequency short duration ping call
EVT_006296,False,NORMAL,none,Standard event within normal baseline
EVT_006297,False,NORMAL,none,Standard event within normal baseline
EVT_006298,False,NORMAL,none,Standard event within normal baseline
EVT_006299,True,BURST_ACTIVITY,high,Event occurred during sudden concentrated activity surge
EVT_006300,False,NORMAL,none,Standard event within normal baseline
EVT_006301,False,NORMAL,none,Standard event within normal baseline
EVT_006302,False,NORMAL,none,Standard event within normal baseline
EVT_006303,False,NORMAL,none,Standard event within normal baseline
EVT_006304,True,COMMUNICATION_ANOMALY,medium,High-frequency short duration ping call
EVT_006305,True,COMMUNICATION_ANOMALY,medium,High-frequency short duration ping call
EVT_006306,True,BURST_ACTIVITY,high,Event occurred during sudden concentrated activity surge
EVT_006307,False,NORMAL,none,Standard event within normal baseline
EVT_006308,False,NORMAL,none,Standard event within normal baseline
EVT_006309,False,NORMAL,none,Standard event within normal baseline
EVT_006310,False,NORMAL,none,Standard event within normal baseline
EVT_006311,False,NORMAL,none,Standard event within normal baseline
EVT_006312,False,NORMAL,none,Standard event within normal baseline
EVT_006313,False,NORMAL,none,Standard event within normal baseline
EVT_006314,False,NORMAL,none,Standard event within normal baseline
EVT_006315,True,HIGH_ACTIVITY,medium,Elevated transactional volume from network hub
EVT_006316,True,BURST_ACTIVITY,high,Event occurred during sudden concentrated activity surge
EVT_006317,True,TRANSACTION_ANOMALY,high,Unusually high-value cross-account mule transfer
EVT_006318,False,NORMAL,none,Standard event within normal baseline
EVT_006319,False,NORMAL,none,Standard event within normal baseline
EVT_006320,False,NORMAL,none,Standard event within normal baseline
EVT_006321,True,BURST_ACTIVITY,high,Event occurred during sudden concentrated activity surge
EVT_006322,False,NORMAL,none,Standard event within normal baseline
EVT_006323,False,NORMAL,none,Standard event within normal baseline
EVT_006324,False,NORMAL,none,Standard event within normal baseline
EVT_006325,False,NORMAL,none,Standard event within normal baseline
EVT_006326,True,BURST_ACTIVITY,high,Event occurred during sudden concentrated activity surge
EVT_006327,False,NORMAL,none,Standard event within normal baseline
EVT_006328,False,NORMAL,none,Standard event within normal baseline
EVT_006329,True,BURST_ACTIVITY,high,Event occurred during sudden concentrated activity surge
EVT_006330,False,NORMAL,none,Standard event within normal baseline
EVT_006331,False,NORMAL,none,Standard event within normal baseline
EVT_006332,False,NORMAL,none,Standard event within normal baseline
EVT_006333,False,NORMAL,none,Standard event within normal baseline
EVT_006334,False,NORMAL,none,Standard event within normal baseline
EVT_006335,False,NORMAL,none,Standard event within normal baseline
EVT_006336,False,NORMAL,none,Standard event within normal baseline
EVT_006337,False,NORMAL,none,Standard event within normal baseline
EVT_006338,False,NORMAL,none,Standard event within normal baseline
EVT_006339,False,NORMAL,none,Standard event within normal baseline
EVT_006340,False,NORMAL,none,Standard event within normal baseline
EVT_006341,False,NORMAL,none,Standard event within normal baseline
EVT_006342,False,NORMAL,none,Standard event within normal baseline
EVT_006343,False,NORMAL,none,Standard event within normal baseline
EVT_006344,True,BURST_ACTIVITY,high,Event occurred during sudden concentrated activity surge
EVT_006345,True,TRANSACTION_ANOMALY,high,Unusually high-value cross-account mule transfer
EVT_006346,False,NORMAL,none,Standard event within normal baseline
EVT_006347,True,BURST_ACTIVITY,high,Event occurred during sudden concentrated activity surge
EVT_006348,False,NORMAL,none,Standard event within normal baseline
EVT_006349,False,NORMAL,none,Standard event within normal baseline
EVT_006350,False,NORMAL,none,Standard event within normal baseline
EVT_006351,False,NORMAL,none,Standard event within normal baseline
EVT_006352,False,NORMAL,none,Standard event within normal baseline
EVT_006353,False,NORMAL,none,Standard event within normal baseline
EVT_006354,False,NORMAL,none,Standard event within normal baseline
EVT_006355,True,TRANSACTION_ANOMALY,high,Unusually high-value cross-account mule transfer
EVT_006356,True,BURST_ACTIVITY,high,Event occurred during sudden concentrated activity surge
EVT_006357,False,NORMAL,none,Standard event within normal baseline
EVT_006358,False,NORMAL,none,Standard event within normal baseline
EVT_006359,False,NORMAL,none,Standard event within normal baseline
EVT_006360,False,NORMAL,none,Standard event within normal baseline
EVT_006361,False,NORMAL,none,Standard event within normal baseline
EVT_006362,True,TRANSACTION_ANOMALY,high,Unusually high-value cross-account mule transfer
EVT_006363,True,BURST_ACTIVITY,high,Event occurred during sudden concentrated activity surge
EVT_006364,False,NORMAL,none,Standard event within normal baseline
EVT_006365,False,NORMAL,none,Standard event within normal baseline
EVT_006366,False,NORMAL,none,Standard event within normal baseline
EVT_006367,False,NORMAL,none,Standard event within normal baseline
EVT_006368,True,BURST_ACTIVITY,high,Event occurred during sudden concentrated activity surge
EVT_006369,False,NORMAL,none,Standard event within normal baseline
EVT_006370,False,NORMAL,none,Standard event within normal baseline
EVT_006371,False,NORMAL,none,Standard event within normal baseline
EVT_006372,False,NORMAL,none,Standard event within normal baseline
EVT_006373,False,NORMAL,none,Standard event within normal baseline
EVT_006374,False,NORMAL,none,Standard event within normal baseline
EVT_006375,False,NORMAL,none,Standard event within normal baseline
EVT_006376,False,NORMAL,none,Standard event within normal baseline
EVT_006377,False,NORMAL,none,Standard event within normal baseline
EVT_006378,False,NORMAL,none,Standard event within normal baseline
EVT_006379,False,NORMAL,none,Standard event within normal baseline
EVT_006380,False,NORMAL,none,Standard event within normal baseline
EVT_006381,True,BURST_ACTIVITY,high,Event occurred during sudden concentrated activity surge
EVT_006382,False,NORMAL,none,Standard event within normal baseline
EVT_006383,False,NORMAL,none,Standard event within normal baseline
EVT_006384,False,NORMAL,none,Standard event within normal baseline
EVT_006385,False,NORMAL,none,Standard event within normal baseline
EVT_006386,False,NORMAL,none,Standard event within normal baseline
EVT_006387,False,NORMAL,none,Standard event within normal baseline
EVT_006388,False,NORMAL,none,Standard event within normal baseline
EVT_006389,False,NORMAL,none,Standard event within normal baseline
EVT_006390,False,NORMAL,none,Standard event within normal baseline
EVT_006391,True,BURST_ACTIVITY,high,Event occurred during sudden concentrated activity surge
EVT_006392,False,NORMAL,none,Standard event within normal baseline
EVT_006393,False,NORMAL,none,Standard event within normal baseline
EVT_006394,True,SHARED_INFRASTRUCTURE,high,Event originated from high-fanout shared device/IP cluster
EVT_006395,False,NORMAL,none,Standard event within normal baseline
EVT_006396,True,BURST_ACTIVITY,high,Event occurred during sudden concentrated activity surge
EVT_006397,False,NORMAL,none,Standard event within normal baseline
EVT_006398,False,NORMAL,none,Standard event within normal baseline
EVT_006399,False,NORMAL,none,Standard event within normal baseline
EVT_006400,False,NORMAL,none,Standard event within normal baseline
EVT_006401,False,NORMAL,none,Standard event within normal baseline
EVT_006402,False,NORMAL,none,Standard event within normal baseline
EVT_006403,True,BURST_ACTIVITY,high,Event occurred during sudden concentrated activity surge
EVT_006404,True,BURST_ACTIVITY,high,Event occurred during sudden concentrated activity surge
EVT_006405,False,NORMAL,none,Standard event within normal baseline
EVT_006406,False,NORMAL,none,Standard event within normal baseline
EVT_006407,False,NORMAL,none,Standard event within normal baseline
EVT_006408,False,NORMAL,none,Standard event within normal baseline
EVT_006409,False,NORMAL,none,Standard event within normal baseline
EVT_006410,False,NORMAL,none,Standard event within normal baseline
EVT_006411,False,NORMAL,none,Standard event within normal baseline
EVT_006412,False,NORMAL,none,Standard event within normal baseline
EVT_006413,False,NORMAL,none,Standard event within normal baseline
EVT_006414,False,NORMAL,none,Standard event within normal baseline
EVT_006415,False,NORMAL,none,Standard event within normal baseline
EVT_006416,True,TRANSACTION_ANOMALY,high,Unusually high-value cross-account mule transfer
EVT_006417,False,NORMAL,none,Standard event within normal baseline
EVT_006418,True,BURST_ACTIVITY,high,Event occurred during sudden concentrated activity surge
EVT_006419,False,NORMAL,none,Standard event within normal baseline
EVT_006420,False,NORMAL,none,Standard event within normal baseline
EVT_006421,False,NORMAL,none,Standard event within normal baseline
EVT_006422,True,LOCATION_ANOMALY,medium,Event recorded with rapid impossible geographical transit
EVT_006423,True,BURST_ACTIVITY,high,Event occurred during sudden concentrated activity surge
EVT_006424,False,NORMAL,none,Standard event within normal baseline
EVT_006425,False,NORMAL,none,Standard event within normal baseline
EVT_006426,False,NORMAL,none,Standard event within normal baseline
EVT_006427,False,NORMAL,none,Standard event within normal baseline
EVT_006428,False,NORMAL,none,Standard event within normal baseline
EVT_006429,False,NORMAL,none,Standard event within normal baseline
EVT_006430,True,LOCATION_ANOMALY,medium,Event recorded with rapid impossible geographical transit
EVT_006431,False,NORMAL,none,Standard event within normal baseline
EVT_006432,True,BURST_ACTIVITY,high,Event occurred during sudden concentrated activity surge
EVT_006433,True,BURST_ACTIVITY,high,Event occurred during sudden concentrated activity surge
EVT_006434,True,SHARED_INFRASTRUCTURE,high,Event originated from high-fanout shared device/IP cluster
EVT_006435,False,NORMAL,none,Standard event within normal baseline
EVT_006436,False,NORMAL,none,Standard event within normal baseline
EVT_006437,False,NORMAL,none,Standard event within normal baseline
EVT_006438,False,NORMAL,none,Standard event within normal baseline
EVT_006439,False,NORMAL,none,Standard event within normal baseline
EVT_006440,False,NORMAL,none,Standard event within normal baseline
EVT_006441,False,NORMAL,none,Standard event within normal baseline
EVT_006442,False,NORMAL,none,Standard event within normal baseline
EVT_006443,False,NORMAL,none,Standard event within normal baseline
EVT_006444,False,NORMAL,none,Standard event within normal baseline
EVT_006445,False,NORMAL,none,Standard event within normal baseline
EVT_006446,False,NORMAL,none,Standard event within normal baseline
EVT_006447,False,NORMAL,none,Standard event within normal baseline
EVT_006448,False,NORMAL,none,Standard event within normal baseline
EVT_006449,False,NORMAL,none,Standard event within normal baseline
EVT_006450,False,NORMAL,none,Standard event within normal baseline
EVT_006451,True,LOCATION_ANOMALY,medium,Event recorded with rapid impossible geographical transit
EVT_006452,False,NORMAL,none,Standard event within normal baseline
EVT_006453,True,LOCATION_ANOMALY,medium,Event recorded with rapid impossible geographical transit
EVT_006454,False,NORMAL,none,Standard event within normal baseline
EVT_006455,False,NORMAL,none,Standard event within normal baseline
EVT_006456,False,NORMAL,none,Standard event within normal baseline
EVT_006457,False,NORMAL,none,Standard event within normal baseline
EVT_006458,False,NORMAL,none,Standard event within normal baseline
EVT_006459,True,BURST_ACTIVITY,high,Event occurred during sudden concentrated activity surge
EVT_006460,True,BURST_ACTIVITY,high,Event occurred during sudden concentrated activity surge
EVT_006461,True,BURST_ACTIVITY,high,Event occurred during sudden concentrated activity surge
EVT_006462,False,NORMAL,none,Standard event within normal baseline
EVT_006463,True,LOCATION_ANOMALY,medium,Event recorded with rapid impossible geographical transit
EVT_006464,True,TRANSACTION_ANOMALY,high,Unusually high-value cross-account mule transfer
EVT_006465,True,HIGH_ACTIVITY,medium,Elevated transactional volume from network hub
EVT_006466,False,NORMAL,none,Standard event within normal baseline
EVT_006467,False,NORMAL,none,Standard event within normal baseline
EVT_006468,False,NORMAL,none,Standard event within normal baseline
EVT_006469,True,BURST_ACTIVITY,high,Event occurred during sudden concentrated activity surge
EVT_006470,False,NORMAL,none,Standard event within normal baseline
EVT_006471,False,NORMAL,none,Standard event within normal baseline
EVT_006472,False,NORMAL,none,Standard event within normal baseline
EVT_006473,False,NORMAL,none,Standard event within normal baseline
EVT_006474,False,NORMAL,none,Standard event within normal baseline
EVT_006475,False,NORMAL,none,Standard event within normal baseline
EVT_006476,False,NORMAL,none,Standard event within normal baseline
EVT_006477,False,NORMAL,none,Standard event within normal baseline
EVT_006478,False,NORMAL,none,Standard event within normal baseline
EVT_006479,False,NORMAL,none,Standard event within normal baseline
EVT_006480,True,BURST_ACTIVITY,high,Event occurred during sudden concentrated activity surge
EVT_006481,True,BURST_ACTIVITY,high,Event occurred during sudden concentrated activity surge
EVT_006482,False,NORMAL,none,Standard event within normal baseline
EVT_006483,False,NORMAL,none,Standard event within normal baseline
EVT_006484,False,NORMAL,none,Standard event within normal baseline
EVT_006485,True,BURST_ACTIVITY,high,Event occurred during sudden concentrated activity surge
EVT_006486,False,NORMAL,none,Standard event within normal baseline
EVT_006487,False,NORMAL,none,Standard event within normal baseline
EVT_006488,False,NORMAL,none,Standard event within normal baseline
EVT_006489,True,TRANSACTION_ANOMALY,high,Unusually high-value cross-account mule transfer
EVT_006490,False,NORMAL,none,Standard event within normal baseline
EVT_006491,False,NORMAL,none,Standard event within normal baseline
EVT_006492,False,NORMAL,none,Standard event within normal baseline
EVT_006493,False,NORMAL,none,Standard event within normal baseline
EVT_006494,False,NORMAL,none,Standard event within normal baseline
EVT_006495,False,NORMAL,none,Standard event within normal baseline
EVT_006496,False,NORMAL,none,Standard event within normal baseline
EVT_006497,False,NORMAL,none,Standard event within normal baseline
EVT_006498,False,NORMAL,none,Standard event within normal baseline
EVT_006499,False,NORMAL,none,Standard event within normal baseline
EVT_006500,False,NORMAL,none,Standard event within normal baseline
EVT_006501,False,NORMAL,none,Standard event within normal baseline
EVT_006502,False,NORMAL,none,Standard event within normal baseline
EVT_006503,False,NORMAL,none,Standard event within normal baseline
EVT_006504,False,NORMAL,none,Standard event within normal baseline
EVT_006505,False,NORMAL,none,Standard event within normal baseline
EVT_006506,False,NORMAL,none,Standard event within normal baseline
EVT_006507,False,NORMAL,none,Standard event within normal baseline
EVT_006508,False,NORMAL,none,Standard event within normal baseline
EVT_006509,False,NORMAL,none,Standard event within normal baseline
EVT_006510,False,NORMAL,none,Standard event within normal baseline
EVT_006511,False,NORMAL,none,Standard event within normal baseline
EVT_006512,False,NORMAL,none,Standard event within normal baseline
EVT_006513,False,NORMAL,none,Standard event within normal baseline
EVT_006514,False,NORMAL,none,Standard event within normal baseline
EVT_006515,False,NORMAL,none,Standard event within normal baseline
EVT_006516,True,BURST_ACTIVITY,high,Event occurred during sudden concentrated activity surge
EVT_006517,False,NORMAL,none,Standard event within normal baseline
EVT_006518,False,NORMAL,none,Standard event within normal baseline
EVT_006519,False,NORMAL,none,Standard event within normal baseline
EVT_006520,False,NORMAL,none,Standard event within normal baseline
EVT_006521,True,BURST_ACTIVITY,high,Event occurred during sudden concentrated activity surge
EVT_006522,False,NORMAL,none,Standard event within normal baseline
EVT_006523,False,NORMAL,none,Standard event within normal baseline
EVT_006524,True,BURST_ACTIVITY,high,Event occurred during sudden concentrated activity surge
EVT_006525,False,NORMAL,none,Standard event within normal baseline
EVT_006526,False,NORMAL,none,Standard event within normal baseline
EVT_006527,False,NORMAL,none,Standard event within normal baseline
EVT_006528,False,NORMAL,none,Standard event within normal baseline
EVT_006529,False,NORMAL,none,Standard event within normal baseline
EVT_006530,False,NORMAL,none,Standard event within normal baseline
EVT_006531,False,NORMAL,none,Standard event within normal baseline
EVT_006532,False,NORMAL,none,Standard event within normal baseline
EVT_006533,False,NORMAL,none,Standard event within normal baseline
EVT_006534,False,NORMAL,none,Standard event within normal baseline
EVT_006535,False,NORMAL,none,Standard event within normal baseline
EVT_006536,False,NORMAL,none,Standard event within normal baseline
EVT_006537,False,NORMAL,none,Standard event within normal baseline
EVT_006538,False,NORMAL,none,Standard event within normal baseline
EVT_006539,False,NORMAL,none,Standard event within normal baseline
EVT_006540,False,NORMAL,none,Standard event within normal baseline
EVT_006541,True,BURST_ACTIVITY,high,Event occurred during sudden concentrated activity surge
EVT_006542,False,NORMAL,none,Standard event within normal baseline
EVT_006543,True,BURST_ACTIVITY,high,Event occurred during sudden concentrated activity surge
EVT_006544,False,NORMAL,none,Standard event within normal baseline
EVT_006545,False,NORMAL,none,Standard event within normal baseline
EVT_006546,True,BURST_ACTIVITY,high,Event occurred during sudden concentrated activity surge
EVT_006547,True,TRANSACTION_ANOMALY,high,Unusually high-value cross-account mule transfer
EVT_006548,False,NORMAL,none,Standard event within normal baseline
EVT_006549,True,BURST_ACTIVITY,high,Event occurred during sudden concentrated activity surge
EVT_006550,False,NORMAL,none,Standard event within normal baseline
EVT_006551,False,NORMAL,none,Standard event within normal baseline
EVT_006552,True,BURST_ACTIVITY,high,Event occurred during sudden concentrated activity surge
EVT_006553,False,NORMAL,none,Standard event within normal baseline
EVT_006554,False,NORMAL,none,Standard event within normal baseline
EVT_006555,False,NORMAL,none,Standard event within normal baseline
EVT_006556,True,LOCATION_ANOMALY,medium,Event recorded with rapid impossible geographical transit
EVT_006557,False,NORMAL,none,Standard event within normal baseline
EVT_006558,False,NORMAL,none,Standard event within normal baseline
EVT_006559,True,BURST_ACTIVITY,high,Event occurred during sudden concentrated activity surge
EVT_006560,False,NORMAL,none,Standard event within normal baseline
EVT_006561,False,NORMAL,none,Standard event within normal baseline
EVT_006562,False,NORMAL,none,Standard event within normal baseline
EVT_006563,True,BURST_ACTIVITY,high,Event occurred during sudden concentrated activity surge
EVT_006564,False,NORMAL,none,Standard event within normal baseline
EVT_006565,True,BURST_ACTIVITY,high,Event occurred during sudden concentrated activity surge
EVT_006566,False,NORMAL,none,Standard event within normal baseline
EVT_006567,True,SHARED_INFRASTRUCTURE,high,Event originated from high-fanout shared device/IP cluster
EVT_006568,True,BURST_ACTIVITY,high,Event occurred during sudden concentrated activity surge
EVT_006569,True,BURST_ACTIVITY,high,Event occurred during sudden concentrated activity surge
EVT_006570,True,BURST_ACTIVITY,high,Event occurred during sudden concentrated activity surge
EVT_006571,False,NORMAL,none,Standard event within normal baseline
EVT_006572,True,HIGH_ACTIVITY,medium,Elevated transactional volume from network hub
EVT_006573,False,NORMAL,none,Standard event within normal baseline
EVT_006574,True,COMMUNICATION_ANOMALY,medium,High-frequency short duration ping call
EVT_006575,False,NORMAL,none,Standard event within normal baseline
EVT_006576,False,NORMAL,none,Standard event within normal baseline
EVT_006577,False,NORMAL,none,Standard event within normal baseline
EVT_006578,False,NORMAL,none,Standard event within normal baseline
EVT_006579,False,NORMAL,none,Standard event within normal baseline
EVT_006580,True,SHARED_INFRASTRUCTURE,high,Event originated from high-fanout shared device/IP cluster
EVT_006581,False,NORMAL,none,Standard event within normal baseline
EVT_006582,False,NORMAL,none,Standard event within normal baseline
EVT_006583,False,NORMAL,none,Standard event within normal baseline
EVT_006584,False,NORMAL,none,Standard event within normal baseline
EVT_006585,False,NORMAL,none,Standard event within normal baseline
EVT_006586,False,NORMAL,none,Standard event within normal baseline
EVT_006587,False,NORMAL,none,Standard event within normal baseline
EVT_006588,False,NORMAL,none,Standard event within normal baseline
EVT_006589,True,BURST_ACTIVITY,high,Event occurred during sudden concentrated activity surge
EVT_006590,False,NORMAL,none,Standard event within normal baseline
EVT_006591,False,NORMAL,none,Standard event within normal baseline
EVT_006592,False,NORMAL,none,Standard event within normal baseline
EVT_006593,True,LOCATION_ANOMALY,medium,Event recorded with rapid impossible geographical transit
EVT_006594,False,NORMAL,none,Standard event within normal baseline
EVT_006595,False,NORMAL,none,Standard event within normal baseline
EVT_006596,False,NORMAL,none,Standard event within normal baseline
EVT_006597,False,NORMAL,none,Standard event within normal baseline
EVT_006598,False,NORMAL,none,Standard event within normal baseline
EVT_006599,False,NORMAL,none,Standard event within normal baseline
EVT_006600,False,NORMAL,none,Standard event within normal baseline
EVT_006601,False,NORMAL,none,Standard event within normal baseline
EVT_006602,False,NORMAL,none,Standard event within normal baseline
EVT_006603,False,NORMAL,none,Standard event within normal baseline
EVT_006604,False,NORMAL,none,Standard event within normal baseline
EVT_006605,False,NORMAL,none,Standard event within normal baseline
EVT_006606,False,NORMAL,none,Standard event within normal baseline
EVT_006607,True,SHARED_INFRASTRUCTURE,high,Event originated from high-fanout shared device/IP cluster
EVT_006608,False,NORMAL,none,Standard event within normal baseline
EVT_006609,False,NORMAL,none,Standard event within normal baseline
EVT_006610,False,NORMAL,none,Standard event within normal baseline
EVT_006611,False,NORMAL,none,Standard event within normal baseline
EVT_006612,False,NORMAL,none,Standard event within normal baseline
EVT_006613,False,NORMAL,none,Standard event within normal baseline
EVT_006614,True,BURST_ACTIVITY,high,Event occurred during sudden concentrated activity surge
EVT_006615,False,NORMAL,none,Standard event within normal baseline
EVT_006616,True,BURST_ACTIVITY,high,Event occurred during sudden concentrated activity surge
EVT_006617,True,HIGH_ACTIVITY,medium,Elevated transactional volume from network hub
EVT_006618,False,NORMAL,none,Standard event within normal baseline
EVT_006619,False,NORMAL,none,Standard event within normal baseline
EVT_006620,False,NORMAL,none,Standard event within normal baseline
EVT_006621,False,NORMAL,none,Standard event within normal baseline
EVT_006622,False,NORMAL,none,Standard event within normal baseline
EVT_006623,False,NORMAL,none,Standard event within normal baseline
EVT_006624,False,NORMAL,none,Standard event within normal baseline
EVT_006625,False,NORMAL,none,Standard event within normal baseline
EVT_006626,False,NORMAL,none,Standard event within normal baseline
EVT_006627,False,NORMAL,none,Standard event within normal baseline
EVT_006628,False,NORMAL,none,Standard event within normal baseline
EVT_006629,False,NORMAL,none,Standard event within normal baseline
EVT_006630,False,NORMAL,none,Standard event within normal baseline
EVT_006631,False,NORMAL,none,Standard event within normal baseline
EVT_006632,False,NORMAL,none,Standard event within normal baseline
EVT_006633,False,NORMAL,none,Standard event within normal baseline
EVT_006634,True,COMMUNICATION_ANOMALY,medium,High-frequency short duration ping call
EVT_006635,True,HIGH_ACTIVITY,medium,Elevated transactional volume from network hub
EVT_006636,False,NORMAL,none,Standard event within normal baseline
EVT_006637,False,NORMAL,none,Standard event within normal baseline
EVT_006638,False,NORMAL,none,Standard event within normal baseline
EVT_006639,True,HIGH_ACTIVITY,medium,Elevated transactional volume from network hub
EVT_006640,False,NORMAL,none,Standard event within normal baseline
EVT_006641,False,NORMAL,none,Standard event within normal baseline
EVT_006642,False,NORMAL,none,Standard event within normal baseline
EVT_006643,False,NORMAL,none,Standard event within normal baseline
EVT_006644,False,NORMAL,none,Standard event within normal baseline
EVT_006645,False,NORMAL,none,Standard event within normal baseline
EVT_006646,True,BURST_ACTIVITY,high,Event occurred during sudden concentrated activity surge
EVT_006647,False,NORMAL,none,Standard event within normal baseline
EVT_006648,True,BURST_ACTIVITY,high,Event occurred during sudden concentrated activity surge
EVT_006649,False,NORMAL,none,Standard event within normal baseline
EVT_006650,False,NORMAL,none,Standard event within normal baseline
EVT_006651,True,LOCATION_ANOMALY,medium,Event recorded with rapid impossible geographical transit
EVT_006652,False,NORMAL,none,Standard event within normal baseline
EVT_006653,True,BURST_ACTIVITY,high,Event occurred during sudden concentrated activity surge
EVT_006654,False,NORMAL,none,Standard event within normal baseline
EVT_006655,False,NORMAL,none,Standard event within normal baseline
EVT_006656,False,NORMAL,none,Standard event within normal baseline
EVT_006657,False,NORMAL,none,Standard event within normal baseline
EVT_006658,False,NORMAL,none,Standard event within normal baseline
EVT_006659,False,NORMAL,none,Standard event within normal baseline
EVT_006660,True,BURST_ACTIVITY,high,Event occurred during sudden concentrated activity surge
EVT_006661,False,NORMAL,none,Standard event within normal baseline
EVT_006662,False,NORMAL,none,Standard event within normal baseline
EVT_006663,False,NORMAL,none,Standard event within normal baseline
EVT_006664,False,NORMAL,none,Standard event within normal baseline
EVT_006665,False,NORMAL,none,Standard event within normal baseline
EVT_006666,False,NORMAL,none,Standard event within normal baseline
EVT_006667,True,BURST_ACTIVITY,high,Event occurred during sudden concentrated activity surge
EVT_006668,False,NORMAL,none,Standard event within normal baseline
EVT_006669,False,NORMAL,none,Standard event within normal baseline
EVT_006670,False,NORMAL,none,Standard event within normal baseline
EVT_006671,False,NORMAL,none,Standard event within normal baseline
EVT_006672,False,NORMAL,none,Standard event within normal baseline
EVT_006673,False,NORMAL,none,Standard event within normal baseline
EVT_006674,False,NORMAL,none,Standard event within normal baseline
EVT_006675,False,NORMAL,none,Standard event within normal baseline
EVT_006676,False,NORMAL,none,Standard event within normal baseline
EVT_006677,True,BURST_ACTIVITY,high,Event occurred during sudden concentrated activity surge
EVT_006678,False,NORMAL,none,Standard event within normal baseline
EVT_006679,True,COMMUNICATION_ANOMALY,medium,High-frequency short duration ping call
EVT_006680,False,NORMAL,none,Standard event within normal baseline
EVT_006681,True,HIGH_ACTIVITY,medium,Elevated transactional volume from network hub
EVT_006682,True,LOCATION_ANOMALY,medium,Event recorded with rapid impossible geographical transit
EVT_006683,True,COMMUNICATION_ANOMALY,medium,High-frequency short duration ping call
EVT_006684,False,NORMAL,none,Standard event within normal baseline
EVT_006685,False,NORMAL,none,Standard event within normal baseline
EVT_006686,False,NORMAL,none,Standard event within normal baseline
EVT_006687,False,NORMAL,none,Standard event within normal baseline
EVT_006688,False,NORMAL,none,Standard event within normal baseline
EVT_006689,False,NORMAL,none,Standard event within normal baseline
EVT_006690,True,BURST_ACTIVITY,high,Event occurred during sudden concentrated activity surge
EVT_006691,False,NORMAL,none,Standard event within normal baseline
EVT_006692,False,NORMAL,none,Standard event within normal baseline
EVT_006693,True,BURST_ACTIVITY,high,Event occurred during sudden concentrated activity surge
EVT_006694,False,NORMAL,none,Standard event within normal baseline
EVT_006695,False,NORMAL,none,Standard event within normal baseline
EVT_006696,False,NORMAL,none,Standard event within normal baseline
EVT_006697,False,NORMAL,none,Standard event within normal baseline
EVT_006698,False,NORMAL,none,Standard event within normal baseline
EVT_006699,False,NORMAL,none,Standard event within normal baseline
EVT_006700,True,HIGH_ACTIVITY,medium,Elevated transactional volume from network hub
EVT_006701,False,NORMAL,none,Standard event within normal baseline
EVT_006702,False,NORMAL,none,Standard event within normal baseline
EVT_006703,False,NORMAL,none,Standard event within normal baseline
EVT_006704,False,NORMAL,none,Standard event within normal baseline
EVT_006705,False,NORMAL,none,Standard event within normal baseline
EVT_006706,False,NORMAL,none,Standard event within normal baseline
EVT_006707,False,NORMAL,none,Standard event within normal baseline
EVT_006708,False,NORMAL,none,Standard event within normal baseline
EVT_006709,False,NORMAL,none,Standard event within normal baseline
EVT_006710,False,NORMAL,none,Standard event within normal baseline
EVT_006711,False,NORMAL,none,Standard event within normal baseline
EVT_006712,False,NORMAL,none,Standard event within normal baseline
EVT_006713,False,NORMAL,none,Standard event within normal baseline
EVT_006714,False,NORMAL,none,Standard event within normal baseline
EVT_006715,False,NORMAL,none,Standard event within normal baseline
EVT_006716,False,NORMAL,none,Standard event within normal baseline
EVT_006717,False,NORMAL,none,Standard event within normal baseline
EVT_006718,False,NORMAL,none,Standard event within normal baseline
EVT_006719,True,BURST_ACTIVITY,high,Event occurred during sudden concentrated activity surge
EVT_006720,True,BURST_ACTIVITY,high,Event occurred during sudden concentrated activity surge
EVT_006721,False,NORMAL,none,Standard event within normal baseline
EVT_006722,True,BURST_ACTIVITY,high,Event occurred during sudden concentrated activity surge
EVT_006723,False,NORMAL,none,Standard event within normal baseline
EVT_006724,False,NORMAL,none,Standard event within normal baseline
EVT_006725,False,NORMAL,none,Standard event within normal baseline
EVT_006726,False,NORMAL,none,Standard event within normal baseline
EVT_006727,False,NORMAL,none,Standard event within normal baseline
EVT_006728,False,NORMAL,none,Standard event within normal baseline
EVT_006729,False,NORMAL,none,Standard event within normal baseline
EVT_006730,False,NORMAL,none,Standard event within normal baseline
EVT_006731,False,NORMAL,none,Standard event within normal baseline
EVT_006732,False,NORMAL,none,Standard event within normal baseline
EVT_006733,False,NORMAL,none,Standard event within normal baseline
EVT_006734,False,NORMAL,none,Standard event within normal baseline
EVT_006735,True,BURST_ACTIVITY,high,Event occurred during sudden concentrated activity surge
EVT_006736,False,NORMAL,none,Standard event within normal baseline
EVT_006737,False,NORMAL,none,Standard event within normal baseline
EVT_006738,False,NORMAL,none,Standard event within normal baseline
EVT_006739,False,NORMAL,none,Standard event within normal baseline
EVT_006740,True,BURST_ACTIVITY,high,Event occurred during sudden concentrated activity surge
EVT_006741,True,BURST_ACTIVITY,high,Event occurred during sudden concentrated activity surge
EVT_006742,False,NORMAL,none,Standard event within normal baseline
EVT_006743,False,NORMAL,none,Standard event within normal baseline
EVT_006744,True,BURST_ACTIVITY,high,Event occurred during sudden concentrated activity surge
EVT_006745,False,NORMAL,none,Standard event within normal baseline
EVT_006746,False,NORMAL,none,Standard event within normal baseline
EVT_006747,False,NORMAL,none,Standard event within normal baseline
EVT_006748,True,BURST_ACTIVITY,high,Event occurred during sudden concentrated activity surge
EVT_006749,False,NORMAL,none,Standard event within normal baseline
EVT_006750,True,TRANSACTION_ANOMALY,high,Unusually high-value cross-account mule transfer
EVT_006751,False,NORMAL,none,Standard event within normal baseline
EVT_006752,False,NORMAL,none,Standard event within normal baseline
EVT_006753,False,NORMAL,none,Standard event within normal baseline
EVT_006754,False,NORMAL,none,Standard event within normal baseline
EVT_006755,False,NORMAL,none,Standard event within normal baseline
EVT_006756,False,NORMAL,none,Standard event within normal baseline
EVT_006757,False,NORMAL,none,Standard event within normal baseline
EVT_006758,False,NORMAL,none,Standard event within normal baseline
EVT_006759,False,NORMAL,none,Standard event within normal baseline
EVT_006760,False,NORMAL,none,Standard event within normal baseline
EVT_006761,True,BURST_ACTIVITY,high,Event occurred during sudden concentrated activity surge
EVT_006762,False,NORMAL,none,Standard event within normal baseline
EVT_006763,True,BURST_ACTIVITY,high,Event occurred during sudden concentrated activity surge
EVT_006764,False,NORMAL,none,Standard event within normal baseline
EVT_006765,True,BURST_ACTIVITY,high,Event occurred during sudden concentrated activity surge
EVT_006766,False,NORMAL,none,Standard event within normal baseline
EVT_006767,False,NORMAL,none,Standard event within normal baseline
EVT_006768,False,NORMAL,none,Standard event within normal baseline
EVT_006769,False,NORMAL,none,Standard event within normal baseline
EVT_006770,False,NORMAL,none,Standard event within normal baseline
EVT_006771,False,NORMAL,none,Standard event within normal baseline
EVT_006772,False,NORMAL,none,Standard event within normal baseline
EVT_006773,False,NORMAL,none,Standard event within normal baseline
EVT_006774,False,NORMAL,none,Standard event within normal baseline
EVT_006775,False,NORMAL,none,Standard event within normal baseline
EVT_006776,False,NORMAL,none,Standard event within normal baseline
EVT_006777,True,BURST_ACTIVITY,high,Event occurred during sudden concentrated activity surge
EVT_006778,False,NORMAL,none,Standard event within normal baseline
EVT_006779,False,NORMAL,none,Standard event within normal baseline
EVT_006780,False,NORMAL,none,Standard event within normal baseline
EVT_006781,False,NORMAL,none,Standard event within normal baseline
EVT_006782,True,BURST_ACTIVITY,high,Event occurred during sudden concentrated activity surge
EVT_006783,True,BURST_ACTIVITY,high,Event occurred during sudden concentrated activity surge
EVT_006784,False,NORMAL,none,Standard event within normal baseline
EVT_006785,False,NORMAL,none,Standard event within normal baseline
EVT_006786,False,NORMAL,none,Standard event within normal baseline
EVT_006787,True,SHARED_INFRASTRUCTURE,high,Event originated from high-fanout shared device/IP cluster
EVT_006788,True,BURST_ACTIVITY,high,Event occurred during sudden concentrated activity surge
EVT_006789,True,COMMUNICATION_ANOMALY,medium,High-frequency short duration ping call
EVT_006790,True,COMMUNICATION_ANOMALY,medium,High-frequency short duration ping call
EVT_006791,False,NORMAL,none,Standard event within normal baseline
EVT_006792,False,NORMAL,none,Standard event within normal baseline
EVT_006793,True,SHARED_INFRASTRUCTURE,high,Event originated from high-fanout shared device/IP cluster
EVT_006794,False,NORMAL,none,Standard event within normal baseline
EVT_006795,False,NORMAL,none,Standard event within normal baseline
EVT_006796,True,BURST_ACTIVITY,high,Event occurred during sudden concentrated activity surge
EVT_006797,True,BURST_ACTIVITY,high,Event occurred during sudden concentrated activity surge
EVT_006798,False,NORMAL,none,Standard event within normal baseline
EVT_006799,False,NORMAL,none,Standard event within normal baseline
EVT_006800,False,NORMAL,none,Standard event within normal baseline
EVT_006801,False,NORMAL,none,Standard event within normal baseline
EVT_006802,False,NORMAL,none,Standard event within normal baseline
EVT_006803,False,NORMAL,none,Standard event within normal baseline
EVT_006804,False,NORMAL,none,Standard event within normal baseline
EVT_006805,False,NORMAL,none,Standard event within normal baseline
EVT_006806,False,NORMAL,none,Standard event within normal baseline
EVT_006807,False,NORMAL,none,Standard event within normal baseline
EVT_006808,False,NORMAL,none,Standard event within normal baseline
EVT_006809,False,NORMAL,none,Standard event within normal baseline
EVT_006810,False,NORMAL,none,Standard event within normal baseline
EVT_006811,False,NORMAL,none,Standard event within normal baseline
EVT_006812,False,NORMAL,none,Standard event within normal baseline
EVT_006813,False,NORMAL,none,Standard event within normal baseline
EVT_006814,False,NORMAL,none,Standard event within normal baseline
EVT_006815,True,BURST_ACTIVITY,high,Event occurred during sudden concentrated activity surge
EVT_006816,False,NORMAL,none,Standard event within normal baseline
EVT_006817,False,NORMAL,none,Standard event within normal baseline
EVT_006818,False,NORMAL,none,Standard event within normal baseline
EVT_006819,False,NORMAL,none,Standard event within normal baseline
EVT_006820,False,NORMAL,none,Standard event within normal baseline
EVT_006821,False,NORMAL,none,Standard event within normal baseline
EVT_006822,False,NORMAL,none,Standard event within normal baseline
EVT_006823,False,NORMAL,none,Standard event within normal baseline
EVT_006824,False,NORMAL,none,Standard event within normal baseline
EVT_006825,False,NORMAL,none,Standard event within normal baseline
EVT_006826,True,TRANSACTION_ANOMALY,high,Unusually high-value cross-account mule transfer
EVT_006827,False,NORMAL,none,Standard event within normal baseline
EVT_006828,False,NORMAL,none,Standard event within normal baseline
EVT_006829,False,NORMAL,none,Standard event within normal baseline
EVT_006830,False,NORMAL,none,Standard event within normal baseline
EVT_006831,True,BURST_ACTIVITY,high,Event occurred during sudden concentrated activity surge
EVT_006832,False,NORMAL,none,Standard event within normal baseline
EVT_006833,True,LOCATION_ANOMALY,medium,Event recorded with rapid impossible geographical transit
EVT_006834,False,NORMAL,none,Standard event within normal baseline
EVT_006835,False,NORMAL,none,Standard event within normal baseline
EVT_006836,True,SHARED_INFRASTRUCTURE,high,Event originated from high-fanout shared device/IP cluster
EVT_006837,False,NORMAL,none,Standard event within normal baseline
EVT_006838,False,NORMAL,none,Standard event within normal baseline
EVT_006839,False,NORMAL,none,Standard event within normal baseline
EVT_006840,False,NORMAL,none,Standard event within normal baseline
EVT_006841,False,NORMAL,none,Standard event within normal baseline
EVT_006842,True,LOCATION_ANOMALY,medium,Event recorded with rapid impossible geographical transit
EVT_006843,False,NORMAL,none,Standard event within normal baseline
EVT_006844,False,NORMAL,none,Standard event within normal baseline
EVT_006845,False,NORMAL,none,Standard event within normal baseline
EVT_006846,True,BURST_ACTIVITY,high,Event occurred during sudden concentrated activity surge
EVT_006847,True,SHARED_INFRASTRUCTURE,high,Event originated from high-fanout shared device/IP cluster
EVT_006848,False,NORMAL,none,Standard event within normal baseline
EVT_006849,False,NORMAL,none,Standard event within normal baseline
EVT_006850,False,NORMAL,none,Standard event within normal baseline
EVT_006851,False,NORMAL,none,Standard event within normal baseline
EVT_006852,False,NORMAL,none,Standard event within normal baseline
EVT_006853,False,NORMAL,none,Standard event within normal baseline
EVT_006854,False,NORMAL,none,Standard event within normal baseline
EVT_006855,True,HIGH_ACTIVITY,medium,Elevated transactional volume from network hub
EVT_006856,False,NORMAL,none,Standard event within normal baseline
EVT_006857,False,NORMAL,none,Standard event within normal baseline
EVT_006858,True,BURST_ACTIVITY,high,Event occurred during sudden concentrated activity surge
EVT_006859,False,NORMAL,none,Standard event within normal baseline
EVT_006860,False,NORMAL,none,Standard event within normal baseline
EVT_006861,False,NORMAL,none,Standard event within normal baseline
EVT_006862,False,NORMAL,none,Standard event within normal baseline
EVT_006863,True,SHARED_INFRASTRUCTURE,high,Event originated from high-fanout shared device/IP cluster
EVT_006864,False,NORMAL,none,Standard event within normal baseline
EVT_006865,False,NORMAL,none,Standard event within normal baseline
EVT_006866,False,NORMAL,none,Standard event within normal baseline
EVT_006867,False,NORMAL,none,Standard event within normal baseline
EVT_006868,False,NORMAL,none,Standard event within normal baseline
EVT_006869,True,TRANSACTION_ANOMALY,high,Unusually high-value cross-account mule transfer
EVT_006870,True,BURST_ACTIVITY,high,Event occurred during sudden concentrated activity surge
EVT_006871,False,NORMAL,none,Standard event within normal baseline
EVT_006872,False,NORMAL,none,Standard event within normal baseline
EVT_006873,False,NORMAL,none,Standard event within normal baseline
EVT_006874,True,BURST_ACTIVITY,high,Event occurred during sudden concentrated activity surge
EVT_006875,False,NORMAL,none,Standard event within normal baseline
EVT_006876,True,BURST_ACTIVITY,high,Event occurred during sudden concentrated activity surge
EVT_006877,False,NORMAL,none,Standard event within normal baseline
EVT_006878,False,NORMAL,none,Standard event within normal baseline
EVT_006879,False,NORMAL,none,Standard event within normal baseline
EVT_006880,True,COMMUNICATION_ANOMALY,medium,High-frequency short duration ping call
EVT_006881,False,NORMAL,none,Standard event within normal baseline
EVT_006882,False,NORMAL,none,Standard event within normal baseline
EVT_006883,False,NORMAL,none,Standard event within normal baseline
EVT_006884,False,NORMAL,none,Standard event within normal baseline
EVT_006885,False,NORMAL,none,Standard event within normal baseline
EVT_006886,False,NORMAL,none,Standard event within normal baseline
EVT_006887,False,NORMAL,none,Standard event within normal baseline
EVT_006888,False,NORMAL,none,Standard event within normal baseline
EVT_006889,False,NORMAL,none,Standard event within normal baseline
EVT_006890,False,NORMAL,none,Standard event within normal baseline
EVT_006891,False,NORMAL,none,Standard event within normal baseline
EVT_006892,True,BURST_ACTIVITY,high,Event occurred during sudden concentrated activity surge
EVT_006893,False,NORMAL,none,Standard event within normal baseline
EVT_006894,False,NORMAL,none,Standard event within normal baseline
EVT_006895,False,NORMAL,none,Standard event within normal baseline
EVT_006896,False,NORMAL,none,Standard event within normal baseline
EVT_006897,False,NORMAL,none,Standard event within normal baseline
EVT_006898,False,NORMAL,none,Standard event within normal baseline
EVT_006899,False,NORMAL,none,Standard event within normal baseline
EVT_006900,True,BURST_ACTIVITY,high,Event occurred during sudden concentrated activity surge
EVT_006901,False,NORMAL,none,Standard event within normal baseline
EVT_006902,False,NORMAL,none,Standard event within normal baseline
EVT_006903,False,NORMAL,none,Standard event within normal baseline
EVT_006904,False,NORMAL,none,Standard event within normal baseline
EVT_006905,False,NORMAL,none,Standard event within normal baseline
EVT_006906,False,NORMAL,none,Standard event within normal baseline
EVT_006907,False,NORMAL,none,Standard event within normal baseline
EVT_006908,True,SHARED_INFRASTRUCTURE,high,Event originated from high-fanout shared device/IP cluster
EVT_006909,False,NORMAL,none,Standard event within normal baseline
EVT_006910,False,NORMAL,none,Standard event within normal baseline
EVT_006911,False,NORMAL,none,Standard event within normal baseline
EVT_006912,False,NORMAL,none,Standard event within normal baseline
EVT_006913,False,NORMAL,none,Standard event within normal baseline
EVT_006914,False,NORMAL,none,Standard event within normal baseline
EVT_006915,False,NORMAL,none,Standard event within normal baseline
EVT_006916,False,NORMAL,none,Standard event within normal baseline
EVT_006917,False,NORMAL,none,Standard event within normal baseline
EVT_006918,False,NORMAL,none,Standard event within normal baseline
EVT_006919,True,BURST_ACTIVITY,high,Event occurred during sudden concentrated activity surge
EVT_006920,False,NORMAL,none,Standard event within normal baseline
EVT_006921,False,NORMAL,none,Standard event within normal baseline
EVT_006922,False,NORMAL,none,Standard event within normal baseline
EVT_006923,True,HIGH_ACTIVITY,medium,Elevated transactional volume from network hub
EVT_006924,False,NORMAL,none,Standard event within normal baseline
EVT_006925,False,NORMAL,none,Standard event within normal baseline
EVT_006926,False,NORMAL,none,Standard event within normal baseline
EVT_006927,False,NORMAL,none,Standard event within normal baseline
EVT_006928,False,NORMAL,none,Standard event within normal baseline
EVT_006929,False,NORMAL,none,Standard event within normal baseline
EVT_006930,False,NORMAL,none,Standard event within normal baseline
EVT_006931,False,NORMAL,none,Standard event within normal baseline
EVT_006932,False,NORMAL,none,Standard event within normal baseline
EVT_006933,False,NORMAL,none,Standard event within normal baseline
EVT_006934,False,NORMAL,none,Standard event within normal baseline
EVT_006935,False,NORMAL,none,Standard event within normal baseline
EVT_006936,False,NORMAL,none,Standard event within normal baseline
EVT_006937,False,NORMAL,none,Standard event within normal baseline
EVT_006938,False,NORMAL,none,Standard event within normal baseline
EVT_006939,False,NORMAL,none,Standard event within normal baseline
EVT_006940,True,BURST_ACTIVITY,high,Event occurred during sudden concentrated activity surge
EVT_006941,False,NORMAL,none,Standard event within normal baseline
EVT_006942,False,NORMAL,none,Standard event within normal baseline
EVT_006943,True,BURST_ACTIVITY,high,Event occurred during sudden concentrated activity surge
EVT_006944,False,NORMAL,none,Standard event within normal baseline
EVT_006945,True,TRANSACTION_ANOMALY,high,Unusually high-value cross-account mule transfer
EVT_006946,False,NORMAL,none,Standard event within normal baseline
EVT_006947,False,NORMAL,none,Standard event within normal baseline
EVT_006948,True,HIGH_ACTIVITY,medium,Elevated transactional volume from network hub
EVT_006949,False,NORMAL,none,Standard event within normal baseline
EVT_006950,False,NORMAL,none,Standard event within normal baseline
EVT_006951,False,NORMAL,none,Standard event within normal baseline
EVT_006952,True,BURST_ACTIVITY,high,Event occurred during sudden concentrated activity surge
EVT_006953,False,NORMAL,none,Standard event within normal baseline
EVT_006954,False,NORMAL,none,Standard event within normal baseline
EVT_006955,False,NORMAL,none,Standard event within normal baseline
EVT_006956,False,NORMAL,none,Standard event within normal baseline
EVT_006957,True,BURST_ACTIVITY,high,Event occurred during sudden concentrated activity surge
EVT_006958,False,NORMAL,none,Standard event within normal baseline
EVT_006959,True,BURST_ACTIVITY,high,Event occurred during sudden concentrated activity surge
EVT_006960,False,NORMAL,none,Standard event within normal baseline
EVT_006961,True,BURST_ACTIVITY,high,Event occurred during sudden concentrated activity surge
EVT_006962,False,NORMAL,none,Standard event within normal baseline
EVT_006963,True,BURST_ACTIVITY,high,Event occurred during sudden concentrated activity surge
EVT_006964,False,NORMAL,none,Standard event within normal baseline
EVT_006965,False,NORMAL,none,Standard event within normal baseline
EVT_006966,False,NORMAL,none,Standard event within normal baseline
EVT_006967,True,BURST_ACTIVITY,high,Event occurred during sudden concentrated activity surge
EVT_006968,False,NORMAL,none,Standard event within normal baseline
EVT_006969,False,NORMAL,none,Standard event within normal baseline
EVT_006970,False,NORMAL,none,Standard event within normal baseline
EVT_006971,True,TRANSACTION_ANOMALY,high,Unusually high-value cross-account mule transfer
EVT_006972,False,NORMAL,none,Standard event within normal baseline
EVT_006973,False,NORMAL,none,Standard event within normal baseline
EVT_006974,False,NORMAL,none,Standard event within normal baseline
EVT_006975,False,NORMAL,none,Standard event within normal baseline
EVT_006976,True,TRANSACTION_ANOMALY,high,Unusually high-value cross-account mule transfer
EVT_006977,False,NORMAL,none,Standard event within normal baseline
EVT_006978,False,NORMAL,none,Standard event within normal baseline
EVT_006979,False,NORMAL,none,Standard event within normal baseline
EVT_006980,False,NORMAL,none,Standard event within normal baseline
EVT_006981,True,COMMUNICATION_ANOMALY,medium,High-frequency short duration ping call
EVT_006982,False,NORMAL,none,Standard event within normal baseline
EVT_006983,False,NORMAL,none,Standard event within normal baseline
EVT_006984,False,NORMAL,none,Standard event within normal baseline
EVT_006985,True,BURST_ACTIVITY,high,Event occurred during sudden concentrated activity surge
EVT_006986,False,NORMAL,none,Standard event within normal baseline
EVT_006987,False,NORMAL,none,Standard event within normal baseline
EVT_006988,False,NORMAL,none,Standard event within normal baseline
EVT_006989,True,COMMUNICATION_ANOMALY,medium,High-frequency short duration ping call
EVT_006990,False,NORMAL,none,Standard event within normal baseline
EVT_006991,False,NORMAL,none,Standard event within normal baseline
EVT_006992,False,NORMAL,none,Standard event within normal baseline
EVT_006993,False,NORMAL,none,Standard event within normal baseline
EVT_006994,False,NORMAL,none,Standard event within normal baseline
EVT_006995,True,BURST_ACTIVITY,high,Event occurred during sudden concentrated activity surge
EVT_006996,False,NORMAL,none,Standard event within normal baseline
EVT_006997,True,TRANSACTION_ANOMALY,high,Unusually high-value cross-account mule transfer
EVT_006998,False,NORMAL,none,Standard event within normal baseline
EVT_006999,False,NORMAL,none,Standard event within normal baseline
EVT_007000,False,NORMAL,none,Standard event within normal baseline
EVT_007001,False,NORMAL,none,Standard event within normal baseline
EVT_007002,False,NORMAL,none,Standard event within normal baseline
EVT_007003,False,NORMAL,none,Standard event within normal baseline
EVT_007004,True,BURST_ACTIVITY,high,Event occurred during sudden concentrated activity surge
EVT_007005,True,BURST_ACTIVITY,high,Event occurred during sudden concentrated activity surge
EVT_007006,True,HIGH_ACTIVITY,medium,Elevated transactional volume from network hub
EVT_007007,False,NORMAL,none,Standard event within normal baseline
EVT_007008,False,NORMAL,none,Standard event within normal baseline
EVT_007009,True,BURST_ACTIVITY,high,Event occurred during sudden concentrated activity surge
EVT_007010,False,NORMAL,none,Standard event within normal baseline
EVT_007011,False,NORMAL,none,Standard event within normal baseline
EVT_007012,True,HIGH_ACTIVITY,medium,Elevated transactional volume from network hub
EVT_007013,False,NORMAL,none,Standard event within normal baseline
EVT_007014,False,NORMAL,none,Standard event within normal baseline
EVT_007015,False,NORMAL,none,Standard event within normal baseline
EVT_007016,False,NORMAL,none,Standard event within normal baseline
EVT_007017,True,BURST_ACTIVITY,high,Event occurred during sudden concentrated activity surge
EVT_007018,False,NORMAL,none,Standard event within normal baseline
EVT_007019,False,NORMAL,none,Standard event within normal baseline
EVT_007020,False,NORMAL,none,Standard event within normal baseline
EVT_007021,False,NORMAL,none,Standard event within normal baseline
EVT_007022,False,NORMAL,none,Standard event within normal baseline
EVT_007023,True,BURST_ACTIVITY,high,Event occurred during sudden concentrated activity surge
EVT_007024,False,NORMAL,none,Standard event within normal baseline
EVT_007025,False,NORMAL,none,Standard event within normal baseline
EVT_007026,False,NORMAL,none,Standard event within normal baseline
EVT_007027,True,SHARED_INFRASTRUCTURE,high,Event originated from high-fanout shared device/IP cluster
EVT_007028,False,NORMAL,none,Standard event within normal baseline
EVT_007029,True,TRANSACTION_ANOMALY,high,Unusually high-value cross-account mule transfer
EVT_007030,True,BURST_ACTIVITY,high,Event occurred during sudden concentrated activity surge
EVT_007031,False,NORMAL,none,Standard event within normal baseline
EVT_007032,False,NORMAL,none,Standard event within normal baseline
EVT_007033,True,BURST_ACTIVITY,high,Event occurred during sudden concentrated activity surge
EVT_007034,False,NORMAL,none,Standard event within normal baseline
EVT_007035,False,NORMAL,none,Standard event within normal baseline
EVT_007036,False,NORMAL,none,Standard event within normal baseline
EVT_007037,False,NORMAL,none,Standard event within normal baseline
EVT_007038,True,BURST_ACTIVITY,high,Event occurred during sudden concentrated activity surge
EVT_007039,False,NORMAL,none,Standard event within normal baseline
EVT_007040,False,NORMAL,none,Standard event within normal baseline
EVT_007041,True,BURST_ACTIVITY,high,Event occurred during sudden concentrated activity surge
EVT_007042,False,NORMAL,none,Standard event within normal baseline
EVT_007043,False,NORMAL,none,Standard event within normal baseline
EVT_007044,False,NORMAL,none,Standard event within normal baseline
EVT_007045,True,TRANSACTION_ANOMALY,high,Unusually high-value cross-account mule transfer
EVT_007046,False,NORMAL,none,Standard event within normal baseline
EVT_007047,False,NORMAL,none,Standard event within normal baseline
EVT_007048,False,NORMAL,none,Standard event within normal baseline
EVT_007049,False,NORMAL,none,Standard event within normal baseline
EVT_007050,True,BURST_ACTIVITY,high,Event occurred during sudden concentrated activity surge
EVT_007051,False,NORMAL,none,Standard event within normal baseline
EVT_007052,False,NORMAL,none,Standard event within normal baseline
EVT_007053,False,NORMAL,none,Standard event within normal baseline
EVT_007054,False,NORMAL,none,Standard event within normal baseline
EVT_007055,False,NORMAL,none,Standard event within normal baseline
EVT_007056,False,NORMAL,none,Standard event within normal baseline
EVT_007057,True,BURST_ACTIVITY,high,Event occurred during sudden concentrated activity surge
EVT_007058,False,NORMAL,none,Standard event within normal baseline
EVT_007059,False,NORMAL,none,Standard event within normal baseline
EVT_007060,False,NORMAL,none,Standard event within normal baseline
EVT_007061,False,NORMAL,none,Standard event within normal baseline
EVT_007062,False,NORMAL,none,Standard event within normal baseline
EVT_007063,True,SHARED_INFRASTRUCTURE,high,Event originated from high-fanout shared device/IP cluster
EVT_007064,True,BURST_ACTIVITY,high,Event occurred during sudden concentrated activity surge
EVT_007065,False,NORMAL,none,Standard event within normal baseline
EVT_007066,False,NORMAL,none,Standard event within normal baseline
EVT_007067,False,NORMAL,none,Standard event within normal baseline
EVT_007068,True,BURST_ACTIVITY,high,Event occurred during sudden concentrated activity surge
EVT_007069,False,NORMAL,none,Standard event within normal baseline
EVT_007070,True,BURST_ACTIVITY,high,Event occurred during sudden concentrated activity surge
EVT_007071,False,NORMAL,none,Standard event within normal baseline
EVT_007072,True,BURST_ACTIVITY,high,Event occurred during sudden concentrated activity surge
EVT_007073,True,BURST_ACTIVITY,high,Event occurred during sudden concentrated activity surge
EVT_007074,False,NORMAL,none,Standard event within normal baseline
EVT_007075,True,TRANSACTION_ANOMALY,high,Unusually high-value cross-account mule transfer
EVT_007076,False,NORMAL,none,Standard event within normal baseline
EVT_007077,False,NORMAL,none,Standard event within normal baseline
EVT_007078,False,NORMAL,none,Standard event within normal baseline
EVT_007079,False,NORMAL,none,Standard event within normal baseline
EVT_007080,False,NORMAL,none,Standard event within normal baseline
EVT_007081,True,BURST_ACTIVITY,high,Event occurred during sudden concentrated activity surge
EVT_007082,True,TRANSACTION_ANOMALY,high,Unusually high-value cross-account mule transfer
EVT_007083,False,NORMAL,none,Standard event within normal baseline
EVT_007084,False,NORMAL,none,Standard event within normal baseline
EVT_007085,False,NORMAL,none,Standard event within normal baseline
EVT_007086,False,NORMAL,none,Standard event within normal baseline
EVT_007087,False,NORMAL,none,Standard event within normal baseline
EVT_007088,False,NORMAL,none,Standard event within normal baseline
EVT_007089,False,NORMAL,none,Standard event within normal baseline
EVT_007090,False,NORMAL,none,Standard event within normal baseline
EVT_007091,False,NORMAL,none,Standard event within normal baseline
EVT_007092,False,NORMAL,none,Standard event within normal baseline
EVT_007093,False,NORMAL,none,Standard event within normal baseline
EVT_007094,False,NORMAL,none,Standard event within normal baseline
EVT_007095,False,NORMAL,none,Standard event within normal baseline
EVT_007096,False,NORMAL,none,Standard event within normal baseline
EVT_007097,False,NORMAL,none,Standard event within normal baseline
EVT_007098,False,NORMAL,none,Standard event within normal baseline
EVT_007099,False,NORMAL,none,Standard event within normal baseline
EVT_007100,True,BURST_ACTIVITY,high,Event occurred during sudden concentrated activity surge
EVT_007101,False,NORMAL,none,Standard event within normal baseline
EVT_007102,False,NORMAL,none,Standard event within normal baseline
EVT_007103,False,NORMAL,none,Standard event within normal baseline
EVT_007104,False,NORMAL,none,Standard event within normal baseline
EVT_007105,False,NORMAL,none,Standard event within normal baseline
EVT_007106,False,NORMAL,none,Standard event within normal baseline
EVT_007107,False,NORMAL,none,Standard event within normal baseline
EVT_007108,False,NORMAL,none,Standard event within normal baseline
EVT_007109,False,NORMAL,none,Standard event within normal baseline
EVT_007110,False,NORMAL,none,Standard event within normal baseline
EVT_007111,False,NORMAL,none,Standard event within normal baseline
EVT_007112,False,NORMAL,none,Standard event within normal baseline
EVT_007113,False,NORMAL,none,Standard event within normal baseline
EVT_007114,False,NORMAL,none,Standard event within normal baseline
EVT_007115,False,NORMAL,none,Standard event within normal baseline
EVT_007116,False,NORMAL,none,Standard event within normal baseline
EVT_007117,False,NORMAL,none,Standard event within normal baseline
EVT_007118,False,NORMAL,none,Standard event within normal baseline
EVT_007119,False,NORMAL,none,Standard event within normal baseline
EVT_007120,False,NORMAL,none,Standard event within normal baseline
EVT_007121,True,TRANSACTION_ANOMALY,high,Unusually high-value cross-account mule transfer
EVT_007122,True,BURST_ACTIVITY,high,Event occurred during sudden concentrated activity surge
EVT_007123,True,BURST_ACTIVITY,high,Event occurred during sudden concentrated activity surge
EVT_007124,False,NORMAL,none,Standard event within normal baseline
EVT_007125,False,NORMAL,none,Standard event within normal baseline
EVT_007126,False,NORMAL,none,Standard event within normal baseline
EVT_007127,False,NORMAL,none,Standard event within normal baseline
EVT_007128,False,NORMAL,none,Standard event within normal baseline
EVT_007129,False,NORMAL,none,Standard event within normal baseline
EVT_007130,False,NORMAL,none,Standard event within normal baseline
EVT_007131,False,NORMAL,none,Standard event within normal baseline
EVT_007132,False,NORMAL,none,Standard event within normal baseline
EVT_007133,False,NORMAL,none,Standard event within normal baseline
EVT_007134,True,COMMUNICATION_ANOMALY,medium,High-frequency short duration ping call
EVT_007135,False,NORMAL,none,Standard event within normal baseline
EVT_007136,False,NORMAL,none,Standard event within normal baseline
EVT_007137,False,NORMAL,none,Standard event within normal baseline
EVT_007138,False,NORMAL,none,Standard event within normal baseline
EVT_007139,False,NORMAL,none,Standard event within normal baseline
EVT_007140,False,NORMAL,none,Standard event within normal baseline
EVT_007141,False,NORMAL,none,Standard event within normal baseline
EVT_007142,True,BURST_ACTIVITY,high,Event occurred during sudden concentrated activity surge
EVT_007143,False,NORMAL,none,Standard event within normal baseline
EVT_007144,False,NORMAL,none,Standard event within normal baseline
EVT_007145,False,NORMAL,none,Standard event within normal baseline
EVT_007146,True,BURST_ACTIVITY,high,Event occurred during sudden concentrated activity surge
EVT_007147,False,NORMAL,none,Standard event within normal baseline
EVT_007148,False,NORMAL,none,Standard event within normal baseline
EVT_007149,False,NORMAL,none,Standard event within normal baseline
EVT_007150,False,NORMAL,none,Standard event within normal baseline
EVT_007151,True,BURST_ACTIVITY,high,Event occurred during sudden concentrated activity surge
EVT_007152,True,BURST_ACTIVITY,high,Event occurred during sudden concentrated activity surge
EVT_007153,False,NORMAL,none,Standard event within normal baseline
EVT_007154,False,NORMAL,none,Standard event within normal baseline
EVT_007155,False,NORMAL,none,Standard event within normal baseline
EVT_007156,False,NORMAL,none,Standard event within normal baseline
EVT_007157,False,NORMAL,none,Standard event within normal baseline
EVT_007158,False,NORMAL,none,Standard event within normal baseline
EVT_007159,True,BURST_ACTIVITY,high,Event occurred during sudden concentrated activity surge
EVT_007160,False,NORMAL,none,Standard event within normal baseline
EVT_007161,False,NORMAL,none,Standard event within normal baseline
EVT_007162,True,BURST_ACTIVITY,high,Event occurred during sudden concentrated activity surge
EVT_007163,False,NORMAL,none,Standard event within normal baseline
EVT_007164,False,NORMAL,none,Standard event within normal baseline
EVT_007165,False,NORMAL,none,Standard event within normal baseline
EVT_007166,True,HIGH_ACTIVITY,medium,Elevated transactional volume from network hub
EVT_007167,False,NORMAL,none,Standard event within normal baseline
EVT_007168,False,NORMAL,none,Standard event within normal baseline
EVT_007169,False,NORMAL,none,Standard event within normal baseline
EVT_007170,False,NORMAL,none,Standard event within normal baseline
EVT_007171,False,NORMAL,none,Standard event within normal baseline
EVT_007172,False,NORMAL,none,Standard event within normal baseline
EVT_007173,False,NORMAL,none,Standard event within normal baseline
EVT_007174,False,NORMAL,none,Standard event within normal baseline
EVT_007175,False,NORMAL,none,Standard event within normal baseline
EVT_007176,False,NORMAL,none,Standard event within normal baseline
EVT_007177,False,NORMAL,none,Standard event within normal baseline
EVT_007178,False,NORMAL,none,Standard event within normal baseline
EVT_007179,True,LOCATION_ANOMALY,medium,Event recorded with rapid impossible geographical transit
EVT_007180,False,NORMAL,none,Standard event within normal baseline
EVT_007181,False,NORMAL,none,Standard event within normal baseline
EVT_007182,True,TRANSACTION_ANOMALY,high,Unusually high-value cross-account mule transfer
EVT_007183,True,BURST_ACTIVITY,high,Event occurred during sudden concentrated activity surge
EVT_007184,False,NORMAL,none,Standard event within normal baseline
EVT_007185,False,NORMAL,none,Standard event within normal baseline
EVT_007186,False,NORMAL,none,Standard event within normal baseline
EVT_007187,False,NORMAL,none,Standard event within normal baseline
EVT_007188,False,NORMAL,none,Standard event within normal baseline
EVT_007189,False,NORMAL,none,Standard event within normal baseline
EVT_007190,False,NORMAL,none,Standard event within normal baseline
EVT_007191,False,NORMAL,none,Standard event within normal baseline
EVT_007192,False,NORMAL,none,Standard event within normal baseline
EVT_007193,False,NORMAL,none,Standard event within normal baseline
EVT_007194,False,NORMAL,none,Standard event within normal baseline
EVT_007195,False,NORMAL,none,Standard event within normal baseline
EVT_007196,False,NORMAL,none,Standard event within normal baseline
EVT_007197,False,NORMAL,none,Standard event within normal baseline
EVT_007198,False,NORMAL,none,Standard event within normal baseline
EVT_007199,False,NORMAL,none,Standard event within normal baseline
EVT_007200,False,NORMAL,none,Standard event within normal baseline
EVT_007201,True,BURST_ACTIVITY,high,Event occurred during sudden concentrated activity surge
EVT_007202,False,NORMAL,none,Standard event within normal baseline
EVT_007203,False,NORMAL,none,Standard event within normal baseline
EVT_007204,True,BURST_ACTIVITY,high,Event occurred during sudden concentrated activity surge
EVT_007205,False,NORMAL,none,Standard event within normal baseline
EVT_007206,False,NORMAL,none,Standard event within normal baseline
EVT_007207,True,SHARED_INFRASTRUCTURE,high,Event originated from high-fanout shared device/IP cluster
EVT_007208,False,NORMAL,none,Standard event within normal baseline
EVT_007209,False,NORMAL,none,Standard event within normal baseline
EVT_007210,False,NORMAL,none,Standard event within normal baseline
EVT_007211,True,BURST_ACTIVITY,high,Event occurred during sudden concentrated activity surge
EVT_007212,False,NORMAL,none,Standard event within normal baseline
EVT_007213,False,NORMAL,none,Standard event within normal baseline
EVT_007214,False,NORMAL,none,Standard event within normal baseline
EVT_007215,False,NORMAL,none,Standard event within normal baseline
EVT_007216,False,NORMAL,none,Standard event within normal baseline
EVT_007217,False,NORMAL,none,Standard event within normal baseline
EVT_007218,False,NORMAL,none,Standard event within normal baseline
EVT_007219,False,NORMAL,none,Standard event within normal baseline
EVT_007220,False,NORMAL,none,Standard event within normal baseline
EVT_007221,False,NORMAL,none,Standard event within normal baseline
EVT_007222,False,NORMAL,none,Standard event within normal baseline
EVT_007223,False,NORMAL,none,Standard event within normal baseline
EVT_007224,False,NORMAL,none,Standard event within normal baseline
EVT_007225,False,NORMAL,none,Standard event within normal baseline
EVT_007226,False,NORMAL,none,Standard event within normal baseline
EVT_007227,True,BURST_ACTIVITY,high,Event occurred during sudden concentrated activity surge
EVT_007228,False,NORMAL,none,Standard event within normal baseline
EVT_007229,True,BURST_ACTIVITY,high,Event occurred during sudden concentrated activity surge
EVT_007230,False,NORMAL,none,Standard event within normal baseline
EVT_007231,False,NORMAL,none,Standard event within normal baseline
EVT_007232,False,NORMAL,none,Standard event within normal baseline
EVT_007233,False,NORMAL,none,Standard event within normal baseline
EVT_007234,True,BURST_ACTIVITY,high,Event occurred during sudden concentrated activity surge
EVT_007235,False,NORMAL,none,Standard event within normal baseline
EVT_007236,True,BURST_ACTIVITY,high,Event occurred during sudden concentrated activity surge
EVT_007237,False,NORMAL,none,Standard event within normal baseline
EVT_007238,False,NORMAL,none,Standard event within normal baseline
EVT_007239,False,NORMAL,none,Standard event within normal baseline
EVT_007240,False,NORMAL,none,Standard event within normal baseline
EVT_007241,False,NORMAL,none,Standard event within normal baseline
EVT_007242,False,NORMAL,none,Standard event within normal baseline
EVT_007243,False,NORMAL,none,Standard event within normal baseline
EVT_007244,False,NORMAL,none,Standard event within normal baseline
EVT_007245,True,SHARED_INFRASTRUCTURE,high,Event originated from high-fanout shared device/IP cluster
EVT_007246,False,NORMAL,none,Standard event within normal baseline
EVT_007247,True,BURST_ACTIVITY,high,Event occurred during sudden concentrated activity surge
EVT_007248,False,NORMAL,none,Standard event within normal baseline
EVT_007249,False,NORMAL,none,Standard event within normal baseline
EVT_007250,False,NORMAL,none,Standard event within normal baseline
EVT_007251,False,NORMAL,none,Standard event within normal baseline
EVT_007252,False,NORMAL,none,Standard event within normal baseline
EVT_007253,False,NORMAL,none,Standard event within normal baseline
EVT_007254,True,LOCATION_ANOMALY,medium,Event recorded with rapid impossible geographical transit
EVT_007255,False,NORMAL,none,Standard event within normal baseline
EVT_007256,False,NORMAL,none,Standard event within normal baseline
EVT_007257,False,NORMAL,none,Standard event within normal baseline
EVT_007258,False,NORMAL,none,Standard event within normal baseline
EVT_007259,False,NORMAL,none,Standard event within normal baseline
EVT_007260,False,NORMAL,none,Standard event within normal baseline
EVT_007261,False,NORMAL,none,Standard event within normal baseline
EVT_007262,False,NORMAL,none,Standard event within normal baseline
EVT_007263,False,NORMAL,none,Standard event within normal baseline
EVT_007264,False,NORMAL,none,Standard event within normal baseline
EVT_007265,False,NORMAL,none,Standard event within normal baseline
EVT_007266,True,BURST_ACTIVITY,high,Event occurred during sudden concentrated activity surge
EVT_007267,False,NORMAL,none,Standard event within normal baseline
EVT_007268,False,NORMAL,none,Standard event within normal baseline
EVT_007269,False,NORMAL,none,Standard event within normal baseline
EVT_007270,False,NORMAL,none,Standard event within normal baseline
EVT_007271,False,NORMAL,none,Standard event within normal baseline
EVT_007272,False,NORMAL,none,Standard event within normal baseline
EVT_007273,False,NORMAL,none,Standard event within normal baseline
EVT_007274,False,NORMAL,none,Standard event within normal baseline
EVT_007275,True,BURST_ACTIVITY,high,Event occurred during sudden concentrated activity surge
EVT_007276,False,NORMAL,none,Standard event within normal baseline
EVT_007277,False,NORMAL,none,Standard event within normal baseline
EVT_007278,False,NORMAL,none,Standard event within normal baseline
EVT_007279,False,NORMAL,none,Standard event within normal baseline
EVT_007280,True,BURST_ACTIVITY,high,Event occurred during sudden concentrated activity surge
EVT_007281,False,NORMAL,none,Standard event within normal baseline
EVT_007282,False,NORMAL,none,Standard event within normal baseline
EVT_007283,False,NORMAL,none,Standard event within normal baseline
EVT_007284,False,NORMAL,none,Standard event within normal baseline
EVT_007285,True,LOCATION_ANOMALY,medium,Event recorded with rapid impossible geographical transit
EVT_007286,True,BURST_ACTIVITY,high,Event occurred during sudden concentrated activity surge
EVT_007287,False,NORMAL,none,Standard event within normal baseline
EVT_007288,False,NORMAL,none,Standard event within normal baseline
EVT_007289,False,NORMAL,none,Standard event within normal baseline
EVT_007290,False,NORMAL,none,Standard event within normal baseline
EVT_007291,False,NORMAL,none,Standard event within normal baseline
EVT_007292,False,NORMAL,none,Standard event within normal baseline
EVT_007293,False,NORMAL,none,Standard event within normal baseline
EVT_007294,False,NORMAL,none,Standard event within normal baseline
EVT_007295,False,NORMAL,none,Standard event within normal baseline
EVT_007296,False,NORMAL,none,Standard event within normal baseline
EVT_007297,False,NORMAL,none,Standard event within normal baseline
EVT_007298,False,NORMAL,none,Standard event within normal baseline
EVT_007299,True,BURST_ACTIVITY,high,Event occurred during sudden concentrated activity surge
EVT_007300,False,NORMAL,none,Standard event within normal baseline
EVT_007301,True,HIGH_ACTIVITY,medium,Elevated transactional volume from network hub
EVT_007302,False,NORMAL,none,Standard event within normal baseline
EVT_007303,False,NORMAL,none,Standard event within normal baseline
EVT_007304,True,BURST_ACTIVITY,high,Event occurred during sudden concentrated activity surge
EVT_007305,True,HIGH_ACTIVITY,medium,Elevated transactional volume from network hub
EVT_007306,False,NORMAL,none,Standard event within normal baseline
EVT_007307,False,NORMAL,none,Standard event within normal baseline
EVT_007308,False,NORMAL,none,Standard event within normal baseline
EVT_007309,True,SHARED_INFRASTRUCTURE,high,Event originated from high-fanout shared device/IP cluster
EVT_007310,False,NORMAL,none,Standard event within normal baseline
EVT_007311,False,NORMAL,none,Standard event within normal baseline
EVT_007312,False,NORMAL,none,Standard event within normal baseline
EVT_007313,False,NORMAL,none,Standard event within normal baseline
EVT_007314,False,NORMAL,none,Standard event within normal baseline
EVT_007315,False,NORMAL,none,Standard event within normal baseline
EVT_007316,True,LOCATION_ANOMALY,medium,Event recorded with rapid impossible geographical transit
EVT_007317,False,NORMAL,none,Standard event within normal baseline
EVT_007318,False,NORMAL,none,Standard event within normal baseline
EVT_007319,False,NORMAL,none,Standard event within normal baseline
EVT_007320,False,NORMAL,none,Standard event within normal baseline
EVT_007321,True,TRANSACTION_ANOMALY,high,Unusually high-value cross-account mule transfer
EVT_007322,True,BURST_ACTIVITY,high,Event occurred during sudden concentrated activity surge
EVT_007323,True,HIGH_ACTIVITY,medium,Elevated transactional volume from network hub
EVT_007324,False,NORMAL,none,Standard event within normal baseline
EVT_007325,False,NORMAL,none,Standard event within normal baseline
EVT_007326,False,NORMAL,none,Standard event within normal baseline
EVT_007327,False,NORMAL,none,Standard event within normal baseline
EVT_007328,False,NORMAL,none,Standard event within normal baseline
EVT_007329,False,NORMAL,none,Standard event within normal baseline
EVT_007330,True,BURST_ACTIVITY,high,Event occurred during sudden concentrated activity surge
EVT_007331,False,NORMAL,none,Standard event within normal baseline
EVT_007332,False,NORMAL,none,Standard event within normal baseline
EVT_007333,False,NORMAL,none,Standard event within normal baseline
EVT_007334,False,NORMAL,none,Standard event within normal baseline
EVT_007335,False,NORMAL,none,Standard event within normal baseline
EVT_007336,False,NORMAL,none,Standard event within normal baseline
EVT_007337,True,BURST_ACTIVITY,high,Event occurred during sudden concentrated activity surge
EVT_007338,False,NORMAL,none,Standard event within normal baseline
EVT_007339,False,NORMAL,none,Standard event within normal baseline
EVT_007340,False,NORMAL,none,Standard event within normal baseline
EVT_007341,False,NORMAL,none,Standard event within normal baseline
EVT_007342,False,NORMAL,none,Standard event within normal baseline
EVT_007343,True,BURST_ACTIVITY,high,Event occurred during sudden concentrated activity surge
EVT_007344,False,NORMAL,none,Standard event within normal baseline
EVT_007345,True,BURST_ACTIVITY,high,Event occurred during sudden concentrated activity surge
EVT_007346,False,NORMAL,none,Standard event within normal baseline
EVT_007347,True,BURST_ACTIVITY,high,Event occurred during sudden concentrated activity surge
EVT_007348,False,NORMAL,none,Standard event within normal baseline
EVT_007349,False,NORMAL,none,Standard event within normal baseline
EVT_007350,True,COMMUNICATION_ANOMALY,medium,High-frequency short duration ping call
EVT_007351,False,NORMAL,none,Standard event within normal baseline
EVT_007352,False,NORMAL,none,Standard event within normal baseline
EVT_007353,False,NORMAL,none,Standard event within normal baseline
EVT_007354,False,NORMAL,none,Standard event within normal baseline
EVT_007355,True,LOCATION_ANOMALY,medium,Event recorded with rapid impossible geographical transit
EVT_007356,True,BURST_ACTIVITY,high,Event occurred during sudden concentrated activity surge
EVT_007357,False,NORMAL,none,Standard event within normal baseline
EVT_007358,False,NORMAL,none,Standard event within normal baseline
EVT_007359,True,BURST_ACTIVITY,high,Event occurred during sudden concentrated activity surge
EVT_007360,False,NORMAL,none,Standard event within normal baseline
EVT_007361,False,NORMAL,none,Standard event within normal baseline
EVT_007362,False,NORMAL,none,Standard event within normal baseline
EVT_007363,False,NORMAL,none,Standard event within normal baseline
EVT_007364,False,NORMAL,none,Standard event within normal baseline
EVT_007365,False,NORMAL,none,Standard event within normal baseline
EVT_007366,True,HIGH_ACTIVITY,medium,Elevated transactional volume from network hub
EVT_007367,False,NORMAL,none,Standard event within normal baseline
EVT_007368,False,NORMAL,none,Standard event within normal baseline
EVT_007369,False,NORMAL,none,Standard event within normal baseline
EVT_007370,False,NORMAL,none,Standard event within normal baseline
EVT_007371,False,NORMAL,none,Standard event within normal baseline
EVT_007372,False,NORMAL,none,Standard event within normal baseline
EVT_007373,False,NORMAL,none,Standard event within normal baseline
EVT_007374,False,NORMAL,none,Standard event within normal baseline
EVT_007375,False,NORMAL,none,Standard event within normal baseline
EVT_007376,False,NORMAL,none,Standard event within normal baseline
EVT_007377,False,NORMAL,none,Standard event within normal baseline
EVT_007378,True,BURST_ACTIVITY,high,Event occurred during sudden concentrated activity surge
EVT_007379,True,LOCATION_ANOMALY,medium,Event recorded with rapid impossible geographical transit
EVT_007380,False,NORMAL,none,Standard event within normal baseline
EVT_007381,False,NORMAL,none,Standard event within normal baseline
EVT_007382,False,NORMAL,none,Standard event within normal baseline
EVT_007383,True,TRANSACTION_ANOMALY,high,Unusually high-value cross-account mule transfer
EVT_007384,False,NORMAL,none,Standard event within normal baseline
EVT_007385,False,NORMAL,none,Standard event within normal baseline
EVT_007386,False,NORMAL,none,Standard event within normal baseline
EVT_007387,False,NORMAL,none,Standard event within normal baseline
EVT_007388,False,NORMAL,none,Standard event within normal baseline
EVT_007389,False,NORMAL,none,Standard event within normal baseline
EVT_007390,False,NORMAL,none,Standard event within normal baseline
EVT_007391,False,NORMAL,none,Standard event within normal baseline
EVT_007392,False,NORMAL,none,Standard event within normal baseline
EVT_007393,False,NORMAL,none,Standard event within normal baseline
EVT_007394,False,NORMAL,none,Standard event within normal baseline
EVT_007395,False,NORMAL,none,Standard event within normal baseline
EVT_007396,False,NORMAL,none,Standard event within normal baseline
EVT_007397,False,NORMAL,none,Standard event within normal baseline
EVT_007398,True,BURST_ACTIVITY,high,Event occurred during sudden concentrated activity surge
EVT_007399,False,NORMAL,none,Standard event within normal baseline
EVT_007400,False,NORMAL,none,Standard event within normal baseline
EVT_007401,False,NORMAL,none,Standard event within normal baseline
EVT_007402,True,BURST_ACTIVITY,high,Event occurred during sudden concentrated activity surge
EVT_007403,True,SHARED_INFRASTRUCTURE,high,Event originated from high-fanout shared device/IP cluster
EVT_007404,False,NORMAL,none,Standard event within normal baseline
EVT_007405,False,NORMAL,none,Standard event within normal baseline
EVT_007406,False,NORMAL,none,Standard event within normal baseline
EVT_007407,False,NORMAL,none,Standard event within normal baseline
EVT_007408,True,BURST_ACTIVITY,high,Event occurred during sudden concentrated activity surge
EVT_007409,True,BURST_ACTIVITY,high,Event occurred during sudden concentrated activity surge
EVT_007410,False,NORMAL,none,Standard event within normal baseline
EVT_007411,False,NORMAL,none,Standard event within normal baseline
EVT_007412,False,NORMAL,none,Standard event within normal baseline
EVT_007413,True,BURST_ACTIVITY,high,Event occurred during sudden concentrated activity surge
EVT_007414,False,NORMAL,none,Standard event within normal baseline
EVT_007415,False,NORMAL,none,Standard event within normal baseline
EVT_007416,False,NORMAL,none,Standard event within normal baseline
EVT_007417,False,NORMAL,none,Standard event within normal baseline
EVT_007418,True,COMMUNICATION_ANOMALY,medium,High-frequency short duration ping call
EVT_007419,False,NORMAL,none,Standard event within normal baseline
EVT_007420,False,NORMAL,none,Standard event within normal baseline
EVT_007421,True,BURST_ACTIVITY,high,Event occurred during sudden concentrated activity surge
EVT_007422,False,NORMAL,none,Standard event within normal baseline
EVT_007423,False,NORMAL,none,Standard event within normal baseline
EVT_007424,True,BURST_ACTIVITY,high,Event occurred during sudden concentrated activity surge
EVT_007425,False,NORMAL,none,Standard event within normal baseline
EVT_007426,False,NORMAL,none,Standard event within normal baseline
EVT_007427,False,NORMAL,none,Standard event within normal baseline
EVT_007428,False,NORMAL,none,Standard event within normal baseline
EVT_007429,False,NORMAL,none,Standard event within normal baseline
EVT_007430,True,TRANSACTION_ANOMALY,high,Unusually high-value cross-account mule transfer
EVT_007431,False,NORMAL,none,Standard event within normal baseline
EVT_007432,True,BURST_ACTIVITY,high,Event occurred during sudden concentrated activity surge
EVT_007433,False,NORMAL,none,Standard event within normal baseline
EVT_007434,False,NORMAL,none,Standard event within normal baseline
EVT_007435,False,NORMAL,none,Standard event within normal baseline
EVT_007436,False,NORMAL,none,Standard event within normal baseline
EVT_007437,False,NORMAL,none,Standard event within normal baseline
EVT_007438,False,NORMAL,none,Standard event within normal baseline
EVT_007439,True,TRANSACTION_ANOMALY,high,Unusually high-value cross-account mule transfer
EVT_007440,False,NORMAL,none,Standard event within normal baseline
EVT_007441,True,BURST_ACTIVITY,high,Event occurred during sudden concentrated activity surge
EVT_007442,False,NORMAL,none,Standard event within normal baseline
EVT_007443,False,NORMAL,none,Standard event within normal baseline
EVT_007444,False,NORMAL,none,Standard event within normal baseline
EVT_007445,False,NORMAL,none,Standard event within normal baseline
EVT_007446,False,NORMAL,none,Standard event within normal baseline
EVT_007447,True,BURST_ACTIVITY,high,Event occurred during sudden concentrated activity surge
EVT_007448,True,BURST_ACTIVITY,high,Event occurred during sudden concentrated activity surge
EVT_007449,False,NORMAL,none,Standard event within normal baseline
EVT_007450,False,NORMAL,none,Standard event within normal baseline
EVT_007451,False,NORMAL,none,Standard event within normal baseline
EVT_007452,False,NORMAL,none,Standard event within normal baseline
EVT_007453,False,NORMAL,none,Standard event within normal baseline
EVT_007454,False,NORMAL,none,Standard event within normal baseline
EVT_007455,True,BURST_ACTIVITY,high,Event occurred during sudden concentrated activity surge
EVT_007456,False,NORMAL,none,Standard event within normal baseline
EVT_007457,False,NORMAL,none,Standard event within normal baseline
EVT_007458,False,NORMAL,none,Standard event within normal baseline
EVT_007459,False,NORMAL,none,Standard event within normal baseline
EVT_007460,False,NORMAL,none,Standard event within normal baseline
EVT_007461,False,NORMAL,none,Standard event within normal baseline
EVT_007462,False,NORMAL,none,Standard event within normal baseline
EVT_007463,False,NORMAL,none,Standard event within normal baseline
EVT_007464,False,NORMAL,none,Standard event within normal baseline
EVT_007465,True,BURST_ACTIVITY,high,Event occurred during sudden concentrated activity surge
EVT_007466,False,NORMAL,none,Standard event within normal baseline
EVT_007467,False,NORMAL,none,Standard event within normal baseline
EVT_007468,True,BURST_ACTIVITY,high,Event occurred during sudden concentrated activity surge
EVT_007469,False,NORMAL,none,Standard event within normal baseline
EVT_007470,False,NORMAL,none,Standard event within normal baseline
EVT_007471,False,NORMAL,none,Standard event within normal baseline
EVT_007472,False,NORMAL,none,Standard event within normal baseline
EVT_007473,False,NORMAL,none,Standard event within normal baseline
EVT_007474,False,NORMAL,none,Standard event within normal baseline
EVT_007475,False,NORMAL,none,Standard event within normal baseline
EVT_007476,False,NORMAL,none,Standard event within normal baseline
EVT_007477,True,TRANSACTION_ANOMALY,high,Unusually high-value cross-account mule transfer
EVT_007478,False,NORMAL,none,Standard event within normal baseline
EVT_007479,False,NORMAL,none,Standard event within normal baseline
EVT_007480,True,BURST_ACTIVITY,high,Event occurred during sudden concentrated activity surge
EVT_007481,False,NORMAL,none,Standard event within normal baseline
EVT_007482,False,NORMAL,none,Standard event within normal baseline
EVT_007483,False,NORMAL,none,Standard event within normal baseline
EVT_007484,False,NORMAL,none,Standard event within normal baseline
EVT_007485,False,NORMAL,none,Standard event within normal baseline
EVT_007486,False,NORMAL,none,Standard event within normal baseline
EVT_007487,False,NORMAL,none,Standard event within normal baseline
EVT_007488,False,NORMAL,none,Standard event within normal baseline
EVT_007489,True,BURST_ACTIVITY,high,Event occurred during sudden concentrated activity surge
EVT_007490,False,NORMAL,none,Standard event within normal baseline
EVT_007491,False,NORMAL,none,Standard event within normal baseline
EVT_007492,False,NORMAL,none,Standard event within normal baseline
EVT_007493,False,NORMAL,none,Standard event within normal baseline
EVT_007494,False,NORMAL,none,Standard event within normal baseline
EVT_007495,False,NORMAL,none,Standard event within normal baseline
EVT_007496,False,NORMAL,none,Standard event within normal baseline
EVT_007497,False,NORMAL,none,Standard event within normal baseline
EVT_007498,False,NORMAL,none,Standard event within normal baseline
EVT_007499,False,NORMAL,none,Standard event within normal baseline
EVT_007500,False,NORMAL,none,Standard event within normal baseline
