source_id,source_type,relationship_type,target_id,target_type,first_seen,last_seen,event_count,weight,metadata
PER_000001,Person,USES_PHONE,PH_000001,Phone,2025-01-01 16:03:43,2025-12-31 12:14:21,85,85.0,
PER_000001,Person,USES_PHONE,PH_000298,Phone,2025-01-02 09:36:03,2025-12-29 10:37:41,86,86.0,
PER_000002,Person,USES_PHONE,PH_000002,Phone,2025-01-08 08:18:28,2025-12-28 11:17:59,70,70.0,
PER_000002,Person,USES_PHONE,PH_000114,Phone,2025-01-02 12:42:42,2025-12-21 18:17:15,64,64.0,
PER_000003,Person,USES_PHONE,PH_000003,Phone,2025-02-14 11:16:16,2025-11-11 08:04:03,5,5.0,
PER_000003,Person,USES_PHONE,PH_000126,Phone,2025-01-01 08:50:49,2025-12-21 07:33:24,11,11.0,
PER_000003,Person,USES_PHONE,PH_000221,Phone,2025-01-01 16:32:54,2025-11-22 04:08:47,8,8.0,
PER_000004,Person,USES_PHONE,PH_000004,Phone,2025-04-30 08:23:15,2025-10-19 10:07:12,7,7.0,
PER_000004,Person,USES_PHONE,PH_000289,Phone,2025-02-17 14:58:42,2025-11-08 11:11:49,10,10.0,
PER_000004,Person,USES_PHONE,PH_000297,Phone,2025-02-13 11:42:36,2025-11-11 06:44:29,5,5.0,
PER_000005,Person,USES_PHONE,PH_000005,Phone,2025-02-09 05:05:45,2025-11-29 14:17:47,15,15.0,
PER_000006,Person,USES_PHONE,PH_000006,Phone,2025-04-30 02:44:25,2025-11-11 02:58:36,6,6.0,
PER_000006,Person,USES_PHONE,PH_000121,Phone,2025-02-05 10:56:29,2025-10-24 18:06:49,7,7.0,
PER_000006,Person,USES_PHONE,PH_000243,Phone,2025-03-22 16:17:56,2025-11-02 15:23:30,9,9.0,
PER_000007,Person,USES_PHONE,PH_000007,Phone,2025-01-26 22:12:02,2025-12-16 18:59:04,9,9.0,
PER_000007,Person,USES_PHONE,PH_000196,Phone,2025-01-16 13:30:21,2025-08-31 12:00:03,3,3.0,
PER_000007,Person,USES_PHONE,PH_000211,Phone,2025-02-05 00:17:06,2025-12-29 15:55:26,9,9.0,
PER_000008,Person,USES_PHONE,PH_000008,Phone,2025-01-05 07:42:02,2025-12-19 14:57:19,16,16.0,
PER_000008,Person,USES_PHONE,PH_000135,Phone,2025-01-05 16:11:22,2025-12-22 21:09:34,10,10.0,
PER_000009,Person,USES_PHONE,PH_000009,Phone,2025-01-12 18:39:53,2025-11-05 14:42:53,15,15.0,
PER_000009,Person,USES_PHONE,PH_000278,Phone,2025-01-02 20:38:21,2025-10-29 14:01:19,7,7.0,
PER_000010,Person,USES_PHONE,PH_000010,Phone,2025-02-21 13:08:05,2025-10-06 13:19:17,10,10.0,
PER_000010,Person,USES_PHONE,PH_000212,Phone,2025-02-12 19:34:22,2025-12-06 09:33:06,11,11.0,
PER_000011,Person,USES_PHONE,PH_000011,Phone,2025-02-11 11:42:10,2025-12-17 12:16:43,6,6.0,
PER_000011,Person,USES_PHONE,PH_000174,Phone,2025-02-08 21:20:10,2025-12-18 16:51:59,7,7.0,
PER_000011,Person,USES_PHONE,PH_000255,Phone,2025-02-25 16:02:16,2025-12-23 20:43:05,8,8.0,
PER_000012,Person,USES_PHONE,PH_000012,Phone,2025-07-10 01:19:12,2025-07-12 23:57:37,140,140.0,
PER_000013,Person,USES_PHONE,PH_000013,Phone,2025-01-02 07:12:46,2025-12-27 22:12:54,11,11.0,
PER_000013,Person,USES_PHONE,PH_000292,Phone,2025-01-09 16:33:15,2025-10-30 21:20:08,7,7.0,
PER_000014,Person,USES_PHONE,PH_000014,Phone,2025-01-02 18:40:52,2025-12-28 15:12:25,25,25.0,
PER_000015,Person,USES_PHONE,PH_000015,Phone,2025-01-16 13:20:08,2025-11-30 06:18:10,24,24.0,
PER_000016,Person,USES_PHONE,PH_000016,Phone,2025-01-01 14:12:56,2025-12-31 09:10:47,137,137.0,
PER_000017,Person,USES_PHONE,PH_000017,Phone,2025-01-19 18:29:24,2025-12-23 07:15:56,17,17.0,
PER_000018,Person,USES_PHONE,PH_000018,Phone,2025-01-02 14:36:32,2025-12-31 11:59:06,151,151.0,
PER_000019,Person,USES_PHONE,PH_000019,Phone,2025-01-03 09:27:04,2025-12-21 20:27:58,22,22.0,
PER_000020,Person,USES_PHONE,PH_000020,Phone,2025-01-02 09:30:08,2025-12-23 12:05:03,11,11.0,
PER_000020,Person,USES_PHONE,PH_000256,Phone,2025-05-10 16:05:17,2025-12-31 14:27:24,9,9.0,
PER_000021,Person,USES_PHONE,PH_000021,Phone,2025-01-26 07:35:39,2025-12-23 22:49:35,10,10.0,
PER_000021,Person,USES_PHONE,PH_000103,Phone,2025-01-22 13:36:55,2025-12-12 18:08:38,9,9.0,
PER_000022,Person,USES_PHONE,PH_000022,Phone,2025-01-16 08:05:35,2025-12-22 17:01:51,23,23.0,
PER_000023,Person,USES_PHONE,PH_000023,Phone,2025-01-25 16:37:17,2025-12-05 09:50:02,12,12.0,
PER_000023,Person,USES_PHONE,PH_000234,Phone,2025-01-10 17:50:05,2025-12-18 22:19:39,16,16.0,
PER_000024,Person,USES_PHONE,PH_000024,Phone,2025-01-01 01:58:22,2025-12-31 21:39:11,124,124.0,
PER_000025,Person,USES_PHONE,PH_000025,Phone,2025-01-09 11:01:18,2025-12-06 19:37:16,9,9.0,
PER_000025,Person,USES_PHONE,PH_000132,Phone,2025-01-05 05:56:56,2025-12-27 06:23:05,13,13.0,
PER_000026,Person,USES_PHONE,PH_000026,Phone,2025-03-13 17:56:05,2025-12-28 09:50:51,9,9.0,
PER_000026,Person,USES_PHONE,PH_000176,Phone,2025-01-09 11:26:01,2025-11-15 08:48:16,16,16.0,
PER_000027,Person,USES_PHONE,PH_000027,Phone,2025-01-01 22:04:12,2025-12-31 16:48:51,64,64.0,
PER_000027,Person,USES_PHONE,PH_000245,Phone,2025-01-01 06:17:05,2025-12-20 14:46:46,77,77.0,
PER_000028,Person,USES_PHONE,PH_000028,Phone,2025-01-24 09:38:59,2025-12-17 21:02:59,17,17.0,
PER_000029,Person,USES_PHONE,PH_000029,Phone,2025-02-14 12:33:38,2025-11-16 07:52:51,21,21.0,
PER_000030,Person,USES_PHONE,PH_000030,Phone,2025-02-07 13:13:33,2025-10-23 12:57:21,5,5.0,
PER_000030,Person,USES_PHONE,PH_000229,Phone,2025-03-16 01:37:44,2025-12-12 14:53:03,6,6.0,
PER_000030,Person,USES_PHONE,PH_000242,Phone,2025-03-16 15:16:33,2025-10-16 17:43:36,6,6.0,
PER_000031,Person,USES_PHONE,PH_000031,Phone,2025-02-20 15:49:57,2025-09-11 15:34:35,3,3.0,
PER_000031,Person,USES_PHONE,PH_000112,Phone,2025-01-08 23:17:51,2025-12-29 15:50:29,9,9.0,
PER_000031,Person,USES_PHONE,PH_000279,Phone,2025-01-23 13:14:35,2025-12-14 19:53:21,6,6.0,
PER_000032,Person,USES_PHONE,PH_000032,Phone,2025-02-18 10:09:27,2025-11-07 11:09:34,12,12.0,
PER_000032,Person,USES_PHONE,PH_000102,Phone,2025-02-16 18:50:54,2025-12-11 12:09:11,10,10.0,
PER_000032,Person,USES_PHONE,PH_000165,Phone,2025-01-19 04:54:01,2025-11-11 07:24:08,5,5.0,
PER_000033,Person,USES_PHONE,PH_000033,Phone,2025-03-22 18:22:24,2025-12-23 18:44:25,16,16.0,
PER_000034,Person,USES_PHONE,PH_000034,Phone,2025-03-21 13:01:09,2025-06-18 06:07:05,3,3.0,
PER_000034,Person,USES_PHONE,PH_000128,Phone,2025-01-12 09:34:01,2025-12-20 07:53:53,6,6.0,
PER_000034,Person,USES_PHONE,PH_000167,Phone,2025-03-10 19:27:16,2025-12-21 12:30:42,6,6.0,
PER_000035,Person,USES_PHONE,PH_000035,Phone,2025-04-28 02:29:15,2025-12-31 03:47:04,13,13.0,
PER_000035,Person,USES_PHONE,PH_000166,Phone,2025-03-03 06:02:38,2025-12-23 17:30:37,11,11.0,
PER_000036,Person,USES_PHONE,PH_000036,Phone,2025-01-03 05:53:55,2025-12-19 17:15:29,15,15.0,
PER_000036,Person,USES_PHONE,PH_000139,Phone,2025-03-04 19:01:00,2025-12-05 14:27:38,8,8.0,
PER_000037,Person,USES_PHONE,PH_000037,Phone,2025-03-03 14:28:22,2025-09-15 06:08:19,8,8.0,
PER_000037,Person,USES_PHONE,PH_000233,Phone,2025-03-13 11:33:40,2025-12-10 08:06:09,14,14.0,
PER_000038,Person,USES_PHONE,PH_000038,Phone,2025-05-01 00:00:10,2025-05-01 23:41:18,140,140.0,
PER_000039,Person,USES_PHONE,PH_000039,Phone,2025-01-03 07:10:09,2025-12-16 12:48:13,14,14.0,
PER_000040,Person,USES_PHONE,PH_000040,Phone,2025-04-14 16:27:59,2025-10-10 07:56:47,5,5.0,
PER_000040,Person,USES_PHONE,PH_000181,Phone,2025-01-21 21:49:55,2025-09-07 12:27:44,7,7.0,
PER_000041,Person,USES_PHONE,PH_000041,Phone,2025-01-12 16:36:38,2025-11-23 11:40:57,17,17.0,
PER_000042,Person,USES_PHONE,PH_000042,Phone,2025-01-02 21:35:27,2025-12-20 20:56:12,65,65.0,
PER_000042,Person,USES_PHONE,PH_000199,Phone,2025-01-15 14:31:45,2025-12-25 15:53:47,68,68.0,
PER_000043,Person,USES_PHONE,PH_000043,Phone,2025-01-19 09:05:26,2025-09-18 13:33:01,2,2.0,
PER_000043,Person,USES_PHONE,PH_000133,Phone,2025-03-15 08:18:46,2025-12-12 16:20:58,2,2.0,
PER_000043,Person,USES_PHONE,PH_000160,Phone,2025-07-20 04:44:16,2025-07-20 04:44:16,1,1.0,
PER_000043,Person,USES_PHONE,PH_000205,Phone,2025-04-25 09:52:18,2025-07-19 21:05:31,2,2.0,
PER_000043,Person,USES_PHONE,PH_000206,Phone,2025-03-03 12:17:09,2025-03-03 12:17:09,1,1.0,
PER_000043,Person,USES_PHONE,PH_000209,Phone,2025-09-08 09:56:06,2025-09-08 09:56:06,1,1.0,
PER_000043,Person,USES_PHONE,PH_000214,Phone,2025-12-02 07:30:50,2025-12-02 07:30:50,1,1.0,
PER_000043,Person,USES_PHONE,PH_000223,Phone,2025-05-28 04:36:32,2025-05-28 04:36:32,1,1.0,
PER_000043,Person,USES_PHONE,PH_000228,Phone,2025-08-01 17:54:56,2025-08-01 17:54:56,1,1.0,
PER_000043,Person,USES_PHONE,PH_000230,Phone,2025-11-25 06:37:53,2025-12-19 20:42:09,2,2.0,
PER_000043,Person,USES_PHONE,PH_000240,Phone,2025-05-01 17:31:04,2025-05-01 17:31:04,1,1.0,
PER_000043,Person,USES_PHONE,PH_000268,Phone,2025-01-15 14:05:46,2025-01-15 14:05:46,1,1.0,
PER_000043,Person,USES_PHONE,PH_000286,Phone,2025-11-04 18:04:40,2025-11-04 18:04:40,1,1.0,
PER_000043,Person,USES_PHONE,PH_000295,Phone,2025-02-27 13:35:08,2025-02-27 13:35:08,1,1.0,
PER_000044,Person,USES_PHONE,PH_000044,Phone,2025-01-17 05:48:00,2025-12-17 20:40:01,9,9.0,
PER_000044,Person,USES_PHONE,PH_000250,Phone,2025-03-06 11:53:34,2025-12-18 11:08:21,10,10.0,
PER_000045,Person,USES_PHONE,PH_000108,Phone,2025-02-03 05:44:41,2025-02-03 05:44:41,1,1.0,
PER_000045,Person,USES_PHONE,PH_000115,Phone,2025-01-30 07:04:19,2025-01-30 07:04:19,1,1.0,
PER_000045,Person,USES_PHONE,PH_000122,Phone,2025-04-24 16:14:37,2025-04-24 16:14:37,1,1.0,
PER_000045,Person,USES_PHONE,PH_000136,Phone,2025-06-10 07:12:20,2025-09-03 17:58:57,2,2.0,
PER_000045,Person,USES_PHONE,PH_000140,Phone,2025-09-09 12:59:11,2025-09-09 12:59:11,1,1.0,
PER_000045,Person,USES_PHONE,PH_000144,Phone,2025-04-16 06:58:52,2025-04-16 06:58:52,1,1.0,
PER_000045,Person,USES_PHONE,PH_000164,Phone,2025-06-09 04:37:22,2025-06-09 04:37:22,1,1.0,
PER_000045,Person,USES_PHONE,PH_000169,Phone,2025-01-11 08:54:21,2025-09-04 13:57:05,5,5.0,
PER_000045,Person,USES_PHONE,PH_000185,Phone,2025-01-11 16:06:52,2025-01-11 16:06:52,1,1.0,
PER_000045,Person,USES_PHONE,PH_000210,Phone,2025-03-04 21:54:44,2025-03-04 21:54:44,1,1.0,
PER_000045,Person,USES_PHONE,PH_000249,Phone,2025-03-11 09:45:55,2025-03-11 09:45:55,1,1.0,
PER_000045,Person,USES_PHONE,PH_000269,Phone,2025-10-09 16:26:52,2025-10-09 16:26:52,1,1.0,
PER_000045,Person,USES_PHONE,PH_000273,Phone,2025-01-01 10:27:40,2025-01-01 10:27:40,1,1.0,
PER_000046,Person,USES_PHONE,PH_000046,Phone,2025-01-08 17:36:20,2025-12-14 16:28:50,26,26.0,
PER_000047,Person,USES_PHONE,PH_000047,Phone,2025-05-08 09:02:47,2025-12-31 09:19:52,11,11.0,
PER_000047,Person,USES_PHONE,PH_000120,Phone,2025-01-03 16:50:16,2025-11-27 15:31:50,9,9.0,
PER_000048,Person,USES_PHONE,PH_000048,Phone,2025-01-06 14:34:11,2025-11-20 20:00:39,9,9.0,
PER_000048,Person,USES_PHONE,PH_000172,Phone,2025-04-22 20:05:23,2025-12-27 10:04:38,9,9.0,
PER_000049,Person,USES_PHONE,PH_000104,Phone,2025-12-10 16:37:55,2025-12-10 16:37:55,1,1.0,
PER_000049,Person,USES_PHONE,PH_000106,Phone,2025-06-24 16:37:05,2025-06-24 16:37:05,1,1.0,
PER_000049,Person,USES_PHONE,PH_000148,Phone,2025-07-07 13:21:18,2025-09-28 09:39:12,2,2.0,
PER_000049,Person,USES_PHONE,PH_000151,Phone,2025-07-24 10:23:00,2025-09-21 16:30:56,2,2.0,
PER_000049,Person,USES_PHONE,PH_000154,Phone,2025-03-15 05:30:04,2025-11-05 21:36:16,5,5.0,
PER_000049,Person,USES_PHONE,PH_000155,Phone,2025-06-27 10:11:22,2025-06-27 10:11:22,1,1.0,
PER_000049,Person,USES_PHONE,PH_000171,Phone,2025-06-20 10:03:16,2025-06-20 10:03:16,1,1.0,
PER_000049,Person,USES_PHONE,PH_000187,Phone,2025-05-21 09:08:55,2025-06-13 17:59:51,2,2.0,
PER_000049,Person,USES_PHONE,PH_000190,Phone,2025-03-14 10:12:57,2025-10-27 14:02:58,3,3.0,
PER_000049,Person,USES_PHONE,PH_000197,Phone,2025-02-05 05:43:59,2025-08-08 11:22:22,2,2.0,
PER_000049,Person,USES_PHONE,PH_000216,Phone,2025-07-06 16:14:00,2025-07-06 16:14:00,1,1.0,
PER_000049,Person,USES_PHONE,PH_000258,Phone,2025-07-12 06:01:12,2025-07-12 06:01:12,1,1.0,
PER_000049,Person,USES_PHONE,PH_000276,Phone,2025-03-11 13:42:22,2025-12-01 11:59:06,3,3.0,
PER_000049,Person,USES_PHONE,PH_000284,Phone,2025-08-02 05:05:20,2025-08-02 05:05:20,1,1.0,
PER_000049,Person,USES_PHONE,PH_000293,Phone,2025-08-13 05:03:36,2025-10-29 07:23:49,2,2.0,
PER_000050,Person,USES_PHONE,PH_000050,Phone,2025-02-02 16:38:55,2025-12-09 05:20:38,32,32.0,
PER_000050,Person,USES_PHONE,PH_000117,Phone,2025-01-28 14:36:40,2025-12-31 13:04:14,35,35.0,
PER_000050,Person,USES_PHONE,PH_000248,Phone,2025-01-05 16:51:35,2025-12-06 04:08:24,31,31.0,
PER_000050,Person,USES_PHONE,PH_000261,Phone,2025-01-12 21:08:27,2025-12-27 09:00:10,28,28.0,
PER_000051,Person,USES_PHONE,PH_000051,Phone,2025-02-20 09:40:44,2025-10-23 18:22:47,5,5.0,
PER_000051,Person,USES_PHONE,PH_000124,Phone,2025-05-21 16:00:36,2025-09-25 14:41:34,3,3.0,
PER_000051,Person,USES_PHONE,PH_000246,Phone,2025-01-29 10:45:31,2025-07-16 10:45:27,6,6.0,
PER_000051,Person,USES_PHONE,PH_000275,Phone,2025-02-24 15:40:38,2025-11-12 18:41:25,7,7.0,
PER_000052,Person,USES_PHONE,PH_000052,Phone,2025-03-19 09:12:08,2025-12-18 15:39:01,8,8.0,
PER_000052,Person,USES_PHONE,PH_000105,Phone,2025-01-24 19:44:01,2025-03-09 10:12:22,4,4.0,
PER_000052,Person,USES_PHONE,PH_000163,Phone,2025-01-30 15:56:41,2025-11-29 13:50:24,5,5.0,
PER_000053,Person,USES_PHONE,PH_000053,Phone,2025-08-13 10:34:23,2025-08-13 10:34:23,1,1.0,
PER_000053,Person,USES_PHONE,PH_000220,Phone,2025-02-15 12:01:24,2025-12-27 17:17:22,8,8.0,
PER_000053,Person,USES_PHONE,PH_000259,Phone,2025-02-24 18:21:57,2025-09-24 18:19:36,5,5.0,
PER_000054,Person,USES_PHONE,PH_000054,Phone,2025-03-06 16:01:50,2025-12-20 10:21:38,8,8.0,
PER_000054,Person,USES_PHONE,PH_000222,Phone,2025-01-13 19:52:22,2025-10-24 07:12:03,8,8.0,
PER_000055,Person,USES_PHONE,PH_000055,Phone,2025-03-02 06:19:44,2025-10-24 19:20:32,8,8.0,
PER_000055,Person,USES_PHONE,PH_000191,Phone,2025-01-01 08:03:59,2025-12-29 13:21:08,16,16.0,
PER_000056,Person,USES_PHONE,PH_000056,Phone,2025-01-22 10:34:12,2025-12-31 10:49:43,11,11.0,
PER_000056,Person,USES_PHONE,PH_000253,Phone,2025-01-11 09:50:54,2025-12-29 09:04:41,10,10.0,
PER_000057,Person,USES_PHONE,PH_000057,Phone,2025-01-02 22:23:16,2025-12-26 13:38:30,12,12.0,
PER_000057,Person,USES_PHONE,PH_000270,Phone,2025-01-31 06:29:18,2025-07-25 09:13:56,7,7.0,
PER_000058,Person,USES_PHONE,PH_000058,Phone,2025-01-19 13:17:48,2025-12-03 07:14:09,12,12.0,
PER_000058,Person,USES_PHONE,PH_000252,Phone,2025-05-06 16:26:12,2025-12-12 11:05:20,6,6.0,
PER_000059,Person,USES_PHONE,PH_000059,Phone,2025-01-06 11:23:03,2025-12-08 13:46:29,43,43.0,
PER_000059,Person,USES_PHONE,PH_000137,Phone,2025-01-04 05:39:57,2025-12-23 18:30:18,54,54.0,
PER_000059,Person,USES_PHONE,PH_000158,Phone,2025-01-02 21:15:04,2025-12-31 19:03:26,50,50.0,
PER_000059,Person,USES_PHONE,PH_000180,Phone,2025-01-01 12:21:59,2025-12-23 16:39:05,48,48.0,
PER_000060,Person,USES_PHONE,PH_000060,Phone,2025-01-07 13:20:13,2025-12-23 14:15:03,27,27.0,
PER_000061,Person,USES_PHONE,PH_000061,Phone,2025-01-14 22:32:47,2025-12-05 15:50:54,12,12.0,
PER_000061,Person,USES_PHONE,PH_000239,Phone,2025-03-16 09:36:02,2025-12-07 07:54:48,15,15.0,
PER_000062,Person,USES_PHONE,PH_000062,Phone,2025-01-24 21:43:09,2025-12-20 19:44:53,48,48.0,
PER_000062,Person,USES_PHONE,PH_000152,Phone,2025-01-05 15:47:47,2025-12-31 12:54:20,54,54.0,
PER_000062,Person,USES_PHONE,PH_000213,Phone,2025-01-02 13:32:41,2025-12-27 03:33:40,71,71.0,
PER_000063,Person,USES_PHONE,PH_000063,Phone,2025-07-10 02:35:04,2025-07-12 23:55:52,140,140.0,
PER_000064,Person,USES_PHONE,PH_000064,Phone,2025-12-06 09:58:11,2025-12-06 09:58:11,1,1.0,
PER_000064,Person,USES_PHONE,PH_000101,Phone,2025-01-09 19:30:01,2025-11-26 22:17:18,15,15.0,
PER_000064,Person,USES_PHONE,PH_000111,Phone,2025-03-29 11:21:09,2025-11-07 21:48:03,6,6.0,
PER_000064,Person,USES_PHONE,PH_000267,Phone,2025-01-18 17:12:07,2025-12-23 00:16:36,10,10.0,
PER_000065,Person,USES_PHONE,PH_000065,Phone,2025-01-07 08:46:21,2025-12-06 13:50:24,12,12.0,
PER_000065,Person,USES_PHONE,PH_000159,Phone,2025-02-16 12:13:47,2025-10-14 22:39:20,12,12.0,
PER_000066,Person,USES_PHONE,PH_000066,Phone,2025-01-05 17:19:54,2025-12-19 21:52:30,9,9.0,
PER_000066,Person,USES_PHONE,PH_000123,Phone,2025-01-12 19:37:36,2025-12-01 13:29:28,8,8.0,
PER_000066,Person,USES_PHONE,PH_000125,Phone,2025-02-04 15:30:32,2025-12-25 17:24:38,8,8.0,
PER_000067,Person,USES_PHONE,PH_000067,Phone,2025-02-13 07:21:20,2025-12-23 20:34:14,13,13.0,
PER_000067,Person,USES_PHONE,PH_000200,Phone,2025-01-08 15:23:48,2025-09-17 18:27:35,7,7.0,
PER_000068,Person,USES_PHONE,PH_000068,Phone,2025-03-18 18:17:01,2025-12-25 21:50:28,8,8.0,
PER_000068,Person,USES_PHONE,PH_000208,Phone,2025-03-11 16:21:32,2025-11-28 08:33:22,9,9.0,
PER_000069,Person,USES_PHONE,PH_000069,Phone,2025-01-10 03:17:50,2025-12-04 12:23:48,8,8.0,
PER_000069,Person,USES_PHONE,PH_000173,Phone,2025-01-04 12:31:53,2025-09-27 17:41:27,4,4.0,
PER_000069,Person,USES_PHONE,PH_000217,Phone,2025-04-09 17:16:26,2025-10-19 14:38:48,10,10.0,
PER_000070,Person,USES_PHONE,PH_000070,Phone,2025-02-15 14:22:54,2025-11-14 06:26:24,6,6.0,
PER_000070,Person,USES_PHONE,PH_000188,Phone,2025-01-20 14:47:27,2025-12-10 21:00:41,9,9.0,
PER_000070,Person,USES_PHONE,PH_000227,Phone,2025-02-26 07:13:43,2025-09-01 07:30:18,5,5.0,
PER_000071,Person,USES_PHONE,PH_000071,Phone,2025-01-10 09:40:45,2025-12-29 09:52:38,30,30.0,
PER_000072,Person,USES_PHONE,PH_000072,Phone,2025-07-10 01:03:15,2025-07-12 23:14:51,131,131.0,
PER_000073,Person,USES_PHONE,PH_000073,Phone,2025-01-17 18:13:35,2025-12-26 19:56:05,43,43.0,
PER_000073,Person,USES_PHONE,PH_000116,Phone,2025-01-01 14:03:11,2025-12-31 19:44:17,35,35.0,
PER_000073,Person,USES_PHONE,PH_000162,Phone,2025-01-06 13:07:21,2025-12-14 19:10:35,31,31.0,
PER_000073,Person,USES_PHONE,PH_000175,Phone,2025-02-04 12:01:32,2025-12-18 14:53:29,34,34.0,
PER_000073,Person,USES_PHONE,PH_000244,Phone,2025-01-01 15:33:20,2025-12-22 03:14:13,51,51.0,
PER_000074,Person,USES_PHONE,PH_000074,Phone,2025-01-30 19:05:51,2025-11-16 20:36:48,11,11.0,
PER_000074,Person,USES_PHONE,PH_000274,Phone,2025-02-04 17:38:40,2025-12-14 19:50:54,9,9.0,
PER_000075,Person,USES_PHONE,PH_000075,Phone,2025-03-14 15:33:19,2025-12-10 18:15:08,9,9.0,
PER_000075,Person,USES_PHONE,PH_000127,Phone,2025-01-02 13:11:36,2025-11-19 06:26:17,6,6.0,
PER_000075,Person,USES_PHONE,PH_000281,Phone,2025-04-06 19:36:59,2025-10-18 11:26:20,4,4.0,
PER_000075,Person,USES_PHONE,PH_000287,Phone,2025-03-19 09:22:12,2025-11-22 05:27:28,6,6.0,
PER_000076,Person,USES_PHONE,PH_000130,Phone,2025-05-15 05:39:35,2025-10-29 17:25:24,3,3.0,
PER_000076,Person,USES_PHONE,PH_000143,Phone,2025-04-21 18:21:39,2025-04-21 18:21:39,1,1.0,
PER_000076,Person,USES_PHONE,PH_000147,Phone,2025-09-11 16:03:12,2025-09-11 16:03:12,1,1.0,
PER_000076,Person,USES_PHONE,PH_000157,Phone,2025-08-13 15:53:04,2025-09-24 20:05:42,2,2.0,
PER_000076,Person,USES_PHONE,PH_000168,Phone,2025-01-05 12:11:23,2025-04-26 07:40:45,2,2.0,
PER_000076,Person,USES_PHONE,PH_000219,Phone,2025-04-13 19:16:42,2025-10-30 16:20:28,3,3.0,
PER_000076,Person,USES_PHONE,PH_000260,Phone,2025-07-21 18:51:56,2025-07-21 18:51:56,1,1.0,
PER_000077,Person,USES_PHONE,PH_000077,Phone,2025-02-09 20:46:42,2025-12-05 09:41:10,12,12.0,
PER_000077,Person,USES_PHONE,PH_000271,Phone,2025-01-13 08:35:23,2025-12-14 21:48:43,11,11.0,
PER_000078,Person,USES_PHONE,PH_000078,Phone,2025-07-10 00:12:36,2025-07-12 23:50:04,132,132.0,
PER_000079,Person,USES_PHONE,PH_000079,Phone,2025-01-06 13:41:59,2025-12-25 08:22:33,20,20.0,
PER_000080,Person,USES_PHONE,PH_000080,Phone,2025-01-13 06:48:53,2025-11-19 12:53:22,10,10.0,
PER_000080,Person,USES_PHONE,PH_000118,Phone,2025-01-06 11:17:59,2025-10-25 07:50:19,8,8.0,
PER_000081,Person,USES_PHONE,PH_000081,Phone,2025-05-01 15:57:38,2025-12-19 12:35:54,6,6.0,
PER_000081,Person,USES_PHONE,PH_000202,Phone,2025-01-07 14:27:26,2025-12-09 13:53:38,8,8.0,
PER_000082,Person,USES_PHONE,PH_000082,Phone,2025-03-08 12:24:42,2025-10-31 07:00:55,8,8.0,
PER_000082,Person,USES_PHONE,PH_000149,Phone,2025-01-27 11:31:03,2025-09-26 13:21:55,6,6.0,
PER_000082,Person,USES_PHONE,PH_000170,Phone,2025-03-17 14:42:09,2025-10-02 13:56:44,7,7.0,
PER_000083,Person,USES_PHONE,PH_000083,Phone,2025-01-22 08:17:32,2025-11-17 18:19:39,10,10.0,
PER_000083,Person,USES_PHONE,PH_000186,Phone,2025-01-02 13:25:12,2025-10-07 04:20:54,7,7.0,
PER_000083,Person,USES_PHONE,PH_000203,Phone,2025-01-31 19:39:30,2025-11-05 07:43:50,13,13.0,
PER_000084,Person,USES_PHONE,PH_000084,Phone,2025-01-14 16:17:16,2025-10-10 06:32:55,8,8.0,
PER_000084,Person,USES_PHONE,PH_000224,Phone,2025-03-13 11:33:54,2025-07-22 06:39:51,4,4.0,
PER_000084,Person,USES_PHONE,PH_000238,Phone,2025-01-01 21:45:34,2025-11-20 14:03:06,8,8.0,
PER_000085,Person,USES_PHONE,PH_000085,Phone,2025-01-05 12:27:04,2025-11-19 18:51:42,32,32.0,
PER_000086,Person,USES_PHONE,PH_000086,Phone,2025-03-18 18:05:49,2025-12-08 11:58:20,6,6.0,
PER_000086,Person,USES_PHONE,PH_000231,Phone,2025-04-01 14:50:11,2025-12-22 16:30:51,5,5.0,
PER_000087,Person,USES_PHONE,PH_000087,Phone,2025-01-01 12:58:02,2025-12-15 12:18:50,65,65.0,
PER_000087,Person,USES_PHONE,PH_000294,Phone,2025-01-05 20:22:16,2025-12-28 05:25:09,57,57.0,
PER_000088,Person,USES_PHONE,PH_000088,Phone,2025-03-03 09:46:14,2025-12-29 15:30:49,19,19.0,
PER_000089,Person,USES_PHONE,PH_000089,Phone,2025-01-18 13:17:13,2025-10-16 22:47:02,17,17.0,
PER_000089,Person,USES_PHONE,PH_000282,Phone,2025-01-20 22:25:56,2025-12-19 15:38:09,12,12.0,
PER_000090,Person,USES_PHONE,PH_000090,Phone,2025-01-27 16:00:30,2025-12-14 12:27:52,16,16.0,
PER_000091,Person,USES_PHONE,PH_000091,Phone,2025-05-03 15:19:57,2025-05-03 15:19:57,1,1.0,
PER_000091,Person,USES_PHONE,PH_000192,Phone,2025-11-08 08:18:09,2025-11-08 08:18:09,1,1.0,
PER_000091,Person,USES_PHONE,PH_000215,Phone,2025-06-12 04:50:11,2025-06-12 04:50:11,1,1.0,
PER_000091,Person,USES_PHONE,PH_000232,Phone,2025-06-03 12:16:57,2025-06-03 12:16:57,1,1.0,
PER_000091,Person,USES_PHONE,PH_000235,Phone,2025-02-14 15:54:38,2025-09-23 04:54:22,3,3.0,
PER_000091,Person,USES_PHONE,PH_000257,Phone,2025-07-01 06:19:53,2025-07-01 06:19:53,1,1.0,
PER_000091,Person,USES_PHONE,PH_000277,Phone,2025-10-13 15:18:09,2025-12-02 10:50:49,2,2.0,
PER_000091,Person,USES_PHONE,PH_000285,Phone,2025-09-07 06:03:15,2025-10-20 11:40:50,2,2.0,
PER_000091,Person,USES_PHONE,PH_000296,Phone,2025-01-31 15:49:48,2025-10-06 13:15:06,2,2.0,
PER_000092,Person,USES_PHONE,PH_000092,Phone,2025-02-26 03:31:24,2025-10-30 15:43:38,8,8.0,
PER_000092,Person,USES_PHONE,PH_000161,Phone,2025-01-29 12:12:34,2025-11-27 14:14:18,7,7.0,
PER_000093,Person,USES_PHONE,PH_000093,Phone,2025-01-03 03:43:02,2025-12-28 11:33:31,28,28.0,
PER_000093,Person,USES_PHONE,PH_000138,Phone,2025-01-08 10:12:43,2025-12-25 18:17:44,29,29.0,
PER_000093,Person,USES_PHONE,PH_000142,Phone,2025-01-07 16:50:44,2025-12-25 18:53:49,33,33.0,
PER_000093,Person,USES_PHONE,PH_000225,Phone,2025-01-01 19:03:26,2025-12-25 19:02:48,36,36.0,
PER_000093,Person,USES_PHONE,PH_000262,Phone,2025-01-01 08:48:18,2025-12-30 02:11:59,42,42.0,
PER_000094,Person,USES_PHONE,PH_000094,Phone,2025-01-01 15:06:21,2025-12-28 09:42:35,5,5.0,
PER_000094,Person,USES_PHONE,PH_000198,Phone,2025-01-09 16:41:04,2025-12-25 02:15:54,18,18.0,
PER_000095,Person,USES_PHONE,PH_000095,Phone,2025-01-05 16:55:39,2025-12-23 13:44:22,14,14.0,
PER_000096,Person,USES_PHONE,PH_000096,Phone,2025-02-22 11:52:37,2025-12-25 09:05:36,9,9.0,
PER_000096,Person,USES_PHONE,PH_000146,Phone,2025-02-15 19:02:06,2025-11-18 03:07:26,14,14.0,
PER_000097,Person,USES_PHONE,PH_000097,Phone,2025-01-13 10:14:19,2025-12-22 17:41:28,18,18.0,
PER_000098,Person,USES_PHONE,PH_000098,Phone,2025-01-24 12:53:22,2025-12-30 11:16:07,26,26.0,
PER_000099,Person,USES_PHONE,PH_000099,Phone,2025-05-01 00:02:38,2025-05-01 23:32:45,36,36.0,
PER_000099,Person,USES_PHONE,PH_000194,Phone,2025-05-01 00:18:25,2025-05-01 23:42:17,47,47.0,
PER_000099,Person,USES_PHONE,PH_000254,Phone,2025-05-01 00:15:05,2025-05-01 23:49:22,40,40.0,
PER_000099,Person,USES_PHONE,PH_000288,Phone,2025-05-01 00:00:55,2025-05-01 23:51:55,38,38.0,
PER_000100,Person,USES_PHONE,PH_000100,Phone,2025-05-01 21:53:57,2025-12-19 17:56:35,7,7.0,
PER_000100,Person,USES_PHONE,PH_000251,Phone,2025-01-19 19:03:44,2025-12-18 21:41:39,12,12.0,
PER_000001,Person,USES_DEVICE,DEV_000003,Device,2025-11-16 21:24:23,2025-11-16 21:24:23,1,1.0,
PER_000001,Person,USES_DEVICE,DEV_000004,Device,2025-01-25 10:34:39,2025-08-07 03:56:44,3,3.0,
PER_000001,Person,USES_DEVICE,DEV_000007,Device,2025-03-28 15:38:47,2025-12-31 12:14:21,4,4.0,
PER_000001,Person,USES_DEVICE,DEV_000008,Device,2025-01-25 14:15:12,2025-09-09 20:17:57,4,4.0,
PER_000001,Person,USES_DEVICE,DEV_000009,Device,2025-11-16 10:44:12,2025-11-16 10:44:12,1,1.0,
PER_000001,Person,USES_DEVICE,DEV_000011,Device,2025-11-15 17:22:19,2025-11-15 17:22:19,1,1.0,
PER_000001,Person,USES_DEVICE,DEV_000012,Device,2025-03-28 06:56:13,2025-10-06 12:20:55,2,2.0,
PER_000001,Person,USES_DEVICE,DEV_000013,Device,2025-12-20 15:37:53,2025-12-20 15:37:53,1,1.0,
PER_000001,Person,USES_DEVICE,DEV_000014,Device,2025-08-13 17:05:22,2025-09-22 11:21:37,2,2.0,
PER_000001,Person,USES_DEVICE,DEV_000015,Device,2025-03-14 06:50:49,2025-03-14 06:50:49,1,1.0,
PER_000001,Person,USES_DEVICE,DEV_000016,Device,2025-09-24 05:36:49,2025-09-24 05:36:49,1,1.0,
PER_000001,Person,USES_DEVICE,DEV_000017,Device,2025-02-08 05:29:53,2025-03-21 14:35:46,2,2.0,
PER_000001,Person,USES_DEVICE,DEV_000018,Device,2025-01-13 19:34:05,2025-03-20 12:34:24,2,2.0,
PER_000001,Person,USES_DEVICE,DEV_000019,Device,2025-01-07 06:42:29,2025-05-11 10:28:09,4,4.0,
PER_000001,Person,USES_DEVICE,DEV_000020,Device,2025-02-10 10:58:33,2025-12-24 19:11:36,2,2.0,
PER_000001,Person,USES_DEVICE,DEV_000021,Device,2025-12-09 08:02:51,2025-12-11 16:34:18,2,2.0,
PER_000001,Person,USES_DEVICE,DEV_000022,Device,2025-01-12 18:42:44,2025-12-19 16:53:33,2,2.0,
PER_000001,Person,USES_DEVICE,DEV_000023,Device,2025-01-16 15:04:06,2025-07-06 07:24:58,4,4.0,
PER_000001,Person,USES_DEVICE,DEV_000026,Device,2025-01-23 11:43:37,2025-01-23 11:43:37,1,1.0,
PER_000001,Person,USES_DEVICE,DEV_000027,Device,2025-08-05 06:05:09,2025-08-05 06:05:09,1,1.0,
PER_000001,Person,USES_DEVICE,DEV_000031,Device,2025-01-05 21:29:07,2025-12-02 19:45:38,4,4.0,
PER_000001,Person,USES_DEVICE,DEV_000032,Device,2025-07-31 12:46:10,2025-07-31 12:46:10,1,1.0,
PER_000001,Person,USES_DEVICE,DEV_000033,Device,2025-04-11 11:57:40,2025-04-11 11:57:40,1,1.0,
PER_000001,Person,USES_DEVICE,DEV_000034,Device,2025-04-16 19:32:39,2025-07-29 14:06:14,2,2.0,
PER_000001,Person,USES_DEVICE,DEV_000035,Device,2025-11-14 19:28:57,2025-11-21 09:14:58,2,2.0,
PER_000001,Person,USES_DEVICE,DEV_000036,Device,2025-07-01 10:40:28,2025-11-07 13:40:25,3,3.0,
PER_000001,Person,USES_DEVICE,DEV_000037,Device,2025-02-11 10:47:52,2025-09-12 16:16:32,2,2.0,
PER_000001,Person,USES_DEVICE,DEV_000040,Device,2025-02-23 02:07:54,2025-10-28 16:42:00,3,3.0,
PER_000001,Person,USES_DEVICE,DEV_000041,Device,2025-01-25 05:41:36,2025-06-11 04:29:35,3,3.0,
PER_000001,Person,USES_DEVICE,DEV_000042,Device,2025-05-07 19:14:40,2025-05-07 19:14:40,1,1.0,
PER_000001,Person,USES_DEVICE,DEV_000043,Device,2025-01-15 19:44:56,2025-03-18 20:00:40,3,3.0,
PER_000001,Person,USES_DEVICE,DEV_000044,Device,2025-10-18 17:57:48,2025-10-18 17:57:48,1,1.0,
PER_000001,Person,USES_DEVICE,DEV_000045,Device,2025-01-22 19:35:40,2025-05-26 21:46:53,3,3.0,
PER_000001,Person,USES_DEVICE,DEV_000046,Device,2025-05-18 05:15:01,2025-06-26 13:21:33,2,2.0,
PER_000001,Person,USES_DEVICE,DEV_000047,Device,2025-11-26 07:23:30,2025-11-26 07:23:30,1,1.0,
PER_000001,Person,USES_DEVICE,DEV_000052,Device,2025-04-21 07:37:15,2025-06-22 07:46:30,2,2.0,
PER_000001,Person,USES_DEVICE,DEV_000053,Device,2025-09-03 17:40:54,2025-11-19 11:10:03,2,2.0,
PER_000001,Person,USES_DEVICE,DEV_000054,Device,2025-03-04 05:59:42,2025-06-07 21:46:10,3,3.0,
PER_000001,Person,USES_DEVICE,DEV_000055,Device,2025-06-03 12:59:56,2025-10-03 19:56:41,2,2.0,
PER_000001,Person,USES_DEVICE,DEV_000057,Device,2025-03-19 03:05:43,2025-06-16 14:26:24,2,2.0,
PER_000001,Person,USES_DEVICE,DEV_000058,Device,2025-09-16 07:37:21,2025-09-16 07:37:21,1,1.0,
PER_000001,Person,USES_DEVICE,DEV_000059,Device,2025-05-17 16:02:31,2025-05-17 16:02:31,1,1.0,
PER_000001,Person,USES_DEVICE,DEV_000060,Device,2025-03-31 22:34:17,2025-03-31 22:34:17,1,1.0,
PER_000001,Person,USES_DEVICE,DEV_000062,Device,2025-03-06 17:51:03,2025-03-06 17:51:03,1,1.0,
PER_000001,Person,USES_DEVICE,DEV_000063,Device,2025-05-29 11:07:40,2025-05-29 11:07:40,1,1.0,
PER_000001,Person,USES_DEVICE,DEV_000064,Device,2025-03-22 08:18:01,2025-07-15 11:10:41,4,4.0,
PER_000001,Person,USES_DEVICE,DEV_000066,Device,2025-03-03 11:40:08,2025-07-31 20:07:51,2,2.0,
PER_000001,Person,USES_DEVICE,DEV_000067,Device,2025-04-05 20:16:17,2025-09-02 21:39:38,4,4.0,
PER_000001,Person,USES_DEVICE,DEV_000069,Device,2025-02-21 21:11:18,2025-08-11 08:31:58,3,3.0,
PER_000001,Person,USES_DEVICE,DEV_000070,Device,2025-09-21 13:13:06,2025-09-21 13:13:06,1,1.0,
PER_000001,Person,USES_DEVICE,DEV_000072,Device,2025-05-30 13:16:09,2025-10-09 08:42:38,4,4.0,
PER_000001,Person,USES_DEVICE,DEV_000073,Device,2025-06-26 12:12:50,2025-06-26 12:12:50,1,1.0,
PER_000001,Person,USES_DEVICE,DEV_000074,Device,2025-10-31 15:59:12,2025-10-31 15:59:12,1,1.0,
PER_000001,Person,USES_DEVICE,DEV_000075,Device,2025-04-15 09:17:19,2025-11-21 08:15:26,2,2.0,
PER_000001,Person,USES_DEVICE,DEV_000077,Device,2025-11-12 23:17:38,2025-11-12 23:17:38,1,1.0,
PER_000001,Person,USES_DEVICE,DEV_000078,Device,2025-07-25 08:16:59,2025-10-28 10:20:25,2,2.0,
PER_000001,Person,USES_DEVICE,DEV_000080,Device,2025-04-12 14:31:29,2025-12-05 11:13:47,5,5.0,
PER_000001,Person,USES_DEVICE,DEV_000081,Device,2025-07-10 18:04:35,2025-12-11 06:49:29,2,2.0,
PER_000001,Person,USES_DEVICE,DEV_000082,Device,2025-04-26 06:20:31,2025-12-25 22:22:50,4,4.0,
PER_000001,Person,USES_DEVICE,DEV_000083,Device,2025-04-28 11:25:41,2025-06-24 02:44:09,2,2.0,
PER_000001,Person,USES_DEVICE,DEV_000084,Device,2025-06-13 04:10:58,2025-06-13 04:10:58,1,1.0,
PER_000001,Person,USES_DEVICE,DEV_000085,Device,2025-07-10 14:03:44,2025-07-10 14:03:44,1,1.0,
PER_000001,Person,USES_DEVICE,DEV_000086,Device,2025-01-05 07:23:37,2025-03-14 13:49:31,2,2.0,
PER_000001,Person,USES_DEVICE,DEV_000087,Device,2025-03-02 06:13:51,2025-06-30 07:25:12,3,3.0,
PER_000001,Person,USES_DEVICE,DEV_000088,Device,2025-10-09 12:42:10,2025-11-18 06:16:53,2,2.0,
PER_000001,Person,USES_DEVICE,DEV_000089,Device,2025-08-22 15:24:08,2025-12-31 21:38:34,2,2.0,
PER_000001,Person,USES_DEVICE,DEV_000091,Device,2025-12-08 17:30:36,2025-12-08 17:30:36,1,1.0,
PER_000001,Person,USES_DEVICE,DEV_000092,Device,2025-09-07 21:58:31,2025-12-10 15:00:16,2,2.0,
PER_000001,Person,USES_DEVICE,DEV_000093,Device,2025-10-12 11:47:23,2025-10-12 11:47:23,1,1.0,
PER_000001,Person,USES_DEVICE,DEV_000096,Device,2025-02-10 09:32:30,2025-09-23 18:24:15,2,2.0,
PER_000001,Person,USES_DEVICE,DEV_000097,Device,2025-04-28 16:37:21,2025-04-28 16:37:21,1,1.0,
PER_000001,Person,USES_DEVICE,DEV_000098,Device,2025-05-10 15:34:51,2025-12-20 06:48:28,2,2.0,
PER_000001,Person,USES_DEVICE,DEV_000099,Device,2025-01-02 09:36:03,2025-12-09 11:20:14,4,4.0,
PER_000001,Person,USES_DEVICE,DEV_000100,Device,2025-01-14 16:36:57,2025-01-24 16:11:28,2,2.0,
PER_000001,Person,USES_DEVICE,DEV_000101,Device,2025-02-23 08:33:13,2025-12-02 17:39:36,4,4.0,
PER_000001,Person,USES_DEVICE,DEV_000102,Device,2025-03-15 14:40:38,2025-03-15 14:40:38,1,1.0,
PER_000001,Person,USES_DEVICE,DEV_000103,Device,2025-04-20 21:55:46,2025-04-20 21:55:46,1,1.0,
PER_000001,Person,USES_DEVICE,DEV_000104,Device,2025-02-08 08:45:15,2025-02-28 14:59:55,2,2.0,
PER_000001,Person,USES_DEVICE,DEV_000105,Device,2025-06-28 07:15:35,2025-06-28 07:15:35,1,1.0,
PER_000001,Person,USES_DEVICE,DEV_000106,Device,2025-01-11 09:08:49,2025-01-11 09:08:49,1,1.0,
PER_000001,Person,USES_DEVICE,DEV_000107,Device,2025-02-24 20:36:45,2025-03-08 10:33:34,2,2.0,
PER_000001,Person,USES_DEVICE,DEV_000108,Device,2025-01-25 15:35:59,2025-04-14 12:05:04,2,2.0,
PER_000001,Person,USES_DEVICE,DEV_000109,Device,2025-02-20 08:00:58,2025-02-20 08:00:58,1,1.0,
PER_000001,Person,USES_DEVICE,DEV_000111,Device,2025-09-18 12:27:28,2025-09-18 12:27:28,1,1.0,
PER_000001,Person,USES_DEVICE,DEV_000112,Device,2025-05-10 11:30:02,2025-07-27 20:05:19,2,2.0,
PER_000001,Person,USES_DEVICE,DEV_000113,Device,2025-10-15 15:56:31,2025-10-15 15:56:31,1,1.0,
PER_000001,Person,USES_DEVICE,DEV_000115,Device,2025-05-09 18:49:28,2025-10-25 19:08:56,2,2.0,
PER_000001,Person,USES_DEVICE,DEV_000116,Device,2025-01-18 18:49:32,2025-11-01 06:26:42,4,4.0,
PER_000001,Person,USES_DEVICE,DEV_000118,Device,2025-02-20 19:18:38,2025-11-03 13:50:33,3,3.0,
PER_000001,Person,USES_DEVICE,DEV_000119,Device,2025-02-27 15:05:17,2025-09-09 19:11:29,3,3.0,
PER_000001,Person,USES_DEVICE,DEV_000120,Device,2025-07-27 08:47:21,2025-07-27 08:47:21,1,1.0,
PER_000002,Person,USES_DEVICE,DEV_000001,Device,2025-09-20 20:57:12,2025-09-20 20:57:12,1,1.0,
PER_000002,Person,USES_DEVICE,DEV_000003,Device,2025-02-02 13:05:50,2025-09-05 06:41:28,3,3.0,
PER_000002,Person,USES_DEVICE,DEV_000004,Device,2025-11-21 20:00:16,2025-11-21 20:00:16,1,1.0,
PER_000002,Person,USES_DEVICE,DEV_000007,Device,2025-01-21 13:13:18,2025-01-21 13:13:18,1,1.0,
PER_000002,Person,USES_DEVICE,DEV_000008,Device,2025-10-28 13:42:43,2025-10-28 13:42:43,1,1.0,
PER_000002,Person,USES_DEVICE,DEV_000009,Device,2025-03-26 17:13:15,2025-03-26 17:13:15,1,1.0,
PER_000002,Person,USES_DEVICE,DEV_000013,Device,2025-08-08 11:51:04,2025-08-18 15:24:43,2,2.0,
PER_000002,Person,USES_DEVICE,DEV_000014,Device,2025-11-01 10:22:14,2025-11-01 10:22:14,1,1.0,
PER_000002,Person,USES_DEVICE,DEV_000015,Device,2025-02-25 16:07:17,2025-02-25 16:07:17,1,1.0,
PER_000002,Person,USES_DEVICE,DEV_000017,Device,2025-09-13 13:46:45,2025-09-13 13:46:45,1,1.0,
PER_000002,Person,USES_DEVICE,DEV_000019,Device,2025-06-26 04:26:18,2025-12-21 08:28:55,3,3.0,
PER_000002,Person,USES_DEVICE,DEV_000021,Device,2025-03-07 17:11:04,2025-11-11 12:23:00,3,3.0,
PER_000002,Person,USES_DEVICE,DEV_000023,Device,2025-03-24 10:54:11,2025-03-24 10:54:11,1,1.0,
PER_000002,Person,USES_DEVICE,DEV_000024,Device,2025-12-11 20:46:50,2025-12-11 20:46:50,1,1.0,
PER_000002,Person,USES_DEVICE,DEV_000026,Device,2025-04-06 08:25:22,2025-04-06 08:25:22,1,1.0,
PER_000002,Person,USES_DEVICE,DEV_000027,Device,2025-03-29 21:10:05,2025-03-29 21:10:05,1,1.0,
PER_000002,Person,USES_DEVICE,DEV_000028,Device,2025-08-04 09:12:15,2025-09-03 09:04:46,2,2.0,
PER_000002,Person,USES_DEVICE,DEV_000029,Device,2025-08-13 14:35:14,2025-12-02 14:11:57,3,3.0,
PER_000002,Person,USES_DEVICE,DEV_000030,Device,2025-09-03 11:36:17,2025-09-03 11:36:17,1,1.0,
PER_000002,Person,USES_DEVICE,DEV_000031,Device,2025-04-22 12:08:22,2025-11-07 06:34:56,3,3.0,
PER_000002,Person,USES_DEVICE,DEV_000032,Device,2025-04-25 10:53:31,2025-04-25 10:53:31,1,1.0,
PER_000002,Person,USES_DEVICE,DEV_000033,Device,2025-05-08 15:18:11,2025-05-23 10:44:00,3,3.0,
PER_000002,Person,USES_DEVICE,DEV_000034,Device,2025-08-21 22:45:19,2025-11-20 06:45:43,2,2.0,
PER_000002,Person,USES_DEVICE,DEV_000035,Device,2025-07-19 13:28:57,2025-07-19 13:28:57,1,1.0,
PER_000002,Person,USES_DEVICE,DEV_000037,Device,2025-01-10 09:41:50,2025-01-10 09:41:50,1,1.0,
PER_000002,Person,USES_DEVICE,DEV_000039,Device,2025-03-16 18:16:44,2025-09-03 14:47:54,5,5.0,
PER_000002,Person,USES_DEVICE,DEV_000041,Device,2025-07-19 07:40:31,2025-07-19 07:40:31,1,1.0,
PER_000002,Person,USES_DEVICE,DEV_000042,Device,2025-02-23 14:41:54,2025-02-23 14:41:54,1,1.0,
PER_000002,Person,USES_DEVICE,DEV_000044,Device,2025-05-28 04:02:56,2025-05-28 04:02:56,1,1.0,
PER_000002,Person,USES_DEVICE,DEV_000045,Device,2025-01-04 18:03:15,2025-01-04 18:03:15,1,1.0,
PER_000002,Person,USES_DEVICE,DEV_000048,Device,2025-07-26 10:28:33,2025-07-26 10:28:33,1,1.0,
PER_000002,Person,USES_DEVICE,DEV_000049,Device,2025-01-14 06:04:40,2025-01-14 06:04:40,1,1.0,
PER_000002,Person,USES_DEVICE,DEV_000052,Device,2025-05-11 09:37:51,2025-05-11 09:37:51,1,1.0,
PER_000002,Person,USES_DEVICE,DEV_000054,Device,2025-01-12 14:21:27,2025-11-25 15:17:31,5,5.0,
PER_000002,Person,USES_DEVICE,DEV_000055,Device,2025-09-17 15:18:40,2025-09-17 15:18:40,1,1.0,
PER_000002,Person,USES_DEVICE,DEV_000056,Device,2025-02-12 16:00:03,2025-02-12 16:00:03,1,1.0,
PER_000002,Person,USES_DEVICE,DEV_000057,Device,2025-08-17 16:37:52,2025-08-17 16:37:52,1,1.0,
PER_000002,Person,USES_DEVICE,DEV_000058,Device,2025-02-10 07:23:29,2025-02-10 07:23:29,1,1.0,
PER_000002,Person,USES_DEVICE,DEV_000063,Device,2025-01-26 10:07:48,2025-12-14 19:48:14,2,2.0,
PER_000002,Person,USES_DEVICE,DEV_000064,Device,2025-06-07 20:05:44,2025-06-07 20:05:44,1,1.0,
PER_000002,Person,USES_DEVICE,DEV_000066,Device,2025-09-18 17:33:54,2025-09-18 17:33:54,1,1.0,
PER_000002,Person,USES_DEVICE,DEV_000068,Device,2025-06-14 14:19:46,2025-12-12 10:22:49,2,2.0,
PER_000002,Person,USES_DEVICE,DEV_000069,Device,2025-09-19 13:32:21,2025-12-06 13:46:32,2,2.0,
PER_000002,Person,USES_DEVICE,DEV_000070,Device,2025-05-31 05:21:13,2025-05-31 05:21:13,1,1.0,
PER_000002,Person,USES_DEVICE,DEV_000071,Device,2025-09-28 11:20:38,2025-09-28 11:20:38,1,1.0,
PER_000002,Person,USES_DEVICE,DEV_000072,Device,2025-11-24 09:47:17,2025-11-24 09:47:17,1,1.0,
PER_000002,Person,USES_DEVICE,DEV_000077,Device,2025-08-11 09:29:01,2025-11-15 10:49:28,2,2.0,
PER_000002,Person,USES_DEVICE,DEV_000078,Device,2025-06-27 13:10:48,2025-11-12 17:37:06,2,2.0,
PER_000002,Person,USES_DEVICE,DEV_000079,Device,2025-08-07 18:09:49,2025-08-07 18:09:49,1,1.0,
PER_000002,Person,USES_DEVICE,DEV_000080,Device,2025-03-24 14:00:25,2025-03-24 14:00:25,1,1.0,
PER_000002,Person,USES_DEVICE,DEV_000081,Device,2025-05-28 16:13:37,2025-05-28 16:13:37,1,1.0,
PER_000002,Person,USES_DEVICE,DEV_000082,Device,2025-02-24 22:44:43,2025-08-17 21:08:45,3,3.0,
PER_000002,Person,USES_DEVICE,DEV_000083,Device,2025-01-23 16:08:46,2025-01-23 16:08:46,1,1.0,
PER_000002,Person,USES_DEVICE,DEV_000084,Device,2025-06-07 09:21:02,2025-06-07 09:21:02,1,1.0,
PER_000002,Person,USES_DEVICE,DEV_000085,Device,2025-05-06 09:08:19,2025-05-06 09:08:19,1,1.0,
PER_000002,Person,USES_DEVICE,DEV_000087,Device,2025-10-07 06:57:12,2025-10-07 06:57:12,1,1.0,
PER_000002,Person,USES_DEVICE,DEV_000088,Device,2025-01-08 08:18:28,2025-01-08 08:18:28,1,1.0,
PER_000002,Person,USES_DEVICE,DEV_000089,Device,2025-05-21 16:05:13,2025-05-26 06:25:50,2,2.0,
PER_000002,Person,USES_DEVICE,DEV_000090,Device,2025-07-06 18:01:19,2025-11-09 14:38:55,2,2.0,
PER_000002,Person,USES_DEVICE,DEV_000091,Device,2025-04-09 06:25:40,2025-04-09 06:25:40,1,1.0,
PER_000002,Person,USES_DEVICE,DEV_000092,Device,2025-04-25 10:50:37,2025-04-25 10:50:37,1,1.0,
PER_000002,Person,USES_DEVICE,DEV_000093,Device,2025-03-20 14:15:08,2025-03-20 14:15:08,1,1.0,
PER_000002,Person,USES_DEVICE,DEV_000094,Device,2025-01-21 12:03:17,2025-07-22 11:51:10,3,3.0,
PER_000002,Person,USES_DEVICE,DEV_000096,Device,2025-11-23 07:50:04,2025-11-23 07:50:04,1,1.0,
PER_000002,Person,USES_DEVICE,DEV_000098,Device,2025-03-10 12:49:01,2025-03-10 12:49:01,1,1.0,
PER_000002,Person,USES_DEVICE,DEV_000099,Device,2025-04-09 15:51:37,2025-07-06 12:22:42,2,2.0,
PER_000002,Person,USES_DEVICE,DEV_000105,Device,2025-01-28 07:24:14,2025-06-08 21:53:41,2,2.0,
PER_000002,Person,USES_DEVICE,DEV_000107,Device,2025-12-15 09:51:54,2025-12-15 09:51:54,1,1.0,
PER_000002,Person,USES_DEVICE,DEV_000108,Device,2025-07-12 08:01:54,2025-07-12 08:01:54,1,1.0,
PER_000002,Person,USES_DEVICE,DEV_000109,Device,2025-06-30 10:39:31,2025-06-30 10:39:31,1,1.0,
PER_000002,Person,USES_DEVICE,DEV_000112,Device,2025-10-10 05:56:33,2025-10-10 05:56:33,1,1.0,
PER_000002,Person,USES_DEVICE,DEV_000120,Device,2025-04-02 17:16:10,2025-04-02 17:16:10,1,1.0,
PER_000003,Person,USES_DEVICE,DEV_000001,Device,2025-07-03 18:51:57,2025-07-03 18:51:57,1,1.0,
PER_000003,Person,USES_DEVICE,DEV_000003,Device,2025-11-22 04:08:47,2025-11-22 04:08:47,1,1.0,
PER_000003,Person,USES_DEVICE,DEV_000008,Device,2025-05-16 10:42:38,2025-05-16 10:42:38,1,1.0,
PER_000003,Person,USES_DEVICE,DEV_000014,Device,2025-11-11 09:43:56,2025-11-11 09:43:56,1,1.0,
PER_000003,Person,USES_DEVICE,DEV_000017,Device,2025-08-09 08:05:08,2025-08-09 08:05:08,1,1.0,
PER_000003,Person,USES_DEVICE,DEV_000028,Device,2025-08-02 10:14:56,2025-08-02 10:14:56,1,1.0,
PER_000003,Person,USES_DEVICE,DEV_000045,Device,2025-08-02 19:43:34,2025-08-02 19:43:34,1,1.0,
PER_000003,Person,USES_DEVICE,DEV_000048,Device,2025-09-25 10:17:06,2025-09-25 10:17:06,1,1.0,
PER_000003,Person,USES_DEVICE,DEV_000054,Device,2025-04-29 18:42:28,2025-04-29 18:42:28,1,1.0,
PER_000003,Person,USES_DEVICE,DEV_000056,Device,2025-01-01 16:32:54,2025-01-01 16:32:54,1,1.0,
PER_000003,Person,USES_DEVICE,DEV_000067,Device,2025-10-10 14:27:26,2025-10-10 14:27:26,1,1.0,
PER_000003,Person,USES_DEVICE,DEV_000076,Device,2025-07-24 05:05:09,2025-07-24 05:05:09,1,1.0,
PER_000003,Person,USES_DEVICE,DEV_000080,Device,2025-12-26 09:53:32,2025-12-26 09:53:32,1,1.0,
PER_000003,Person,USES_DEVICE,DEV_000083,Device,2025-12-04 11:44:17,2025-12-04 11:44:17,1,1.0,
PER_000003,Person,USES_DEVICE,DEV_000084,Device,2025-11-11 03:01:13,2025-11-11 03:01:13,1,1.0,
PER_000003,Person,USES_DEVICE,DEV_000088,Device,2025-05-17 14:46:24,2025-05-17 14:46:24,1,1.0,
PER_000003,Person,USES_DEVICE,DEV_000089,Device,2025-02-25 08:21:29,2025-02-25 08:21:29,1,1.0,
PER_000003,Person,USES_DEVICE,DEV_000091,Device,2025-11-29 16:24:14,2025-11-29 16:24:14,1,1.0,
PER_000003,Person,USES_DEVICE,DEV_000092,Device,2025-11-25 11:39:04,2025-11-25 11:39:04,1,1.0,
PER_000003,Person,USES_DEVICE,DEV_000098,Device,2025-12-30 15:10:50,2025-12-30 15:10:50,1,1.0,
PER_000003,Person,USES_DEVICE,DEV_000101,Device,2025-08-17 12:45:15,2025-08-17 12:45:15,1,1.0,
PER_000003,Person,USES_DEVICE,DEV_000114,Device,2025-02-14 11:16:16,2025-02-14 11:16:16,1,1.0,
PER_000004,Person,USES_DEVICE,DEV_000004,Device,2025-06-06 09:21:16,2025-06-06 09:21:16,1,1.0,
PER_000004,Person,USES_DEVICE,DEV_000005,Device,2025-02-13 11:42:36,2025-02-13 11:42:36,1,1.0,
PER_000004,Person,USES_DEVICE,DEV_000007,Device,2025-06-02 13:29:33,2025-06-02 13:29:33,1,1.0,
PER_000004,Person,USES_DEVICE,DEV_000019,Device,2025-08-29 11:34:18,2025-08-29 11:34:18,1,1.0,
PER_000004,Person,USES_DEVICE,DEV_000026,Device,2025-02-26 16:58:02,2025-07-06 17:31:13,2,2.0,
PER_000004,Person,USES_DEVICE,DEV_000034,Device,2025-09-26 09:48:05,2025-10-01 18:35:46,2,2.0,
PER_000004,Person,USES_DEVICE,DEV_000051,Device,2025-02-27 15:55:26,2025-06-30 16:10:44,2,2.0,
PER_000004,Person,USES_DEVICE,DEV_000076,Device,2025-02-17 14:58:42,2025-09-22 05:58:59,3,3.0,
PER_000004,Person,USES_DEVICE,DEV_000094,Device,2025-02-20 08:18:58,2025-10-24 15:42:25,2,2.0,
PER_000004,Person,USES_DEVICE,DEV_000098,Device,2025-07-20 07:13:11,2025-07-20 07:13:11,1,1.0,
PER_000004,Person,USES_DEVICE,DEV_000101,Device,2025-01-20 18:51:47,2025-01-20 18:51:47,1,1.0,
PER_000004,Person,USES_DEVICE,DEV_000104,Device,2025-03-22 04:55:23,2025-03-22 04:55:23,1,1.0,
PER_000004,Person,USES_DEVICE,DEV_000106,Device,2025-07-30 15:44:15,2025-07-30 15:44:15,1,1.0,
PER_000004,Person,USES_DEVICE,DEV_000108,Device,2025-05-21 13:26:36,2025-10-18 17:36:09,2,2.0,
PER_000004,Person,USES_DEVICE,DEV_000109,Device,2025-04-17 05:19:18,2025-04-17 05:19:18,1,1.0,
PER_000004,Person,USES_DEVICE,DEV_000112,Device,2025-03-20 12:15:11,2025-03-20 12:15:11,1,1.0,
PER_000005,Person,USES_DEVICE,DEV_000007,Device,2025-11-22 15:23:38,2025-11-22 15:23:38,1,1.0,
PER_000005,Person,USES_DEVICE,DEV_000009,Device,2025-09-08 23:01:11,2025-09-08 23:01:11,1,1.0,
PER_000005,Person,USES_DEVICE,DEV_000012,Device,2025-08-23 18:41:07,2025-08-23 18:41:07,1,1.0,
PER_000005,Person,USES_DEVICE,DEV_000014,Device,2025-01-18 01:12:58,2025-01-18 01:12:58,1,1.0,
PER_000005,Person,USES_DEVICE,DEV_000020,Device,2025-08-31 06:42:24,2025-10-15 12:35:49,2,2.0,
PER_000005,Person,USES_DEVICE,DEV_000022,Device,2025-04-17 18:29:46,2025-04-17 18:29:46,1,1.0,
PER_000005,Person,USES_DEVICE,DEV_000024,Device,2025-11-20 11:03:50,2025-11-20 11:03:50,1,1.0,
PER_000005,Person,USES_DEVICE,DEV_000051,Device,2025-01-06 08:19:35,2025-01-06 08:19:35,1,1.0,
PER_000005,Person,USES_DEVICE,DEV_000064,Device,2025-11-27 11:29:14,2025-11-27 11:29:14,1,1.0,
PER_000005,Person,USES_DEVICE,DEV_000065,Device,2025-01-30 20:13:52,2025-01-30 20:13:52,1,1.0,
PER_000005,Person,USES_DEVICE,DEV_000069,Device,2025-06-26 12:09:23,2025-06-26 12:09:23,1,1.0,
PER_000005,Person,USES_DEVICE,DEV_000075,Device,2025-12-04 10:10:22,2025-12-04 10:10:22,1,1.0,
PER_000005,Person,USES_DEVICE,DEV_000091,Device,2025-01-15 22:39:57,2025-01-15 22:39:57,1,1.0,
PER_000005,Person,USES_DEVICE,DEV_000093,Device,2025-02-16 15:44:23,2025-02-16 15:44:23,1,1.0,
PER_000005,Person,USES_DEVICE,DEV_000095,Device,2025-06-09 17:28:25,2025-06-09 17:28:25,1,1.0,
PER_000005,Person,USES_DEVICE,DEV_000098,Device,2025-03-10 05:18:52,2025-03-10 05:18:52,1,1.0,
PER_000005,Person,USES_DEVICE,DEV_000103,Device,2025-07-09 14:57:27,2025-07-09 14:57:27,1,1.0,
PER_000005,Person,USES_DEVICE,DEV_000108,Device,2025-04-23 03:23:17,2025-04-23 03:23:17,1,1.0,
PER_000005,Person,USES_DEVICE,DEV_000111,Device,2025-06-01 07:48:45,2025-06-01 07:48:45,1,1.0,
PER_000005,Person,USES_DEVICE,DEV_000114,Device,2025-06-15 16:36:48,2025-06-15 16:36:48,1,1.0,
PER_000005,Person,USES_DEVICE,DEV_000118,Device,2025-07-15 08:05:49,2025-07-15 08:05:49,1,1.0,
PER_000006,Person,USES_DEVICE,DEV_000003,Device,2025-03-30 05:36:57,2025-03-30 05:36:57,1,1.0,
PER_000006,Person,USES_DEVICE,DEV_000007,Device,2025-11-02 15:23:30,2025-11-02 15:23:30,1,1.0,
PER_000006,Person,USES_DEVICE,DEV_000011,Device,2025-04-30 02:44:25,2025-04-30 02:44:25,1,1.0,
PER_000006,Person,USES_DEVICE,DEV_000015,Device,2025-10-18 21:24:58,2025-10-18 21:24:58,1,1.0,
PER_000006,Person,USES_DEVICE,DEV_000020,Device,2025-11-04 19:21:27,2025-11-04 19:21:27,1,1.0,
PER_000006,Person,USES_DEVICE,DEV_000036,Device,2025-10-29 10:57:32,2025-10-29 10:57:32,1,1.0,
PER_000006,Person,USES_DEVICE,DEV_000041,Device,2025-04-07 06:49:13,2025-04-07 06:49:13,1,1.0,
PER_000006,Person,USES_DEVICE,DEV_000042,Device,2025-09-20 12:06:52,2025-09-20 12:06:52,1,1.0,
PER_000006,Person,USES_DEVICE,DEV_000051,Device,2025-09-16 13:02:27,2025-09-16 13:02:27,1,1.0,
PER_000006,Person,USES_DEVICE,DEV_000057,Device,2025-06-30 19:36:26,2025-06-30 19:36:26,1,1.0,
PER_000006,Person,USES_DEVICE,DEV_000062,Device,2025-01-06 15:26:42,2025-01-06 15:26:42,1,1.0,
PER_000006,Person,USES_DEVICE,DEV_000072,Device,2025-06-14 08:18:38,2025-06-14 08:18:38,1,1.0,
PER_000006,Person,USES_DEVICE,DEV_000073,Device,2025-02-01 21:30:55,2025-02-01 21:30:55,1,1.0,
PER_000006,Person,USES_DEVICE,DEV_000076,Device,2025-12-22 10:12:38,2025-12-22 10:12:38,1,1.0,
PER_000006,Person,USES_DEVICE,DEV_000100,Device,2025-02-05 10:56:29,2025-02-05 10:56:29,1,1.0,
PER_000006,Person,USES_DEVICE,DEV_000101,Device,2025-12-23 19:13:55,2025-12-23 19:13:55,1,1.0,
PER_000006,Person,USES_DEVICE,DEV_000106,Device,2025-04-05 09:17:16,2025-04-05 09:17:16,1,1.0,
PER_000006,Person,USES_DEVICE,DEV_000109,Device,2025-09-20 17:39:50,2025-09-20 17:39:50,1,1.0,
PER_000006,Person,USES_DEVICE,DEV_000114,Device,2025-04-10 11:00:27,2025-04-10 11:00:27,1,1.0,
PER_000006,Person,USES_DEVICE,DEV_000115,Device,2025-04-26 06:21:42,2025-04-26 06:21:42,1,1.0,
PER_000007,Person,USES_DEVICE,DEV_000002,Device,2025-06-20 08:29:46,2025-08-31 12:00:03,2,2.0,
PER_000007,Person,USES_DEVICE,DEV_000009,Device,2025-07-03 08:01:22,2025-07-03 08:01:22,1,1.0,
PER_000007,Person,USES_DEVICE,DEV_000013,Device,2025-05-25 15:15:54,2025-05-25 15:15:54,1,1.0,
PER_000007,Person,USES_DEVICE,DEV_000016,Device,2025-01-23 19:37:22,2025-01-23 19:37:22,1,1.0,
PER_000007,Person,USES_DEVICE,DEV_000019,Device,2025-11-25 16:35:41,2025-11-25 16:35:41,1,1.0,
PER_000007,Person,USES_DEVICE,DEV_000023,Device,2025-10-27 11:32:19,2025-10-27 11:32:19,1,1.0,
PER_000007,Person,USES_DEVICE,DEV_000026,Device,2025-01-11 15:30:51,2025-01-11 15:30:51,1,1.0,
PER_000007,Person,USES_DEVICE,DEV_000029,Device,2025-02-24 15:50:43,2025-02-24 15:50:43,1,1.0,
PER_000007,Person,USES_DEVICE,DEV_000030,Device,2025-02-06 17:41:35,2025-02-06 17:41:35,1,1.0,
PER_000007,Person,USES_DEVICE,DEV_000039,Device,2025-05-09 09:38:58,2025-07-28 21:23:39,2,2.0,
PER_000007,Person,USES_DEVICE,DEV_000055,Device,2025-09-19 10:04:35,2025-09-19 10:04:35,1,1.0,
PER_000007,Person,USES_DEVICE,DEV_000075,Device,2025-10-24 13:44:26,2025-10-24 13:44:26,1,1.0,
PER_000007,Person,USES_DEVICE,DEV_000080,Device,2025-04-22 13:02:26,2025-04-22 13:02:26,1,1.0,
PER_000007,Person,USES_DEVICE,DEV_000086,Device,2025-03-12 09:22:56,2025-03-12 09:22:56,1,1.0,
PER_000007,Person,USES_DEVICE,DEV_000087,Device,2025-06-21 17:50:37,2025-06-21 17:50:37,1,1.0,
PER_000007,Person,USES_DEVICE,DEV_000104,Device,2025-09-17 12:32:00,2025-09-17 12:32:00,1,1.0,
PER_000007,Person,USES_DEVICE,DEV_000105,Device,2025-04-16 18:22:47,2025-04-16 18:22:47,1,1.0,
PER_000007,Person,USES_DEVICE,DEV_000110,Device,2025-10-23 15:48:36,2025-10-23 15:48:36,1,1.0,
PER_000007,Person,USES_DEVICE,DEV_000115,Device,2025-07-08 09:45:58,2025-07-08 09:45:58,1,1.0,
PER_000008,Person,USES_DEVICE,DEV_000001,Device,2025-03-04 16:37:12,2025-03-04 16:37:12,1,1.0,
PER_000008,Person,USES_DEVICE,DEV_000004,Device,2025-04-04 15:14:21,2025-04-04 15:14:21,1,1.0,
PER_000008,Person,USES_DEVICE,DEV_000009,Device,2025-01-29 19:19:39,2025-01-29 19:19:39,1,1.0,
PER_000008,Person,USES_DEVICE,DEV_000017,Device,2025-11-25 10:48:37,2025-11-25 10:48:37,1,1.0,
PER_000008,Person,USES_DEVICE,DEV_000019,Device,2025-02-26 17:04:21,2025-11-11 09:54:52,2,2.0,
PER_000008,Person,USES_DEVICE,DEV_000021,Device,2025-09-29 12:22:49,2025-09-29 12:22:49,1,1.0,
PER_000008,Person,USES_DEVICE,DEV_000029,Device,2025-05-27 07:03:18,2025-05-27 07:03:18,1,1.0,
PER_000008,Person,USES_DEVICE,DEV_000038,Device,2025-05-01 07:59:32,2025-05-01 07:59:32,1,1.0,
PER_000008,Person,USES_DEVICE,DEV_000042,Device,2025-04-20 19:24:33,2025-06-28 15:50:38,2,2.0,
PER_000008,Person,USES_DEVICE,DEV_000047,Device,2025-02-03 22:37:37,2025-02-03 22:37:37,1,1.0,
PER_000008,Person,USES_DEVICE,DEV_000054,Device,2025-07-27 02:52:27,2025-07-27 02:52:27,1,1.0,
PER_000008,Person,USES_DEVICE,DEV_000076,Device,2025-01-26 10:09:07,2025-01-26 10:09:07,1,1.0,
PER_000008,Person,USES_DEVICE,DEV_000079,Device,2025-01-15 12:42:26,2025-01-15 12:42:26,1,1.0,
PER_000008,Person,USES_DEVICE,DEV_000084,Device,2025-02-19 16:54:34,2025-02-19 16:54:34,1,1.0,
PER_000008,Person,USES_DEVICE,DEV_000093,Device,2025-06-01 12:26:25,2025-06-01 12:26:25,1,1.0,
PER_000008,Person,USES_DEVICE,DEV_000107,Device,2025-05-10 09:26:19,2025-12-08 06:04:29,2,2.0,
PER_000009,Person,USES_DEVICE,DEV_000002,Device,2025-07-04 14:12:26,2025-10-06 14:36:24,2,2.0,
PER_000009,Person,USES_DEVICE,DEV_000012,Device,2025-01-12 18:39:53,2025-01-12 18:39:53,1,1.0,
PER_000009,Person,USES_DEVICE,DEV_000018,Device,2025-01-26 21:03:55,2025-04-27 21:42:11,2,2.0,
PER_000009,Person,USES_DEVICE,DEV_000019,Device,2025-02-14 03:53:02,2025-02-14 03:53:02,1,1.0,
PER_000009,Person,USES_DEVICE,DEV_000022,Device,2025-01-30 09:23:33,2025-01-30 09:23:33,1,1.0,
PER_000009,Person,USES_DEVICE,DEV_000026,Device,2025-08-06 08:47:17,2025-08-06 08:47:17,1,1.0,
PER_000009,Person,USES_DEVICE,DEV_000028,Device,2025-06-22 17:25:56,2025-06-22 17:25:56,1,1.0,
PER_000009,Person,USES_DEVICE,DEV_000036,Device,2025-09-28 14:16:40,2025-09-28 14:16:40,1,1.0,
PER_000009,Person,USES_DEVICE,DEV_000042,Device,2025-02-25 09:43:52,2025-02-25 09:43:52,1,1.0,
PER_000009,Person,USES_DEVICE,DEV_000077,Device,2025-03-29 15:43:20,2025-03-29 15:43:20,1,1.0,
PER_000009,Person,USES_DEVICE,DEV_000082,Device,2025-05-02 13:59:49,2025-05-02 13:59:49,1,1.0,
PER_000009,Person,USES_DEVICE,DEV_000086,Device,2025-06-29 11:07:31,2025-06-29 11:07:31,1,1.0,
PER_000009,Person,USES_DEVICE,DEV_000087,Device,2025-07-12 10:29:40,2025-07-12 10:29:40,1,1.0,
PER_000009,Person,USES_DEVICE,DEV_000089,Device,2025-02-13 15:00:54,2025-09-12 03:19:45,2,2.0,
PER_000009,Person,USES_DEVICE,DEV_000090,Device,2025-01-15 17:04:28,2025-01-15 17:04:28,1,1.0,
PER_000009,Person,USES_DEVICE,DEV_000092,Device,2025-09-09 12:47:32,2025-10-19 08:16:57,2,2.0,
PER_000009,Person,USES_DEVICE,DEV_000093,Device,2025-11-26 14:52:09,2025-11-26 14:52:09,1,1.0,
PER_000009,Person,USES_DEVICE,DEV_000097,Device,2025-11-05 14:42:53,2025-11-05 14:42:53,1,1.0,
PER_000009,Person,USES_DEVICE,DEV_000099,Device,2025-07-20 09:01:05,2025-07-20 09:01:05,1,1.0,
PER_000009,Person,USES_DEVICE,DEV_000112,Device,2025-10-26 12:26:40,2025-10-26 12:26:40,1,1.0,
PER_000010,Person,USES_DEVICE,DEV_000002,Device,2025-04-28 06:56:15,2025-04-28 06:56:15,1,1.0,
PER_000010,Person,USES_DEVICE,DEV_000004,Device,2025-04-24 18:14:02,2025-04-24 18:14:02,1,1.0,
PER_000010,Person,USES_DEVICE,DEV_000016,Device,2025-06-24 16:41:13,2025-06-24 16:41:13,1,1.0,
PER_000010,Person,USES_DEVICE,DEV_000026,Device,2025-07-27 13:40:41,2025-07-27 13:40:41,1,1.0,
PER_000010,Person,USES_DEVICE,DEV_000029,Device,2025-09-25 15:07:46,2025-09-25 15:07:46,1,1.0,
PER_000010,Person,USES_DEVICE,DEV_000035,Device,2025-10-22 16:45:04,2025-10-22 16:45:04,1,1.0,
PER_000010,Person,USES_DEVICE,DEV_000050,Device,2025-09-11 17:23:33,2025-09-11 17:23:33,1,1.0,
PER_000010,Person,USES_DEVICE,DEV_000054,Device,2025-07-02 13:23:08,2025-07-02 13:23:08,1,1.0,
PER_000010,Person,USES_DEVICE,DEV_000060,Device,2025-03-25 12:31:20,2025-03-25 12:31:20,1,1.0,
PER_000010,Person,USES_DEVICE,DEV_000070,Device,2025-10-06 13:19:17,2025-10-06 13:19:17,1,1.0,
PER_000010,Person,USES_DEVICE,DEV_000075,Device,2025-02-02 06:07:06,2025-02-02 06:07:06,1,1.0,
PER_000010,Person,USES_DEVICE,DEV_000076,Device,2025-05-09 09:46:38,2025-05-09 09:46:38,1,1.0,
PER_000010,Person,USES_DEVICE,DEV_000079,Device,2025-10-07 14:56:40,2025-10-07 14:56:40,1,1.0,
PER_000010,Person,USES_DEVICE,DEV_000088,Device,2025-05-12 03:04:40,2025-05-12 03:04:40,1,1.0,
PER_000010,Person,USES_DEVICE,DEV_000103,Device,2025-02-08 15:43:59,2025-02-08 15:43:59,1,1.0,
PER_000010,Person,USES_DEVICE,DEV_000110,Device,2025-10-06 14:19:23,2025-10-06 14:19:23,1,1.0,
PER_000010,Person,USES_DEVICE,DEV_000118,Device,2025-03-11 15:45:30,2025-03-11 15:45:30,1,1.0,
PER_000011,Person,USES_DEVICE,DEV_000016,Device,2025-09-20 16:29:19,2025-09-20 16:29:19,1,1.0,
PER_000011,Person,USES_DEVICE,DEV_000019,Device,2025-12-04 08:00:13,2025-12-04 08:00:13,1,1.0,
PER_000011,Person,USES_DEVICE,DEV_000023,Device,2025-07-20 17:10:35,2025-10-22 09:30:41,2,2.0,
PER_000011,Person,USES_DEVICE,DEV_000027,Device,2025-12-18 16:51:59,2025-12-18 16:51:59,1,1.0,
PER_000011,Person,USES_DEVICE,DEV_000029,Device,2025-04-26 20:07:24,2025-04-26 20:07:24,1,1.0,
PER_000011,Person,USES_DEVICE,DEV_000038,Device,2025-03-15 12:42:39,2025-03-15 12:42:39,1,1.0,
PER_000011,Person,USES_DEVICE,DEV_000041,Device,2025-08-03 17:44:41,2025-08-03 17:44:41,1,1.0,
PER_000011,Person,USES_DEVICE,DEV_000048,Device,2025-12-26 21:39:35,2025-12-26 21:39:35,1,1.0,
PER_000011,Person,USES_DEVICE,DEV_000052,Device,2025-04-30 12:57:34,2025-04-30 12:57:34,1,1.0,
PER_000011,Person,USES_DEVICE,DEV_000053,Device,2025-12-16 12:44:48,2025-12-16 12:44:48,1,1.0,
PER_000011,Person,USES_DEVICE,DEV_000056,Device,2025-04-29 19:13:07,2025-04-29 19:13:07,1,1.0,
PER_000011,Person,USES_DEVICE,DEV_000064,Device,2025-09-12 19:46:10,2025-09-12 19:46:10,1,1.0,
PER_000011,Person,USES_DEVICE,DEV_000070,Device,2025-06-22 01:40:07,2025-06-22 01:40:07,1,1.0,
PER_000011,Person,USES_DEVICE,DEV_000077,Device,2025-10-19 15:02:44,2025-10-19 15:02:44,1,1.0,
PER_000011,Person,USES_DEVICE,DEV_000080,Device,2025-05-25 15:14:49,2025-05-25 15:14:49,1,1.0,
PER_000011,Person,USES_DEVICE,DEV_000096,Device,2025-11-15 04:39:28,2025-11-15 04:39:28,1,1.0,
PER_000011,Person,USES_DEVICE,DEV_000105,Device,2025-01-20 15:56:39,2025-06-12 16:23:42,2,2.0,
PER_000011,Person,USES_DEVICE,DEV_000114,Device,2025-04-10 14:28:56,2025-04-10 14:28:56,1,1.0,
PER_000012,Person,USES_DEVICE,DEV_000002,Device,2025-07-11 00:24:57,2025-07-12 16:40:34,4,4.0,
PER_000012,Person,USES_DEVICE,DEV_000003,Device,2025-07-10 19:48:21,2025-07-12 18:39:39,3,3.0,
PER_000012,Person,USES_DEVICE,DEV_000004,Device,2025-07-11 02:10:30,2025-07-12 20:16:53,2,2.0,
PER_000012,Person,USES_DEVICE,DEV_000005,Device,2025-07-12 15:39:22,2025-07-12 15:39:22,1,1.0,
PER_000012,Person,USES_DEVICE,DEV_000007,Device,2025-07-12 13:04:29,2025-07-12 13:04:29,1,1.0,
PER_000012,Person,USES_DEVICE,DEV_000008,Device,2025-07-11 03:49:42,2025-07-11 03:49:42,1,1.0,
PER_000012,Person,USES_DEVICE,DEV_000009,Device,2025-07-11 06:53:00,2025-07-11 06:53:00,1,1.0,
PER_000012,Person,USES_DEVICE,DEV_000011,Device,2025-07-10 10:26:17,2025-07-12 12:26:55,2,2.0,
PER_000012,Person,USES_DEVICE,DEV_000014,Device,2025-07-10 17:48:46,2025-07-12 08:04:40,3,3.0,
PER_000012,Person,USES_DEVICE,DEV_000016,Device,2025-07-10 13:28:38,2025-07-11 10:13:05,2,2.0,
PER_000012,Person,USES_DEVICE,DEV_000017,Device,2025-07-10 04:08:19,2025-07-10 04:08:19,1,1.0,
PER_000012,Person,USES_DEVICE,DEV_000018,Device,2025-07-10 08:45:42,2025-07-10 08:45:42,1,1.0,
PER_000012,Person,USES_DEVICE,DEV_000019,Device,2025-07-10 18:17:26,2025-07-12 22:26:41,3,3.0,
PER_000012,Person,USES_DEVICE,DEV_000020,Device,2025-07-12 15:09:37,2025-07-12 15:09:37,1,1.0,
PER_000012,Person,USES_DEVICE,DEV_000021,Device,2025-07-11 19:27:23,2025-07-11 19:27:23,1,1.0,
PER_000012,Person,USES_DEVICE,DEV_000022,Device,2025-07-10 03:38:55,2025-07-10 03:38:55,1,1.0,
PER_000012,Person,USES_DEVICE,DEV_000023,Device,2025-07-12 00:16:13,2025-07-12 20:28:43,2,2.0,
PER_000012,Person,USES_DEVICE,DEV_000024,Device,2025-07-10 03:40:34,2025-07-12 07:39:38,3,3.0,
PER_000012,Person,USES_DEVICE,DEV_000027,Device,2025-07-10 03:33:16,2025-07-12 12:00:08,3,3.0,
PER_000012,Person,USES_DEVICE,DEV_000028,Device,2025-07-11 15:45:36,2025-07-12 22:43:49,6,6.0,
PER_000012,Person,USES_DEVICE,DEV_000029,Device,2025-07-11 02:25:11,2025-07-11 02:25:11,1,1.0,
PER_000012,Person,USES_DEVICE,DEV_000030,Device,2025-07-10 15:12:07,2025-07-10 15:12:07,1,1.0,
PER_000012,Person,USES_DEVICE,DEV_000031,Device,2025-07-12 16:53:34,2025-07-12 20:40:44,2,2.0,
PER_000012,Person,USES_DEVICE,DEV_000032,Device,2025-07-11 22:13:08,2025-07-12 17:55:09,2,2.0,
PER_000012,Person,USES_DEVICE,DEV_000034,Device,2025-07-11 12:03:59,2025-07-11 12:03:59,1,1.0,
PER_000012,Person,USES_DEVICE,DEV_000035,Device,2025-07-10 09:42:52,2025-07-10 11:25:27,2,2.0,
PER_000012,Person,USES_DEVICE,DEV_000036,Device,2025-07-11 23:51:24,2025-07-11 23:51:24,1,1.0,
PER_000012,Person,USES_DEVICE,DEV_000038,Device,2025-07-11 02:11:42,2025-07-12 19:38:09,2,2.0,
PER_000012,Person,USES_DEVICE,DEV_000040,Device,2025-07-10 12:39:50,2025-07-11 22:32:26,3,3.0,
PER_000012,Person,USES_DEVICE,DEV_000042,Device,2025-07-10 21:22:58,2025-07-10 21:22:58,1,1.0,
PER_000012,Person,USES_DEVICE,DEV_000043,Device,2025-07-12 15:22:30,2025-07-12 18:21:44,2,2.0,
PER_000012,Person,USES_DEVICE,DEV_000044,Device,2025-07-12 03:33:36,2025-07-12 03:33:36,1,1.0,
PER_000012,Person,USES_DEVICE,DEV_000045,Device,2025-07-11 03:50:52,2025-07-12 04:31:13,2,2.0,
PER_000012,Person,USES_DEVICE,DEV_000046,Device,2025-07-10 02:58:13,2025-07-10 02:58:13,1,1.0,
PER_000012,Person,USES_DEVICE,DEV_000047,Device,2025-07-12 18:43:06,2025-07-12 23:45:27,2,2.0,
PER_000012,Person,USES_DEVICE,DEV_000051,Device,2025-07-12 04:24:09,2025-07-12 04:24:09,1,1.0,
PER_000012,Person,USES_DEVICE,DEV_000052,Device,2025-07-10 04:04:07,2025-07-11 23:26:29,3,3.0,
PER_000012,Person,USES_DEVICE,DEV_000053,Device,2025-07-11 05:47:22,2025-07-11 16:58:02,2,2.0,
PER_000012,Person,USES_DEVICE,DEV_000057,Device,2025-07-12 23:29:18,2025-07-12 23:29:18,1,1.0,
PER_000012,Person,USES_DEVICE,DEV_000058,Device,2025-07-12 02:55:00,2025-07-12 02:55:00,1,1.0,
PER_000012,Person,USES_DEVICE,DEV_000061,Device,2025-07-11 16:51:03,2025-07-11 16:51:03,1,1.0,
PER_000012,Person,USES_DEVICE,DEV_000063,Device,2025-07-10 11:30:00,2025-07-12 01:39:10,2,2.0,
PER_000012,Person,USES_DEVICE,DEV_000064,Device,2025-07-11 23:00:34,2025-07-11 23:00:34,1,1.0,
PER_000012,Person,USES_DEVICE,DEV_000065,Device,2025-07-12 11:52:29,2025-07-12 11:52:29,1,1.0,
PER_000012,Person,USES_DEVICE,DEV_000066,Device,2025-07-11 16:49:51,2025-07-11 16:49:51,1,1.0,
PER_000012,Person,USES_DEVICE,DEV_000067,Device,2025-07-10 11:47:14,2025-07-10 11:47:14,1,1.0,
PER_000012,Person,USES_DEVICE,DEV_000068,Device,2025-07-11 05:22:03,2025-07-11 05:22:03,1,1.0,
PER_000012,Person,USES_DEVICE,DEV_000070,Device,2025-07-12 02:16:23,2025-07-12 02:16:23,1,1.0,
PER_000012,Person,USES_DEVICE,DEV_000074,Device,2025-07-10 20:02:31,2025-07-10 20:02:31,1,1.0,
PER_000012,Person,USES_DEVICE,DEV_000075,Device,2025-07-11 22:38:49,2025-07-11 22:38:49,1,1.0,
PER_000012,Person,USES_DEVICE,DEV_000077,Device,2025-07-10 17:52:45,2025-07-10 17:52:45,1,1.0,
PER_000012,Person,USES_DEVICE,DEV_000079,Device,2025-07-11 06:47:37,2025-07-12 10:06:56,3,3.0,
PER_000012,Person,USES_DEVICE,DEV_000080,Device,2025-07-12 17:58:58,2025-07-12 17:58:58,1,1.0,
PER_000012,Person,USES_DEVICE,DEV_000081,Device,2025-07-11 07:04:31,2025-07-12 00:53:20,2,2.0,
PER_000012,Person,USES_DEVICE,DEV_000084,Device,2025-07-11 20:51:57,2025-07-11 20:51:57,1,1.0,
PER_000012,Person,USES_DEVICE,DEV_000088,Device,2025-07-12 00:36:37,2025-07-12 00:36:37,1,1.0,
PER_000012,Person,USES_DEVICE,DEV_000089,Device,2025-07-11 17:46:18,2025-07-11 17:46:18,1,1.0,
PER_000012,Person,USES_DEVICE,DEV_000090,Device,2025-07-10 16:26:03,2025-07-10 16:26:03,1,1.0,
PER_000012,Person,USES_DEVICE,DEV_000091,Device,2025-07-10 08:10:11,2025-07-11 21:48:20,4,4.0,
PER_000012,Person,USES_DEVICE,DEV_000092,Device,2025-07-10 03:51:33,2025-07-10 23:35:54,2,2.0,
PER_000012,Person,USES_DEVICE,DEV_000093,Device,2025-07-11 19:53:08,2025-07-12 20:14:04,3,3.0,
PER_000012,Person,USES_DEVICE,DEV_000094,Device,2025-07-11 05:43:22,2025-07-11 05:43:22,1,1.0,
PER_000012,Person,USES_DEVICE,DEV_000095,Device,2025-07-11 08:08:35,2025-07-11 14:10:16,2,2.0,
PER_000012,Person,USES_DEVICE,DEV_000097,Device,2025-07-12 22:35:30,2025-07-12 22:35:30,1,1.0,
PER_000012,Person,USES_DEVICE,DEV_000098,Device,2025-07-11 14:19:42,2025-07-11 14:19:42,1,1.0,
PER_000012,Person,USES_DEVICE,DEV_000099,Device,2025-07-12 19:11:19,2025-07-12 19:11:19,1,1.0,
PER_000012,Person,USES_DEVICE,DEV_000100,Device,2025-07-12 20:32:28,2025-07-12 20:32:28,1,1.0,
PER_000012,Person,USES_DEVICE,DEV_000103,Device,2025-07-11 02:50:22,2025-07-11 13:34:07,2,2.0,
PER_000012,Person,USES_DEVICE,DEV_000104,Device,2025-07-12 01:57:43,2025-07-12 22:47:23,3,3.0,
PER_000012,Person,USES_DEVICE,DEV_000106,Device,2025-07-11 17:20:23,2025-07-11 22:47:52,2,2.0,
PER_000012,Person,USES_DEVICE,DEV_000107,Device,2025-07-12 01:22:14,2025-07-12 01:22:14,1,1.0,
PER_000012,Person,USES_DEVICE,DEV_000108,Device,2025-07-10 02:24:35,2025-07-10 02:24:35,1,1.0,
PER_000012,Person,USES_DEVICE,DEV_000109,Device,2025-07-10 16:38:41,2025-07-12 12:17:19,2,2.0,
PER_000012,Person,USES_DEVICE,DEV_000110,Device,2025-07-11 11:00:32,2025-07-11 11:00:32,1,1.0,
PER_000012,Person,USES_DEVICE,DEV_000112,Device,2025-07-10 12:56:31,2025-07-12 23:18:37,4,4.0,
PER_000012,Person,USES_DEVICE,DEV_000114,Device,2025-07-12 11:55:15,2025-07-12 20:55:46,2,2.0,
PER_000012,Person,USES_DEVICE,DEV_000116,Device,2025-07-12 06:47:44,2025-07-12 06:47:44,1,1.0,
PER_000012,Person,USES_DEVICE,DEV_000117,Device,2025-07-10 01:17:36,2025-07-12 12:25:20,3,3.0,
PER_000012,Person,USES_DEVICE,DEV_000118,Device,2025-07-11 21:31:14,2025-07-11 21:31:14,1,1.0,
PER_000012,Person,USES_DEVICE,DEV_000119,Device,2025-07-11 02:38:51,2025-07-11 15:31:27,2,2.0,
PER_000012,Person,USES_DEVICE,DEV_000120,Device,2025-07-12 18:28:40,2025-07-12 18:28:40,1,1.0,
PER_000013,Person,USES_DEVICE,DEV_000006,Device,2025-01-09 16:33:15,2025-01-09 16:33:15,1,1.0,
PER_000013,Person,USES_DEVICE,DEV_000014,Device,2025-05-02 19:35:43,2025-05-02 19:35:43,1,1.0,
PER_000013,Person,USES_DEVICE,DEV_000019,Device,2025-12-02 20:06:31,2025-12-02 20:06:31,1,1.0,
PER_000013,Person,USES_DEVICE,DEV_000041,Device,2025-02-28 06:06:16,2025-02-28 06:06:16,1,1.0,
PER_000013,Person,USES_DEVICE,DEV_000049,Device,2025-01-19 09:57:17,2025-01-19 09:57:17,1,1.0,
PER_000013,Person,USES_DEVICE,DEV_000055,Device,2025-06-22 14:17:04,2025-06-22 14:17:04,1,1.0,
PER_000013,Person,USES_DEVICE,DEV_000060,Device,2025-12-27 22:12:54,2025-12-27 22:12:54,1,1.0,
PER_000013,Person,USES_DEVICE,DEV_000077,Device,2025-03-05 10:10:29,2025-03-05 10:10:29,1,1.0,
PER_000013,Person,USES_DEVICE,DEV_000080,Device,2025-08-28 21:01:56,2025-08-28 21:01:56,1,1.0,
PER_000013,Person,USES_DEVICE,DEV_000097,Device,2025-10-25 19:45:20,2025-11-26 08:38:14,2,2.0,
PER_000013,Person,USES_DEVICE,DEV_000105,Device,2025-11-09 21:10:53,2025-11-09 21:10:53,1,1.0,
PER_000013,Person,USES_DEVICE,DEV_000106,Device,2025-11-09 03:04:09,2025-11-09 03:04:09,1,1.0,
PER_000013,Person,USES_DEVICE,DEV_000117,Device,2025-06-03 13:29:51,2025-06-04 16:37:17,2,2.0,
PER_000013,Person,USES_DEVICE,DEV_000119,Device,2025-03-08 14:41:12,2025-03-08 14:41:12,1,1.0,
PER_000014,Person,USES_DEVICE,DEV_000002,Device,2025-08-09 22:13:47,2025-08-09 22:13:47,1,1.0,
PER_000014,Person,USES_DEVICE,DEV_000004,Device,2025-03-13 11:19:34,2025-06-20 19:21:47,2,2.0,
PER_000014,Person,USES_DEVICE,DEV_000005,Device,2025-09-19 05:23:41,2025-09-19 05:23:41,1,1.0,
PER_000014,Person,USES_DEVICE,DEV_000013,Device,2025-10-01 15:30:56,2025-10-01 15:30:56,1,1.0,
PER_000014,Person,USES_DEVICE,DEV_000015,Device,2025-10-01 10:01:00,2025-10-01 10:01:00,1,1.0,
PER_000014,Person,USES_DEVICE,DEV_000019,Device,2025-08-10 07:56:38,2025-08-10 07:56:38,1,1.0,
PER_000014,Person,USES_DEVICE,DEV_000031,Device,2025-10-25 06:56:17,2025-10-25 06:56:17,1,1.0,
PER_000014,Person,USES_DEVICE,DEV_000032,Device,2025-01-16 10:59:51,2025-08-23 16:05:24,3,3.0,
PER_000014,Person,USES_DEVICE,DEV_000037,Device,2025-08-22 11:17:12,2025-08-22 11:17:12,1,1.0,
PER_000014,Person,USES_DEVICE,DEV_000053,Device,2025-12-20 09:09:45,2025-12-20 09:09:45,1,1.0,
PER_000014,Person,USES_DEVICE,DEV_000055,Device,2025-09-15 15:37:53,2025-09-15 15:37:53,1,1.0,
PER_000014,Person,USES_DEVICE,DEV_000063,Device,2025-06-27 12:43:18,2025-06-27 13:26:21,2,2.0,
PER_000014,Person,USES_DEVICE,DEV_000066,Device,2025-09-06 15:27:30,2025-09-06 15:27:30,1,1.0,
PER_000014,Person,USES_DEVICE,DEV_000067,Device,2025-08-15 09:05:40,2025-08-15 09:05:40,1,1.0,
PER_000014,Person,USES_DEVICE,DEV_000069,Device,2025-10-28 21:16:56,2025-10-28 21:16:56,1,1.0,
PER_000014,Person,USES_DEVICE,DEV_000072,Device,2025-10-12 06:33:54,2025-11-06 14:58:01,2,2.0,
PER_000014,Person,USES_DEVICE,DEV_000075,Device,2025-12-05 06:40:35,2025-12-05 06:40:35,1,1.0,
PER_000014,Person,USES_DEVICE,DEV_000088,Device,2025-05-03 17:33:43,2025-05-03 17:33:43,1,1.0,
PER_000014,Person,USES_DEVICE,DEV_000093,Device,2025-03-21 10:48:22,2025-03-21 10:48:22,1,1.0,
PER_000014,Person,USES_DEVICE,DEV_000100,Device,2025-04-30 20:36:19,2025-04-30 20:36:19,1,1.0,
PER_000014,Person,USES_DEVICE,DEV_000101,Device,2025-08-07 12:08:12,2025-08-07 12:08:12,1,1.0,
PER_000014,Person,USES_DEVICE,DEV_000107,Device,2025-11-27 10:02:17,2025-11-27 10:02:17,1,1.0,
PER_000014,Person,USES_DEVICE,DEV_000110,Device,2025-12-17 18:46:25,2025-12-17 18:46:25,1,1.0,
PER_000014,Person,USES_DEVICE,DEV_000113,Device,2025-10-05 20:50:35,2025-12-10 19:30:37,2,2.0,
PER_000014,Person,USES_DEVICE,DEV_000116,Device,2025-01-15 13:10:59,2025-08-29 15:34:06,2,2.0,
PER_000015,Person,USES_DEVICE,DEV_000004,Device,2025-05-12 07:34:46,2025-05-12 07:34:46,1,1.0,
PER_000015,Person,USES_DEVICE,DEV_000016,Device,2025-03-11 13:30:31,2025-03-11 13:30:31,1,1.0,
PER_000015,Person,USES_DEVICE,DEV_000019,Device,2025-08-21 10:02:34,2025-08-21 10:02:34,1,1.0,
PER_000015,Person,USES_DEVICE,DEV_000020,Device,2025-07-18 06:13:55,2025-07-18 06:13:55,1,1.0,
PER_000015,Person,USES_DEVICE,DEV_000025,Device,2025-04-25 15:47:46,2025-04-25 15:47:46,1,1.0,
PER_000015,Person,USES_DEVICE,DEV_000026,Device,2025-04-30 19:08:15,2025-07-04 18:28:50,2,2.0,
PER_000015,Person,USES_DEVICE,DEV_000035,Device,2025-03-21 15:43:18,2025-03-21 15:43:18,1,1.0,
PER_000015,Person,USES_DEVICE,DEV_000038,Device,2025-12-09 13:48:53,2025-12-09 13:48:53,1,1.0,
PER_000015,Person,USES_DEVICE,DEV_000044,Device,2025-06-12 22:04:13,2025-06-12 22:04:13,1,1.0,
PER_000015,Person,USES_DEVICE,DEV_000051,Device,2025-01-26 07:13:51,2025-01-26 07:13:51,1,1.0,
PER_000015,Person,USES_DEVICE,DEV_000059,Device,2025-08-21 10:48:53,2025-08-21 10:48:53,1,1.0,
PER_000015,Person,USES_DEVICE,DEV_000061,Device,2025-06-03 18:33:16,2025-06-03 18:33:16,1,1.0,
PER_000015,Person,USES_DEVICE,DEV_000080,Device,2025-08-27 14:11:01,2025-08-27 14:11:01,1,1.0,
PER_000015,Person,USES_DEVICE,DEV_000102,Device,2025-03-16 14:06:40,2025-03-16 14:06:40,1,1.0,
PER_000015,Person,USES_DEVICE,DEV_000108,Device,2025-03-12 10:58:48,2025-03-12 10:58:48,1,1.0,
PER_000015,Person,USES_DEVICE,DEV_000110,Device,2025-05-11 16:43:07,2025-05-11 16:43:07,1,1.0,
PER_000016,Person,USES_DEVICE,DEV_000001,Device,2025-10-02 04:24:56,2025-10-02 04:24:56,1,1.0,
PER_000016,Person,USES_DEVICE,DEV_000002,Device,2025-12-02 20:28:25,2025-12-02 20:28:25,1,1.0,
PER_000016,Person,USES_DEVICE,DEV_000003,Device,2025-04-28 13:11:35,2025-05-04 11:53:08,2,2.0,
PER_000016,Person,USES_DEVICE,DEV_000005,Device,2025-04-11 20:34:26,2025-06-06 13:00:00,3,3.0,
PER_000016,Person,USES_DEVICE,DEV_000006,Device,2025-08-07 19:54:53,2025-08-07 19:54:53,1,1.0,
PER_000016,Person,USES_DEVICE,DEV_000007,Device,2025-03-14 16:52:40,2025-09-03 10:25:58,3,3.0,
PER_000016,Person,USES_DEVICE,DEV_000009,Device,2025-08-10 01:12:25,2025-12-04 08:33:51,3,3.0,
PER_000016,Person,USES_DEVICE,DEV_000010,Device,2025-04-01 06:58:14,2025-04-01 06:58:14,1,1.0,
PER_000016,Person,USES_DEVICE,DEV_000011,Device,2025-05-18 14:55:23,2025-05-18 14:55:23,1,1.0,
PER_000016,Person,USES_DEVICE,DEV_000014,Device,2025-03-04 11:02:08,2025-03-04 11:02:08,1,1.0,
PER_000016,Person,USES_DEVICE,DEV_000015,Device,2025-03-29 05:10:31,2025-03-29 05:10:31,1,1.0,
PER_000016,Person,USES_DEVICE,DEV_000016,Device,2025-03-29 10:07:05,2025-06-28 14:35:51,2,2.0,
PER_000016,Person,USES_DEVICE,DEV_000017,Device,2025-01-30 09:01:35,2025-07-21 12:53:06,2,2.0,
PER_000016,Person,USES_DEVICE,DEV_000018,Device,2025-06-18 12:03:39,2025-12-30 11:35:15,2,2.0,
PER_000016,Person,USES_DEVICE,DEV_000019,Device,2025-04-17 16:39:15,2025-04-17 16:39:15,1,1.0,
PER_000016,Person,USES_DEVICE,DEV_000020,Device,2025-09-17 19:06:01,2025-11-29 03:21:37,3,3.0,
PER_000016,Person,USES_DEVICE,DEV_000021,Device,2025-03-23 03:57:56,2025-03-23 03:57:56,1,1.0,
PER_000016,Person,USES_DEVICE,DEV_000024,Device,2025-10-24 10:00:13,2025-10-24 10:00:13,1,1.0,
PER_000016,Person,USES_DEVICE,DEV_000026,Device,2025-02-02 05:11:43,2025-06-19 08:51:27,3,3.0,
PER_000016,Person,USES_DEVICE,DEV_000027,Device,2025-03-16 10:14:24,2025-08-06 18:31:07,2,2.0,
PER_000016,Person,USES_DEVICE,DEV_000028,Device,2025-09-29 15:58:30,2025-09-29 15:58:30,1,1.0,
PER_000016,Person,USES_DEVICE,DEV_000029,Device,2025-10-17 10:17:14,2025-10-20 06:43:24,2,2.0,
PER_000016,Person,USES_DEVICE,DEV_000030,Device,2025-02-10 11:27:43,2025-10-17 20:23:41,3,3.0,
PER_000016,Person,USES_DEVICE,DEV_000031,Device,2025-03-14 15:21:47,2025-10-29 11:21:11,2,2.0,
PER_000016,Person,USES_DEVICE,DEV_000032,Device,2025-04-04 07:53:08,2025-04-04 07:53:08,1,1.0,
PER_000016,Person,USES_DEVICE,DEV_000033,Device,2025-03-28 05:30:06,2025-03-28 05:30:06,1,1.0,
PER_000016,Person,USES_DEVICE,DEV_000034,Device,2025-03-07 19:09:56,2025-11-27 10:18:48,3,3.0,
PER_000016,Person,USES_DEVICE,DEV_000037,Device,2025-04-28 16:24:20,2025-11-20 17:28:02,3,3.0,
PER_000016,Person,USES_DEVICE,DEV_000039,Device,2025-01-20 15:25:28,2025-01-20 15:25:28,1,1.0,
PER_000016,Person,USES_DEVICE,DEV_000040,Device,2025-01-16 05:28:32,2025-09-02 09:33:19,2,2.0,
PER_000016,Person,USES_DEVICE,DEV_000042,Device,2025-03-12 06:02:43,2025-03-13 12:56:15,2,2.0,
PER_000016,Person,USES_DEVICE,DEV_000045,Device,2025-12-07 21:57:59,2025-12-07 21:57:59,1,1.0,
PER_000016,Person,USES_DEVICE,DEV_000046,Device,2025-03-23 10:22:02,2025-11-05 09:05:19,2,2.0,
PER_000016,Person,USES_DEVICE,DEV_000048,Device,2025-07-16 21:27:12,2025-07-16 21:27:12,1,1.0,
PER_000016,Person,USES_DEVICE,DEV_000050,Device,2025-06-05 19:18:54,2025-06-05 19:18:54,1,1.0,
PER_000016,Person,USES_DEVICE,DEV_000052,Device,2025-08-16 16:20:52,2025-08-16 16:20:52,1,1.0,
PER_000016,Person,USES_DEVICE,DEV_000053,Device,2025-01-14 16:11:17,2025-12-30 13:00:00,2,2.0,
PER_000016,Person,USES_DEVICE,DEV_000054,Device,2025-02-16 14:48:52,2025-02-16 14:48:52,1,1.0,
PER_000016,Person,USES_DEVICE,DEV_000055,Device,2025-12-01 11:44:56,2025-12-01 11:44:56,1,1.0,
PER_000016,Person,USES_DEVICE,DEV_000057,Device,2025-02-25 05:46:00,2025-12-03 19:53:36,2,2.0,
PER_000016,Person,USES_DEVICE,DEV_000060,Device,2025-11-23 11:29:20,2025-12-22 19:34:30,2,2.0,
PER_000016,Person,USES_DEVICE,DEV_000061,Device,2025-06-11 08:07:38,2025-06-11 08:07:38,1,1.0,
PER_000016,Person,USES_DEVICE,DEV_000062,Device,2025-03-22 07:46:26,2025-04-21 10:45:43,2,2.0,
PER_000016,Person,USES_DEVICE,DEV_000063,Device,2025-03-10 17:40:57,2025-10-31 16:42:54,2,2.0,
PER_000016,Person,USES_DEVICE,DEV_000065,Device,2025-01-31 16:07:12,2025-03-23 17:31:16,3,3.0,
PER_000016,Person,USES_DEVICE,DEV_000066,Device,2025-08-17 10:43:42,2025-08-17 10:43:42,1,1.0,
PER_000016,Person,USES_DEVICE,DEV_000069,Device,2025-11-21 10:54:18,2025-11-21 10:54:18,1,1.0,
PER_000016,Person,USES_DEVICE,DEV_000070,Device,2025-02-12 10:30:12,2025-11-17 15:35:26,4,4.0,
PER_000016,Person,USES_DEVICE,DEV_000071,Device,2025-08-07 10:16:02,2025-08-07 10:16:02,1,1.0,
PER_000016,Person,USES_DEVICE,DEV_000072,Device,2025-02-05 18:47:55,2025-11-13 16:48:24,2,2.0,
PER_000016,Person,USES_DEVICE,DEV_000073,Device,2025-12-07 19:23:44,2025-12-07 19:23:44,1,1.0,
PER_000016,Person,USES_DEVICE,DEV_000074,Device,2025-07-29 12:07:07,2025-07-29 12:07:07,1,1.0,
PER_000016,Person,USES_DEVICE,DEV_000075,Device,2025-02-02 12:27:50,2025-12-27 16:09:07,2,2.0,
PER_000016,Person,USES_DEVICE,DEV_000078,Device,2025-03-08 08:11:12,2025-03-08 08:11:12,1,1.0,
PER_000016,Person,USES_DEVICE,DEV_000079,Device,2025-01-04 06:20:52,2025-10-28 11:12:00,2,2.0,
PER_000016,Person,USES_DEVICE,DEV_000080,Device,2025-06-10 07:41:15,2025-11-28 16:19:44,2,2.0,
PER_000016,Person,USES_DEVICE,DEV_000082,Device,2025-05-13 21:06:40,2025-05-13 21:06:40,1,1.0,
PER_000016,Person,USES_DEVICE,DEV_000083,Device,2025-02-12 05:49:09,2025-11-21 09:27:45,2,2.0,
PER_000016,Person,USES_DEVICE,DEV_000084,Device,2025-02-17 03:23:39,2025-02-28 18:28:44,2,2.0,
PER_000016,Person,USES_DEVICE,DEV_000085,Device,2025-05-22 14:20:53,2025-11-12 12:31:35,2,2.0,
PER_000016,Person,USES_DEVICE,DEV_000086,Device,2025-03-15 20:25:48,2025-09-07 07:27:48,3,3.0,
PER_000016,Person,USES_DEVICE,DEV_000087,Device,2025-06-12 14:57:10,2025-08-14 18:50:23,2,2.0,
PER_000016,Person,USES_DEVICE,DEV_000088,Device,2025-06-03 09:32:35,2025-10-03 06:14:08,2,2.0,
PER_000016,Person,USES_DEVICE,DEV_000090,Device,2025-04-30 11:45:16,2025-09-01 02:46:23,3,3.0,
PER_000016,Person,USES_DEVICE,DEV_000093,Device,2025-08-26 11:12:07,2025-12-20 12:24:39,2,2.0,
PER_000016,Person,USES_DEVICE,DEV_000096,Device,2025-02-17 14:13:55,2025-02-17 14:13:55,1,1.0,
PER_000016,Person,USES_DEVICE,DEV_000097,Device,2025-11-10 08:07:25,2025-11-10 08:07:25,1,1.0,
PER_000016,Person,USES_DEVICE,DEV_000099,Device,2025-07-18 15:12:33,2025-07-18 15:12:33,1,1.0,
PER_000016,Person,USES_DEVICE,DEV_000100,Device,2025-03-04 19:55:53,2025-10-04 22:32:09,3,3.0,
PER_000016,Person,USES_DEVICE,DEV_000101,Device,2025-04-25 08:31:16,2025-06-20 22:55:48,2,2.0,
PER_000016,Person,USES_DEVICE,DEV_000102,Device,2025-06-25 06:24:46,2025-06-25 06:24:46,1,1.0,
PER_000016,Person,USES_DEVICE,DEV_000104,Device,2025-07-28 06:53:22,2025-07-28 06:53:22,1,1.0,
PER_000016,Person,USES_DEVICE,DEV_000105,Device,2025-11-04 14:51:51,2025-11-04 14:51:51,1,1.0,
PER_000016,Person,USES_DEVICE,DEV_000106,Device,2025-12-23 10:04:44,2025-12-31 09:10:47,2,2.0,
PER_000016,Person,USES_DEVICE,DEV_000107,Device,2025-04-12 09:38:12,2025-12-21 08:19:26,3,3.0,
PER_000016,Person,USES_DEVICE,DEV_000108,Device,2025-07-11 08:37:59,2025-07-11 08:37:59,1,1.0,
PER_000016,Person,USES_DEVICE,DEV_000109,Device,2025-03-28 17:05:51,2025-03-28 17:05:51,1,1.0,
PER_000016,Person,USES_DEVICE,DEV_000110,Device,2025-10-18 13:24:04,2025-10-18 13:24:04,1,1.0,
PER_000016,Person,USES_DEVICE,DEV_000113,Device,2025-09-09 10:55:21,2025-11-02 15:01:47,2,2.0,
PER_000016,Person,USES_DEVICE,DEV_000114,Device,2025-07-29 06:42:40,2025-07-29 06:42:40,1,1.0,
PER_000016,Person,USES_DEVICE,DEV_000115,Device,2025-08-13 12:44:54,2025-08-13 12:44:54,1,1.0,
PER_000016,Person,USES_DEVICE,DEV_000117,Device,2025-10-23 18:55:44,2025-10-23 18:55:44,1,1.0,
PER_000016,Person,USES_DEVICE,DEV_000118,Device,2025-01-25 03:40:09,2025-12-11 17:47:51,2,2.0,
PER_000016,Person,USES_DEVICE,DEV_000119,Device,2025-09-23 17:36:47,2025-09-23 17:36:47,1,1.0,
PER_000017,Person,USES_DEVICE,DEV_000001,Device,2025-03-01 17:22:11,2025-03-01 17:22:11,1,1.0,
PER_000017,Person,USES_DEVICE,DEV_000005,Device,2025-03-19 20:23:55,2025-03-19 20:23:55,1,1.0,
PER_000017,Person,USES_DEVICE,DEV_000011,Device,2025-12-26 19:37:23,2025-12-26 19:37:23,1,1.0,
PER_000017,Person,USES_DEVICE,DEV_000016,Device,2025-10-17 12:43:46,2025-10-17 12:43:46,1,1.0,
PER_000017,Person,USES_DEVICE,DEV_000024,Device,2025-07-01 13:55:06,2025-07-01 13:55:06,1,1.0,
PER_000017,Person,USES_DEVICE,DEV_000042,Device,2025-02-22 11:25:52,2025-02-22 11:25:52,1,1.0,
PER_000017,Person,USES_DEVICE,DEV_000052,Device,2025-10-08 19:28:19,2025-10-08 19:28:19,1,1.0,
PER_000017,Person,USES_DEVICE,DEV_000059,Device,2025-03-30 21:11:14,2025-09-28 10:07:44,2,2.0,
PER_000017,Person,USES_DEVICE,DEV_000067,Device,2025-11-23 15:22:43,2025-11-23 15:22:43,1,1.0,
PER_000017,Person,USES_DEVICE,DEV_000077,Device,2025-03-22 11:24:51,2025-03-22 11:24:51,1,1.0,
PER_000017,Person,USES_DEVICE,DEV_000097,Device,2025-07-06 09:12:05,2025-07-06 09:12:05,1,1.0,
PER_000017,Person,USES_DEVICE,DEV_000100,Device,2025-02-23 11:01:21,2025-02-23 11:01:21,1,1.0,
PER_000017,Person,USES_DEVICE,DEV_000107,Device,2025-01-16 18:32:08,2025-01-16 18:32:08,1,1.0,
PER_000017,Person,USES_DEVICE,DEV_000116,Device,2025-10-10 15:12:11,2025-10-10 15:12:11,1,1.0,
PER_000018,Person,USES_DEVICE,DEV_000001,Device,2025-05-07 07:25:58,2025-05-07 07:25:58,1,1.0,
PER_000018,Person,USES_DEVICE,DEV_000002,Device,2025-12-13 17:56:58,2025-12-13 17:56:58,1,1.0,
PER_000018,Person,USES_DEVICE,DEV_000004,Device,2025-04-26 10:08:16,2025-04-26 10:08:16,1,1.0,
PER_000018,Person,USES_DEVICE,DEV_000006,Device,2025-02-03 20:25:15,2025-11-13 17:28:49,3,3.0,
PER_000018,Person,USES_DEVICE,DEV_000010,Device,2025-06-17 08:00:13,2025-06-17 08:00:13,1,1.0,
PER_000018,Person,USES_DEVICE,DEV_000011,Device,2025-10-03 11:09:52,2025-10-03 11:09:52,1,1.0,
PER_000018,Person,USES_DEVICE,DEV_000012,Device,2025-04-18 18:12:20,2025-04-18 18:12:20,1,1.0,
PER_000018,Person,USES_DEVICE,DEV_000013,Device,2025-11-10 14:15:32,2025-11-10 14:15:32,1,1.0,
PER_000018,Person,USES_DEVICE,DEV_000014,Device,2025-04-18 03:05:32,2025-04-18 03:05:32,1,1.0,
PER_000018,Person,USES_DEVICE,DEV_000015,Device,2025-06-22 14:01:07,2025-06-22 14:01:07,1,1.0,
PER_000018,Person,USES_DEVICE,DEV_000016,Device,2025-10-22 13:42:17,2025-10-22 13:42:17,1,1.0,
PER_000018,Person,USES_DEVICE,DEV_000017,Device,2025-04-01 20:27:53,2025-04-01 20:27:53,1,1.0,
PER_000018,Person,USES_DEVICE,DEV_000018,Device,2025-04-30 08:20:02,2025-12-27 06:04:35,3,3.0,
PER_000018,Person,USES_DEVICE,DEV_000019,Device,2025-04-08 16:27:49,2025-05-26 08:56:45,3,3.0,
PER_000018,Person,USES_DEVICE,DEV_000020,Device,2025-10-22 16:50:51,2025-10-22 16:50:51,1,1.0,
PER_000018,Person,USES_DEVICE,DEV_000022,Device,2025-02-18 05:05:34,2025-02-18 05:05:34,1,1.0,
PER_000018,Person,USES_DEVICE,DEV_000024,Device,2025-01-05 16:10:21,2025-06-11 20:05:22,2,2.0,
PER_000018,Person,USES_DEVICE,DEV_000025,Device,2025-01-16 11:17:42,2025-01-16 11:17:42,1,1.0,
PER_000018,Person,USES_DEVICE,DEV_000026,Device,2025-04-17 06:58:24,2025-04-17 06:58:24,1,1.0,
PER_000018,Person,USES_DEVICE,DEV_000028,Device,2025-02-28 16:28:12,2025-06-06 20:27:52,2,2.0,
PER_000018,Person,USES_DEVICE,DEV_000031,Device,2025-04-30 16:35:26,2025-10-18 15:06:16,3,3.0,
PER_000018,Person,USES_DEVICE,DEV_000032,Device,2025-01-27 02:07:35,2025-01-27 02:07:35,1,1.0,
PER_000018,Person,USES_DEVICE,DEV_000033,Device,2025-06-02 17:41:21,2025-12-23 08:27:27,3,3.0,
PER_000018,Person,USES_DEVICE,DEV_000034,Device,2025-04-11 14:52:50,2025-05-06 12:40:38,2,2.0,
PER_000018,Person,USES_DEVICE,DEV_000035,Device,2025-01-02 01:24:27,2025-06-13 18:28:59,3,3.0,
PER_000018,Person,USES_DEVICE,DEV_000037,Device,2025-10-06 10:30:12,2025-10-06 10:30:12,1,1.0,
PER_000018,Person,USES_DEVICE,DEV_000038,Device,2025-02-28 13:43:58,2025-02-28 13:43:58,1,1.0,
PER_000018,Person,USES_DEVICE,DEV_000039,Device,2025-05-27 09:30:34,2025-05-27 09:30:34,1,1.0,
PER_000018,Person,USES_DEVICE,DEV_000040,Device,2025-04-15 21:01:13,2025-04-15 21:01:13,1,1.0,
PER_000018,Person,USES_DEVICE,DEV_000041,Device,2025-08-05 17:58:18,2025-08-05 17:58:18,1,1.0,
PER_000018,Person,USES_DEVICE,DEV_000044,Device,2025-09-17 07:36:14,2025-09-17 07:36:14,1,1.0,
PER_000018,Person,USES_DEVICE,DEV_000046,Device,2025-02-26 12:51:54,2025-02-26 12:51:54,1,1.0,
PER_000018,Person,USES_DEVICE,DEV_000047,Device,2025-11-14 15:28:26,2025-11-14 15:28:26,1,1.0,
PER_000018,Person,USES_DEVICE,DEV_000048,Device,2025-06-24 03:25:19,2025-06-24 03:25:19,1,1.0,
PER_000018,Person,USES_DEVICE,DEV_000049,Device,2025-12-04 13:19:59,2025-12-04 13:19:59,1,1.0,
PER_000018,Person,USES_DEVICE,DEV_000051,Device,2025-11-07 11:54:07,2025-11-07 11:54:07,1,1.0,
PER_000018,Person,USES_DEVICE,DEV_000052,Device,2025-01-03 11:59:25,2025-09-12 20:32:43,3,3.0,
PER_000018,Person,USES_DEVICE,DEV_000056,Device,2025-04-07 14:02:13,2025-05-31 12:32:02,2,2.0,
PER_000018,Person,USES_DEVICE,DEV_000057,Device,2025-04-02 10:39:06,2025-08-30 23:10:00,3,3.0,
PER_000018,Person,USES_DEVICE,DEV_000059,Device,2025-03-01 11:55:33,2025-11-28 20:45:37,2,2.0,
PER_000018,Person,USES_DEVICE,DEV_000061,Device,2025-10-18 22:23:51,2025-10-18 22:23:51,1,1.0,
PER_000018,Person,USES_DEVICE,DEV_000062,Device,2025-01-30 18:16:26,2025-11-06 17:53:04,4,4.0,
PER_000018,Person,USES_DEVICE,DEV_000063,Device,2025-06-29 12:02:53,2025-06-29 12:02:53,1,1.0,
PER_000018,Person,USES_DEVICE,DEV_000064,Device,2025-01-10 11:05:55,2025-01-10 11:05:55,1,1.0,
PER_000018,Person,USES_DEVICE,DEV_000065,Device,2025-02-25 19:57:58,2025-12-21 06:47:16,2,2.0,
PER_000018,Person,USES_DEVICE,DEV_000066,Device,2025-02-27 17:13:16,2025-04-24 16:05:28,2,2.0,
PER_000018,Person,USES_DEVICE,DEV_000067,Device,2025-07-02 11:47:18,2025-12-04 14:19:53,3,3.0,
PER_000018,Person,USES_DEVICE,DEV_000068,Device,2025-08-29 11:27:17,2025-08-29 11:27:17,1,1.0,
PER_000018,Person,USES_DEVICE,DEV_000070,Device,2025-02-06 20:44:10,2025-08-08 12:23:11,2,2.0,
PER_000018,Person,USES_DEVICE,DEV_000071,Device,2025-12-10 17:47:29,2025-12-10 17:47:29,1,1.0,
PER_000018,Person,USES_DEVICE,DEV_000073,Device,2025-05-17 10:08:35,2025-07-15 11:26:35,2,2.0,
PER_000018,Person,USES_DEVICE,DEV_000074,Device,2025-01-05 12:03:42,2025-01-05 12:03:42,1,1.0,
PER_000018,Person,USES_DEVICE,DEV_000075,Device,2025-03-14 23:04:24,2025-10-02 17:52:04,4,4.0,
PER_000018,Person,USES_DEVICE,DEV_000077,Device,2025-01-17 13:21:05,2025-01-17 13:21:05,1,1.0,
PER_000018,Person,USES_DEVICE,DEV_000078,Device,2025-09-11 12:07:36,2025-11-22 08:18:15,3,3.0,
PER_000018,Person,USES_DEVICE,DEV_000079,Device,2025-01-10 15:45:11,2025-01-24 19:13:14,2,2.0,
PER_000018,Person,USES_DEVICE,DEV_000080,Device,2025-09-23 18:10:41,2025-09-23 18:10:41,1,1.0,
PER_000018,Person,USES_DEVICE,DEV_000081,Device,2025-04-01 09:25:43,2025-11-10 21:18:20,3,3.0,
PER_000018,Person,USES_DEVICE,DEV_000082,Device,2025-01-22 09:25:20,2025-05-01 09:44:15,3,3.0,
PER_000018,Person,USES_DEVICE,DEV_000083,Device,2025-01-26 05:35:00,2025-01-26 05:35:00,1,1.0,
PER_000018,Person,USES_DEVICE,DEV_000084,Device,2025-04-06 10:45:28,2025-06-03 08:41:09,2,2.0,
PER_000018,Person,USES_DEVICE,DEV_000086,Device,2025-02-06 15:00:43,2025-05-20 17:49:51,2,2.0,
PER_000018,Person,USES_DEVICE,DEV_000087,Device,2025-04-07 03:46:08,2025-11-09 08:53:44,3,3.0,
PER_000018,Person,USES_DEVICE,DEV_000089,Device,2025-08-03 13:59:34,2025-10-14 06:36:02,2,2.0,
PER_000018,Person,USES_DEVICE,DEV_000090,Device,2025-09-01 08:18:56,2025-09-01 08:18:56,1,1.0,
PER_000018,Person,USES_DEVICE,DEV_000091,Device,2025-03-13 14:46:26,2025-03-17 12:57:25,2,2.0,
PER_000018,Person,USES_DEVICE,DEV_000092,Device,2025-09-05 17:12:29,2025-09-05 17:12:29,1,1.0,
PER_000018,Person,USES_DEVICE,DEV_000094,Device,2025-04-19 20:31:33,2025-04-19 20:31:33,1,1.0,
PER_000018,Person,USES_DEVICE,DEV_000096,Device,2025-03-11 17:03:40,2025-03-11 17:03:40,1,1.0,
PER_000018,Person,USES_DEVICE,DEV_000099,Device,2025-01-13 18:49:13,2025-10-13 15:55:37,3,3.0,
PER_000018,Person,USES_DEVICE,DEV_000101,Device,2025-02-16 09:15:23,2025-02-16 09:15:23,1,1.0,
PER_000018,Person,USES_DEVICE,DEV_000102,Device,2025-08-30 15:02:23,2025-08-30 15:02:23,1,1.0,
PER_000018,Person,USES_DEVICE,DEV_000105,Device,2025-02-01 23:09:39,2025-02-01 23:09:39,1,1.0,
PER_000018,Person,USES_DEVICE,DEV_000106,Device,2025-12-29 21:55:41,2025-12-29 21:55:41,1,1.0,
PER_000018,Person,USES_DEVICE,DEV_000109,Device,2025-04-06 14:36:01,2025-04-26 19:04:42,2,2.0,
PER_000018,Person,USES_DEVICE,DEV_000111,Device,2025-08-10 13:47:11,2025-09-25 16:29:26,2,2.0,
PER_000018,Person,USES_DEVICE,DEV_000113,Device,2025-10-01 11:54:49,2025-10-01 11:54:49,1,1.0,
PER_000018,Person,USES_DEVICE,DEV_000114,Device,2025-07-03 08:41:29,2025-07-03 08:41:29,1,1.0,
PER_000018,Person,USES_DEVICE,DEV_000115,Device,2025-01-09 18:54:04,2025-03-18 06:52:19,2,2.0,
PER_000018,Person,USES_DEVICE,DEV_000116,Device,2025-04-02 16:50:35,2025-09-06 09:27:50,2,2.0,
PER_000018,Person,USES_DEVICE,DEV_000117,Device,2025-07-10 21:02:37,2025-07-10 21:02:37,1,1.0,
PER_000018,Person,USES_DEVICE,DEV_000119,Device,2025-01-04 03:18:57,2025-01-04 03:18:57,1,1.0,
PER_000018,Person,USES_DEVICE,DEV_000120,Device,2025-02-04 17:13:33,2025-09-10 20:26:35,2,2.0,
PER_000019,Person,USES_DEVICE,DEV_000013,Device,2025-10-08 13:55:51,2025-10-08 13:55:51,1,1.0,
PER_000019,Person,USES_DEVICE,DEV_000019,Device,2025-02-03 11:46:38,2025-02-03 11:46:38,1,1.0,
PER_000019,Person,USES_DEVICE,DEV_000024,Device,2025-06-29 13:05:18,2025-08-25 14:51:08,2,2.0,
PER_000019,Person,USES_DEVICE,DEV_000030,Device,2025-08-29 17:37:18,2025-08-29 17:37:18,1,1.0,
PER_000019,Person,USES_DEVICE,DEV_000041,Device,2025-03-05 15:10:25,2025-06-27 06:38:15,2,2.0,
PER_000019,Person,USES_DEVICE,DEV_000049,Device,2025-05-28 04:38:28,2025-05-28 04:38:28,1,1.0,
PER_000019,Person,USES_DEVICE,DEV_000052,Device,2025-09-06 17:42:02,2025-09-06 17:42:02,1,1.0,
PER_000019,Person,USES_DEVICE,DEV_000058,Device,2025-06-11 03:57:27,2025-06-11 03:57:27,1,1.0,
PER_000019,Person,USES_DEVICE,DEV_000067,Device,2025-11-13 15:43:18,2025-11-13 15:43:18,1,1.0,
PER_000019,Person,USES_DEVICE,DEV_000068,Device,2025-01-13 16:29:51,2025-01-13 16:29:51,1,1.0,
PER_000019,Person,USES_DEVICE,DEV_000071,Device,2025-10-15 09:14:05,2025-10-15 09:14:05,1,1.0,
PER_000019,Person,USES_DEVICE,DEV_000073,Device,2025-08-21 13:58:16,2025-10-17 16:06:18,2,2.0,
PER_000019,Person,USES_DEVICE,DEV_000086,Device,2025-09-08 20:03:26,2025-09-08 20:03:26,1,1.0,
PER_000019,Person,USES_DEVICE,DEV_000087,Device,2025-02-01 21:03:33,2025-02-01 21:03:33,1,1.0,
PER_000019,Person,USES_DEVICE,DEV_000090,Device,2025-08-17 03:41:13,2025-11-21 05:26:31,2,2.0,
PER_000020,Person,USES_DEVICE,DEV_000003,Device,2025-10-20 19:12:59,2025-10-20 19:12:59,1,1.0,
PER_000020,Person,USES_DEVICE,DEV_000024,Device,2025-11-19 07:09:21,2025-11-19 07:09:21,1,1.0,
PER_000020,Person,USES_DEVICE,DEV_000025,Device,2025-05-06 13:53:49,2025-05-06 13:53:49,1,1.0,
PER_000020,Person,USES_DEVICE,DEV_000035,Device,2025-02-08 07:07:26,2025-02-08 07:07:26,1,1.0,
PER_000020,Person,USES_DEVICE,DEV_000040,Device,2025-07-29 19:13:21,2025-07-29 19:13:21,1,1.0,
PER_000020,Person,USES_DEVICE,DEV_000056,Device,2025-02-22 20:48:01,2025-02-22 20:48:01,1,1.0,
PER_000020,Person,USES_DEVICE,DEV_000057,Device,2025-06-03 09:36:12,2025-06-03 09:36:12,1,1.0,
PER_000020,Person,USES_DEVICE,DEV_000070,Device,2025-09-19 10:14:01,2025-09-19 10:14:01,1,1.0,
PER_000020,Person,USES_DEVICE,DEV_000082,Device,2025-07-31 11:55:18,2025-07-31 11:55:18,1,1.0,
PER_000020,Person,USES_DEVICE,DEV_000083,Device,2025-02-09 08:25:41,2025-02-09 08:25:41,1,1.0,
PER_000020,Person,USES_DEVICE,DEV_000095,Device,2025-01-15 15:21:45,2025-01-15 15:21:45,1,1.0,
PER_000020,Person,USES_DEVICE,DEV_000100,Device,2025-04-13 10:46:30,2025-04-13 10:46:30,1,1.0,
PER_000020,Person,USES_DEVICE,DEV_000103,Device,2025-12-14 21:23:36,2025-12-14 21:23:36,1,1.0,
PER_000020,Person,USES_DEVICE,DEV_000106,Device,2025-01-29 10:24:48,2025-01-29 10:24:48,1,1.0,
PER_000020,Person,USES_DEVICE,DEV_000115,Device,2025-07-03 12:11:13,2025-07-03 12:11:13,1,1.0,
PER_000021,Person,USES_DEVICE,DEV_000001,Device,2025-12-14 03:47:24,2025-12-14 03:47:24,1,1.0,
PER_000021,Person,USES_DEVICE,DEV_000002,Device,2025-04-15 12:05:05,2025-04-15 12:05:05,1,1.0,
PER_000021,Person,USES_DEVICE,DEV_000004,Device,2025-05-21 14:02:31,2025-05-21 14:02:31,1,1.0,
PER_000021,Person,USES_DEVICE,DEV_000031,Device,2025-08-23 11:55:11,2025-08-23 11:55:11,1,1.0,
PER_000021,Person,USES_DEVICE,DEV_000034,Device,2025-06-15 19:03:41,2025-06-15 19:03:41,1,1.0,
PER_000021,Person,USES_DEVICE,DEV_000035,Device,2025-10-06 14:23:07,2025-10-06 14:23:07,1,1.0,
PER_000021,Person,USES_DEVICE,DEV_000038,Device,2025-04-20 18:36:33,2025-04-20 18:36:33,1,1.0,
PER_000021,Person,USES_DEVICE,DEV_000053,Device,2025-07-02 12:02:48,2025-07-02 12:02:48,1,1.0,
PER_000021,Person,USES_DEVICE,DEV_000060,Device,2025-07-31 09:30:04,2025-07-31 09:30:04,1,1.0,
PER_000021,Person,USES_DEVICE,DEV_000068,Device,2025-01-08 15:00:26,2025-11-07 20:29:50,2,2.0,
PER_000021,Person,USES_DEVICE,DEV_000072,Device,2025-12-23 22:49:35,2025-12-23 22:49:35,1,1.0,
PER_000021,Person,USES_DEVICE,DEV_000075,Device,2025-09-27 21:38:03,2025-09-27 21:38:03,1,1.0,
PER_000021,Person,USES_DEVICE,DEV_000078,Device,2025-05-11 12:59:07,2025-05-11 12:59:07,1,1.0,
PER_000021,Person,USES_DEVICE,DEV_000080,Device,2025-10-29 12:48:40,2025-10-29 12:48:40,1,1.0,
PER_000021,Person,USES_DEVICE,DEV_000092,Device,2025-03-01 12:10:20,2025-03-01 12:10:20,1,1.0,
PER_000021,Person,USES_DEVICE,DEV_000096,Device,2025-01-01 08:44:16,2025-02-07 16:37:29,2,2.0,
PER_000021,Person,USES_DEVICE,DEV_000106,Device,2025-04-09 15:28:53,2025-04-09 15:28:53,1,1.0,
PER_000022,Person,USES_DEVICE,DEV_000012,Device,2025-02-13 08:47:38,2025-02-13 08:47:38,1,1.0,
PER_000022,Person,USES_DEVICE,DEV_000027,Device,2025-01-16 08:05:35,2025-01-16 08:05:35,1,1.0,
PER_000022,Person,USES_DEVICE,DEV_000040,Device,2025-01-18 15:09:47,2025-07-18 04:33:28,2,2.0,
PER_000022,Person,USES_DEVICE,DEV_000053,Device,2025-10-04 17:16:33,2025-10-04 17:16:33,1,1.0,
PER_000022,Person,USES_DEVICE,DEV_000063,Device,2025-03-11 14:28:49,2025-03-11 14:28:49,1,1.0,
PER_000022,Person,USES_DEVICE,DEV_000064,Device,2025-04-21 08:10:56,2025-04-21 08:10:56,1,1.0,
PER_000022,Person,USES_DEVICE,DEV_000069,Device,2025-08-31 21:07:11,2025-08-31 21:07:11,1,1.0,
PER_000022,Person,USES_DEVICE,DEV_000077,Device,2025-04-25 18:00:00,2025-04-25 18:00:00,1,1.0,
PER_000022,Person,USES_DEVICE,DEV_000085,Device,2025-09-25 16:34:21,2025-09-25 16:34:21,1,1.0,
PER_000022,Person,USES_DEVICE,DEV_000089,Device,2025-04-22 12:58:59,2025-04-22 12:58:59,1,1.0,
PER_000022,Person,USES_DEVICE,DEV_000094,Device,2025-01-26 08:53:33,2025-03-25 08:47:19,2,2.0,
PER_000022,Person,USES_DEVICE,DEV_000098,Device,2025-08-07 20:10:22,2025-08-07 20:10:22,1,1.0,
PER_000022,Person,USES_DEVICE,DEV_000100,Device,2025-01-31 14:50:57,2025-01-31 14:50:57,1,1.0,
PER_000022,Person,USES_DEVICE,DEV_000104,Device,2025-05-04 16:00:15,2025-05-04 16:00:15,1,1.0,
PER_000022,Person,USES_DEVICE,DEV_000110,Device,2025-10-05 09:11:49,2025-10-05 09:11:49,1,1.0,
PER_000022,Person,USES_DEVICE,DEV_000113,Device,2025-08-19 13:20:24,2025-08-19 13:20:24,1,1.0,
PER_000022,Person,USES_DEVICE,DEV_000114,Device,2025-08-29 12:49:51,2025-09-24 07:45:35,2,2.0,
PER_000022,Person,USES_DEVICE,DEV_000117,Device,2025-01-09 23:07:12,2025-01-09 23:07:12,1,1.0,
PER_000022,Person,USES_DEVICE,DEV_000118,Device,2025-01-03 10:46:06,2025-02-05 14:51:31,2,2.0,
PER_000022,Person,USES_DEVICE,DEV_000120,Device,2025-09-11 18:39:51,2025-09-11 18:39:51,1,1.0,
PER_000023,Person,USES_DEVICE,DEV_000006,Device,2025-09-19 15:16:56,2025-09-19 15:16:56,1,1.0,
PER_000023,Person,USES_DEVICE,DEV_000007,Device,2025-08-17 11:16:13,2025-08-17 11:16:13,1,1.0,
PER_000023,Person,USES_DEVICE,DEV_000009,Device,2025-06-15 09:21:48,2025-06-15 09:21:48,1,1.0,
PER_000023,Person,USES_DEVICE,DEV_000011,Device,2025-06-21 05:58:33,2025-06-21 05:58:33,1,1.0,
PER_000023,Person,USES_DEVICE,DEV_000014,Device,2025-05-01 11:24:37,2025-05-01 11:24:37,1,1.0,
PER_000023,Person,USES_DEVICE,DEV_000018,Device,2025-06-09 09:57:04,2025-06-09 09:57:04,1,1.0,
PER_000023,Person,USES_DEVICE,DEV_000019,Device,2025-02-03 15:19:12,2025-02-03 15:19:12,1,1.0,
PER_000023,Person,USES_DEVICE,DEV_000021,Device,2025-10-28 20:35:22,2025-10-28 20:35:22,1,1.0,
PER_000023,Person,USES_DEVICE,DEV_000027,Device,2025-11-21 06:03:00,2025-11-21 06:03:00,1,1.0,
PER_000023,Person,USES_DEVICE,DEV_000028,Device,2025-02-25 11:09:34,2025-02-25 11:09:34,1,1.0,
PER_000023,Person,USES_DEVICE,DEV_000034,Device,2025-06-14 11:51:44,2025-06-14 11:51:44,1,1.0,
PER_000023,Person,USES_DEVICE,DEV_000036,Device,2025-04-10 12:43:57,2025-04-10 12:43:57,1,1.0,
PER_000023,Person,USES_DEVICE,DEV_000042,Device,2025-03-23 07:55:09,2025-03-23 07:55:09,1,1.0,
PER_000023,Person,USES_DEVICE,DEV_000044,Device,2025-12-15 14:20:26,2025-12-15 14:20:26,1,1.0,
PER_000023,Person,USES_DEVICE,DEV_000048,Device,2025-03-10 12:35:43,2025-03-10 12:35:43,1,1.0,
PER_000023,Person,USES_DEVICE,DEV_000053,Device,2025-09-23 13:24:39,2025-09-23 13:24:39,1,1.0,
PER_000023,Person,USES_DEVICE,DEV_000058,Device,2025-05-16 19:36:43,2025-05-16 19:36:43,1,1.0,
PER_000023,Person,USES_DEVICE,DEV_000061,Device,2025-01-10 17:50:05,2025-01-10 17:50:05,1,1.0,
PER_000023,Person,USES_DEVICE,DEV_000070,Device,2025-04-26 12:43:15,2025-11-12 02:46:22,2,2.0,
PER_000023,Person,USES_DEVICE,DEV_000078,Device,2025-11-05 18:15:29,2025-11-05 18:15:29,1,1.0,
PER_000023,Person,USES_DEVICE,DEV_000082,Device,2025-08-30 09:34:00,2025-08-30 09:34:00,1,1.0,
PER_000023,Person,USES_DEVICE,DEV_000086,Device,2025-09-11 20:24:59,2025-09-11 20:24:59,1,1.0,
PER_000023,Person,USES_DEVICE,DEV_000091,Device,2025-04-09 09:46:06,2025-04-09 09:46:06,1,1.0,
PER_000023,Person,USES_DEVICE,DEV_000093,Device,2025-01-09 10:34:42,2025-06-10 09:49:06,3,3.0,
PER_000023,Person,USES_DEVICE,DEV_000102,Device,2025-12-29 18:11:15,2025-12-29 18:11:15,1,1.0,
PER_000023,Person,USES_DEVICE,DEV_000110,Device,2025-09-20 10:22:26,2025-09-20 10:22:26,1,1.0,
PER_000023,Person,USES_DEVICE,DEV_000113,Device,2025-02-03 17:18:10,2025-02-03 17:18:10,1,1.0,
PER_000024,Person,USES_DEVICE,DEV_000001,Device,2025-09-08 19:17:10,2025-12-06 14:09:15,2,2.0,
PER_000024,Person,USES_DEVICE,DEV_000002,Device,2025-02-13 07:09:08,2025-09-02 10:08:14,2,2.0,
PER_000024,Person,USES_DEVICE,DEV_000003,Device,2025-03-31 15:21:54,2025-08-20 18:43:36,2,2.0,
PER_000024,Person,USES_DEVICE,DEV_000006,Device,2025-10-09 17:54:19,2025-10-09 17:54:19,1,1.0,
PER_000024,Person,USES_DEVICE,DEV_000008,Device,2025-01-21 12:25:10,2025-04-24 02:53:27,2,2.0,
PER_000024,Person,USES_DEVICE,DEV_000010,Device,2025-02-22 11:17:38,2025-08-21 03:16:37,2,2.0,
PER_000024,Person,USES_DEVICE,DEV_000011,Device,2025-06-21 03:33:43,2025-09-09 13:54:09,3,3.0,
PER_000024,Person,USES_DEVICE,DEV_000012,Device,2025-01-12 07:44:57,2025-12-11 13:18:22,4,4.0,
PER_000024,Person,USES_DEVICE,DEV_000013,Device,2025-06-14 17:15:24,2025-06-14 17:15:24,1,1.0,
PER_000024,Person,USES_DEVICE,DEV_000014,Device,2025-12-24 14:04:41,2025-12-24 14:04:41,1,1.0,
PER_000024,Person,USES_DEVICE,DEV_000015,Device,2025-07-22 04:06:09,2025-12-24 11:44:19,3,3.0,
PER_000024,Person,USES_DEVICE,DEV_000016,Device,2025-04-13 10:29:14,2025-06-29 22:17:20,2,2.0,
PER_000024,Person,USES_DEVICE,DEV_000017,Device,2025-07-23 08:00:54,2025-07-23 08:00:54,1,1.0,
PER_000024,Person,USES_DEVICE,DEV_000018,Device,2025-09-17 17:12:28,2025-09-17 17:12:28,1,1.0,
PER_000024,Person,USES_DEVICE,DEV_000019,Device,2025-10-21 08:55:32,2025-10-21 08:55:32,1,1.0,
PER_000024,Person,USES_DEVICE,DEV_000020,Device,2025-06-28 16:50:20,2025-11-10 14:27:01,2,2.0,
PER_000024,Person,USES_DEVICE,DEV_000021,Device,2025-12-20 06:58:53,2025-12-20 06:58:53,1,1.0,
PER_000024,Person,USES_DEVICE,DEV_000022,Device,2025-07-21 07:06:37,2025-07-21 07:06:37,1,1.0,
PER_000024,Person,USES_DEVICE,DEV_000023,Device,2025-06-22 08:46:59,2025-08-12 15:27:54,2,2.0,
PER_000024,Person,USES_DEVICE,DEV_000024,Device,2025-09-18 05:49:00,2025-09-18 05:49:00,1,1.0,
PER_000024,Person,USES_DEVICE,DEV_000026,Device,2025-11-12 16:34:15,2025-11-12 16:34:15,1,1.0,
PER_000024,Person,USES_DEVICE,DEV_000028,Device,2025-05-08 16:34:02,2025-05-08 16:34:02,1,1.0,
PER_000024,Person,USES_DEVICE,DEV_000031,Device,2025-01-17 17:50:03,2025-10-18 17:40:43,3,3.0,
PER_000024,Person,USES_DEVICE,DEV_000033,Device,2025-01-16 07:19:13,2025-10-10 15:45:04,2,2.0,
PER_000024,Person,USES_DEVICE,DEV_000034,Device,2025-01-01 01:58:22,2025-03-07 20:25:08,2,2.0,
PER_000024,Person,USES_DEVICE,DEV_000035,Device,2025-07-13 18:13:53,2025-07-13 18:13:53,1,1.0,
PER_000024,Person,USES_DEVICE,DEV_000037,Device,2025-06-07 10:25:03,2025-06-07 10:25:03,1,1.0,
PER_000024,Person,USES_DEVICE,DEV_000038,Device,2025-11-01 08:41:30,2025-11-01 08:41:30,1,1.0,
PER_000024,Person,USES_DEVICE,DEV_000039,Device,2025-10-22 08:15:24,2025-10-22 08:15:24,1,1.0,
PER_000024,Person,USES_DEVICE,DEV_000041,Device,2025-04-29 08:43:36,2025-06-15 13:40:47,3,3.0,
PER_000024,Person,USES_DEVICE,DEV_000042,Device,2025-06-22 10:51:53,2025-08-12 15:03:47,2,2.0,
PER_000024,Person,USES_DEVICE,DEV_000046,Device,2025-11-29 14:19:54,2025-11-29 14:19:54,1,1.0,
PER_000024,Person,USES_DEVICE,DEV_000048,Device,2025-02-18 16:00:15,2025-02-18 16:00:15,1,1.0,
PER_000024,Person,USES_DEVICE,DEV_000049,Device,2025-12-16 04:01:30,2025-12-16 04:01:30,1,1.0,
PER_000024,Person,USES_DEVICE,DEV_000051,Device,2025-06-21 04:05:25,2025-06-30 18:25:35,2,2.0,
PER_000024,Person,USES_DEVICE,DEV_000052,Device,2025-04-02 17:08:14,2025-04-02 17:08:14,1,1.0,
PER_000024,Person,USES_DEVICE,DEV_000053,Device,2025-01-09 07:02:16,2025-05-08 14:16:59,2,2.0,
PER_000024,Person,USES_DEVICE,DEV_000054,Device,2025-02-01 18:39:58,2025-02-01 18:39:58,1,1.0,
PER_000024,Person,USES_DEVICE,DEV_000055,Device,2025-06-26 08:04:20,2025-06-26 08:04:20,1,1.0,
PER_000024,Person,USES_DEVICE,DEV_000056,Device,2025-06-01 15:16:07,2025-07-17 12:09:20,3,3.0,
PER_000024,Person,USES_DEVICE,DEV_000058,Device,2025-02-20 03:20:11,2025-09-22 10:53:19,4,4.0,
PER_000024,Person,USES_DEVICE,DEV_000059,Device,2025-03-19 15:22:36,2025-03-19 15:22:36,1,1.0,
PER_000024,Person,USES_DEVICE,DEV_000061,Device,2025-04-09 12:55:58,2025-04-09 12:55:58,1,1.0,
PER_000024,Person,USES_DEVICE,DEV_000062,Device,2025-05-29 16:06:51,2025-05-29 16:06:51,1,1.0,
PER_000024,Person,USES_DEVICE,DEV_000063,Device,2025-08-19 15:35:07,2025-08-19 15:35:07,1,1.0,
PER_000024,Person,USES_DEVICE,DEV_000064,Device,2025-05-18 02:11:47,2025-08-06 11:11:12,3,3.0,
PER_000024,Person,USES_DEVICE,DEV_000065,Device,2025-06-08 18:29:20,2025-08-28 21:19:16,2,2.0,
PER_000024,Person,USES_DEVICE,DEV_000066,Device,2025-11-23 04:41:12,2025-11-23 04:41:12,1,1.0,
PER_000024,Person,USES_DEVICE,DEV_000067,Device,2025-10-12 10:48:02,2025-10-12 10:48:02,1,1.0,
PER_000024,Person,USES_DEVICE,DEV_000068,Device,2025-03-27 18:59:11,2025-11-03 08:41:26,4,4.0,
PER_000024,Person,USES_DEVICE,DEV_000069,Device,2025-12-29 16:17:35,2025-12-29 16:17:35,1,1.0,
PER_000024,Person,USES_DEVICE,DEV_000070,Device,2025-09-21 19:48:46,2025-09-21 19:48:46,1,1.0,
PER_000024,Person,USES_DEVICE,DEV_000071,Device,2025-07-20 15:12:18,2025-07-20 15:12:18,1,1.0,
PER_000024,Person,USES_DEVICE,DEV_000073,Device,2025-09-04 21:28:30,2025-09-04 21:28:30,1,1.0,
PER_000024,Person,USES_DEVICE,DEV_000074,Device,2025-02-19 04:55:43,2025-11-27 18:24:55,2,2.0,
PER_000024,Person,USES_DEVICE,DEV_000075,Device,2025-03-03 08:18:57,2025-03-03 08:18:57,1,1.0,
PER_000024,Person,USES_DEVICE,DEV_000076,Device,2025-06-26 07:28:14,2025-06-26 07:28:14,1,1.0,
PER_000024,Person,USES_DEVICE,DEV_000078,Device,2025-01-21 08:37:32,2025-02-21 10:35:30,2,2.0,
PER_000024,Person,USES_DEVICE,DEV_000079,Device,2025-04-05 03:19:59,2025-04-05 03:19:59,1,1.0,
PER_000024,Person,USES_DEVICE,DEV_000080,Device,2025-05-03 17:47:25,2025-11-26 15:39:26,2,2.0,
PER_000024,Person,USES_DEVICE,DEV_000084,Device,2025-01-18 07:56:52,2025-01-18 07:56:52,1,1.0,
PER_000024,Person,USES_DEVICE,DEV_000086,Device,2025-07-30 08:35:21,2025-07-30 08:35:21,1,1.0,
PER_000024,Person,USES_DEVICE,DEV_000087,Device,2025-02-14 14:55:20,2025-02-14 14:55:20,1,1.0,
PER_000024,Person,USES_DEVICE,DEV_000090,Device,2025-02-21 21:37:20,2025-02-21 21:37:20,1,1.0,
PER_000024,Person,USES_DEVICE,DEV_000093,Device,2025-08-01 03:51:09,2025-10-16 06:38:53,2,2.0,
PER_000024,Person,USES_DEVICE,DEV_000094,Device,2025-03-07 07:02:25,2025-05-19 09:48:05,2,2.0,
PER_000024,Person,USES_DEVICE,DEV_000097,Device,2025-07-04 14:45:35,2025-07-04 14:45:35,1,1.0,
PER_000024,Person,USES_DEVICE,DEV_000098,Device,2025-03-01 16:52:38,2025-12-12 08:48:04,5,5.0,
PER_000024,Person,USES_DEVICE,DEV_000099,Device,2025-11-03 17:04:29,2025-11-03 17:04:29,1,1.0,
PER_000024,Person,USES_DEVICE,DEV_000101,Device,2025-06-09 04:38:03,2025-12-19 21:34:20,2,2.0,
PER_000024,Person,USES_DEVICE,DEV_000103,Device,2025-12-10 15:51:56,2025-12-10 15:51:56,1,1.0,
PER_000024,Person,USES_DEVICE,DEV_000104,Device,2025-02-18 16:42:05,2025-11-10 15:44:56,3,3.0,
PER_000024,Person,USES_DEVICE,DEV_000106,Device,2025-01-22 20:36:03,2025-02-06 17:56:18,2,2.0,
PER_000024,Person,USES_DEVICE,DEV_000108,Device,2025-11-05 12:01:07,2025-11-05 12:01:07,1,1.0,
PER_000024,Person,USES_DEVICE,DEV_000109,Device,2025-12-16 17:40:31,2025-12-16 17:40:31,1,1.0,
PER_000024,Person,USES_DEVICE,DEV_000110,Device,2025-08-07 09:12:54,2025-08-07 09:12:54,1,1.0,
PER_000024,Person,USES_DEVICE,DEV_000113,Device,2025-01-07 18:37:41,2025-01-07 18:37:41,1,1.0,
PER_000024,Person,USES_DEVICE,DEV_000115,Device,2025-04-20 09:31:31,2025-04-20 09:31:31,1,1.0,
PER_000024,Person,USES_DEVICE,DEV_000116,Device,2025-04-10 11:55:46,2025-04-27 10:36:16,2,2.0,
PER_000024,Person,USES_DEVICE,DEV_000119,Device,2025-07-26 09:10:52,2025-07-26 09:10:52,1,1.0,
PER_000024,Person,USES_DEVICE,DEV_000120,Device,2025-01-09 15:00:10,2025-01-09 15:00:10,1,1.0,
PER_000025,Person,USES_DEVICE,DEV_000002,Device,2025-06-01 13:10:22,2025-06-01 13:10:22,1,1.0,
PER_000025,Person,USES_DEVICE,DEV_000011,Device,2025-12-23 13:20:25,2025-12-23 13:20:25,1,1.0,
PER_000025,Person,USES_DEVICE,DEV_000022,Device,2025-03-21 06:04:17,2025-03-21 06:04:17,1,1.0,
PER_000025,Person,USES_DEVICE,DEV_000023,Device,2025-08-18 08:11:43,2025-08-18 08:11:43,1,1.0,
PER_000025,Person,USES_DEVICE,DEV_000024,Device,2025-01-10 03:09:03,2025-01-10 03:09:03,1,1.0,
PER_000025,Person,USES_DEVICE,DEV_000025,Device,2025-03-04 09:14:50,2025-03-04 09:14:50,1,1.0,
PER_000025,Person,USES_DEVICE,DEV_000031,Device,2025-05-15 21:24:35,2025-12-27 06:23:05,2,2.0,
PER_000025,Person,USES_DEVICE,DEV_000039,Device,2025-10-25 17:29:40,2025-10-25 17:29:40,1,1.0,
PER_000025,Person,USES_DEVICE,DEV_000046,Device,2025-03-06 15:40:32,2025-03-06 15:40:32,1,1.0,
PER_000025,Person,USES_DEVICE,DEV_000047,Device,2025-03-05 07:41:44,2025-03-05 07:41:44,1,1.0,
PER_000025,Person,USES_DEVICE,DEV_000048,Device,2025-11-27 07:38:20,2025-11-27 07:38:20,1,1.0,
PER_000025,Person,USES_DEVICE,DEV_000058,Device,2025-10-30 16:44:54,2025-10-30 16:44:54,1,1.0,
PER_000025,Person,USES_DEVICE,DEV_000061,Device,2025-07-28 16:54:15,2025-07-28 16:54:15,1,1.0,
PER_000025,Person,USES_DEVICE,DEV_000071,Device,2025-08-03 18:35:12,2025-08-03 18:35:12,1,1.0,
PER_000025,Person,USES_DEVICE,DEV_000076,Device,2025-05-30 10:22:08,2025-05-30 10:22:08,1,1.0,
PER_000025,Person,USES_DEVICE,DEV_000077,Device,2025-07-13 09:28:29,2025-09-23 21:43:26,2,2.0,
PER_000025,Person,USES_DEVICE,DEV_000088,Device,2025-01-03 16:53:37,2025-01-03 16:53:37,1,1.0,
PER_000025,Person,USES_DEVICE,DEV_000089,Device,2025-07-17 09:16:37,2025-07-17 09:16:37,1,1.0,
PER_000025,Person,USES_DEVICE,DEV_000091,Device,2025-05-18 19:31:47,2025-05-18 19:31:47,1,1.0,
PER_000025,Person,USES_DEVICE,DEV_000093,Device,2025-08-31 06:08:08,2025-08-31 06:08:08,1,1.0,
PER_000025,Person,USES_DEVICE,DEV_000095,Device,2025-04-19 06:58:52,2025-04-19 06:58:52,1,1.0,
PER_000026,Person,USES_DEVICE,DEV_000003,Device,2025-09-05 16:08:18,2025-09-05 16:08:18,1,1.0,
PER_000026,Person,USES_DEVICE,DEV_000007,Device,2025-04-23 17:04:30,2025-04-23 17:04:30,1,1.0,
PER_000026,Person,USES_DEVICE,DEV_000016,Device,2025-01-20 12:06:00,2025-01-20 12:06:00,1,1.0,
PER_000026,Person,USES_DEVICE,DEV_000018,Device,2025-07-04 09:17:29,2025-07-04 09:17:29,1,1.0,
PER_000026,Person,USES_DEVICE,DEV_000020,Device,2025-03-21 05:18:38,2025-03-21 05:18:38,1,1.0,
PER_000026,Person,USES_DEVICE,DEV_000023,Device,2025-02-12 15:12:32,2025-02-12 15:12:32,1,1.0,
PER_000026,Person,USES_DEVICE,DEV_000025,Device,2025-07-01 16:57:56,2025-07-01 16:57:56,1,1.0,
PER_000026,Person,USES_DEVICE,DEV_000027,Device,2025-12-20 20:26:35,2025-12-20 20:26:35,1,1.0,
PER_000026,Person,USES_DEVICE,DEV_000036,Device,2025-12-13 16:17:40,2025-12-13 16:17:40,1,1.0,
PER_000026,Person,USES_DEVICE,DEV_000043,Device,2025-10-19 08:53:53,2025-10-19 08:53:53,1,1.0,
PER_000026,Person,USES_DEVICE,DEV_000052,Device,2025-08-10 11:31:05,2025-08-10 11:31:05,1,1.0,
PER_000026,Person,USES_DEVICE,DEV_000053,Device,2025-08-06 09:46:07,2025-08-06 09:46:07,1,1.0,
PER_000026,Person,USES_DEVICE,DEV_000060,Device,2025-07-25 18:06:29,2025-07-25 18:06:29,1,1.0,
PER_000026,Person,USES_DEVICE,DEV_000069,Device,2025-01-28 07:58:34,2025-01-28 07:58:34,1,1.0,
PER_000026,Person,USES_DEVICE,DEV_000073,Device,2025-04-04 08:32:07,2025-04-04 08:32:07,1,1.0,
PER_000026,Person,USES_DEVICE,DEV_000077,Device,2025-12-27 11:09:14,2025-12-27 11:09:14,1,1.0,
PER_000026,Person,USES_DEVICE,DEV_000078,Device,2025-11-23 11:48:09,2025-11-23 11:48:09,1,1.0,
PER_000026,Person,USES_DEVICE,DEV_000080,Device,2025-12-26 17:54:10,2025-12-26 17:54:10,1,1.0,
PER_000026,Person,USES_DEVICE,DEV_000083,Device,2025-11-28 10:49:32,2025-11-28 10:49:32,1,1.0,
PER_000026,Person,USES_DEVICE,DEV_000088,Device,2025-08-15 12:56:07,2025-08-15 12:56:07,1,1.0,
PER_000026,Person,USES_DEVICE,DEV_000090,Device,2025-12-28 09:50:51,2025-12-28 09:50:51,1,1.0,
PER_000026,Person,USES_DEVICE,DEV_000103,Device,2025-09-27 20:38:49,2025-09-27 20:38:49,1,1.0,
PER_000026,Person,USES_DEVICE,DEV_000107,Device,2025-09-14 15:24:30,2025-09-14 15:24:30,1,1.0,
PER_000026,Person,USES_DEVICE,DEV_000108,Device,2025-04-22 05:59:36,2025-04-22 05:59:36,1,1.0,
PER_000026,Person,USES_DEVICE,DEV_000111,Device,2025-01-10 17:25:36,2025-01-10 17:25:36,1,1.0,
PER_000027,Person,USES_DEVICE,DEV_000001,Device,2025-01-15 05:45:40,2025-12-19 02:57:03,7,7.0,
PER_000027,Person,USES_DEVICE,DEV_000002,Device,2025-07-04 14:44:59,2025-07-04 14:44:59,1,1.0,
PER_000027,Person,USES_DEVICE,DEV_000004,Device,2025-04-13 08:11:42,2025-11-17 16:08:08,3,3.0,
PER_000027,Person,USES_DEVICE,DEV_000006,Device,2025-02-24 10:59:44,2025-12-31 03:26:15,2,2.0,
PER_000027,Person,USES_DEVICE,DEV_000007,Device,2025-10-30 01:12:18,2025-10-30 01:12:18,1,1.0,
PER_000027,Person,USES_DEVICE,DEV_000008,Device,2025-01-19 14:59:29,2025-08-28 03:41:27,3,3.0,
PER_000027,Person,USES_DEVICE,DEV_000010,Device,2025-05-04 13:05:08,2025-05-04 13:05:08,1,1.0,
PER_000027,Person,USES_DEVICE,DEV_000011,Device,2025-02-12 17:12:14,2025-03-07 13:43:46,2,2.0,
PER_000027,Person,USES_DEVICE,DEV_000012,Device,2025-10-19 10:16:06,2025-10-19 10:16:06,1,1.0,
PER_000027,Person,USES_DEVICE,DEV_000017,Device,2025-01-05 14:23:25,2025-07-12 18:10:29,2,2.0,
PER_000027,Person,USES_DEVICE,DEV_000019,Device,2025-04-08 19:20:00,2025-04-08 19:20:00,1,1.0,
PER_000027,Person,USES_DEVICE,DEV_000020,Device,2025-07-23 16:25:10,2025-11-14 16:12:06,2,2.0,
PER_000027,Person,USES_DEVICE,DEV_000024,Device,2025-11-17 20:30:25,2025-11-17 20:30:25,1,1.0,
PER_000027,Person,USES_DEVICE,DEV_000025,Device,2025-12-11 19:09:20,2025-12-11 19:09:20,1,1.0,
PER_000027,Person,USES_DEVICE,DEV_000026,Device,2025-01-06 09:09:55,2025-08-06 14:32:47,2,2.0,
PER_000027,Person,USES_DEVICE,DEV_000027,Device,2025-06-19 07:01:36,2025-07-07 16:39:06,2,2.0,
PER_000027,Person,USES_DEVICE,DEV_000028,Device,2025-01-27 19:15:41,2025-01-27 19:15:41,1,1.0,
PER_000027,Person,USES_DEVICE,DEV_000029,Device,2025-02-10 17:02:11,2025-02-10 17:02:11,1,1.0,
PER_000027,Person,USES_DEVICE,DEV_000030,Device,2025-08-26 14:54:28,2025-12-17 10:25:21,3,3.0,
PER_000027,Person,USES_DEVICE,DEV_000031,Device,2025-05-24 16:50:13,2025-11-20 20:45:10,2,2.0,
PER_000027,Person,USES_DEVICE,DEV_000032,Device,2025-04-14 08:35:35,2025-10-15 10:23:14,3,3.0,
PER_000027,Person,USES_DEVICE,DEV_000033,Device,2025-04-11 14:51:00,2025-10-25 14:44:28,2,2.0,
PER_000027,Person,USES_DEVICE,DEV_000034,Device,2025-06-28 12:50:08,2025-06-28 12:50:08,1,1.0,
PER_000027,Person,USES_DEVICE,DEV_000035,Device,2025-08-28 16:17:41,2025-09-04 03:06:34,2,2.0,
PER_000027,Person,USES_DEVICE,DEV_000036,Device,2025-03-14 20:08:08,2025-03-14 20:08:08,1,1.0,
PER_000027,Person,USES_DEVICE,DEV_000037,Device,2025-09-10 13:31:30,2025-11-12 15:20:06,2,2.0,
PER_000027,Person,USES_DEVICE,DEV_000038,Device,2025-04-13 14:50:03,2025-11-20 06:48:57,2,2.0,
PER_000027,Person,USES_DEVICE,DEV_000040,Device,2025-05-11 12:13:46,2025-05-11 12:13:46,1,1.0,
PER_000027,Person,USES_DEVICE,DEV_000041,Device,2025-09-11 04:09:16,2025-09-11 04:09:16,1,1.0,
PER_000027,Person,USES_DEVICE,DEV_000042,Device,2025-01-01 16:16:52,2025-01-01 16:16:52,1,1.0,
PER_000027,Person,USES_DEVICE,DEV_000043,Device,2025-08-04 16:47:53,2025-08-04 16:47:53,1,1.0,
PER_000027,Person,USES_DEVICE,DEV_000044,Device,2025-06-03 11:11:52,2025-12-18 13:17:21,2,2.0,
PER_000027,Person,USES_DEVICE,DEV_000045,Device,2025-02-04 11:45:18,2025-02-04 11:45:18,1,1.0,
PER_000027,Person,USES_DEVICE,DEV_000046,Device,2025-12-20 12:48:20,2025-12-20 12:48:20,1,1.0,
PER_000027,Person,USES_DEVICE,DEV_000048,Device,2025-09-11 06:21:36,2025-09-11 06:21:36,1,1.0,
PER_000027,Person,USES_DEVICE,DEV_000051,Device,2025-11-02 13:55:53,2025-12-04 17:27:31,2,2.0,
PER_000027,Person,USES_DEVICE,DEV_000052,Device,2025-01-09 21:31:16,2025-10-09 18:20:07,2,2.0,
PER_000027,Person,USES_DEVICE,DEV_000056,Device,2025-05-25 14:51:03,2025-12-31 07:07:35,2,2.0,
PER_000027,Person,USES_DEVICE,DEV_000057,Device,2025-07-21 16:40:26,2025-07-21 16:40:26,1,1.0,
PER_000027,Person,USES_DEVICE,DEV_000059,Device,2025-04-21 04:53:36,2025-04-21 04:53:36,1,1.0,
PER_000027,Person,USES_DEVICE,DEV_000060,Device,2025-11-06 12:11:54,2025-11-06 12:11:54,1,1.0,
PER_000027,Person,USES_DEVICE,DEV_000061,Device,2025-09-19 12:31:24,2025-09-19 12:31:24,1,1.0,
PER_000027,Person,USES_DEVICE,DEV_000062,Device,2025-05-28 12:59:43,2025-05-28 12:59:43,1,1.0,
PER_000027,Person,USES_DEVICE,DEV_000063,Device,2025-03-14 08:50:38,2025-03-14 08:50:38,1,1.0,
PER_000027,Person,USES_DEVICE,DEV_000064,Device,2025-01-28 18:12:07,2025-05-07 23:32:59,3,3.0,
PER_000027,Person,USES_DEVICE,DEV_000065,Device,2025-02-19 21:46:54,2025-02-25 21:55:43,2,2.0,
PER_000027,Person,USES_DEVICE,DEV_000067,Device,2025-01-19 09:48:08,2025-02-02 13:26:19,2,2.0,
PER_000027,Person,USES_DEVICE,DEV_000068,Device,2025-09-15 16:51:11,2025-09-15 16:51:11,1,1.0,
PER_000027,Person,USES_DEVICE,DEV_000071,Device,2025-12-16 13:04:47,2025-12-16 13:04:47,1,1.0,
PER_000027,Person,USES_DEVICE,DEV_000073,Device,2025-01-24 15:23:20,2025-12-08 04:52:01,4,4.0,
PER_000027,Person,USES_DEVICE,DEV_000077,Device,2025-01-09 17:43:54,2025-02-26 04:58:47,2,2.0,
PER_000027,Person,USES_DEVICE,DEV_000079,Device,2025-05-11 07:59:48,2025-05-11 07:59:48,1,1.0,
PER_000027,Person,USES_DEVICE,DEV_000080,Device,2025-08-20 05:43:29,2025-10-23 16:09:15,2,2.0,
PER_000027,Person,USES_DEVICE,DEV_000081,Device,2025-07-10 16:09:57,2025-12-24 13:50:13,2,2.0,
PER_000027,Person,USES_DEVICE,DEV_000082,Device,2025-10-09 13:36:21,2025-10-09 13:36:21,1,1.0,
PER_000027,Person,USES_DEVICE,DEV_000085,Device,2025-12-01 11:38:17,2025-12-01 11:38:17,1,1.0,
PER_000027,Person,USES_DEVICE,DEV_000087,Device,2025-03-23 06:36:40,2025-03-23 06:36:40,1,1.0,
PER_000027,Person,USES_DEVICE,DEV_000088,Device,2025-12-30 14:36:50,2025-12-30 14:36:50,1,1.0,
PER_000027,Person,USES_DEVICE,DEV_000089,Device,2025-09-05 17:39:46,2025-09-05 17:39:46,1,1.0,
PER_000027,Person,USES_DEVICE,DEV_000090,Device,2025-09-08 18:15:30,2025-09-08 18:15:30,1,1.0,
PER_000027,Person,USES_DEVICE,DEV_000091,Device,2025-04-01 09:39:36,2025-04-01 09:39:36,1,1.0,
PER_000027,Person,USES_DEVICE,DEV_000092,Device,2025-12-24 17:47:57,2025-12-24 17:47:57,1,1.0,
PER_000027,Person,USES_DEVICE,DEV_000093,Device,2025-02-16 06:34:55,2025-10-13 11:04:46,3,3.0,
PER_000027,Person,USES_DEVICE,DEV_000094,Device,2025-04-22 15:50:07,2025-10-17 20:05:13,3,3.0,
PER_000027,Person,USES_DEVICE,DEV_000095,Device,2025-11-18 12:40:00,2025-11-18 12:40:00,1,1.0,
PER_000027,Person,USES_DEVICE,DEV_000096,Device,2025-02-06 14:19:08,2025-12-10 07:59:57,2,2.0,
PER_000027,Person,USES_DEVICE,DEV_000097,Device,2025-01-14 19:23:42,2025-01-14 19:23:42,1,1.0,
PER_000027,Person,USES_DEVICE,DEV_000098,Device,2025-02-14 13:52:21,2025-08-23 16:09:12,3,3.0,
PER_000027,Person,USES_DEVICE,DEV_000099,Device,2025-02-19 16:25:59,2025-08-28 12:26:09,3,3.0,
PER_000027,Person,USES_DEVICE,DEV_000102,Device,2025-06-22 06:57:22,2025-06-22 06:57:22,1,1.0,
PER_000027,Person,USES_DEVICE,DEV_000104,Device,2025-06-27 09:12:51,2025-10-19 19:58:07,2,2.0,
PER_000027,Person,USES_DEVICE,DEV_000105,Device,2025-01-21 15:11:04,2025-10-07 16:03:03,2,2.0,
PER_000027,Person,USES_DEVICE,DEV_000106,Device,2025-12-27 21:39:54,2025-12-27 21:39:54,1,1.0,
PER_000027,Person,USES_DEVICE,DEV_000108,Device,2025-11-23 08:58:09,2025-11-23 08:58:09,1,1.0,
PER_000027,Person,USES_DEVICE,DEV_000109,Device,2025-01-09 08:10:08,2025-08-24 16:12:16,3,3.0,
PER_000027,Person,USES_DEVICE,DEV_000110,Device,2025-09-17 14:32:25,2025-11-29 10:47:34,2,2.0,
PER_000027,Person,USES_DEVICE,DEV_000111,Device,2025-04-11 14:39:29,2025-12-14 19:38:54,3,3.0,
PER_000027,Person,USES_DEVICE,DEV_000112,Device,2025-04-25 11:07:13,2025-10-02 05:29:59,2,2.0,
PER_000027,Person,USES_DEVICE,DEV_000114,Device,2025-11-21 17:53:21,2025-12-22 09:46:47,2,2.0,
PER_000027,Person,USES_DEVICE,DEV_000115,Device,2025-06-22 10:00:51,2025-06-29 18:12:39,2,2.0,
PER_000027,Person,USES_DEVICE,DEV_000116,Device,2025-05-20 07:35:07,2025-05-20 07:35:07,1,1.0,
PER_000027,Person,USES_DEVICE,DEV_000117,Device,2025-12-14 03:02:00,2025-12-14 03:02:00,1,1.0,
PER_000027,Person,USES_DEVICE,DEV_000119,Device,2025-01-22 15:55:13,2025-02-15 15:43:12,2,2.0,
PER_000027,Person,USES_DEVICE,DEV_000120,Device,2025-07-29 19:38:17,2025-08-31 05:50:31,2,2.0,
PER_000028,Person,USES_DEVICE,DEV_000002,Device,2025-01-26 10:05:02,2025-01-26 10:05:02,1,1.0,
PER_000028,Person,USES_DEVICE,DEV_000017,Device,2025-12-17 15:56:17,2025-12-17 15:56:17,1,1.0,
PER_000028,Person,USES_DEVICE,DEV_000032,Device,2025-01-18 19:58:01,2025-01-18 19:58:01,1,1.0,
PER_000028,Person,USES_DEVICE,DEV_000069,Device,2025-05-17 11:07:16,2025-05-17 11:07:16,1,1.0,
PER_000028,Person,USES_DEVICE,DEV_000072,Device,2025-10-10 12:05:48,2025-10-10 12:05:48,1,1.0,
PER_000028,Person,USES_DEVICE,DEV_000074,Device,2025-10-15 17:32:04,2025-10-15 17:32:04,1,1.0,
PER_000028,Person,USES_DEVICE,DEV_000077,Device,2025-08-07 06:46:47,2025-08-07 06:46:47,1,1.0,
PER_000028,Person,USES_DEVICE,DEV_000079,Device,2025-09-11 20:21:57,2025-09-11 20:21:57,1,1.0,
PER_000028,Person,USES_DEVICE,DEV_000083,Device,2025-02-23 15:13:34,2025-02-23 15:13:34,1,1.0,
PER_000028,Person,USES_DEVICE,DEV_000085,Device,2025-01-27 08:26:38,2025-12-07 07:26:53,2,2.0,
PER_000028,Person,USES_DEVICE,DEV_000086,Device,2025-05-26 16:47:46,2025-05-26 16:47:46,1,1.0,
PER_000028,Person,USES_DEVICE,DEV_000087,Device,2025-08-03 12:29:09,2025-08-03 12:29:09,1,1.0,
PER_000028,Person,USES_DEVICE,DEV_000095,Device,2025-01-19 08:39:47,2025-01-19 08:39:47,1,1.0,
PER_000028,Person,USES_DEVICE,DEV_000111,Device,2025-11-23 16:48:09,2025-11-23 16:48:09,1,1.0,
PER_000029,Person,USES_DEVICE,DEV_000007,Device,2025-03-21 07:42:06,2025-03-21 07:42:06,1,1.0,
PER_000029,Person,USES_DEVICE,DEV_000008,Device,2025-11-14 15:20:56,2025-11-14 15:20:56,1,1.0,
PER_000029,Person,USES_DEVICE,DEV_000013,Device,2025-02-13 07:44:57,2025-02-13 07:44:57,1,1.0,
PER_000029,Person,USES_DEVICE,DEV_000014,Device,2025-01-06 10:06:24,2025-01-06 10:06:24,1,1.0,
PER_000029,Person,USES_DEVICE,DEV_000016,Device,2025-08-22 16:56:31,2025-08-22 16:56:31,1,1.0,
PER_000029,Person,USES_DEVICE,DEV_000018,Device,2025-02-03 11:42:11,2025-02-03 11:42:11,1,1.0,
PER_000029,Person,USES_DEVICE,DEV_000020,Device,2025-05-18 15:13:37,2025-05-18 15:13:37,1,1.0,
PER_000029,Person,USES_DEVICE,DEV_000022,Device,2025-06-12 05:04:40,2025-06-12 05:04:40,1,1.0,
PER_000029,Person,USES_DEVICE,DEV_000031,Device,2025-03-01 08:52:54,2025-03-01 08:52:54,1,1.0,
PER_000029,Person,USES_DEVICE,DEV_000035,Device,2025-05-08 18:26:58,2025-05-08 18:26:58,1,1.0,
PER_000029,Person,USES_DEVICE,DEV_000048,Device,2025-06-12 15:01:05,2025-06-12 15:01:05,1,1.0,
PER_000029,Person,USES_DEVICE,DEV_000053,Device,2025-03-14 10:49:27,2025-03-14 10:49:27,1,1.0,
PER_000029,Person,USES_DEVICE,DEV_000057,Device,2025-05-19 12:01:57,2025-05-19 12:01:57,1,1.0,
PER_000029,Person,USES_DEVICE,DEV_000059,Device,2025-05-18 12:36:53,2025-05-18 12:36:53,1,1.0,
PER_000029,Person,USES_DEVICE,DEV_000079,Device,2025-01-17 12:15:03,2025-10-11 10:39:22,2,2.0,
PER_000029,Person,USES_DEVICE,DEV_000084,Device,2025-01-09 12:00:17,2025-01-09 12:00:17,1,1.0,
PER_000029,Person,USES_DEVICE,DEV_000096,Device,2025-02-12 12:45:44,2025-02-12 12:45:44,1,1.0,
PER_000029,Person,USES_DEVICE,DEV_000103,Device,2025-01-08 03:06:11,2025-01-08 03:06:11,1,1.0,
PER_000030,Person,USES_DEVICE,DEV_000003,Device,2025-05-21 07:12:54,2025-05-21 07:12:54,1,1.0,
PER_000030,Person,USES_DEVICE,DEV_000008,Device,2025-03-23 15:04:41,2025-03-23 15:04:41,1,1.0,
PER_000030,Person,USES_DEVICE,DEV_000015,Device,2025-01-26 20:12:25,2025-01-26 20:12:25,1,1.0,
PER_000030,Person,USES_DEVICE,DEV_000020,Device,2025-03-23 08:49:04,2025-03-23 08:49:04,1,1.0,
PER_000030,Person,USES_DEVICE,DEV_000034,Device,2025-01-22 04:56:27,2025-01-22 04:56:27,1,1.0,
PER_000030,Person,USES_DEVICE,DEV_000038,Device,2025-03-10 05:03:06,2025-03-10 05:03:06,1,1.0,
PER_000030,Person,USES_DEVICE,DEV_000044,Device,2025-11-27 08:21:26,2025-11-27 08:21:26,1,1.0,
PER_000030,Person,USES_DEVICE,DEV_000059,Device,2025-09-19 15:56:24,2025-09-19 15:56:24,1,1.0,
PER_000030,Person,USES_DEVICE,DEV_000065,Device,2025-05-26 19:44:01,2025-05-26 19:44:01,1,1.0,
PER_000030,Person,USES_DEVICE,DEV_000066,Device,2025-07-24 14:50:12,2025-07-24 14:50:12,1,1.0,
PER_000030,Person,USES_DEVICE,DEV_000067,Device,2025-08-15 07:25:29,2025-08-15 07:25:29,1,1.0,
PER_000030,Person,USES_DEVICE,DEV_000068,Device,2025-05-11 14:25:16,2025-05-11 14:25:16,1,1.0,
PER_000030,Person,USES_DEVICE,DEV_000078,Device,2025-09-14 06:55:42,2025-09-14 06:55:42,1,1.0,
PER_000030,Person,USES_DEVICE,DEV_000079,Device,2025-09-26 12:03:20,2025-09-26 12:03:20,1,1.0,
PER_000030,Person,USES_DEVICE,DEV_000080,Device,2025-04-07 15:14:25,2025-04-07 15:14:25,1,1.0,
PER_000030,Person,USES_DEVICE,DEV_000091,Device,2025-02-11 19:40:35,2025-02-11 19:40:35,1,1.0,
PER_000030,Person,USES_DEVICE,DEV_000098,Device,2025-04-23 14:00:13,2025-04-23 14:00:13,1,1.0,
PER_000030,Person,USES_DEVICE,DEV_000100,Device,2025-09-15 21:10:48,2025-09-15 21:10:48,1,1.0,
PER_000030,Person,USES_DEVICE,DEV_000103,Device,2025-11-26 20:58:17,2025-11-26 20:58:17,1,1.0,
PER_000030,Person,USES_DEVICE,DEV_000120,Device,2025-01-16 21:27:58,2025-01-16 21:27:58,1,1.0,
PER_000031,Person,USES_DEVICE,DEV_000020,Device,2025-12-08 14:20:13,2025-12-08 14:20:13,1,1.0,
PER_000031,Person,USES_DEVICE,DEV_000022,Device,2025-10-01 14:40:43,2025-12-29 15:50:29,2,2.0,
PER_000031,Person,USES_DEVICE,DEV_000027,Device,2025-06-19 10:51:47,2025-06-19 10:51:47,1,1.0,
PER_000031,Person,USES_DEVICE,DEV_000031,Device,2025-06-18 11:39:41,2025-06-18 11:39:41,1,1.0,
PER_000031,Person,USES_DEVICE,DEV_000042,Device,2025-02-10 18:20:27,2025-02-10 18:20:27,1,1.0,
PER_000031,Person,USES_DEVICE,DEV_000061,Device,2025-04-28 11:09:52,2025-07-19 08:29:26,2,2.0,
PER_000031,Person,USES_DEVICE,DEV_000064,Device,2025-08-30 15:39:21,2025-08-30 15:39:21,1,1.0,
PER_000031,Person,USES_DEVICE,DEV_000069,Device,2025-01-23 13:14:35,2025-01-23 13:14:35,1,1.0,
PER_000031,Person,USES_DEVICE,DEV_000071,Device,2025-09-11 15:34:35,2025-09-11 15:34:35,1,1.0,
PER_000031,Person,USES_DEVICE,DEV_000074,Device,2025-10-13 18:15:56,2025-10-13 18:15:56,1,1.0,
PER_000031,Person,USES_DEVICE,DEV_000075,Device,2025-06-16 15:00:10,2025-06-16 15:00:10,1,1.0,
PER_000031,Person,USES_DEVICE,DEV_000090,Device,2025-08-22 02:47:49,2025-08-22 02:47:49,1,1.0,
PER_000031,Person,USES_DEVICE,DEV_000101,Device,2025-11-08 15:48:56,2025-11-08 15:48:56,1,1.0,
PER_000031,Person,USES_DEVICE,DEV_000109,Device,2025-10-03 04:47:57,2025-10-03 04:47:57,1,1.0,
PER_000031,Person,USES_DEVICE,DEV_000112,Device,2025-02-13 11:34:33,2025-02-13 11:34:33,1,1.0,
PER_000031,Person,USES_DEVICE,DEV_000118,Device,2025-04-07 16:36:51,2025-04-07 16:36:51,1,1.0,
PER_000032,Person,USES_DEVICE,DEV_000004,Device,2025-07-29 14:00:24,2025-07-29 14:00:24,1,1.0,
PER_000032,Person,USES_DEVICE,DEV_000007,Device,2025-12-01 16:51:55,2025-12-01 16:51:55,1,1.0,
PER_000032,Person,USES_DEVICE,DEV_000014,Device,2025-12-21 06:02:57,2025-12-21 06:02:57,1,1.0,
PER_000032,Person,USES_DEVICE,DEV_000021,Device,2025-12-02 01:37:49,2025-12-02 01:37:49,1,1.0,
PER_000032,Person,USES_DEVICE,DEV_000023,Device,2025-06-12 11:52:13,2025-06-12 11:52:13,1,1.0,
PER_000032,Person,USES_DEVICE,DEV_000024,Device,2025-08-09 09:01:02,2025-08-09 09:01:02,1,1.0,
PER_000032,Person,USES_DEVICE,DEV_000032,Device,2025-03-20 20:46:32,2025-03-20 20:46:32,1,1.0,
PER_000032,Person,USES_DEVICE,DEV_000033,Device,2025-09-08 13:17:27,2025-09-08 13:17:27,1,1.0,
PER_000032,Person,USES_DEVICE,DEV_000034,Device,2025-03-15 09:07:54,2025-03-15 09:07:54,1,1.0,
PER_000032,Person,USES_DEVICE,DEV_000041,Device,2025-10-16 13:30:56,2025-10-16 13:30:56,1,1.0,
PER_000032,Person,USES_DEVICE,DEV_000042,Device,2025-12-04 03:08:54,2025-12-04 03:08:54,1,1.0,
PER_000032,Person,USES_DEVICE,DEV_000043,Device,2025-08-18 18:23:39,2025-08-18 18:23:39,1,1.0,
PER_000032,Person,USES_DEVICE,DEV_000047,Device,2025-12-05 10:36:35,2025-12-05 10:36:35,1,1.0,
PER_000032,Person,USES_DEVICE,DEV_000050,Device,2025-11-07 11:09:34,2025-11-07 11:09:34,1,1.0,
PER_000032,Person,USES_DEVICE,DEV_000061,Device,2025-06-09 17:04:58,2025-06-09 17:04:58,1,1.0,
PER_000032,Person,USES_DEVICE,DEV_000065,Device,2025-09-08 18:37:00,2025-09-08 18:37:00,1,1.0,
PER_000032,Person,USES_DEVICE,DEV_000069,Device,2025-08-24 12:04:52,2025-08-24 12:04:52,1,1.0,
PER_000032,Person,USES_DEVICE,DEV_000070,Device,2025-08-31 09:51:46,2025-08-31 09:51:46,1,1.0,
PER_000032,Person,USES_DEVICE,DEV_000071,Device,2025-08-07 13:18:36,2025-08-07 13:18:36,1,1.0,
PER_000032,Person,USES_DEVICE,DEV_000076,Device,2025-02-16 18:50:54,2025-02-16 18:50:54,1,1.0,
PER_000032,Person,USES_DEVICE,DEV_000077,Device,2025-08-14 21:28:53,2025-08-14 21:28:53,1,1.0,
PER_000032,Person,USES_DEVICE,DEV_000082,Device,2025-06-29 14:49:09,2025-06-29 14:49:09,1,1.0,
PER_000032,Person,USES_DEVICE,DEV_000092,Device,2025-06-23 03:13:04,2025-06-23 03:13:04,1,1.0,
PER_000032,Person,USES_DEVICE,DEV_000100,Device,2025-10-10 05:51:00,2025-10-10 05:51:00,1,1.0,
PER_000032,Person,USES_DEVICE,DEV_000104,Device,2025-09-20 16:31:12,2025-09-20 16:31:12,1,1.0,
PER_000032,Person,USES_DEVICE,DEV_000105,Device,2025-10-17 09:24:46,2025-10-17 09:24:46,1,1.0,
PER_000032,Person,USES_DEVICE,DEV_000109,Device,2025-05-26 18:45:29,2025-05-26 18:45:29,1,1.0,
PER_000032,Person,USES_DEVICE,DEV_000110,Device,2025-09-03 17:56:36,2025-09-03 17:56:36,1,1.0,
PER_000032,Person,USES_DEVICE,DEV_000111,Device,2025-05-25 14:28:33,2025-05-25 14:28:33,1,1.0,
PER_000032,Person,USES_DEVICE,DEV_000115,Device,2025-08-06 07:35:39,2025-08-06 07:35:39,1,1.0,
PER_000033,Person,USES_DEVICE,DEV_000005,Device,2025-08-23 17:19:33,2025-08-23 17:19:33,1,1.0,
PER_000033,Person,USES_DEVICE,DEV_000017,Device,2025-03-28 16:14:20,2025-11-29 14:21:18,3,3.0,
PER_000033,Person,USES_DEVICE,DEV_000018,Device,2025-09-17 05:31:53,2025-09-17 05:31:53,1,1.0,
PER_000033,Person,USES_DEVICE,DEV_000031,Device,2025-03-29 14:59:23,2025-03-29 14:59:23,1,1.0,
PER_000033,Person,USES_DEVICE,DEV_000033,Device,2025-10-22 19:48:20,2025-10-22 19:48:20,1,1.0,
PER_000033,Person,USES_DEVICE,DEV_000034,Device,2025-03-05 15:56:35,2025-03-05 15:56:35,1,1.0,
PER_000033,Person,USES_DEVICE,DEV_000038,Device,2025-11-14 09:25:20,2025-11-14 09:25:20,1,1.0,
PER_000033,Person,USES_DEVICE,DEV_000042,Device,2025-07-04 16:09:45,2025-07-04 16:09:45,1,1.0,
PER_000033,Person,USES_DEVICE,DEV_000046,Device,2025-08-09 06:26:25,2025-08-09 06:26:25,1,1.0,
PER_000033,Person,USES_DEVICE,DEV_000060,Device,2025-12-23 18:44:25,2025-12-23 18:44:25,1,1.0,
PER_000033,Person,USES_DEVICE,DEV_000076,Device,2025-09-12 03:00:07,2025-09-12 03:00:07,1,1.0,
PER_000033,Person,USES_DEVICE,DEV_000079,Device,2025-11-01 04:13:01,2025-11-01 04:13:01,1,1.0,
PER_000033,Person,USES_DEVICE,DEV_000083,Device,2025-05-01 13:56:50,2025-05-01 13:56:50,1,1.0,
PER_000033,Person,USES_DEVICE,DEV_000088,Device,2025-10-02 18:27:36,2025-10-02 18:27:36,1,1.0,
PER_000033,Person,USES_DEVICE,DEV_000094,Device,2025-09-14 18:34:42,2025-09-14 18:34:42,1,1.0,
PER_000033,Person,USES_DEVICE,DEV_000095,Device,2025-10-23 11:22:49,2025-10-23 11:22:49,1,1.0,
PER_000033,Person,USES_DEVICE,DEV_000099,Device,2025-04-20 07:44:14,2025-04-20 07:44:14,1,1.0,
PER_000033,Person,USES_DEVICE,DEV_000109,Device,2025-01-15 14:27:56,2025-01-15 14:27:56,1,1.0,
PER_000033,Person,USES_DEVICE,DEV_000111,Device,2025-11-20 15:18:08,2025-11-20 15:18:08,1,1.0,
PER_000033,Person,USES_DEVICE,DEV_000116,Device,2025-12-02 18:16:19,2025-12-02 18:16:19,1,1.0,
PER_000034,Person,USES_DEVICE,DEV_000003,Device,2025-04-19 10:37:58,2025-07-04 06:35:35,2,2.0,
PER_000034,Person,USES_DEVICE,DEV_000023,Device,2025-08-19 06:26:53,2025-08-19 06:26:53,1,1.0,
PER_000034,Person,USES_DEVICE,DEV_000033,Device,2025-09-29 19:43:03,2025-09-29 19:43:03,1,1.0,
PER_000034,Person,USES_DEVICE,DEV_000041,Device,2025-06-10 21:27:57,2025-06-10 21:27:57,1,1.0,
PER_000034,Person,USES_DEVICE,DEV_000043,Device,2025-10-13 13:35:56,2025-10-13 13:35:56,1,1.0,
PER_000034,Person,USES_DEVICE,DEV_000061,Device,2025-12-02 14:31:36,2025-12-02 14:31:36,1,1.0,
PER_000034,Person,USES_DEVICE,DEV_000076,Device,2025-12-08 07:39:41,2025-12-08 07:39:41,1,1.0,
PER_000034,Person,USES_DEVICE,DEV_000088,Device,2025-07-23 10:27:38,2025-07-23 10:27:38,1,1.0,
PER_000034,Person,USES_DEVICE,DEV_000089,Device,2025-12-16 19:11:13,2025-12-16 19:11:13,1,1.0,
PER_000034,Person,USES_DEVICE,DEV_000102,Device,2025-03-10 19:27:16,2025-03-10 19:27:16,1,1.0,
PER_000034,Person,USES_DEVICE,DEV_000106,Device,2025-11-14 14:25:08,2025-11-14 14:25:08,1,1.0,
PER_000034,Person,USES_DEVICE,DEV_000109,Device,2025-02-08 15:31:51,2025-07-17 10:43:18,2,2.0,
PER_000034,Person,USES_DEVICE,DEV_000111,Device,2025-12-20 07:53:53,2025-12-20 07:53:53,1,1.0,
PER_000034,Person,USES_DEVICE,DEV_000112,Device,2025-09-02 18:52:02,2025-09-02 18:52:02,1,1.0,
PER_000035,Person,USES_DEVICE,DEV_000005,Device,2025-10-07 04:36:23,2025-10-07 04:36:23,1,1.0,
PER_000035,Person,USES_DEVICE,DEV_000010,Device,2025-01-21 17:46:04,2025-01-21 17:46:04,1,1.0,
PER_000035,Person,USES_DEVICE,DEV_000012,Device,2025-10-07 08:31:37,2025-10-07 08:31:37,1,1.0,
PER_000035,Person,USES_DEVICE,DEV_000014,Device,2025-11-01 13:31:41,2025-11-01 13:31:41,1,1.0,
PER_000035,Person,USES_DEVICE,DEV_000018,Device,2025-11-18 10:11:50,2025-11-18 10:11:50,1,1.0,
PER_000035,Person,USES_DEVICE,DEV_000025,Device,2025-07-07 12:36:50,2025-07-07 12:36:50,1,1.0,
PER_000035,Person,USES_DEVICE,DEV_000031,Device,2025-08-24 12:36:35,2025-08-24 12:36:35,1,1.0,
PER_000035,Person,USES_DEVICE,DEV_000044,Device,2025-11-26 07:27:01,2025-11-26 07:27:01,1,1.0,
PER_000035,Person,USES_DEVICE,DEV_000047,Device,2025-09-04 17:08:42,2025-09-04 17:08:42,1,1.0,
PER_000035,Person,USES_DEVICE,DEV_000054,Device,2025-11-27 16:05:27,2025-11-27 16:05:27,1,1.0,
PER_000035,Person,USES_DEVICE,DEV_000063,Device,2025-08-05 05:13:12,2025-08-05 05:13:12,1,1.0,
PER_000035,Person,USES_DEVICE,DEV_000075,Device,2025-11-28 22:54:12,2025-11-28 22:54:12,1,1.0,
PER_000035,Person,USES_DEVICE,DEV_000081,Device,2025-05-24 14:22:27,2025-05-24 14:22:27,1,1.0,
PER_000035,Person,USES_DEVICE,DEV_000089,Device,2025-08-14 10:38:13,2025-08-14 10:38:13,1,1.0,
PER_000035,Person,USES_DEVICE,DEV_000109,Device,2025-05-31 09:05:51,2025-08-16 11:16:21,2,2.0,
PER_000035,Person,USES_DEVICE,DEV_000111,Device,2025-09-15 20:04:55,2025-09-15 20:04:55,1,1.0,
PER_000035,Person,USES_DEVICE,DEV_000118,Device,2025-09-08 09:24:16,2025-09-08 09:24:16,1,1.0,
PER_000036,Person,USES_DEVICE,DEV_000011,Device,2025-06-22 10:42:23,2025-06-22 10:42:23,1,1.0,
PER_000036,Person,USES_DEVICE,DEV_000018,Device,2025-06-25 17:18:28,2025-06-25 17:18:28,1,1.0,
PER_000036,Person,USES_DEVICE,DEV_000021,Device,2025-10-02 17:19:03,2025-10-02 17:19:03,1,1.0,
PER_000036,Person,USES_DEVICE,DEV_000043,Device,2025-02-02 20:56:05,2025-02-02 20:56:05,1,1.0,
PER_000036,Person,USES_DEVICE,DEV_000045,Device,2025-02-03 22:01:31,2025-02-03 22:01:31,1,1.0,
PER_000036,Person,USES_DEVICE,DEV_000048,Device,2025-07-30 13:22:54,2025-07-30 13:22:54,1,1.0,
PER_000036,Person,USES_DEVICE,DEV_000061,Device,2025-08-07 14:04:19,2025-08-07 14:04:19,1,1.0,
PER_000036,Person,USES_DEVICE,DEV_000083,Device,2025-08-17 11:56:09,2025-08-17 11:56:09,1,1.0,
PER_000036,Person,USES_DEVICE,DEV_000090,Device,2025-08-16 19:07:32,2025-08-16 19:07:32,1,1.0,
PER_000036,Person,USES_DEVICE,DEV_000103,Device,2025-04-04 14:21:45,2025-04-04 14:21:45,1,1.0,
PER_000036,Person,USES_DEVICE,DEV_000105,Device,2025-02-27 12:00:30,2025-02-27 12:00:30,1,1.0,
PER_000036,Person,USES_DEVICE,DEV_000107,Device,2025-04-08 20:02:37,2025-04-08 20:02:37,1,1.0,
PER_000037,Person,USES_DEVICE,DEV_000005,Device,2025-10-04 20:28:47,2025-10-04 20:28:47,1,1.0,
PER_000037,Person,USES_DEVICE,DEV_000012,Device,2025-01-29 15:47:04,2025-01-29 15:47:04,1,1.0,
PER_000037,Person,USES_DEVICE,DEV_000016,Device,2025-03-13 11:33:40,2025-03-13 11:33:40,1,1.0,
PER_000037,Person,USES_DEVICE,DEV_000017,Device,2025-05-09 10:50:53,2025-05-09 10:50:53,1,1.0,
PER_000037,Person,USES_DEVICE,DEV_000036,Device,2025-12-17 11:06:30,2025-12-17 11:06:30,1,1.0,
PER_000037,Person,USES_DEVICE,DEV_000039,Device,2025-12-10 08:06:09,2025-12-10 08:06:09,1,1.0,
PER_000037,Person,USES_DEVICE,DEV_000047,Device,2025-04-06 18:56:23,2025-04-06 18:56:23,1,1.0,
PER_000037,Person,USES_DEVICE,DEV_000054,Device,2025-03-03 14:28:22,2025-03-03 14:28:22,1,1.0,
PER_000037,Person,USES_DEVICE,DEV_000058,Device,2025-05-09 17:42:33,2025-05-09 17:42:33,1,1.0,
PER_000037,Person,USES_DEVICE,DEV_000061,Device,2025-07-15 10:25:52,2025-07-15 10:25:52,1,1.0,
PER_000037,Person,USES_DEVICE,DEV_000064,Device,2025-11-08 09:00:49,2025-11-08 09:00:49,1,1.0,
PER_000037,Person,USES_DEVICE,DEV_000065,Device,2025-06-10 19:07:05,2025-06-10 19:07:05,1,1.0,
PER_000037,Person,USES_DEVICE,DEV_000068,Device,2025-09-01 11:10:42,2025-09-01 11:10:42,1,1.0,
PER_000037,Person,USES_DEVICE,DEV_000069,Device,2025-10-29 20:20:56,2025-10-29 20:20:56,1,1.0,
PER_000037,Person,USES_DEVICE,DEV_000075,Device,2025-04-01 15:31:52,2025-12-16 11:57:02,2,2.0,
PER_000037,Person,USES_DEVICE,DEV_000082,Device,2025-06-10 11:03:42,2025-06-10 11:03:42,1,1.0,
PER_000037,Person,USES_DEVICE,DEV_000087,Device,2025-08-15 06:02:36,2025-08-15 06:02:36,1,1.0,
PER_000037,Person,USES_DEVICE,DEV_000095,Device,2025-06-24 17:53:36,2025-06-24 17:53:36,1,1.0,
PER_000037,Person,USES_DEVICE,DEV_000108,Device,2025-10-06 17:04:06,2025-10-06 17:04:06,1,1.0,
PER_000038,Person,USES_DEVICE,DEV_000001,Device,2025-05-01 08:55:55,2025-05-01 08:55:55,1,1.0,
PER_000038,Person,USES_DEVICE,DEV_000002,Device,2025-05-01 16:13:38,2025-05-01 16:13:38,1,1.0,
PER_000038,Person,USES_DEVICE,DEV_000003,Device,2025-05-01 07:31:06,2025-05-01 11:49:37,2,2.0,
PER_000038,Person,USES_DEVICE,DEV_000004,Device,2025-05-01 16:51:50,2025-05-01 16:51:50,1,1.0,
PER_000038,Person,USES_DEVICE,DEV_000005,Device,2025-05-01 19:09:08,2025-05-01 21:31:24,2,2.0,
PER_000038,Person,USES_DEVICE,DEV_000006,Device,2025-05-01 14:05:08,2025-05-01 14:05:08,1,1.0,
PER_000038,Person,USES_DEVICE,DEV_000007,Device,2025-05-01 16:40:38,2025-05-01 16:40:38,1,1.0,
PER_000038,Person,USES_DEVICE,DEV_000009,Device,2025-05-01 10:34:45,2025-05-01 10:34:45,1,1.0,
PER_000038,Person,USES_DEVICE,DEV_000010,Device,2025-05-01 08:17:30,2025-05-01 12:09:49,3,3.0,
PER_000038,Person,USES_DEVICE,DEV_000011,Device,2025-05-01 03:45:34,2025-05-01 14:14:37,3,3.0,
PER_000038,Person,USES_DEVICE,DEV_000013,Device,2025-05-01 14:11:56,2025-05-01 14:11:56,1,1.0,
PER_000038,Person,USES_DEVICE,DEV_000014,Device,2025-05-01 10:13:06,2025-05-01 10:13:06,1,1.0,
PER_000038,Person,USES_DEVICE,DEV_000015,Device,2025-05-01 08:35:25,2025-05-01 21:19:38,3,3.0,
PER_000038,Person,USES_DEVICE,DEV_000017,Device,2025-05-01 04:15:14,2025-05-01 16:54:35,2,2.0,
PER_000038,Person,USES_DEVICE,DEV_000019,Device,2025-05-01 05:55:44,2025-05-01 21:06:12,3,3.0,
PER_000038,Person,USES_DEVICE,DEV_000020,Device,2025-05-01 20:41:26,2025-05-01 21:15:28,2,2.0,
PER_000038,Person,USES_DEVICE,DEV_000024,Device,2025-05-01 10:41:27,2025-05-01 10:41:27,1,1.0,
PER_000038,Person,USES_DEVICE,DEV_000025,Device,2025-05-01 00:25:58,2025-05-01 14:50:30,3,3.0,
PER_000038,Person,USES_DEVICE,DEV_000027,Device,2025-05-01 15:40:55,2025-05-01 15:40:55,1,1.0,
PER_000038,Person,USES_DEVICE,DEV_000029,Device,2025-05-01 13:25:56,2025-05-01 13:25:56,1,1.0,
PER_000038,Person,USES_DEVICE,DEV_000030,Device,2025-05-01 17:23:31,2025-05-01 17:23:31,1,1.0,
PER_000038,Person,USES_DEVICE,DEV_000031,Device,2025-05-01 13:30:17,2025-05-01 13:30:17,1,1.0,
PER_000038,Person,USES_DEVICE,DEV_000032,Device,2025-05-01 12:03:38,2025-05-01 23:15:31,2,2.0,
PER_000038,Person,USES_DEVICE,DEV_000033,Device,2025-05-01 02:47:54,2025-05-01 02:47:54,1,1.0,
PER_000038,Person,USES_DEVICE,DEV_000034,Device,2025-05-01 13:08:14,2025-05-01 13:08:14,1,1.0,
PER_000038,Person,USES_DEVICE,DEV_000035,Device,2025-05-01 04:02:55,2025-05-01 06:31:20,2,2.0,
PER_000038,Person,USES_DEVICE,DEV_000036,Device,2025-05-01 17:19:01,2025-05-01 17:19:01,1,1.0,
PER_000038,Person,USES_DEVICE,DEV_000037,Device,2025-05-01 06:17:53,2025-05-01 22:49:50,3,3.0,
PER_000038,Person,USES_DEVICE,DEV_000038,Device,2025-05-01 05:55:43,2025-05-01 14:24:02,2,2.0,
PER_000038,Person,USES_DEVICE,DEV_000041,Device,2025-05-01 02:13:05,2025-05-01 15:36:06,2,2.0,
PER_000038,Person,USES_DEVICE,DEV_000047,Device,2025-05-01 15:08:40,2025-05-01 15:08:40,1,1.0,
PER_000038,Person,USES_DEVICE,DEV_000048,Device,2025-05-01 04:20:37,2025-05-01 14:28:28,3,3.0,
PER_000038,Person,USES_DEVICE,DEV_000049,Device,2025-05-01 03:19:17,2025-05-01 18:52:51,5,5.0,
PER_000038,Person,USES_DEVICE,DEV_000050,Device,2025-05-01 04:38:20,2025-05-01 20:12:03,3,3.0,
PER_000038,Person,USES_DEVICE,DEV_000052,Device,2025-05-01 08:45:25,2025-05-01 22:15:17,3,3.0,
PER_000038,Person,USES_DEVICE,DEV_000054,Device,2025-05-01 01:44:18,2025-05-01 01:44:18,1,1.0,
PER_000038,Person,USES_DEVICE,DEV_000056,Device,2025-05-01 07:36:10,2025-05-01 07:36:10,1,1.0,
PER_000038,Person,USES_DEVICE,DEV_000057,Device,2025-05-01 15:49:52,2025-05-01 15:49:52,1,1.0,
PER_000038,Person,USES_DEVICE,DEV_000059,Device,2025-05-01 00:53:10,2025-05-01 00:53:10,1,1.0,
PER_000038,Person,USES_DEVICE,DEV_000060,Device,2025-05-01 03:04:52,2025-05-01 03:04:52,1,1.0,
PER_000038,Person,USES_DEVICE,DEV_000061,Device,2025-05-01 01:31:29,2025-05-01 01:31:29,1,1.0,
PER_000038,Person,USES_DEVICE,DEV_000062,Device,2025-05-01 22:19:32,2025-05-01 22:19:32,1,1.0,
PER_000038,Person,USES_DEVICE,DEV_000063,Device,2025-05-01 18:50:31,2025-05-01 18:50:31,1,1.0,
PER_000038,Person,USES_DEVICE,DEV_000064,Device,2025-05-01 01:36:04,2025-05-01 04:12:19,2,2.0,
PER_000038,Person,USES_DEVICE,DEV_000065,Device,2025-05-01 01:21:46,2025-05-01 01:21:46,1,1.0,
PER_000038,Person,USES_DEVICE,DEV_000066,Device,2025-05-01 17:05:21,2025-05-01 19:44:25,2,2.0,
PER_000038,Person,USES_DEVICE,DEV_000067,Device,2025-05-01 12:10:25,2025-05-01 12:10:25,1,1.0,
PER_000038,Person,USES_DEVICE,DEV_000068,Device,2025-05-01 15:17:27,2025-05-01 15:17:27,1,1.0,
PER_000038,Person,USES_DEVICE,DEV_000069,Device,2025-05-01 07:43:26,2025-05-01 07:44:49,2,2.0,
PER_000038,Person,USES_DEVICE,DEV_000070,Device,2025-05-01 01:44:08,2025-05-01 23:49:31,4,4.0,
PER_000038,Person,USES_DEVICE,DEV_000071,Device,2025-05-01 05:48:02,2025-05-01 05:48:02,1,1.0,
PER_000038,Person,USES_DEVICE,DEV_000072,Device,2025-05-01 00:24:24,2025-05-01 14:23:35,2,2.0,
PER_000038,Person,USES_DEVICE,DEV_000077,Device,2025-05-01 07:51:48,2025-05-01 08:41:29,2,2.0,
PER_000038,Person,USES_DEVICE,DEV_000079,Device,2025-05-01 01:21:07,2025-05-01 01:21:07,1,1.0,
PER_000038,Person,USES_DEVICE,DEV_000080,Device,2025-05-01 00:14:39,2025-05-01 19:26:58,3,3.0,
PER_000038,Person,USES_DEVICE,DEV_000081,Device,2025-05-01 02:40:43,2025-05-01 15:16:06,2,2.0,
PER_000038,Person,USES_DEVICE,DEV_000082,Device,2025-05-01 04:50:04,2025-05-01 08:12:27,2,2.0,
PER_000038,Person,USES_DEVICE,DEV_000083,Device,2025-05-01 18:28:11,2025-05-01 23:34:23,2,2.0,
PER_000038,Person,USES_DEVICE,DEV_000085,Device,2025-05-01 02:13:34,2025-05-01 17:09:09,2,2.0,
PER_000038,Person,USES_DEVICE,DEV_000086,Device,2025-05-01 05:17:28,2025-05-01 09:01:17,2,2.0,
PER_000038,Person,USES_DEVICE,DEV_000088,Device,2025-05-01 14:43:56,2025-05-01 14:43:56,1,1.0,
PER_000038,Person,USES_DEVICE,DEV_000089,Device,2025-05-01 15:09:32,2025-05-01 15:09:32,1,1.0,
PER_000038,Person,USES_DEVICE,DEV_000090,Device,2025-05-01 04:40:20,2025-05-01 23:00:18,4,4.0,
PER_000038,Person,USES_DEVICE,DEV_000091,Device,2025-05-01 06:22:15,2025-05-01 06:22:15,1,1.0,
PER_000038,Person,USES_DEVICE,DEV_000092,Device,2025-05-01 00:35:35,2025-05-01 00:35:35,1,1.0,
PER_000038,Person,USES_DEVICE,DEV_000094,Device,2025-05-01 11:34:54,2025-05-01 11:34:54,1,1.0,
PER_000038,Person,USES_DEVICE,DEV_000095,Device,2025-05-01 06:11:39,2025-05-01 17:56:57,2,2.0,
PER_000038,Person,USES_DEVICE,DEV_000097,Device,2025-05-01 17:03:20,2025-05-01 17:03:20,1,1.0,
PER_000038,Person,USES_DEVICE,DEV_000099,Device,2025-05-01 02:47:50,2025-05-01 02:47:50,1,1.0,
PER_000038,Person,USES_DEVICE,DEV_000100,Device,2025-05-01 23:41:18,2025-05-01 23:41:18,1,1.0,
PER_000038,Person,USES_DEVICE,DEV_000101,Device,2025-05-01 07:38:06,2025-05-01 17:46:42,2,2.0,
PER_000038,Person,USES_DEVICE,DEV_000103,Device,2025-05-01 01:27:40,2025-05-01 01:27:40,1,1.0,
PER_000038,Person,USES_DEVICE,DEV_000105,Device,2025-05-01 16:54:13,2025-05-01 17:43:38,2,2.0,
PER_000038,Person,USES_DEVICE,DEV_000106,Device,2025-05-01 03:19:04,2025-05-01 03:19:04,1,1.0,
PER_000038,Person,USES_DEVICE,DEV_000107,Device,2025-05-01 21:27:42,2025-05-01 21:27:42,1,1.0,
PER_000038,Person,USES_DEVICE,DEV_000108,Device,2025-05-01 10:11:50,2025-05-01 10:11:50,1,1.0,
PER_000038,Person,USES_DEVICE,DEV_000109,Device,2025-05-01 19:19:33,2025-05-01 21:53:03,2,2.0,
PER_000038,Person,USES_DEVICE,DEV_000110,Device,2025-05-01 03:18:02,2025-05-01 07:21:36,2,2.0,
PER_000038,Person,USES_DEVICE,DEV_000111,Device,2025-05-01 04:16:55,2025-05-01 04:16:55,1,1.0,
PER_000038,Person,USES_DEVICE,DEV_000112,Device,2025-05-01 07:06:09,2025-05-01 23:45:23,4,4.0,
PER_000038,Person,USES_DEVICE,DEV_000114,Device,2025-05-01 10:00:36,2025-05-01 20:45:48,2,2.0,
PER_000038,Person,USES_DEVICE,DEV_000115,Device,2025-05-01 05:43:38,2025-05-01 19:11:54,3,3.0,
PER_000038,Person,USES_DEVICE,DEV_000116,Device,2025-05-01 03:58:24,2025-05-01 03:58:24,1,1.0,
PER_000038,Person,USES_DEVICE,DEV_000117,Device,2025-05-01 05:49:13,2025-05-01 22:39:34,4,4.0,
PER_000038,Person,USES_DEVICE,DEV_000119,Device,2025-05-01 10:36:09,2025-05-01 10:36:09,1,1.0,
PER_000038,Person,USES_DEVICE,DEV_000120,Device,2025-05-01 04:27:24,2025-05-01 08:47:28,2,2.0,
PER_000039,Person,USES_DEVICE,DEV_000016,Device,2025-08-03 10:00:35,2025-08-03 10:00:35,1,1.0,
PER_000039,Person,USES_DEVICE,DEV_000048,Device,2025-07-28 10:44:59,2025-07-28 10:44:59,1,1.0,
PER_000039,Person,USES_DEVICE,DEV_000060,Device,2025-07-28 17:54:23,2025-07-28 17:54:23,1,1.0,
PER_000039,Person,USES_DEVICE,DEV_000076,Device,2025-05-24 06:57:34,2025-05-24 06:57:34,1,1.0,
PER_000039,Person,USES_DEVICE,DEV_000083,Device,2025-01-23 14:09:25,2025-01-23 14:09:25,1,1.0,
PER_000039,Person,USES_DEVICE,DEV_000086,Device,2025-05-11 09:14:46,2025-05-11 09:14:46,1,1.0,
PER_000039,Person,USES_DEVICE,DEV_000091,Device,2025-09-30 16:41:43,2025-09-30 16:41:43,1,1.0,
PER_000039,Person,USES_DEVICE,DEV_000092,Device,2025-08-08 10:03:08,2025-12-05 08:31:11,2,2.0,
PER_000039,Person,USES_DEVICE,DEV_000098,Device,2025-12-30 13:29:42,2025-12-30 13:29:42,1,1.0,
PER_000039,Person,USES_DEVICE,DEV_000101,Device,2025-07-28 16:28:05,2025-07-28 16:28:05,1,1.0,
PER_000039,Person,USES_DEVICE,DEV_000104,Device,2025-11-27 13:22:46,2025-11-27 13:22:46,1,1.0,
PER_000039,Person,USES_DEVICE,DEV_000107,Device,2025-03-16 10:19:21,2025-03-16 10:19:21,1,1.0,
PER_000039,Person,USES_DEVICE,DEV_000113,Device,2025-11-17 11:21:01,2025-11-17 11:21:01,1,1.0,
PER_000040,Person,USES_DEVICE,DEV_000002,Device,2025-12-02 12:55:58,2025-12-02 12:55:58,1,1.0,
PER_000040,Person,USES_DEVICE,DEV_000004,Device,2025-07-21 18:57:08,2025-07-21 18:57:08,1,1.0,
PER_000040,Person,USES_DEVICE,DEV_000040,Device,2025-09-04 11:34:14,2025-09-04 11:34:14,1,1.0,
PER_000040,Person,USES_DEVICE,DEV_000067,Device,2025-10-02 16:13:26,2025-10-02 16:13:26,1,1.0,
PER_000040,Person,USES_DEVICE,DEV_000068,Device,2025-05-28 19:49:43,2025-05-28 19:49:43,1,1.0,
PER_000040,Person,USES_DEVICE,DEV_000069,Device,2025-03-14 05:26:50,2025-03-14 05:26:50,1,1.0,
PER_000040,Person,USES_DEVICE,DEV_000081,Device,2025-09-03 16:09:15,2025-09-03 16:09:15,1,1.0,
PER_000040,Person,USES_DEVICE,DEV_000082,Device,2025-07-06 12:10:24,2025-07-06 12:10:24,1,1.0,
PER_000040,Person,USES_DEVICE,DEV_000085,Device,2025-10-24 11:32:56,2025-10-24 11:32:56,1,1.0,
PER_000040,Person,USES_DEVICE,DEV_000089,Device,2025-01-21 21:49:55,2025-01-21 21:49:55,1,1.0,
PER_000040,Person,USES_DEVICE,DEV_000100,Device,2025-08-25 13:10:05,2025-08-25 13:10:05,1,1.0,
PER_000040,Person,USES_DEVICE,DEV_000104,Device,2025-03-20 12:36:36,2025-03-20 12:36:36,1,1.0,
PER_000040,Person,USES_DEVICE,DEV_000107,Device,2025-08-02 11:40:36,2025-08-02 11:40:36,1,1.0,
PER_000040,Person,USES_DEVICE,DEV_000120,Device,2025-06-27 09:26:32,2025-06-27 09:26:32,1,1.0,
PER_000041,Person,USES_DEVICE,DEV_000002,Device,2025-01-06 18:43:00,2025-01-06 18:43:00,1,1.0,
PER_000041,Person,USES_DEVICE,DEV_000005,Device,2025-11-16 08:40:17,2025-11-16 08:40:17,1,1.0,
PER_000041,Person,USES_DEVICE,DEV_000008,Device,2025-08-02 09:45:22,2025-08-02 09:45:22,1,1.0,
PER_000041,Person,USES_DEVICE,DEV_000017,Device,2025-01-12 16:36:38,2025-06-08 16:26:17,2,2.0,
PER_000041,Person,USES_DEVICE,DEV_000025,Device,2025-02-24 11:03:38,2025-12-12 14:03:34,2,2.0,
PER_000041,Person,USES_DEVICE,DEV_000044,Device,2025-07-06 12:31:48,2025-07-06 12:31:48,1,1.0,
PER_000041,Person,USES_DEVICE,DEV_000056,Device,2025-03-13 10:12:21,2025-03-13 10:12:21,1,1.0,
PER_000041,Person,USES_DEVICE,DEV_000058,Device,2025-11-01 20:05:03,2025-11-01 20:05:03,1,1.0,
PER_000041,Person,USES_DEVICE,DEV_000086,Device,2025-08-25 06:05:15,2025-08-25 06:05:15,1,1.0,
PER_000041,Person,USES_DEVICE,DEV_000092,Device,2025-11-23 11:40:57,2025-11-23 11:40:57,1,1.0,
PER_000041,Person,USES_DEVICE,DEV_000096,Device,2025-04-06 17:24:03,2025-04-06 17:24:03,1,1.0,
PER_000041,Person,USES_DEVICE,DEV_000097,Device,2025-06-15 09:27:06,2025-06-15 09:27:06,1,1.0,
PER_000041,Person,USES_DEVICE,DEV_000103,Device,2025-09-12 10:07:57,2025-09-12 10:07:57,1,1.0,
PER_000041,Person,USES_DEVICE,DEV_000105,Device,2025-06-08 10:38:12,2025-06-08 10:38:12,1,1.0,
PER_000042,Person,USES_DEVICE,DEV_000001,Device,2025-04-06 03:20:58,2025-04-19 11:05:43,2,2.0,
PER_000042,Person,USES_DEVICE,DEV_000002,Device,2025-02-08 13:26:04,2025-12-12 20:10:05,4,4.0,
PER_000042,Person,USES_DEVICE,DEV_000005,Device,2025-04-11 05:54:03,2025-04-11 05:54:03,1,1.0,
PER_000042,Person,USES_DEVICE,DEV_000007,Device,2025-05-17 14:45:00,2025-05-31 05:31:01,2,2.0,
PER_000042,Person,USES_DEVICE,DEV_000008,Device,2025-03-08 16:29:37,2025-03-08 16:29:37,1,1.0,
PER_000042,Person,USES_DEVICE,DEV_000009,Device,2025-01-19 13:33:04,2025-01-19 13:33:04,1,1.0,
PER_000042,Person,USES_DEVICE,DEV_000010,Device,2025-10-30 02:38:39,2025-10-30 02:38:39,1,1.0,
PER_000042,Person,USES_DEVICE,DEV_000011,Device,2025-07-12 11:54:05,2025-07-12 11:54:05,1,1.0,
PER_000042,Person,USES_DEVICE,DEV_000012,Device,2025-06-04 13:51:28,2025-06-04 13:51:28,1,1.0,
PER_000042,Person,USES_DEVICE,DEV_000013,Device,2025-03-29 07:10:57,2025-08-18 03:30:02,2,2.0,
PER_000042,Person,USES_DEVICE,DEV_000015,Device,2025-05-21 14:51:30,2025-05-21 14:51:30,1,1.0,
PER_000042,Person,USES_DEVICE,DEV_000017,Device,2025-06-23 12:11:13,2025-08-24 14:02:52,2,2.0,
PER_000042,Person,USES_DEVICE,DEV_000018,Device,2025-03-27 03:39:27,2025-03-27 03:39:27,1,1.0,
PER_000042,Person,USES_DEVICE,DEV_000019,Device,2025-02-06 18:41:27,2025-12-20 20:56:12,2,2.0,
PER_000042,Person,USES_DEVICE,DEV_000020,Device,2025-01-31 14:37:17,2025-01-31 14:37:17,1,1.0,
PER_000042,Person,USES_DEVICE,DEV_000023,Device,2025-01-30 11:44:54,2025-05-23 05:29:15,2,2.0,
PER_000042,Person,USES_DEVICE,DEV_000025,Device,2025-04-10 18:59:43,2025-10-18 18:27:58,3,3.0,
PER_000042,Person,USES_DEVICE,DEV_000026,Device,2025-03-28 13:14:24,2025-03-28 13:14:24,1,1.0,
PER_000042,Person,USES_DEVICE,DEV_000027,Device,2025-03-03 17:44:26,2025-08-11 06:51:11,3,3.0,
PER_000042,Person,USES_DEVICE,DEV_000030,Device,2025-04-12 20:47:43,2025-09-01 08:21:09,2,2.0,
PER_000042,Person,USES_DEVICE,DEV_000031,Device,2025-02-10 10:27:16,2025-06-23 22:04:28,3,3.0,
PER_000042,Person,USES_DEVICE,DEV_000032,Device,2025-10-25 18:12:11,2025-10-25 18:12:11,1,1.0,
PER_000042,Person,USES_DEVICE,DEV_000033,Device,2025-07-17 08:46:45,2025-10-02 10:42:40,3,3.0,
PER_000042,Person,USES_DEVICE,DEV_000034,Device,2025-04-05 11:07:54,2025-09-17 10:38:15,2,2.0,
PER_000042,Person,USES_DEVICE,DEV_000035,Device,2025-05-26 09:41:05,2025-05-26 09:41:05,1,1.0,
PER_000042,Person,USES_DEVICE,DEV_000038,Device,2025-10-31 02:57:10,2025-10-31 02:57:10,1,1.0,
PER_000042,Person,USES_DEVICE,DEV_000039,Device,2025-02-25 20:23:26,2025-02-25 20:23:26,1,1.0,
PER_000042,Person,USES_DEVICE,DEV_000041,Device,2025-12-21 19:17:06,2025-12-25 15:53:47,2,2.0,
PER_000042,Person,USES_DEVICE,DEV_000042,Device,2025-01-19 13:30:01,2025-02-04 11:37:22,2,2.0,
PER_000042,Person,USES_DEVICE,DEV_000043,Device,2025-02-01 03:49:27,2025-02-01 03:49:27,1,1.0,
PER_000042,Person,USES_DEVICE,DEV_000044,Device,2025-05-12 15:33:48,2025-05-12 15:33:48,1,1.0,
PER_000042,Person,USES_DEVICE,DEV_000045,Device,2025-08-26 10:01:47,2025-08-26 10:01:47,1,1.0,
PER_000042,Person,USES_DEVICE,DEV_000046,Device,2025-03-03 17:48:26,2025-03-03 17:48:26,1,1.0,
PER_000042,Person,USES_DEVICE,DEV_000047,Device,2025-03-02 15:58:56,2025-11-15 07:57:29,4,4.0,
PER_000042,Person,USES_DEVICE,DEV_000048,Device,2025-11-05 07:14:13,2025-11-05 07:14:13,1,1.0,
PER_000042,Person,USES_DEVICE,DEV_000049,Device,2025-05-08 08:56:15,2025-05-08 08:56:15,1,1.0,
PER_000042,Person,USES_DEVICE,DEV_000050,Device,2025-09-21 17:54:52,2025-09-21 17:54:52,1,1.0,
PER_000042,Person,USES_DEVICE,DEV_000051,Device,2025-09-11 11:16:40,2025-09-11 11:16:40,1,1.0,
PER_000042,Person,USES_DEVICE,DEV_000052,Device,2025-12-12 13:20:26,2025-12-12 13:20:26,1,1.0,
PER_000042,Person,USES_DEVICE,DEV_000055,Device,2025-03-11 09:52:11,2025-03-11 09:52:11,1,1.0,
PER_000042,Person,USES_DEVICE,DEV_000058,Device,2025-06-01 16:56:09,2025-06-01 16:56:09,1,1.0,
PER_000042,Person,USES_DEVICE,DEV_000059,Device,2025-10-26 17:12:52,2025-12-29 07:55:38,2,2.0,
PER_000042,Person,USES_DEVICE,DEV_000062,Device,2025-01-03 16:48:35,2025-07-10 15:21:00,3,3.0,
PER_000042,Person,USES_DEVICE,DEV_000063,Device,2025-05-17 12:08:23,2025-05-17 12:08:23,1,1.0,
PER_000042,Person,USES_DEVICE,DEV_000064,Device,2025-03-12 16:44:12,2025-12-09 08:45:06,5,5.0,
PER_000042,Person,USES_DEVICE,DEV_000065,Device,2025-04-06 14:49:13,2025-04-06 14:49:13,1,1.0,
PER_000042,Person,USES_DEVICE,DEV_000066,Device,2025-03-14 14:21:20,2025-05-26 18:41:33,2,2.0,
PER_000042,Person,USES_DEVICE,DEV_000070,Device,2025-08-09 11:23:23,2025-10-08 13:52:22,2,2.0,
PER_000042,Person,USES_DEVICE,DEV_000071,Device,2025-02-17 22:28:59,2025-07-31 17:07:30,2,2.0,
PER_000042,Person,USES_DEVICE,DEV_000078,Device,2025-05-25 10:30:16,2025-05-25 10:30:16,1,1.0,
PER_000042,Person,USES_DEVICE,DEV_000079,Device,2025-01-23 13:57:19,2025-06-19 15:39:56,2,2.0,
PER_000042,Person,USES_DEVICE,DEV_000081,Device,2025-01-09 14:56:25,2025-04-08 15:01:43,3,3.0,
PER_000042,Person,USES_DEVICE,DEV_000082,Device,2025-02-22 21:58:17,2025-09-27 12:09:11,3,3.0,
PER_000042,Person,USES_DEVICE,DEV_000083,Device,2025-08-02 06:59:42,2025-08-02 06:59:42,1,1.0,
PER_000042,Person,USES_DEVICE,DEV_000085,Device,2025-11-22 03:16:48,2025-11-22 03:16:48,1,1.0,
PER_000042,Person,USES_DEVICE,DEV_000087,Device,2025-02-22 14:51:54,2025-03-18 06:55:54,2,2.0,
PER_000042,Person,USES_DEVICE,DEV_000089,Device,2025-02-18 22:31:47,2025-05-18 16:46:12,4,4.0,
PER_000042,Person,USES_DEVICE,DEV_000092,Device,2025-04-26 12:05:16,2025-11-10 18:03:10,2,2.0,
PER_000042,Person,USES_DEVICE,DEV_000093,Device,2025-12-22 08:52:34,2025-12-22 08:52:34,1,1.0,
PER_000042,Person,USES_DEVICE,DEV_000094,Device,2025-12-05 18:03:23,2025-12-28 09:42:34,2,2.0,
PER_000042,Person,USES_DEVICE,DEV_000096,Device,2025-06-09 16:46:12,2025-06-09 16:46:12,1,1.0,
PER_000042,Person,USES_DEVICE,DEV_000097,Device,2025-09-15 19:11:00,2025-09-15 19:11:00,1,1.0,
PER_000042,Person,USES_DEVICE,DEV_000098,Device,2025-01-27 12:15:23,2025-01-27 12:15:23,1,1.0,
PER_000042,Person,USES_DEVICE,DEV_000099,Device,2025-08-31 05:50:14,2025-12-12 06:42:50,2,2.0,
PER_000042,Person,USES_DEVICE,DEV_000100,Device,2025-08-20 12:55:39,2025-08-31 18:41:38,2,2.0,
PER_000042,Person,USES_DEVICE,DEV_000101,Device,2025-04-19 19:58:47,2025-12-15 18:52:47,3,3.0,
PER_000042,Person,USES_DEVICE,DEV_000102,Device,2025-02-12 14:09:56,2025-02-12 14:09:56,1,1.0,
PER_000042,Person,USES_DEVICE,DEV_000106,Device,2025-01-08 14:58:12,2025-07-01 23:03:22,3,3.0,
PER_000042,Person,USES_DEVICE,DEV_000107,Device,2025-04-12 17:05:26,2025-05-26 09:26:10,2,2.0,
PER_000042,Person,USES_DEVICE,DEV_000108,Device,2025-08-21 10:43:40,2025-10-20 16:05:04,2,2.0,
PER_000042,Person,USES_DEVICE,DEV_000110,Device,2025-04-02 14:13:34,2025-11-03 16:27:40,2,2.0,
PER_000042,Person,USES_DEVICE,DEV_000111,Device,2025-07-23 12:55:37,2025-07-23 12:55:37,1,1.0,
PER_000042,Person,USES_DEVICE,DEV_000112,Device,2025-07-21 20:24:05,2025-12-11 08:58:37,2,2.0,
PER_000042,Person,USES_DEVICE,DEV_000113,Device,2025-01-31 19:15:50,2025-01-31 19:15:50,1,1.0,
PER_000042,Person,USES_DEVICE,DEV_000116,Device,2025-05-03 16:18:21,2025-12-13 14:32:50,3,3.0,
PER_000042,Person,USES_DEVICE,DEV_000118,Device,2025-04-30 11:17:11,2025-04-30 11:17:11,1,1.0,
PER_000042,Person,USES_DEVICE,DEV_000119,Device,2025-01-02 21:35:27,2025-01-02 21:35:27,1,1.0,
PER_000042,Person,USES_DEVICE,DEV_000120,Device,2025-04-20 14:44:16,2025-04-20 14:44:16,1,1.0,
PER_000043,Person,USES_DEVICE,DEV_000001,Device,2025-01-01 13:39:12,2025-12-23 16:05:14,23,23.0,
PER_000044,Person,USES_DEVICE,DEV_000002,Device,2025-10-30 05:26:45,2025-10-30 05:26:45,1,1.0,
PER_000044,Person,USES_DEVICE,DEV_000015,Device,2025-09-03 09:13:33,2025-09-03 09:13:33,1,1.0,
PER_000044,Person,USES_DEVICE,DEV_000027,Device,2025-09-20 04:51:04,2025-09-20 04:51:04,1,1.0,
PER_000044,Person,USES_DEVICE,DEV_000043,Device,2025-11-29 15:45:37,2025-11-29 15:45:37,1,1.0,
PER_000044,Person,USES_DEVICE,DEV_000046,Device,2025-12-18 11:08:21,2025-12-18 11:08:21,1,1.0,
PER_000044,Person,USES_DEVICE,DEV_000052,Device,2025-10-02 10:37:36,2025-10-02 10:37:36,1,1.0,
PER_000044,Person,USES_DEVICE,DEV_000057,Device,2025-02-26 15:40:52,2025-02-26 15:40:52,1,1.0,
PER_000044,Person,USES_DEVICE,DEV_000065,Device,2025-10-16 17:04:12,2025-10-16 17:04:12,1,1.0,
PER_000044,Person,USES_DEVICE,DEV_000072,Device,2025-12-12 13:45:50,2025-12-12 13:45:50,1,1.0,
PER_000044,Person,USES_DEVICE,DEV_000090,Device,2025-12-17 20:40:01,2025-12-17 20:40:01,1,1.0,
PER_000044,Person,USES_DEVICE,DEV_000095,Device,2025-01-06 09:56:52,2025-01-06 09:56:52,1,1.0,
PER_000044,Person,USES_DEVICE,DEV_000101,Device,2025-12-04 11:35:53,2025-12-04 11:35:53,1,1.0,
PER_000044,Person,USES_DEVICE,DEV_000103,Device,2025-11-01 05:48:57,2025-11-01 05:48:57,1,1.0,
PER_000044,Person,USES_DEVICE,DEV_000104,Device,2025-03-06 11:53:34,2025-08-11 08:55:27,2,2.0,
PER_000045,Person,USES_DEVICE,DEV_000001,Device,2025-01-10 18:53:49,2025-11-30 15:18:29,22,22.0,
PER_000046,Person,USES_DEVICE,DEV_000006,Device,2025-09-23 21:16:00,2025-09-23 21:16:00,1,1.0,
PER_000046,Person,USES_DEVICE,DEV_000013,Device,2025-06-04 12:46:53,2025-06-04 12:46:53,1,1.0,
PER_000046,Person,USES_DEVICE,DEV_000016,Device,2025-04-01 17:53:49,2025-04-01 17:53:49,1,1.0,
PER_000046,Person,USES_DEVICE,DEV_000017,Device,2025-06-14 10:03:01,2025-06-14 10:03:01,1,1.0,
PER_000046,Person,USES_DEVICE,DEV_000018,Device,2025-05-01 07:39:39,2025-05-01 07:39:39,1,1.0,
PER_000046,Person,USES_DEVICE,DEV_000030,Device,2025-06-08 09:53:04,2025-06-08 09:53:04,1,1.0,
PER_000046,Person,USES_DEVICE,DEV_000034,Device,2025-09-20 07:03:43,2025-09-20 07:03:43,1,1.0,
PER_000046,Person,USES_DEVICE,DEV_000036,Device,2025-11-03 18:01:13,2025-11-03 18:01:13,1,1.0,
PER_000046,Person,USES_DEVICE,DEV_000052,Device,2025-06-08 14:32:49,2025-06-08 14:32:49,1,1.0,
PER_000046,Person,USES_DEVICE,DEV_000056,Device,2025-01-05 03:01:37,2025-08-08 18:58:19,3,3.0,
PER_000046,Person,USES_DEVICE,DEV_000068,Device,2025-03-10 11:14:32,2025-03-10 11:14:32,1,1.0,
PER_000046,Person,USES_DEVICE,DEV_000071,Device,2025-01-12 04:02:06,2025-01-12 04:02:06,1,1.0,
PER_000046,Person,USES_DEVICE,DEV_000076,Device,2025-09-06 07:38:28,2025-09-06 07:38:28,1,1.0,
PER_000046,Person,USES_DEVICE,DEV_000086,Device,2025-01-05 09:27:45,2025-02-14 20:16:29,2,2.0,
PER_000046,Person,USES_DEVICE,DEV_000095,Device,2025-10-12 02:44:10,2025-10-12 02:44:10,1,1.0,
PER_000046,Person,USES_DEVICE,DEV_000115,Device,2025-02-27 06:13:39,2025-02-27 06:13:39,1,1.0,
PER_000046,Person,USES_DEVICE,DEV_000118,Device,2025-02-11 18:18:14,2025-11-29 18:32:33,2,2.0,
PER_000047,Person,USES_DEVICE,DEV_000006,Device,2025-02-20 14:41:26,2025-02-20 14:41:26,1,1.0,
PER_000047,Person,USES_DEVICE,DEV_000012,Device,2025-10-01 06:15:02,2025-10-01 06:15:02,1,1.0,
PER_000047,Person,USES_DEVICE,DEV_000016,Device,2025-09-08 06:16:20,2025-12-04 09:16:50,2,2.0,
PER_000047,Person,USES_DEVICE,DEV_000032,Device,2025-11-12 10:19:04,2025-11-12 10:19:04,1,1.0,
PER_000047,Person,USES_DEVICE,DEV_000037,Device,2025-10-23 12:37:12,2025-10-23 12:37:12,1,1.0,
PER_000047,Person,USES_DEVICE,DEV_000040,Device,2025-12-31 09:19:52,2025-12-31 09:19:52,1,1.0,
PER_000047,Person,USES_DEVICE,DEV_000050,Device,2025-03-31 16:18:15,2025-03-31 16:18:15,1,1.0,
PER_000047,Person,USES_DEVICE,DEV_000056,Device,2025-09-24 11:55:56,2025-09-24 11:55:56,1,1.0,
PER_000047,Person,USES_DEVICE,DEV_000060,Device,2025-06-13 03:26:38,2025-06-13 03:26:38,1,1.0,
PER_000047,Person,USES_DEVICE,DEV_000062,Device,2025-02-01 03:49:22,2025-02-01 03:49:22,1,1.0,
PER_000047,Person,USES_DEVICE,DEV_000074,Device,2025-05-08 09:02:47,2025-05-08 09:02:47,1,1.0,
PER_000047,Person,USES_DEVICE,DEV_000076,Device,2025-12-23 11:51:36,2025-12-23 11:51:36,1,1.0,
PER_000047,Person,USES_DEVICE,DEV_000077,Device,2025-07-03 10:42:58,2025-11-14 11:39:48,2,2.0,
PER_000047,Person,USES_DEVICE,DEV_000081,Device,2025-09-04 15:36:27,2025-09-04 15:36:27,1,1.0,
PER_000047,Person,USES_DEVICE,DEV_000082,Device,2025-02-02 17:00:33,2025-02-02 17:00:33,1,1.0,
PER_000047,Person,USES_DEVICE,DEV_000085,Device,2025-08-09 18:57:12,2025-08-09 18:57:12,1,1.0,
PER_000047,Person,USES_DEVICE,DEV_000086,Device,2025-08-25 13:53:35,2025-08-25 13:53:35,1,1.0,
PER_000047,Person,USES_DEVICE,DEV_000089,Device,2025-06-19 14:44:55,2025-06-19 14:44:55,1,1.0,
PER_000047,Person,USES_DEVICE,DEV_000092,Device,2025-06-05 05:48:39,2025-06-05 05:48:39,1,1.0,
PER_000047,Person,USES_DEVICE,DEV_000093,Device,2025-05-10 03:23:14,2025-05-10 03:23:14,1,1.0,
PER_000047,Person,USES_DEVICE,DEV_000095,Device,2025-06-08 22:33:04,2025-06-08 22:33:04,1,1.0,
PER_000047,Person,USES_DEVICE,DEV_000097,Device,2025-06-11 21:28:17,2025-06-11 21:28:17,1,1.0,
PER_000047,Person,USES_DEVICE,DEV_000100,Device,2025-05-14 08:02:19,2025-05-14 08:02:19,1,1.0,
PER_000047,Person,USES_DEVICE,DEV_000102,Device,2025-12-03 14:21:09,2025-12-03 14:21:09,1,1.0,
PER_000047,Person,USES_DEVICE,DEV_000108,Device,2025-01-08 09:42:25,2025-01-08 09:42:25,1,1.0,
PER_000047,Person,USES_DEVICE,DEV_000112,Device,2025-01-03 16:50:16,2025-01-03 16:50:16,1,1.0,
PER_000047,Person,USES_DEVICE,DEV_000116,Device,2025-08-09 15:36:10,2025-08-09 15:36:10,1,1.0,
PER_000048,Person,USES_DEVICE,DEV_000004,Device,2025-11-29 10:33:42,2025-11-29 10:33:42,1,1.0,
PER_000048,Person,USES_DEVICE,DEV_000007,Device,2025-12-30 17:17:30,2025-12-30 17:17:30,1,1.0,
PER_000048,Person,USES_DEVICE,DEV_000010,Device,2025-06-19 17:24:33,2025-06-19 17:24:33,1,1.0,
PER_000048,Person,USES_DEVICE,DEV_000020,Device,2025-07-26 03:00:47,2025-07-26 03:00:47,1,1.0,
PER_000048,Person,USES_DEVICE,DEV_000022,Device,2025-01-28 22:57:32,2025-01-28 22:57:32,1,1.0,
PER_000048,Person,USES_DEVICE,DEV_000028,Device,2025-09-05 16:08:19,2025-09-05 16:08:19,1,1.0,
PER_000048,Person,USES_DEVICE,DEV_000034,Device,2025-09-10 19:28:12,2025-09-10 19:28:12,1,1.0,
PER_000048,Person,USES_DEVICE,DEV_000036,Device,2025-02-24 07:26:30,2025-02-24 07:26:30,1,1.0,
PER_000048,Person,USES_DEVICE,DEV_000043,Device,2025-02-07 15:26:25,2025-02-07 15:26:25,1,1.0,
PER_000048,Person,USES_DEVICE,DEV_000044,Device,2025-09-05 08:49:22,2025-09-05 08:49:22,1,1.0,
PER_000048,Person,USES_DEVICE,DEV_000051,Device,2025-06-06 14:29:47,2025-06-06 14:29:47,1,1.0,
PER_000048,Person,USES_DEVICE,DEV_000059,Device,2025-02-01 18:08:45,2025-02-01 18:08:45,1,1.0,
PER_000048,Person,USES_DEVICE,DEV_000063,Device,2025-06-11 18:31:57,2025-06-11 18:31:57,1,1.0,
PER_000048,Person,USES_DEVICE,DEV_000069,Device,2025-09-19 23:42:58,2025-09-19 23:42:58,1,1.0,
PER_000048,Person,USES_DEVICE,DEV_000070,Device,2025-05-02 16:39:02,2025-11-25 12:03:06,2,2.0,
PER_000048,Person,USES_DEVICE,DEV_000075,Device,2025-03-17 14:35:55,2025-05-15 09:30:04,2,2.0,
PER_000048,Person,USES_DEVICE,DEV_000086,Device,2025-11-22 08:46:58,2025-11-22 08:46:58,1,1.0,
PER_000048,Person,USES_DEVICE,DEV_000092,Device,2025-09-23 12:29:11,2025-09-23 12:29:11,1,1.0,
PER_000048,Person,USES_DEVICE,DEV_000097,Device,2025-06-18 22:40:45,2025-06-18 22:40:45,1,1.0,
PER_000048,Person,USES_DEVICE,DEV_000102,Device,2025-06-14 11:13:33,2025-06-14 11:13:33,1,1.0,
PER_000048,Person,USES_DEVICE,DEV_000103,Device,2025-05-03 17:54:59,2025-05-03 17:54:59,1,1.0,
PER_000048,Person,USES_DEVICE,DEV_000104,Device,2025-01-06 14:34:11,2025-01-06 14:34:11,1,1.0,
PER_000048,Person,USES_DEVICE,DEV_000111,Device,2025-01-26 12:03:16,2025-05-25 16:36:26,2,2.0,
PER_000049,Person,USES_DEVICE,DEV_000002,Device,2025-01-18 16:40:59,2025-12-04 15:03:17,24,24.0,
PER_000050,Person,USES_DEVICE,DEV_000001,Device,2025-03-26 20:19:57,2025-09-21 11:26:45,3,3.0,
PER_000050,Person,USES_DEVICE,DEV_000003,Device,2025-02-13 17:03:17,2025-02-13 17:03:17,1,1.0,
PER_000050,Person,USES_DEVICE,DEV_000007,Device,2025-11-01 07:30:35,2025-11-01 07:30:35,1,1.0,
PER_000050,Person,USES_DEVICE,DEV_000010,Device,2025-05-08 18:34:45,2025-05-08 18:34:45,1,1.0,
PER_000050,Person,USES_DEVICE,DEV_000011,Device,2025-07-02 20:09:33,2025-11-25 09:48:27,2,2.0,
PER_000050,Person,USES_DEVICE,DEV_000017,Device,2025-06-14 10:08:52,2025-12-25 10:57:57,2,2.0,
PER_000050,Person,USES_DEVICE,DEV_000018,Device,2025-06-24 19:54:15,2025-12-31 13:04:14,2,2.0,
PER_000050,Person,USES_DEVICE,DEV_000023,Device,2025-05-19 05:36:02,2025-05-19 05:36:02,1,1.0,
PER_000050,Person,USES_DEVICE,DEV_000024,Device,2025-02-22 16:58:24,2025-11-20 06:44:13,2,2.0,
PER_000050,Person,USES_DEVICE,DEV_000026,Device,2025-09-12 23:52:03,2025-09-12 23:52:03,1,1.0,
PER_000050,Person,USES_DEVICE,DEV_000028,Device,2025-03-01 18:08:15,2025-09-19 07:57:30,3,3.0,
PER_000050,Person,USES_DEVICE,DEV_000029,Device,2025-01-10 14:37:05,2025-06-06 18:35:07,2,2.0,
PER_000050,Person,USES_DEVICE,DEV_000032,Device,2025-05-25 11:45:16,2025-10-18 16:21:19,2,2.0,
PER_000050,Person,USES_DEVICE,DEV_000033,Device,2025-11-24 05:18:13,2025-11-24 05:18:13,1,1.0,
PER_000050,Person,USES_DEVICE,DEV_000034,Device,2025-01-31 10:41:14,2025-09-18 16:25:21,2,2.0,
PER_000050,Person,USES_DEVICE,DEV_000037,Device,2025-06-13 16:09:04,2025-10-22 11:37:04,2,2.0,
PER_000050,Person,USES_DEVICE,DEV_000038,Device,2025-01-12 18:33:07,2025-12-20 19:07:12,2,2.0,
PER_000050,Person,USES_DEVICE,DEV_000039,Device,2025-06-20 17:08:13,2025-06-20 17:08:13,1,1.0,
PER_000050,Person,USES_DEVICE,DEV_000040,Device,2025-04-28 11:19:40,2025-10-03 19:49:14,2,2.0,
PER_000050,Person,USES_DEVICE,DEV_000042,Device,2025-02-24 12:08:14,2025-06-11 11:30:08,2,2.0,
PER_000050,Person,USES_DEVICE,DEV_000045,Device,2025-10-17 21:21:02,2025-10-17 21:21:02,1,1.0,
PER_000050,Person,USES_DEVICE,DEV_000047,Device,2025-03-27 13:38:28,2025-11-17 18:03:33,3,3.0,
PER_000050,Person,USES_DEVICE,DEV_000048,Device,2025-04-01 07:43:42,2025-04-01 07:43:42,1,1.0,
PER_000050,Person,USES_DEVICE,DEV_000049,Device,2025-04-04 13:16:58,2025-07-03 02:42:33,2,2.0,
PER_000050,Person,USES_DEVICE,DEV_000050,Device,2025-02-15 11:52:55,2025-02-15 11:52:55,1,1.0,
PER_000050,Person,USES_DEVICE,DEV_000051,Device,2025-02-12 02:55:32,2025-11-06 18:52:56,3,3.0,
PER_000050,Person,USES_DEVICE,DEV_000053,Device,2025-01-08 12:45:36,2025-06-11 06:14:13,2,2.0,
PER_000050,Person,USES_DEVICE,DEV_000054,Device,2025-12-22 20:25:29,2025-12-22 20:25:29,1,1.0,
PER_000050,Person,USES_DEVICE,DEV_000055,Device,2025-05-12 18:56:34,2025-05-12 18:56:34,1,1.0,
PER_000050,Person,USES_DEVICE,DEV_000057,Device,2025-04-27 10:41:39,2025-09-11 14:03:59,3,3.0,
PER_000050,Person,USES_DEVICE,DEV_000058,Device,2025-10-25 11:01:51,2025-10-25 11:01:51,1,1.0,
PER_000050,Person,USES_DEVICE,DEV_000059,Device,2025-01-26 06:42:58,2025-01-26 06:42:58,1,1.0,
PER_000050,Person,USES_DEVICE,DEV_000060,Device,2025-12-12 13:26:08,2025-12-12 13:26:08,1,1.0,
PER_000050,Person,USES_DEVICE,DEV_000061,Device,2025-03-23 10:49:45,2025-12-29 14:15:43,4,4.0,
PER_000050,Person,USES_DEVICE,DEV_000063,Device,2025-01-04 08:12:14,2025-06-26 10:23:24,2,2.0,
PER_000050,Person,USES_DEVICE,DEV_000064,Device,2025-06-03 21:32:00,2025-07-21 12:06:14,2,2.0,
PER_000050,Person,USES_DEVICE,DEV_000065,Device,2025-01-05 07:38:34,2025-03-08 14:44:43,2,2.0,
PER_000050,Person,USES_DEVICE,DEV_000066,Device,2025-08-06 14:23:06,2025-08-06 14:23:06,1,1.0,
PER_000050,Person,USES_DEVICE,DEV_000067,Device,2025-03-18 17:56:28,2025-06-13 15:49:23,3,3.0,
PER_000050,Person,USES_DEVICE,DEV_000068,Device,2025-08-17 19:44:51,2025-08-17 19:44:51,1,1.0,
PER_000050,Person,USES_DEVICE,DEV_000070,Device,2025-04-20 08:03:11,2025-09-25 18:25:24,2,2.0,
PER_000050,Person,USES_DEVICE,DEV_000071,Device,2025-04-15 08:53:16,2025-08-06 17:55:35,2,2.0,
PER_000050,Person,USES_DEVICE,DEV_000072,Device,2025-03-26 20:40:20,2025-03-26 20:40:20,1,1.0,
PER_000050,Person,USES_DEVICE,DEV_000073,Device,2025-01-14 17:39:16,2025-01-14 17:39:16,1,1.0,
PER_000050,Person,USES_DEVICE,DEV_000074,Device,2025-05-30 12:16:26,2025-05-30 12:16:26,1,1.0,
PER_000050,Person,USES_DEVICE,DEV_000075,Device,2025-07-06 15:55:03,2025-12-01 09:46:03,2,2.0,
PER_000050,Person,USES_DEVICE,DEV_000076,Device,2025-03-05 05:08:24,2025-10-04 07:40:23,3,3.0,
PER_000050,Person,USES_DEVICE,DEV_000077,Device,2025-01-19 08:55:29,2025-07-03 19:42:41,2,2.0,
PER_000050,Person,USES_DEVICE,DEV_000080,Device,2025-08-20 16:52:27,2025-08-20 16:52:27,1,1.0,
PER_000050,Person,USES_DEVICE,DEV_000081,Device,2025-04-04 11:48:22,2025-05-29 11:09:28,2,2.0,
PER_000050,Person,USES_DEVICE,DEV_000082,Device,2025-05-17 12:56:51,2025-09-09 06:16:00,3,3.0,
PER_000050,Person,USES_DEVICE,DEV_000086,Device,2025-04-27 09:14:31,2025-11-23 06:20:01,2,2.0,
PER_000050,Person,USES_DEVICE,DEV_000087,Device,2025-06-30 05:25:00,2025-08-08 18:12:54,2,2.0,
PER_000050,Person,USES_DEVICE,DEV_000088,Device,2025-06-18 16:06:19,2025-10-31 19:08:16,2,2.0,
PER_000050,Person,USES_DEVICE,DEV_000089,Device,2025-09-27 15:01:23,2025-12-28 15:19:59,2,2.0,
PER_000050,Person,USES_DEVICE,DEV_000090,Device,2025-01-20 07:54:06,2025-08-21 10:42:05,3,3.0,
PER_000050,Person,USES_DEVICE,DEV_000091,Device,2025-06-03 19:11:22,2025-06-03 19:11:22,1,1.0,
PER_000050,Person,USES_DEVICE,DEV_000092,Device,2025-11-05 05:13:33,2025-11-05 05:13:33,1,1.0,
PER_000050,Person,USES_DEVICE,DEV_000093,Device,2025-08-26 14:19:29,2025-08-26 14:19:29,1,1.0,
PER_000050,Person,USES_DEVICE,DEV_000094,Device,2025-03-19 14:07:18,2025-03-19 14:07:18,1,1.0,
PER_000050,Person,USES_DEVICE,DEV_000095,Device,2025-04-21 06:54:36,2025-05-13 17:33:07,2,2.0,
PER_000050,Person,USES_DEVICE,DEV_000096,Device,2025-05-07 20:50:29,2025-05-07 20:50:29,1,1.0,
PER_000050,Person,USES_DEVICE,DEV_000097,Device,2025-03-05 14:07:45,2025-09-02 09:38:15,3,3.0,
PER_000050,Person,USES_DEVICE,DEV_000098,Device,2025-05-04 17:49:28,2025-05-04 17:49:28,1,1.0,
PER_000050,Person,USES_DEVICE,DEV_000099,Device,2025-02-20 05:35:09,2025-02-20 05:35:09,1,1.0,
PER_000050,Person,USES_DEVICE,DEV_000100,Device,2025-01-04 15:10:52,2025-10-22 11:30:28,3,3.0,
PER_000050,Person,USES_DEVICE,DEV_000101,Device,2025-08-14 18:46:18,2025-08-14 18:46:18,1,1.0,
PER_000050,Person,USES_DEVICE,DEV_000102,Device,2025-07-19 14:08:07,2025-12-12 17:17:31,2,2.0,
PER_000050,Person,USES_DEVICE,DEV_000103,Device,2025-05-13 18:19:43,2025-05-13 18:19:43,1,1.0,
PER_000050,Person,USES_DEVICE,DEV_000105,Device,2025-06-18 10:11:07,2025-06-18 10:11:07,1,1.0,
PER_000050,Person,USES_DEVICE,DEV_000106,Device,2025-01-29 17:29:03,2025-01-29 17:29:03,1,1.0,
PER_000050,Person,USES_DEVICE,DEV_000107,Device,2025-02-13 19:41:47,2025-11-08 18:24:19,3,3.0,
PER_000050,Person,USES_DEVICE,DEV_000108,Device,2025-06-16 05:32:09,2025-06-16 05:32:09,1,1.0,
PER_000050,Person,USES_DEVICE,DEV_000109,Device,2025-03-13 16:58:27,2025-12-03 13:44:32,3,3.0,
PER_000050,Person,USES_DEVICE,DEV_000110,Device,2025-11-09 10:23:13,2025-11-09 10:23:13,1,1.0,
PER_000050,Person,USES_DEVICE,DEV_000111,Device,2025-01-05 16:51:35,2025-01-05 16:51:35,1,1.0,
PER_000050,Person,USES_DEVICE,DEV_000114,Device,2025-11-06 15:32:35,2025-11-06 15:32:35,1,1.0,
PER_000050,Person,USES_DEVICE,DEV_000115,Device,2025-02-19 06:07:30,2025-11-29 14:02:13,2,2.0,
PER_000050,Person,USES_DEVICE,DEV_000116,Device,2025-10-05 18:59:49,2025-10-05 18:59:49,1,1.0,
PER_000050,Person,USES_DEVICE,DEV_000117,Device,2025-12-09 05:20:38,2025-12-09 05:20:38,1,1.0,
PER_000050,Person,USES_DEVICE,DEV_000118,Device,2025-09-30 23:02:47,2025-09-30 23:02:47,1,1.0,
PER_000050,Person,USES_DEVICE,DEV_000119,Device,2025-10-26 12:11:30,2025-10-26 12:11:30,1,1.0,
PER_000050,Person,USES_DEVICE,DEV_000120,Device,2025-02-03 13:06:49,2025-11-18 13:25:12,4,4.0,
PER_000051,Person,USES_DEVICE,DEV_000018,Device,2025-06-15 06:02:00,2025-06-15 06:02:00,1,1.0,
PER_000051,Person,USES_DEVICE,DEV_000019,Device,2025-05-11 09:43:55,2025-05-11 09:43:55,1,1.0,
PER_000051,Person,USES_DEVICE,DEV_000020,Device,2025-09-15 14:45:00,2025-09-15 14:45:00,1,1.0,
PER_000051,Person,USES_DEVICE,DEV_000029,Device,2025-06-11 15:54:57,2025-10-01 12:58:35,2,2.0,
PER_000051,Person,USES_DEVICE,DEV_000042,Device,2025-05-18 02:19:29,2025-06-23 09:23:49,2,2.0,
PER_000051,Person,USES_DEVICE,DEV_000047,Device,2025-08-15 14:08:27,2025-08-15 14:08:27,1,1.0,
PER_000051,Person,USES_DEVICE,DEV_000053,Device,2025-07-16 06:31:19,2025-07-16 06:31:19,1,1.0,
PER_000051,Person,USES_DEVICE,DEV_000054,Device,2025-10-20 19:12:30,2025-10-20 19:12:30,1,1.0,
PER_000051,Person,USES_DEVICE,DEV_000075,Device,2025-06-03 18:54:45,2025-06-03 18:54:45,1,1.0,
PER_000051,Person,USES_DEVICE,DEV_000078,Device,2025-03-19 06:23:20,2025-03-19 06:23:20,1,1.0,
PER_000051,Person,USES_DEVICE,DEV_000083,Device,2025-09-28 13:31:40,2025-09-28 13:31:40,1,1.0,
PER_000051,Person,USES_DEVICE,DEV_000085,Device,2025-02-20 09:40:44,2025-02-20 09:40:44,1,1.0,
PER_000051,Person,USES_DEVICE,DEV_000088,Device,2025-02-18 07:11:59,2025-02-18 07:11:59,1,1.0,
PER_000051,Person,USES_DEVICE,DEV_000107,Device,2025-03-04 06:30:24,2025-03-04 06:30:24,1,1.0,
PER_000052,Person,USES_DEVICE,DEV_000004,Device,2025-03-07 16:39:13,2025-07-16 13:06:57,2,2.0,
PER_000052,Person,USES_DEVICE,DEV_000010,Device,2025-10-15 05:34:41,2025-10-15 05:34:41,1,1.0,
PER_000052,Person,USES_DEVICE,DEV_000014,Device,2025-01-24 19:44:01,2025-01-24 19:44:01,1,1.0,
PER_000052,Person,USES_DEVICE,DEV_000020,Device,2025-02-05 15:22:34,2025-02-05 15:22:34,1,1.0,
PER_000052,Person,USES_DEVICE,DEV_000026,Device,2025-01-20 14:36:49,2025-01-20 14:36:49,1,1.0,
PER_000052,Person,USES_DEVICE,DEV_000034,Device,2025-10-20 12:41:05,2025-10-20 12:41:05,1,1.0,
PER_000052,Person,USES_DEVICE,DEV_000037,Device,2025-03-18 13:28:44,2025-03-18 13:28:44,1,1.0,
PER_000052,Person,USES_DEVICE,DEV_000040,Device,2025-04-11 09:45:38,2025-04-11 09:45:38,1,1.0,
PER_000052,Person,USES_DEVICE,DEV_000054,Device,2025-07-09 08:44:17,2025-07-09 08:44:17,1,1.0,
PER_000052,Person,USES_DEVICE,DEV_000055,Device,2025-03-19 09:12:08,2025-03-19 09:12:08,1,1.0,
PER_000052,Person,USES_DEVICE,DEV_000057,Device,2025-12-18 15:39:01,2025-12-18 15:39:01,1,1.0,
PER_000052,Person,USES_DEVICE,DEV_000058,Device,2025-06-05 08:34:08,2025-06-05 08:34:08,1,1.0,
PER_000052,Person,USES_DEVICE,DEV_000063,Device,2025-06-22 09:50:47,2025-06-22 09:50:47,1,1.0,
PER_000052,Person,USES_DEVICE,DEV_000065,Device,2025-06-29 17:35:50,2025-06-29 17:35:50,1,1.0,
PER_000052,Person,USES_DEVICE,DEV_000067,Device,2025-05-09 08:32:34,2025-05-09 08:32:34,1,1.0,
PER_000052,Person,USES_DEVICE,DEV_000072,Device,2025-02-24 21:16:10,2025-02-24 21:16:10,1,1.0,
PER_000052,Person,USES_DEVICE,DEV_000079,Device,2025-07-28 08:18:02,2025-07-28 08:18:02,1,1.0,
PER_000052,Person,USES_DEVICE,DEV_000095,Device,2025-08-26 09:28:09,2025-08-26 09:28:09,1,1.0,
PER_000052,Person,USES_DEVICE,DEV_000109,Device,2025-03-18 14:15:37,2025-05-09 06:26:02,2,2.0,
PER_000053,Person,USES_DEVICE,DEV_000004,Device,2025-01-22 21:28:56,2025-01-22 21:28:56,1,1.0,
PER_000053,Person,USES_DEVICE,DEV_000007,Device,2025-04-08 11:48:43,2025-04-08 11:48:43,1,1.0,
PER_000053,Person,USES_DEVICE,DEV_000011,Device,2025-09-30 07:36:56,2025-09-30 07:36:56,1,1.0,
PER_000053,Person,USES_DEVICE,DEV_000014,Device,2025-07-03 15:34:52,2025-07-03 15:34:52,1,1.0,
PER_000053,Person,USES_DEVICE,DEV_000018,Device,2025-07-10 08:58:17,2025-07-10 08:58:17,1,1.0,
PER_000053,Person,USES_DEVICE,DEV_000020,Device,2025-12-17 12:11:41,2025-12-17 12:11:41,1,1.0,
PER_000053,Person,USES_DEVICE,DEV_000022,Device,2025-09-17 17:00:44,2025-09-17 17:00:44,1,1.0,
PER_000053,Person,USES_DEVICE,DEV_000032,Device,2025-02-24 18:21:57,2025-02-24 18:21:57,1,1.0,
PER_000053,Person,USES_DEVICE,DEV_000036,Device,2025-08-13 10:34:23,2025-08-13 10:34:23,1,1.0,
PER_000053,Person,USES_DEVICE,DEV_000038,Device,2025-10-10 14:42:49,2025-10-10 14:42:49,1,1.0,
PER_000053,Person,USES_DEVICE,DEV_000053,Device,2025-01-17 21:34:07,2025-01-17 21:34:07,1,1.0,
PER_000053,Person,USES_DEVICE,DEV_000065,Device,2025-03-04 16:23:04,2025-03-04 16:23:04,1,1.0,
PER_000053,Person,USES_DEVICE,DEV_000066,Device,2025-10-08 16:44:58,2025-10-08 16:44:58,1,1.0,
PER_000053,Person,USES_DEVICE,DEV_000070,Device,2025-04-30 13:57:25,2025-04-30 13:57:25,1,1.0,
PER_000053,Person,USES_DEVICE,DEV_000085,Device,2025-01-12 09:10:23,2025-01-12 09:10:23,1,1.0,
PER_000053,Person,USES_DEVICE,DEV_000090,Device,2025-01-09 09:33:48,2025-01-09 09:33:48,1,1.0,
PER_000053,Person,USES_DEVICE,DEV_000095,Device,2025-04-15 11:44:10,2025-04-15 11:44:10,1,1.0,
PER_000053,Person,USES_DEVICE,DEV_000100,Device,2025-08-01 11:28:11,2025-08-01 11:28:11,1,1.0,
PER_000053,Person,USES_DEVICE,DEV_000109,Device,2025-08-15 11:09:47,2025-08-15 11:09:47,1,1.0,
PER_000053,Person,USES_DEVICE,DEV_000114,Device,2025-05-10 11:15:00,2025-05-10 11:15:00,1,1.0,
PER_000054,Person,USES_DEVICE,DEV_000012,Device,2025-05-27 10:46:23,2025-05-27 10:46:23,1,1.0,
PER_000054,Person,USES_DEVICE,DEV_000015,Device,2025-04-14 18:23:48,2025-04-14 18:23:48,1,1.0,
PER_000054,Person,USES_DEVICE,DEV_000017,Device,2025-08-13 12:48:23,2025-08-13 12:48:23,1,1.0,
PER_000054,Person,USES_DEVICE,DEV_000030,Device,2025-09-09 11:14:33,2025-09-09 11:14:33,1,1.0,
PER_000054,Person,USES_DEVICE,DEV_000039,Device,2025-03-10 04:17:38,2025-03-10 04:17:38,1,1.0,
PER_000054,Person,USES_DEVICE,DEV_000053,Device,2025-11-05 05:20:01,2025-11-05 05:20:01,1,1.0,
PER_000054,Person,USES_DEVICE,DEV_000058,Device,2025-09-26 17:06:15,2025-09-26 17:06:15,1,1.0,
PER_000054,Person,USES_DEVICE,DEV_000067,Device,2025-04-21 17:27:25,2025-04-21 17:27:25,1,1.0,
PER_000054,Person,USES_DEVICE,DEV_000071,Device,2025-01-21 20:15:04,2025-01-21 20:15:04,1,1.0,
PER_000054,Person,USES_DEVICE,DEV_000074,Device,2025-04-23 14:59:55,2025-04-23 14:59:55,1,1.0,
PER_000054,Person,USES_DEVICE,DEV_000080,Device,2025-07-30 10:12:40,2025-07-30 10:12:40,1,1.0,
PER_000054,Person,USES_DEVICE,DEV_000084,Device,2025-08-20 16:57:59,2025-08-20 16:57:59,1,1.0,
PER_000054,Person,USES_DEVICE,DEV_000106,Device,2025-01-26 15:50:01,2025-01-26 15:50:01,1,1.0,
PER_000054,Person,USES_DEVICE,DEV_000107,Device,2025-01-23 10:15:05,2025-01-23 10:15:05,1,1.0,
PER_000054,Person,USES_DEVICE,DEV_000111,Device,2025-11-12 17:26:23,2025-11-12 17:26:23,1,1.0,
PER_000055,Person,USES_DEVICE,DEV_000006,Device,2025-07-13 20:39:31,2025-07-13 20:39:31,1,1.0,
PER_000055,Person,USES_DEVICE,DEV_000007,Device,2025-07-13 13:38:00,2025-07-13 13:38:00,1,1.0,
PER_000055,Person,USES_DEVICE,DEV_000016,Device,2025-09-09 09:43:05,2025-09-09 09:43:05,1,1.0,
PER_000055,Person,USES_DEVICE,DEV_000030,Device,2025-03-30 08:49:10,2025-03-30 08:49:10,1,1.0,
PER_000055,Person,USES_DEVICE,DEV_000035,Device,2025-05-23 14:33:44,2025-05-23 14:33:44,1,1.0,
PER_000055,Person,USES_DEVICE,DEV_000037,Device,2025-02-25 12:38:06,2025-02-25 12:38:06,1,1.0,
PER_000055,Person,USES_DEVICE,DEV_000048,Device,2025-04-18 08:28:28,2025-04-18 08:28:28,1,1.0,
PER_000055,Person,USES_DEVICE,DEV_000053,Device,2025-05-06 10:21:11,2025-05-06 10:21:11,1,1.0,
PER_000055,Person,USES_DEVICE,DEV_000055,Device,2025-10-21 18:40:03,2025-10-21 18:40:03,1,1.0,
PER_000055,Person,USES_DEVICE,DEV_000063,Device,2025-04-01 13:09:51,2025-04-01 13:09:51,1,1.0,
PER_000055,Person,USES_DEVICE,DEV_000067,Device,2025-11-14 15:34:11,2025-11-14 15:34:11,1,1.0,
PER_000055,Person,USES_DEVICE,DEV_000079,Device,2025-01-12 20:04:27,2025-09-04 21:33:24,2,2.0,
PER_000055,Person,USES_DEVICE,DEV_000084,Device,2025-02-16 14:32:28,2025-02-16 14:32:28,1,1.0,
PER_000055,Person,USES_DEVICE,DEV_000093,Device,2025-12-29 13:21:08,2025-12-29 13:21:08,1,1.0,
PER_000055,Person,USES_DEVICE,DEV_000094,Device,2025-08-02 22:18:59,2025-08-02 22:18:59,1,1.0,
PER_000055,Person,USES_DEVICE,DEV_000103,Device,2025-07-09 15:14:17,2025-07-09 15:14:17,1,1.0,
PER_000055,Person,USES_DEVICE,DEV_000104,Device,2025-01-12 14:15:26,2025-08-10 17:56:15,3,3.0,
PER_000055,Person,USES_DEVICE,DEV_000105,Device,2025-04-12 13:12:07,2025-12-27 18:42:08,2,2.0,
PER_000055,Person,USES_DEVICE,DEV_000119,Device,2025-07-01 15:29:58,2025-07-01 15:29:58,1,1.0,
PER_000056,Person,USES_DEVICE,DEV_000016,Device,2025-10-09 13:08:07,2025-10-09 13:08:07,1,1.0,
PER_000056,Person,USES_DEVICE,DEV_000024,Device,2025-11-03 11:43:57,2025-11-03 11:43:57,1,1.0,
PER_000056,Person,USES_DEVICE,DEV_000026,Device,2025-08-12 14:10:35,2025-08-12 14:10:35,1,1.0,
PER_000056,Person,USES_DEVICE,DEV_000028,Device,2025-10-15 16:18:35,2025-10-15 16:18:35,1,1.0,
PER_000056,Person,USES_DEVICE,DEV_000030,Device,2025-01-22 10:34:12,2025-01-22 10:34:12,1,1.0,
PER_000056,Person,USES_DEVICE,DEV_000031,Device,2025-04-01 13:54:50,2025-04-01 13:54:50,1,1.0,
PER_000056,Person,USES_DEVICE,DEV_000049,Device,2025-12-01 12:48:11,2025-12-01 12:48:11,1,1.0,
PER_000056,Person,USES_DEVICE,DEV_000050,Device,2025-04-22 17:32:48,2025-04-22 17:32:48,1,1.0,
PER_000056,Person,USES_DEVICE,DEV_000060,Device,2025-02-17 16:02:32,2025-02-17 16:02:32,1,1.0,
PER_000056,Person,USES_DEVICE,DEV_000066,Device,2025-12-29 09:04:41,2025-12-29 09:04:41,1,1.0,
PER_000056,Person,USES_DEVICE,DEV_000067,Device,2025-05-03 13:28:38,2025-05-03 13:28:38,1,1.0,
PER_000056,Person,USES_DEVICE,DEV_000071,Device,2025-01-01 10:09:53,2025-04-01 09:01:36,2,2.0,
PER_000056,Person,USES_DEVICE,DEV_000074,Device,2025-12-26 16:24:18,2025-12-26 16:24:18,1,1.0,
PER_000056,Person,USES_DEVICE,DEV_000082,Device,2025-06-13 12:55:53,2025-06-13 12:55:53,1,1.0,
PER_000056,Person,USES_DEVICE,DEV_000083,Device,2025-02-12 15:53:45,2025-02-12 15:53:45,1,1.0,
PER_000056,Person,USES_DEVICE,DEV_000084,Device,2025-06-07 10:57:00,2025-06-07 10:57:00,1,1.0,
PER_000056,Person,USES_DEVICE,DEV_000092,Device,2025-11-08 18:57:29,2025-12-26 09:31:50,3,3.0,
PER_000056,Person,USES_DEVICE,DEV_000098,Device,2025-04-20 13:03:13,2025-04-20 13:03:13,1,1.0,
PER_000056,Person,USES_DEVICE,DEV_000106,Device,2025-12-05 18:32:19,2025-12-05 18:32:19,1,1.0,
PER_000056,Person,USES_DEVICE,DEV_000107,Device,2025-05-08 18:10:45,2025-05-08 18:10:45,1,1.0,
PER_000056,Person,USES_DEVICE,DEV_000108,Device,2025-01-30 12:40:06,2025-01-30 12:40:06,1,1.0,
PER_000056,Person,USES_DEVICE,DEV_000109,Device,2025-06-20 08:30:09,2025-06-20 08:30:09,1,1.0,
PER_000056,Person,USES_DEVICE,DEV_000110,Device,2025-01-31 21:30:50,2025-01-31 21:30:50,1,1.0,
PER_000056,Person,USES_DEVICE,DEV_000113,Device,2025-05-20 12:08:55,2025-05-20 12:08:55,1,1.0,
PER_000056,Person,USES_DEVICE,DEV_000114,Device,2025-12-17 21:07:16,2025-12-17 21:07:16,1,1.0,
PER_000056,Person,USES_DEVICE,DEV_000115,Device,2025-06-13 14:19:30,2025-06-13 14:19:30,1,1.0,
PER_000057,Person,USES_DEVICE,DEV_000002,Device,2025-11-10 11:49:48,2025-11-10 11:49:48,1,1.0,
PER_000057,Person,USES_DEVICE,DEV_000003,Device,2025-07-30 18:15:57,2025-07-30 18:15:57,1,1.0,
PER_000057,Person,USES_DEVICE,DEV_000006,Device,2025-09-29 13:50:24,2025-09-29 13:50:24,1,1.0,
PER_000057,Person,USES_DEVICE,DEV_000010,Device,2025-06-09 03:13:17,2025-06-09 03:13:17,1,1.0,
PER_000057,Person,USES_DEVICE,DEV_000032,Device,2025-08-28 17:24:28,2025-08-28 17:24:28,1,1.0,
PER_000057,Person,USES_DEVICE,DEV_000034,Device,2025-02-01 10:39:24,2025-02-01 10:39:24,1,1.0,
PER_000057,Person,USES_DEVICE,DEV_000039,Device,2025-02-02 19:29:16,2025-02-02 19:29:16,1,1.0,
PER_000057,Person,USES_DEVICE,DEV_000052,Device,2025-02-11 21:26:12,2025-02-11 21:26:12,1,1.0,
PER_000057,Person,USES_DEVICE,DEV_000069,Device,2025-09-20 20:19:49,2025-09-20 20:19:49,1,1.0,
PER_000057,Person,USES_DEVICE,DEV_000070,Device,2025-05-04 10:58:35,2025-05-04 10:58:35,1,1.0,
PER_000057,Person,USES_DEVICE,DEV_000071,Device,2025-01-24 10:02:02,2025-01-24 10:02:02,1,1.0,
PER_000057,Person,USES_DEVICE,DEV_000073,Device,2025-07-11 14:29:02,2025-07-11 14:29:02,1,1.0,
PER_000057,Person,USES_DEVICE,DEV_000079,Device,2025-03-15 14:09:48,2025-03-15 14:09:48,1,1.0,
PER_000057,Person,USES_DEVICE,DEV_000082,Device,2025-10-21 02:20:23,2025-10-21 02:20:23,1,1.0,
PER_000057,Person,USES_DEVICE,DEV_000098,Device,2025-04-06 06:47:13,2025-04-06 06:47:13,1,1.0,
PER_000057,Person,USES_DEVICE,DEV_000112,Device,2025-11-13 22:28:34,2025-11-13 22:28:34,1,1.0,
PER_000058,Person,USES_DEVICE,DEV_000001,Device,2025-05-13 08:39:40,2025-05-13 08:39:40,1,1.0,
PER_000058,Person,USES_DEVICE,DEV_000022,Device,2025-06-01 17:29:20,2025-06-01 17:29:20,1,1.0,
PER_000058,Person,USES_DEVICE,DEV_000028,Device,2025-05-16 14:21:58,2025-05-16 14:21:58,1,1.0,
PER_000058,Person,USES_DEVICE,DEV_000030,Device,2025-05-29 13:54:27,2025-05-29 13:54:27,1,1.0,
PER_000058,Person,USES_DEVICE,DEV_000034,Device,2025-10-17 08:49:48,2025-10-17 08:49:48,1,1.0,
PER_000058,Person,USES_DEVICE,DEV_000035,Device,2025-09-04 07:58:52,2025-09-04 07:58:52,1,1.0,
PER_000058,Person,USES_DEVICE,DEV_000042,Device,2025-11-24 07:57:19,2025-11-24 07:57:19,1,1.0,
PER_000058,Person,USES_DEVICE,DEV_000057,Device,2025-03-17 03:48:34,2025-03-17 03:48:34,1,1.0,
PER_000058,Person,USES_DEVICE,DEV_000074,Device,2025-01-19 13:17:48,2025-01-19 13:17:48,1,1.0,
PER_000058,Person,USES_DEVICE,DEV_000082,Device,2025-02-24 13:39:58,2025-02-24 13:39:58,1,1.0,
PER_000058,Person,USES_DEVICE,DEV_000083,Device,2025-05-14 15:10:02,2025-06-07 16:05:19,2,2.0,
PER_000058,Person,USES_DEVICE,DEV_000087,Device,2025-01-07 17:03:00,2025-01-07 17:03:00,1,1.0,
PER_000058,Person,USES_DEVICE,DEV_000088,Device,2025-10-03 15:39:48,2025-10-03 15:39:48,1,1.0,
PER_000058,Person,USES_DEVICE,DEV_000102,Device,2025-11-03 13:02:58,2025-11-03 13:02:58,1,1.0,
PER_000058,Person,USES_DEVICE,DEV_000109,Device,2025-07-10 06:49:30,2025-07-10 06:49:30,1,1.0,
PER_000058,Person,USES_DEVICE,DEV_000113,Device,2025-03-08 16:29:56,2025-03-08 16:29:56,1,1.0,
PER_000058,Person,USES_DEVICE,DEV_000119,Device,2025-11-25 18:55:27,2025-11-25 18:55:27,1,1.0,
PER_000059,Person,USES_DEVICE,DEV_000001,Device,2025-08-23 21:47:04,2025-10-23 16:33:58,3,3.0,
PER_000059,Person,USES_DEVICE,DEV_000002,Device,2025-05-15 15:56:39,2025-05-15 15:56:39,1,1.0,
PER_000059,Person,USES_DEVICE,DEV_000005,Device,2025-02-08 21:41:33,2025-02-08 21:41:33,1,1.0,
PER_000059,Person,USES_DEVICE,DEV_000006,Device,2025-07-24 06:01:51,2025-09-04 11:19:06,2,2.0,
PER_000059,Person,USES_DEVICE,DEV_000008,Device,2025-02-20 19:28:50,2025-02-20 19:28:50,1,1.0,
PER_000059,Person,USES_DEVICE,DEV_000009,Device,2025-02-09 12:14:43,2025-08-31 10:03:43,3,3.0,
PER_000059,Person,USES_DEVICE,DEV_000010,Device,2025-07-13 06:09:10,2025-07-13 06:09:10,1,1.0,
PER_000059,Person,USES_DEVICE,DEV_000011,Device,2025-04-30 07:12:17,2025-11-18 14:08:35,5,5.0,
PER_000059,Person,USES_DEVICE,DEV_000012,Device,2025-06-17 10:46:50,2025-06-17 10:46:50,1,1.0,
PER_000059,Person,USES_DEVICE,DEV_000013,Device,2025-01-01 19:51:28,2025-09-09 11:23:21,2,2.0,
PER_000059,Person,USES_DEVICE,DEV_000015,Device,2025-01-06 11:23:03,2025-05-11 23:06:31,2,2.0,
PER_000059,Person,USES_DEVICE,DEV_000016,Device,2025-07-07 14:44:30,2025-07-07 14:44:30,1,1.0,
PER_000059,Person,USES_DEVICE,DEV_000017,Device,2025-07-01 20:50:01,2025-07-01 20:50:01,1,1.0,
PER_000059,Person,USES_DEVICE,DEV_000018,Device,2025-01-05 21:11:26,2025-10-19 22:15:07,2,2.0,
PER_000059,Person,USES_DEVICE,DEV_000019,Device,2025-02-09 06:32:43,2025-07-26 18:48:37,2,2.0,
PER_000059,Person,USES_DEVICE,DEV_000020,Device,2025-02-19 05:47:00,2025-02-19 05:47:00,1,1.0,
PER_000059,Person,USES_DEVICE,DEV_000021,Device,2025-04-19 07:26:57,2025-11-29 16:14:37,2,2.0,
PER_000059,Person,USES_DEVICE,DEV_000022,Device,2025-09-12 21:32:51,2025-09-12 21:32:51,1,1.0,
PER_000059,Person,USES_DEVICE,DEV_000023,Device,2025-06-17 03:37:45,2025-12-11 12:48:25,4,4.0,
PER_000059,Person,USES_DEVICE,DEV_000024,Device,2025-11-21 10:40:49,2025-11-21 10:40:49,1,1.0,
PER_000059,Person,USES_DEVICE,DEV_000025,Device,2025-04-05 09:52:55,2025-04-05 09:52:55,1,1.0,
PER_000059,Person,USES_DEVICE,DEV_000026,Device,2025-04-10 13:33:03,2025-12-16 13:09:56,2,2.0,
PER_000059,Person,USES_DEVICE,DEV_000027,Device,2025-05-04 09:51:46,2025-12-23 18:30:18,3,3.0,
PER_000059,Person,USES_DEVICE,DEV_000028,Device,2025-02-25 08:05:48,2025-12-21 10:24:02,3,3.0,
PER_000059,Person,USES_DEVICE,DEV_000029,Device,2025-04-04 14:17:20,2025-04-04 14:17:20,1,1.0,
PER_000059,Person,USES_DEVICE,DEV_000030,Device,2025-11-14 11:23:23,2025-11-30 21:45:14,2,2.0,
PER_000059,Person,USES_DEVICE,DEV_000031,Device,2025-02-19 20:57:50,2025-12-04 12:17:55,3,3.0,
PER_000059,Person,USES_DEVICE,DEV_000032,Device,2025-05-31 06:51:20,2025-12-06 14:51:22,4,4.0,
PER_000059,Person,USES_DEVICE,DEV_000033,Device,2025-01-24 12:47:48,2025-01-24 12:47:48,1,1.0,
PER_000059,Person,USES_DEVICE,DEV_000034,Device,2025-11-13 16:55:37,2025-12-23 18:59:57,2,2.0,
PER_000059,Person,USES_DEVICE,DEV_000035,Device,2025-01-13 13:37:49,2025-12-27 15:21:37,4,4.0,
PER_000059,Person,USES_DEVICE,DEV_000036,Device,2025-07-19 04:38:14,2025-07-19 04:38:14,1,1.0,
PER_000059,Person,USES_DEVICE,DEV_000037,Device,2025-01-11 06:53:47,2025-03-17 08:11:11,2,2.0,
PER_000059,Person,USES_DEVICE,DEV_000038,Device,2025-04-26 09:25:03,2025-12-09 21:57:50,3,3.0,
PER_000059,Person,USES_DEVICE,DEV_000039,Device,2025-05-06 10:59:40,2025-05-06 10:59:40,1,1.0,
PER_000059,Person,USES_DEVICE,DEV_000042,Device,2025-01-29 08:16:18,2025-06-14 12:59:33,2,2.0,
PER_000059,Person,USES_DEVICE,DEV_000045,Device,2025-06-09 12:05:55,2025-09-14 14:54:55,2,2.0,
PER_000059,Person,USES_DEVICE,DEV_000046,Device,2025-07-25 19:14:04,2025-07-25 19:14:04,1,1.0,
PER_000059,Person,USES_DEVICE,DEV_000047,Device,2025-02-09 14:42:08,2025-06-21 19:03:33,4,4.0,
PER_000059,Person,USES_DEVICE,DEV_000048,Device,2025-10-29 15:03:19,2025-10-29 15:03:19,1,1.0,
PER_000059,Person,USES_DEVICE,DEV_000051,Device,2025-01-27 16:01:13,2025-12-08 13:46:29,3,3.0,
PER_000059,Person,USES_DEVICE,DEV_000052,Device,2025-08-07 19:22:34,2025-08-07 19:22:34,1,1.0,
PER_000059,Person,USES_DEVICE,DEV_000053,Device,2025-10-17 15:20:04,2025-10-17 15:20:04,1,1.0,
PER_000059,Person,USES_DEVICE,DEV_000054,Device,2025-07-27 11:31:16,2025-12-19 05:10:08,2,2.0,
PER_000059,Person,USES_DEVICE,DEV_000056,Device,2025-05-11 18:03:21,2025-05-11 18:03:21,1,1.0,
PER_000059,Person,USES_DEVICE,DEV_000057,Device,2025-04-07 17:34:25,2025-04-07 17:34:25,1,1.0,
PER_000059,Person,USES_DEVICE,DEV_000058,Device,2025-08-13 09:49:21,2025-09-13 03:05:15,2,2.0,
PER_000059,Person,USES_DEVICE,DEV_000059,Device,2025-05-03 10:30:31,2025-12-30 19:16:41,3,3.0,
PER_000059,Person,USES_DEVICE,DEV_000060,Device,2025-03-11 03:38:14,2025-10-16 12:50:19,3,3.0,
PER_000059,Person,USES_DEVICE,DEV_000061,Device,2025-06-02 16:19:43,2025-07-03 08:56:05,2,2.0,
PER_000059,Person,USES_DEVICE,DEV_000062,Device,2025-02-12 08:13:25,2025-12-14 07:31:49,2,2.0,
PER_000059,Person,USES_DEVICE,DEV_000063,Device,2025-02-17 15:30:31,2025-12-07 06:17:07,5,5.0,
PER_000059,Person,USES_DEVICE,DEV_000064,Device,2025-09-03 10:33:20,2025-09-03 10:33:20,1,1.0,
PER_000059,Person,USES_DEVICE,DEV_000065,Device,2025-05-09 14:57:30,2025-06-01 13:52:04,2,2.0,
PER_000059,Person,USES_DEVICE,DEV_000067,Device,2025-10-04 11:52:00,2025-10-04 11:52:00,1,1.0,
PER_000059,Person,USES_DEVICE,DEV_000068,Device,2025-11-07 12:40:53,2025-11-07 12:40:53,1,1.0,
PER_000059,Person,USES_DEVICE,DEV_000070,Device,2025-04-08 10:52:00,2025-04-26 07:53:59,2,2.0,
PER_000059,Person,USES_DEVICE,DEV_000074,Device,2025-01-16 14:21:24,2025-09-15 11:12:50,3,3.0,
PER_000059,Person,USES_DEVICE,DEV_000075,Device,2025-05-24 09:14:51,2025-08-22 13:35:35,3,3.0,
PER_000059,Person,USES_DEVICE,DEV_000077,Device,2025-06-17 08:57:18,2025-12-23 09:34:49,2,2.0,
PER_000059,Person,USES_DEVICE,DEV_000078,Device,2025-06-12 14:41:18,2025-06-12 14:41:18,1,1.0,
PER_000059,Person,USES_DEVICE,DEV_000081,Device,2025-02-07 12:57:39,2025-07-31 09:03:08,2,2.0,
PER_000059,Person,USES_DEVICE,DEV_000082,Device,2025-04-27 17:52:14,2025-04-27 17:52:14,1,1.0,
PER_000059,Person,USES_DEVICE,DEV_000083,Device,2025-05-29 13:59:20,2025-05-29 13:59:20,1,1.0,
PER_000059,Person,USES_DEVICE,DEV_000084,Device,2025-11-01 17:42:00,2025-11-01 17:42:00,1,1.0,
PER_000059,Person,USES_DEVICE,DEV_000085,Device,2025-03-27 10:49:59,2025-06-28 07:38:57,2,2.0,
PER_000059,Person,USES_DEVICE,DEV_000086,Device,2025-11-22 11:29:48,2025-12-08 08:01:53,2,2.0,
PER_000059,Person,USES_DEVICE,DEV_000087,Device,2025-03-22 16:52:00,2025-08-25 12:16:23,2,2.0,
PER_000059,Person,USES_DEVICE,DEV_000088,Device,2025-05-12 06:22:57,2025-11-02 08:22:13,3,3.0,
PER_000059,Person,USES_DEVICE,DEV_000089,Device,2025-01-24 16:35:22,2025-03-19 21:22:06,3,3.0,
PER_000059,Person,USES_DEVICE,DEV_000090,Device,2025-01-10 12:17:24,2025-05-31 14:53:24,3,3.0,
PER_000059,Person,USES_DEVICE,DEV_000091,Device,2025-09-25 07:07:26,2025-10-07 17:31:19,3,3.0,
PER_000059,Person,USES_DEVICE,DEV_000092,Device,2025-04-15 22:58:16,2025-04-15 22:58:16,1,1.0,
PER_000059,Person,USES_DEVICE,DEV_000093,Device,2025-08-16 14:09:45,2025-12-18 15:14:52,2,2.0,
PER_000059,Person,USES_DEVICE,DEV_000094,Device,2025-06-07 15:55:58,2025-06-07 15:55:58,1,1.0,
PER_000059,Person,USES_DEVICE,DEV_000095,Device,2025-01-21 19:44:30,2025-11-25 17:25:50,4,4.0,
PER_000059,Person,USES_DEVICE,DEV_000096,Device,2025-07-16 16:20:39,2025-07-16 16:20:39,1,1.0,
PER_000059,Person,USES_DEVICE,DEV_000098,Device,2025-11-05 10:17:46,2025-11-05 10:17:46,1,1.0,
PER_000059,Person,USES_DEVICE,DEV_000099,Device,2025-04-29 16:43:45,2025-08-11 07:47:01,4,4.0,
PER_000059,Person,USES_DEVICE,DEV_000100,Device,2025-10-23 17:23:15,2025-10-23 17:23:15,1,1.0,
PER_000059,Person,USES_DEVICE,DEV_000101,Device,2025-08-18 11:38:51,2025-08-18 11:38:51,1,1.0,
PER_000059,Person,USES_DEVICE,DEV_000103,Device,2025-07-27 03:38:49,2025-11-15 10:59:55,2,2.0,
PER_000059,Person,USES_DEVICE,DEV_000105,Device,2025-05-02 13:39:28,2025-09-13 18:35:32,2,2.0,
PER_000059,Person,USES_DEVICE,DEV_000106,Device,2025-02-05 05:14:27,2025-02-05 05:14:27,1,1.0,
PER_000059,Person,USES_DEVICE,DEV_000107,Device,2025-05-18 17:35:36,2025-11-18 13:48:56,4,4.0,
PER_000059,Person,USES_DEVICE,DEV_000109,Device,2025-01-17 13:49:51,2025-01-17 13:49:51,1,1.0,
PER_000059,Person,USES_DEVICE,DEV_000110,Device,2025-02-10 19:00:15,2025-09-27 19:55:09,3,3.0,
PER_000059,Person,USES_DEVICE,DEV_000111,Device,2025-06-29 02:12:38,2025-06-29 02:12:38,1,1.0,
PER_000059,Person,USES_DEVICE,DEV_000112,Device,2025-11-06 18:31:06,2025-11-06 18:31:06,1,1.0,
PER_000059,Person,USES_DEVICE,DEV_000114,Device,2025-12-16 12:11:29,2025-12-16 12:11:29,1,1.0,
PER_000059,Person,USES_DEVICE,DEV_000115,Device,2025-05-03 18:15:52,2025-05-25 23:59:49,2,2.0,
PER_000059,Person,USES_DEVICE,DEV_000117,Device,2025-11-03 11:30:57,2025-11-03 11:30:57,1,1.0,
PER_000059,Person,USES_DEVICE,DEV_000118,Device,2025-01-21 19:40:49,2025-04-21 13:50:26,3,3.0,
PER_000059,Person,USES_DEVICE,DEV_000120,Device,2025-06-07 15:06:45,2025-06-07 15:06:45,1,1.0,
PER_000060,Person,USES_DEVICE,DEV_000031,Device,2025-12-07 21:00:23,2025-12-07 21:00:23,1,1.0,
PER_000060,Person,USES_DEVICE,DEV_000034,Device,2025-03-12 06:08:10,2025-03-12 06:08:10,1,1.0,
PER_000060,Person,USES_DEVICE,DEV_000036,Device,2025-06-06 17:29:29,2025-06-06 17:29:29,1,1.0,
PER_000060,Person,USES_DEVICE,DEV_000039,Device,2025-06-24 20:45:11,2025-06-24 20:45:11,1,1.0,
PER_000060,Person,USES_DEVICE,DEV_000043,Device,2025-10-20 12:53:32,2025-10-20 12:53:32,1,1.0,
PER_000060,Person,USES_DEVICE,DEV_000049,Device,2025-08-06 02:13:39,2025-08-06 02:13:39,1,1.0,
PER_000060,Person,USES_DEVICE,DEV_000054,Device,2025-07-19 06:00:18,2025-07-19 06:00:18,1,1.0,
PER_000060,Person,USES_DEVICE,DEV_000057,Device,2025-03-16 17:06:17,2025-03-16 17:06:17,1,1.0,
PER_000060,Person,USES_DEVICE,DEV_000063,Device,2025-09-12 10:46:07,2025-09-12 10:46:07,1,1.0,
PER_000060,Person,USES_DEVICE,DEV_000067,Device,2025-10-05 09:38:45,2025-10-05 09:38:45,1,1.0,
PER_000060,Person,USES_DEVICE,DEV_000069,Device,2025-03-04 16:07:21,2025-03-04 16:07:21,1,1.0,
PER_000060,Person,USES_DEVICE,DEV_000072,Device,2025-02-23 02:06:10,2025-02-23 02:06:10,1,1.0,
PER_000060,Person,USES_DEVICE,DEV_000083,Device,2025-12-23 14:15:03,2025-12-23 14:15:03,1,1.0,
PER_000060,Person,USES_DEVICE,DEV_000085,Device,2025-11-24 17:18:09,2025-11-24 17:18:09,1,1.0,
PER_000060,Person,USES_DEVICE,DEV_000087,Device,2025-12-28 14:00:38,2025-12-28 14:00:38,1,1.0,
PER_000060,Person,USES_DEVICE,DEV_000099,Device,2025-04-23 15:36:14,2025-04-23 15:36:14,1,1.0,
PER_000060,Person,USES_DEVICE,DEV_000104,Device,2025-03-06 13:24:57,2025-03-06 13:24:57,1,1.0,
PER_000061,Person,USES_DEVICE,DEV_000008,Device,2025-10-20 17:20:43,2025-10-20 17:20:43,1,1.0,
PER_000061,Person,USES_DEVICE,DEV_000009,Device,2025-04-24 14:53:44,2025-04-24 14:53:44,1,1.0,
PER_000061,Person,USES_DEVICE,DEV_000013,Device,2025-03-01 13:39:05,2025-03-01 13:39:05,1,1.0,
PER_000061,Person,USES_DEVICE,DEV_000016,Device,2025-09-18 05:19:08,2025-09-18 05:19:08,1,1.0,
PER_000061,Person,USES_DEVICE,DEV_000022,Device,2025-04-18 19:59:21,2025-04-18 19:59:21,1,1.0,
PER_000061,Person,USES_DEVICE,DEV_000032,Device,2025-02-16 13:52:16,2025-02-16 13:52:16,1,1.0,
PER_000061,Person,USES_DEVICE,DEV_000038,Device,2025-04-22 15:34:29,2025-04-22 15:34:29,1,1.0,
PER_000061,Person,USES_DEVICE,DEV_000045,Device,2025-01-07 22:21:21,2025-01-07 22:21:21,1,1.0,
PER_000061,Person,USES_DEVICE,DEV_000048,Device,2025-05-27 18:32:10,2025-05-27 18:32:10,1,1.0,
PER_000061,Person,USES_DEVICE,DEV_000050,Device,2025-01-08 22:41:16,2025-01-08 22:41:16,1,1.0,
PER_000061,Person,USES_DEVICE,DEV_000059,Device,2025-08-05 12:08:00,2025-08-05 12:08:00,1,1.0,
PER_000061,Person,USES_DEVICE,DEV_000065,Device,2025-02-10 04:25:57,2025-06-06 05:39:58,2,2.0,
PER_000061,Person,USES_DEVICE,DEV_000076,Device,2025-09-02 17:10:49,2025-09-02 17:10:49,1,1.0,
PER_000061,Person,USES_DEVICE,DEV_000084,Device,2025-09-30 11:46:02,2025-09-30 11:46:02,1,1.0,
PER_000061,Person,USES_DEVICE,DEV_000086,Device,2025-08-01 09:57:06,2025-08-01 09:57:06,1,1.0,
PER_000061,Person,USES_DEVICE,DEV_000090,Device,2025-02-03 14:49:33,2025-10-26 16:47:33,2,2.0,
PER_000061,Person,USES_DEVICE,DEV_000091,Device,2025-12-19 12:52:41,2025-12-19 12:52:41,1,1.0,
PER_000061,Person,USES_DEVICE,DEV_000093,Device,2025-10-30 07:21:02,2025-10-30 07:21:02,1,1.0,
PER_000061,Person,USES_DEVICE,DEV_000099,Device,2025-01-25 12:10:36,2025-01-25 12:10:36,1,1.0,
PER_000061,Person,USES_DEVICE,DEV_000101,Device,2025-12-16 10:42:41,2025-12-16 10:42:41,1,1.0,
PER_000061,Person,USES_DEVICE,DEV_000108,Device,2025-06-12 07:22:21,2025-06-12 07:22:21,1,1.0,
PER_000061,Person,USES_DEVICE,DEV_000114,Device,2025-04-15 10:49:50,2025-04-15 10:49:50,1,1.0,
PER_000061,Person,USES_DEVICE,DEV_000116,Device,2025-10-12 19:21:36,2025-10-12 19:21:36,1,1.0,
PER_000061,Person,USES_DEVICE,DEV_000119,Device,2025-12-25 20:15:37,2025-12-25 20:15:37,1,1.0,
PER_000062,Person,USES_DEVICE,DEV_000001,Device,2025-01-09 17:33:08,2025-01-09 17:33:08,1,1.0,
PER_000062,Person,USES_DEVICE,DEV_000002,Device,2025-11-05 15:45:12,2025-11-05 15:45:12,1,1.0,
PER_000062,Person,USES_DEVICE,DEV_000003,Device,2025-05-28 08:45:23,2025-05-28 08:45:23,1,1.0,
PER_000062,Person,USES_DEVICE,DEV_000004,Device,2025-01-09 19:20:05,2025-11-04 06:26:43,3,3.0,
PER_000062,Person,USES_DEVICE,DEV_000005,Device,2025-10-30 08:02:32,2025-10-31 18:02:43,2,2.0,
PER_000062,Person,USES_DEVICE,DEV_000006,Device,2025-09-17 09:58:26,2025-10-06 03:09:44,3,3.0,
PER_000062,Person,USES_DEVICE,DEV_000007,Device,2025-01-13 07:42:08,2025-01-13 11:48:04,2,2.0,
PER_000062,Person,USES_DEVICE,DEV_000008,Device,2025-01-08 10:25:35,2025-07-29 14:16:55,2,2.0,
PER_000062,Person,USES_DEVICE,DEV_000009,Device,2025-02-02 05:33:20,2025-11-13 05:10:30,4,4.0,
PER_000062,Person,USES_DEVICE,DEV_000010,Device,2025-10-20 13:29:34,2025-11-18 02:38:33,2,2.0,
PER_000062,Person,USES_DEVICE,DEV_000011,Device,2025-02-02 10:17:45,2025-12-28 18:39:31,2,2.0,
PER_000062,Person,USES_DEVICE,DEV_000013,Device,2025-05-24 11:53:31,2025-12-31 15:59:30,2,2.0,
PER_000062,Person,USES_DEVICE,DEV_000014,Device,2025-11-10 18:52:35,2025-11-10 18:52:35,1,1.0,
PER_000062,Person,USES_DEVICE,DEV_000015,Device,2025-07-23 22:50:47,2025-07-23 22:50:47,1,1.0,
PER_000062,Person,USES_DEVICE,DEV_000016,Device,2025-03-14 07:39:43,2025-12-12 17:55:21,3,3.0,
PER_000062,Person,USES_DEVICE,DEV_000017,Device,2025-03-30 05:27:02,2025-03-30 05:27:02,1,1.0,
PER_000062,Person,USES_DEVICE,DEV_000018,Device,2025-03-28 21:11:32,2025-05-04 17:17:11,2,2.0,
PER_000062,Person,USES_DEVICE,DEV_000019,Device,2025-03-09 07:13:05,2025-12-26 17:51:42,3,3.0,
PER_000062,Person,USES_DEVICE,DEV_000021,Device,2025-03-30 18:44:00,2025-03-30 18:44:00,1,1.0,
PER_000062,Person,USES_DEVICE,DEV_000022,Device,2025-10-04 12:49:57,2025-10-04 12:49:57,1,1.0,
PER_000062,Person,USES_DEVICE,DEV_000023,Device,2025-06-21 22:54:22,2025-06-21 22:54:22,1,1.0,
PER_000062,Person,USES_DEVICE,DEV_000025,Device,2025-02-27 20:26:06,2025-12-07 22:44:28,3,3.0,
PER_000062,Person,USES_DEVICE,DEV_000027,Device,2025-03-12 21:51:31,2025-04-29 21:24:27,2,2.0,
PER_000062,Person,USES_DEVICE,DEV_000028,Device,2025-01-19 13:21:42,2025-10-20 19:21:02,4,4.0,
PER_000062,Person,USES_DEVICE,DEV_000030,Device,2025-07-15 10:58:11,2025-07-15 10:58:11,1,1.0,
PER_000062,Person,USES_DEVICE,DEV_000033,Device,2025-01-17 16:05:10,2025-04-02 21:44:56,2,2.0,
PER_000062,Person,USES_DEVICE,DEV_000034,Device,2025-08-19 05:56:33,2025-12-12 16:52:30,4,4.0,
PER_000062,Person,USES_DEVICE,DEV_000035,Device,2025-01-02 13:32:41,2025-02-20 16:35:42,2,2.0,
PER_000062,Person,USES_DEVICE,DEV_000036,Device,2025-07-01 16:40:19,2025-07-01 16:40:19,1,1.0,
PER_000062,Person,USES_DEVICE,DEV_000037,Device,2025-03-22 08:06:59,2025-03-22 08:06:59,1,1.0,
PER_000062,Person,USES_DEVICE,DEV_000038,Device,2025-04-16 09:59:25,2025-04-26 09:08:26,2,2.0,
PER_000062,Person,USES_DEVICE,DEV_000040,Device,2025-02-08 14:13:15,2025-02-08 14:13:15,1,1.0,
PER_000062,Person,USES_DEVICE,DEV_000042,Device,2025-11-06 16:12:06,2025-11-06 16:12:06,1,1.0,
PER_000062,Person,USES_DEVICE,DEV_000043,Device,2025-02-12 10:46:25,2025-12-14 17:34:40,2,2.0,
PER_000062,Person,USES_DEVICE,DEV_000044,Device,2025-02-27 06:44:08,2025-02-27 06:44:08,1,1.0,
PER_000062,Person,USES_DEVICE,DEV_000049,Device,2025-02-15 17:25:17,2025-11-02 10:37:04,3,3.0,
PER_000062,Person,USES_DEVICE,DEV_000050,Device,2025-08-23 09:10:03,2025-12-12 09:48:35,3,3.0,
PER_000062,Person,USES_DEVICE,DEV_000051,Device,2025-04-21 21:02:20,2025-05-06 19:44:29,2,2.0,
PER_000062,Person,USES_DEVICE,DEV_000052,Device,2025-02-05 20:30:27,2025-02-19 07:50:37,2,2.0,
PER_000062,Person,USES_DEVICE,DEV_000053,Device,2025-03-20 07:59:02,2025-07-08 14:02:04,2,2.0,
PER_000062,Person,USES_DEVICE,DEV_000054,Device,2025-03-31 04:14:18,2025-10-28 12:27:18,3,3.0,
PER_000062,Person,USES_DEVICE,DEV_000055,Device,2025-07-13 11:10:30,2025-07-13 11:10:30,1,1.0,
PER_000062,Person,USES_DEVICE,DEV_000056,Device,2025-07-19 11:28:59,2025-07-19 11:28:59,1,1.0,
PER_000062,Person,USES_DEVICE,DEV_000057,Device,2025-02-16 04:10:56,2025-03-27 21:12:23,2,2.0,
PER_000062,Person,USES_DEVICE,DEV_000058,Device,2025-01-19 17:56:20,2025-10-23 03:47:58,5,5.0,
PER_000062,Person,USES_DEVICE,DEV_000059,Device,2025-06-18 10:28:05,2025-06-18 10:28:05,1,1.0,
PER_000062,Person,USES_DEVICE,DEV_000060,Device,2025-01-28 16:44:33,2025-01-28 16:44:33,1,1.0,
PER_000062,Person,USES_DEVICE,DEV_000061,Device,2025-08-20 13:31:32,2025-09-22 14:37:37,2,2.0,
PER_000062,Person,USES_DEVICE,DEV_000063,Device,2025-12-12 03:48:57,2025-12-12 03:48:57,1,1.0,
PER_000062,Person,USES_DEVICE,DEV_000064,Device,2025-08-30 04:48:15,2025-10-13 09:46:02,2,2.0,
PER_000062,Person,USES_DEVICE,DEV_000065,Device,2025-02-18 11:27:06,2025-05-25 09:33:58,2,2.0,
PER_000062,Person,USES_DEVICE,DEV_000069,Device,2025-02-18 17:18:04,2025-02-18 17:18:04,1,1.0,
PER_000062,Person,USES_DEVICE,DEV_000070,Device,2025-01-20 04:21:12,2025-01-20 04:21:12,1,1.0,
PER_000062,Person,USES_DEVICE,DEV_000071,Device,2025-01-31 11:42:44,2025-12-17 07:24:58,3,3.0,
PER_000062,Person,USES_DEVICE,DEV_000073,Device,2025-09-20 18:40:37,2025-11-21 10:38:10,2,2.0,
PER_000062,Person,USES_DEVICE,DEV_000076,Device,2025-04-19 21:50:57,2025-11-07 20:29:58,3,3.0,
PER_000062,Person,USES_DEVICE,DEV_000077,Device,2025-06-10 08:26:54,2025-08-28 03:22:05,3,3.0,
PER_000062,Person,USES_DEVICE,DEV_000078,Device,2025-09-02 22:16:28,2025-12-11 17:37:14,2,2.0,
PER_000062,Person,USES_DEVICE,DEV_000079,Device,2025-06-09 06:25:08,2025-06-09 06:25:08,1,1.0,
PER_000062,Person,USES_DEVICE,DEV_000080,Device,2025-08-29 22:28:09,2025-08-29 22:28:09,1,1.0,
PER_000062,Person,USES_DEVICE,DEV_000081,Device,2025-03-05 14:31:43,2025-08-18 06:49:49,3,3.0,
PER_000062,Person,USES_DEVICE,DEV_000082,Device,2025-02-04 14:54:47,2025-07-24 05:35:34,2,2.0,
PER_000062,Person,USES_DEVICE,DEV_000085,Device,2025-05-04 17:29:06,2025-07-11 15:03:34,3,3.0,
PER_000062,Person,USES_DEVICE,DEV_000086,Device,2025-03-11 11:52:28,2025-03-11 11:52:28,1,1.0,
PER_000062,Person,USES_DEVICE,DEV_000087,Device,2025-01-16 16:39:08,2025-01-16 16:39:08,1,1.0,
PER_000062,Person,USES_DEVICE,DEV_000089,Device,2025-10-12 19:26:36,2025-10-12 19:26:36,1,1.0,
PER_000062,Person,USES_DEVICE,DEV_000090,Device,2025-01-25 11:54:35,2025-10-28 18:03:58,3,3.0,
PER_000062,Person,USES_DEVICE,DEV_000092,Device,2025-09-19 16:53:05,2025-09-19 16:53:05,1,1.0,
PER_000062,Person,USES_DEVICE,DEV_000093,Device,2025-02-21 14:00:29,2025-07-09 05:16:42,3,3.0,
PER_000062,Person,USES_DEVICE,DEV_000094,Device,2025-07-12 10:04:08,2025-08-01 09:10:57,2,2.0,
PER_000062,Person,USES_DEVICE,DEV_000095,Device,2025-02-20 09:13:04,2025-07-31 14:54:51,2,2.0,
PER_000062,Person,USES_DEVICE,DEV_000096,Device,2025-02-21 20:27:58,2025-02-21 20:27:58,1,1.0,
PER_000062,Person,USES_DEVICE,DEV_000098,Device,2025-02-22 17:25:58,2025-12-10 19:15:26,3,3.0,
PER_000062,Person,USES_DEVICE,DEV_000099,Device,2025-07-09 17:41:50,2025-07-09 17:41:50,1,1.0,
PER_000062,Person,USES_DEVICE,DEV_000100,Device,2025-07-18 02:34:36,2025-07-18 02:34:36,1,1.0,
PER_000062,Person,USES_DEVICE,DEV_000101,Device,2025-09-15 05:18:48,2025-12-20 19:44:53,3,3.0,
PER_000062,Person,USES_DEVICE,DEV_000103,Device,2025-04-11 14:42:47,2025-06-03 15:03:08,2,2.0,
PER_000062,Person,USES_DEVICE,DEV_000104,Device,2025-03-03 20:36:06,2025-03-24 14:11:37,2,2.0,
PER_000062,Person,USES_DEVICE,DEV_000105,Device,2025-03-14 14:01:23,2025-04-09 13:16:02,2,2.0,
PER_000062,Person,USES_DEVICE,DEV_000106,Device,2025-05-31 13:44:54,2025-05-31 13:44:54,1,1.0,
PER_000062,Person,USES_DEVICE,DEV_000107,Device,2025-02-24 10:28:51,2025-08-22 15:32:50,3,3.0,
PER_000062,Person,USES_DEVICE,DEV_000108,Device,2025-03-16 21:28:32,2025-09-10 11:22:23,2,2.0,
PER_000062,Person,USES_DEVICE,DEV_000110,Device,2025-06-04 17:58:57,2025-07-15 19:41:41,2,2.0,
PER_000062,Person,USES_DEVICE,DEV_000111,Device,2025-08-29 23:14:14,2025-11-24 11:44:02,3,3.0,
PER_000062,Person,USES_DEVICE,DEV_000112,Device,2025-07-07 14:01:16,2025-07-07 14:01:16,1,1.0,
PER_000062,Person,USES_DEVICE,DEV_000113,Device,2025-10-21 17:32:47,2025-10-21 17:32:47,1,1.0,
PER_000062,Person,USES_DEVICE,DEV_000114,Device,2025-10-01 16:29:32,2025-10-01 16:29:32,1,1.0,
PER_000062,Person,USES_DEVICE,DEV_000115,Device,2025-03-10 14:05:45,2025-03-10 14:05:45,1,1.0,
PER_000062,Person,USES_DEVICE,DEV_000116,Device,2025-02-04 14:24:32,2025-11-09 13:36:32,2,2.0,
PER_000062,Person,USES_DEVICE,DEV_000117,Device,2025-02-25 10:08:32,2025-03-28 09:40:01,2,2.0,
PER_000062,Person,USES_DEVICE,DEV_000118,Device,2025-01-05 17:55:26,2025-05-04 22:57:41,4,4.0,
PER_000062,Person,USES_DEVICE,DEV_000119,Device,2025-09-06 10:58:35,2025-11-11 14:56:37,3,3.0,
PER_000062,Person,USES_DEVICE,DEV_000120,Device,2025-02-19 07:07:53,2025-07-30 07:19:28,3,3.0,
PER_000063,Person,USES_DEVICE,DEV_000002,Device,2025-07-12 22:08:10,2025-07-12 22:08:10,1,1.0,
PER_000063,Person,USES_DEVICE,DEV_000003,Device,2025-07-10 18:54:25,2025-07-12 21:51:22,2,2.0,
PER_000063,Person,USES_DEVICE,DEV_000004,Device,2025-07-10 08:48:00,2025-07-12 20:49:36,4,4.0,
PER_000063,Person,USES_DEVICE,DEV_000005,Device,2025-07-11 07:26:32,2025-07-12 07:16:12,6,6.0,
PER_000063,Person,USES_DEVICE,DEV_000006,Device,2025-07-10 13:34:26,2025-07-10 13:34:26,1,1.0,
PER_000063,Person,USES_DEVICE,DEV_000008,Device,2025-07-10 05:04:46,2025-07-12 14:46:18,2,2.0,
PER_000063,Person,USES_DEVICE,DEV_000010,Device,2025-07-11 08:47:56,2025-07-11 08:47:56,1,1.0,
PER_000063,Person,USES_DEVICE,DEV_000011,Device,2025-07-10 21:49:27,2025-07-11 04:52:36,2,2.0,
PER_000063,Person,USES_DEVICE,DEV_000012,Device,2025-07-11 07:07:51,2025-07-12 13:53:32,3,3.0,
PER_000063,Person,USES_DEVICE,DEV_000013,Device,2025-07-10 19:21:44,2025-07-10 19:21:44,1,1.0,
PER_000063,Person,USES_DEVICE,DEV_000014,Device,2025-07-10 06:48:47,2025-07-10 06:48:47,1,1.0,
PER_000063,Person,USES_DEVICE,DEV_000015,Device,2025-07-10 22:33:53,2025-07-10 22:33:53,1,1.0,
PER_000063,Person,USES_DEVICE,DEV_000016,Device,2025-07-10 00:26:26,2025-07-11 09:40:43,2,2.0,
PER_000063,Person,USES_DEVICE,DEV_000017,Device,2025-07-10 09:19:30,2025-07-10 09:19:30,1,1.0,
PER_000063,Person,USES_DEVICE,DEV_000018,Device,2025-07-11 04:34:51,2025-07-11 04:34:51,1,1.0,
PER_000063,Person,USES_DEVICE,DEV_000019,Device,2025-07-11 14:39:52,2025-07-11 14:39:52,1,1.0,
PER_000063,Person,USES_DEVICE,DEV_000020,Device,2025-07-12 18:46:44,2025-07-12 18:46:44,1,1.0,
PER_000063,Person,USES_DEVICE,DEV_000021,Device,2025-07-10 02:21:10,2025-07-10 13:07:13,2,2.0,
PER_000063,Person,USES_DEVICE,DEV_000023,Device,2025-07-10 19:29:49,2025-07-12 19:18:24,2,2.0,
PER_000063,Person,USES_DEVICE,DEV_000024,Device,2025-07-12 01:05:29,2025-07-12 12:10:53,2,2.0,
PER_000063,Person,USES_DEVICE,DEV_000026,Device,2025-07-10 18:39:41,2025-07-12 18:32:44,2,2.0,
PER_000063,Person,USES_DEVICE,DEV_000027,Device,2025-07-10 09:06:14,2025-07-10 22:56:50,2,2.0,
PER_000063,Person,USES_DEVICE,DEV_000028,Device,2025-07-10 21:06:27,2025-07-11 06:05:36,2,2.0,
PER_000063,Person,USES_DEVICE,DEV_000029,Device,2025-07-10 08:58:42,2025-07-10 08:58:42,1,1.0,
PER_000063,Person,USES_DEVICE,DEV_000030,Device,2025-07-12 04:05:22,2025-07-12 04:05:22,1,1.0,
PER_000063,Person,USES_DEVICE,DEV_000031,Device,2025-07-10 00:40:28,2025-07-12 01:04:23,4,4.0,
PER_000063,Person,USES_DEVICE,DEV_000033,Device,2025-07-11 09:12:35,2025-07-11 09:12:35,1,1.0,
PER_000063,Person,USES_DEVICE,DEV_000034,Device,2025-07-10 12:34:47,2025-07-12 04:39:35,3,3.0,
PER_000063,Person,USES_DEVICE,DEV_000035,Device,2025-07-11 15:12:00,2025-07-11 21:16:10,2,2.0,
PER_000063,Person,USES_DEVICE,DEV_000036,Device,2025-07-12 12:55:33,2025-07-12 12:55:33,1,1.0,
PER_000063,Person,USES_DEVICE,DEV_000037,Device,2025-07-12 10:11:53,2025-07-12 10:11:53,1,1.0,
PER_000063,Person,USES_DEVICE,DEV_000041,Device,2025-07-12 18:46:55,2025-07-12 18:46:55,1,1.0,
PER_000063,Person,USES_DEVICE,DEV_000042,Device,2025-07-11 06:01:17,2025-07-12 09:29:45,4,4.0,
PER_000063,Person,USES_DEVICE,DEV_000043,Device,2025-07-11 04:57:33,2025-07-11 04:57:33,1,1.0,
PER_000063,Person,USES_DEVICE,DEV_000044,Device,2025-07-11 07:45:38,2025-07-11 07:45:38,1,1.0,
PER_000063,Person,USES_DEVICE,DEV_000045,Device,2025-07-12 21:13:01,2025-07-12 21:13:01,1,1.0,
PER_000063,Person,USES_DEVICE,DEV_000046,Device,2025-07-10 21:03:59,2025-07-11 22:55:57,2,2.0,
PER_000063,Person,USES_DEVICE,DEV_000047,Device,2025-07-11 09:13:06,2025-07-11 12:48:30,2,2.0,
PER_000063,Person,USES_DEVICE,DEV_000049,Device,2025-07-10 17:12:09,2025-07-10 17:12:09,1,1.0,
PER_000063,Person,USES_DEVICE,DEV_000050,Device,2025-07-10 11:44:14,2025-07-10 11:44:14,1,1.0,
PER_000063,Person,USES_DEVICE,DEV_000053,Device,2025-07-12 18:29:13,2025-07-12 18:29:13,1,1.0,
PER_000063,Person,USES_DEVICE,DEV_000055,Device,2025-07-12 15:06:59,2025-07-12 15:06:59,1,1.0,
PER_000063,Person,USES_DEVICE,DEV_000056,Device,2025-07-10 15:17:10,2025-07-11 09:19:10,2,2.0,
PER_000063,Person,USES_DEVICE,DEV_000057,Device,2025-07-10 03:35:01,2025-07-12 08:32:11,4,4.0,
PER_000063,Person,USES_DEVICE,DEV_000058,Device,2025-07-12 00:18:22,2025-07-12 00:18:22,1,1.0,
PER_000063,Person,USES_DEVICE,DEV_000061,Device,2025-07-11 20:05:17,2025-07-11 20:05:17,1,1.0,
PER_000063,Person,USES_DEVICE,DEV_000062,Device,2025-07-11 10:30:21,2025-07-11 10:30:21,1,1.0,
PER_000063,Person,USES_DEVICE,DEV_000066,Device,2025-07-10 23:09:48,2025-07-11 08:59:27,2,2.0,
PER_000063,Person,USES_DEVICE,DEV_000068,Device,2025-07-12 07:43:20,2025-07-12 07:43:20,1,1.0,
PER_000063,Person,USES_DEVICE,DEV_000069,Device,2025-07-10 08:00:19,2025-07-12 18:03:24,4,4.0,
PER_000063,Person,USES_DEVICE,DEV_000070,Device,2025-07-11 19:32:00,2025-07-11 21:14:33,2,2.0,
PER_000063,Person,USES_DEVICE,DEV_000072,Device,2025-07-11 12:53:42,2025-07-12 15:45:02,2,2.0,
PER_000063,Person,USES_DEVICE,DEV_000075,Device,2025-07-10 15:21:14,2025-07-10 15:21:14,1,1.0,
PER_000063,Person,USES_DEVICE,DEV_000077,Device,2025-07-12 08:10:18,2025-07-12 17:25:23,2,2.0,
PER_000063,Person,USES_DEVICE,DEV_000078,Device,2025-07-10 05:05:16,2025-07-10 05:05:16,1,1.0,
PER_000063,Person,USES_DEVICE,DEV_000080,Device,2025-07-12 02:56:45,2025-07-12 07:33:49,2,2.0,
PER_000063,Person,USES_DEVICE,DEV_000083,Device,2025-07-10 07:55:29,2025-07-10 07:55:29,1,1.0,
PER_000063,Person,USES_DEVICE,DEV_000085,Device,2025-07-11 04:48:27,2025-07-11 14:56:19,2,2.0,
PER_000063,Person,USES_DEVICE,DEV_000087,Device,2025-07-11 20:26:41,2025-07-11 20:26:41,1,1.0,
PER_000063,Person,USES_DEVICE,DEV_000088,Device,2025-07-10 14:22:56,2025-07-11 13:16:58,3,3.0,
PER_000063,Person,USES_DEVICE,DEV_000090,Device,2025-07-12 00:42:46,2025-07-12 00:42:46,1,1.0,
PER_000063,Person,USES_DEVICE,DEV_000092,Device,2025-07-10 20:18:32,2025-07-10 21:40:55,2,2.0,
PER_000063,Person,USES_DEVICE,DEV_000095,Device,2025-07-11 09:41:32,2025-07-11 09:41:32,1,1.0,
PER_000063,Person,USES_DEVICE,DEV_000097,Device,2025-07-12 06:05:24,2025-07-12 06:05:24,1,1.0,
PER_000063,Person,USES_DEVICE,DEV_000098,Device,2025-07-10 17:52:07,2025-07-12 09:17:26,3,3.0,
PER_000063,Person,USES_DEVICE,DEV_000099,Device,2025-07-10 20:18:29,2025-07-12 18:40:09,2,2.0,
PER_000063,Person,USES_DEVICE,DEV_000100,Device,2025-07-10 19:07:48,2025-07-10 19:07:48,1,1.0,
PER_000063,Person,USES_DEVICE,DEV_000101,Device,2025-07-10 20:21:25,2025-07-12 09:21:32,4,4.0,
PER_000063,Person,USES_DEVICE,DEV_000102,Device,2025-07-11 10:57:55,2025-07-11 10:57:55,1,1.0,
PER_000063,Person,USES_DEVICE,DEV_000105,Device,2025-07-10 04:26:26,2025-07-12 23:35:35,4,4.0,
PER_000063,Person,USES_DEVICE,DEV_000108,Device,2025-07-10 19:57:39,2025-07-10 19:57:39,1,1.0,
PER_000063,Person,USES_DEVICE,DEV_000109,Device,2025-07-12 07:45:43,2025-07-12 07:45:43,1,1.0,
PER_000063,Person,USES_DEVICE,DEV_000110,Device,2025-07-12 11:43:46,2025-07-12 11:43:46,1,1.0,
PER_000063,Person,USES_DEVICE,DEV_000112,Device,2025-07-10 04:51:45,2025-07-11 22:41:33,2,2.0,
PER_000063,Person,USES_DEVICE,DEV_000113,Device,2025-07-10 09:43:32,2025-07-12 21:36:26,2,2.0,
PER_000063,Person,USES_DEVICE,DEV_000114,Device,2025-07-12 03:44:05,2025-07-12 11:25:20,2,2.0,
PER_000063,Person,USES_DEVICE,DEV_000115,Device,2025-07-11 19:57:47,2025-07-11 19:57:47,1,1.0,
PER_000063,Person,USES_DEVICE,DEV_000116,Device,2025-07-10 20:21:08,2025-07-10 20:21:08,1,1.0,
PER_000063,Person,USES_DEVICE,DEV_000118,Device,2025-07-11 13:25:28,2025-07-12 19:22:17,3,3.0,
PER_000063,Person,USES_DEVICE,DEV_000119,Device,2025-07-12 05:39:44,2025-07-12 05:39:44,1,1.0,
PER_000063,Person,USES_DEVICE,DEV_000120,Device,2025-07-12 07:39:51,2025-07-12 07:39:51,1,1.0,
PER_000064,Person,USES_DEVICE,DEV_000009,Device,2025-09-08 18:55:47,2025-09-08 18:55:47,1,1.0,
PER_000064,Person,USES_DEVICE,DEV_000010,Device,2025-12-10 19:31:55,2025-12-10 19:31:55,1,1.0,
PER_000064,Person,USES_DEVICE,DEV_000023,Device,2025-04-18 19:41:49,2025-04-18 19:41:49,1,1.0,
PER_000064,Person,USES_DEVICE,DEV_000025,Device,2025-06-27 08:33:28,2025-06-27 08:33:28,1,1.0,
PER_000064,Person,USES_DEVICE,DEV_000038,Device,2025-01-09 19:30:01,2025-01-09 19:30:01,1,1.0,
PER_000064,Person,USES_DEVICE,DEV_000059,Device,2025-08-31 17:09:50,2025-08-31 17:09:50,1,1.0,
PER_000064,Person,USES_DEVICE,DEV_000077,Device,2025-02-01 12:33:50,2025-02-01 12:33:50,1,1.0,
PER_000064,Person,USES_DEVICE,DEV_000082,Device,2025-11-03 19:13:10,2025-11-03 19:13:10,1,1.0,
PER_000064,Person,USES_DEVICE,DEV_000085,Device,2025-11-26 22:17:18,2025-11-26 22:17:18,1,1.0,
PER_000064,Person,USES_DEVICE,DEV_000086,Device,2025-12-30 09:41:27,2025-12-30 09:41:27,1,1.0,
PER_000064,Person,USES_DEVICE,DEV_000089,Device,2025-11-16 18:38:40,2025-11-16 18:38:40,1,1.0,
PER_000064,Person,USES_DEVICE,DEV_000101,Device,2025-10-23 14:29:17,2025-10-23 14:29:17,1,1.0,
PER_000064,Person,USES_DEVICE,DEV_000102,Device,2025-06-16 18:59:21,2025-06-16 18:59:21,1,1.0,
PER_000064,Person,USES_DEVICE,DEV_000103,Device,2025-11-09 08:04:29,2025-11-09 08:04:29,1,1.0,
PER_000064,Person,USES_DEVICE,DEV_000112,Device,2025-12-28 07:08:57,2025-12-28 07:08:57,1,1.0,
PER_000064,Person,USES_DEVICE,DEV_000115,Device,2025-02-20 07:20:48,2025-02-20 07:20:48,1,1.0,
PER_000064,Person,USES_DEVICE,DEV_000117,Device,2025-06-01 22:01:35,2025-06-01 22:01:35,1,1.0,
PER_000064,Person,USES_DEVICE,DEV_000119,Device,2025-05-14 16:26:06,2025-05-14 16:26:06,1,1.0,
PER_000064,Person,USES_DEVICE,DEV_000120,Device,2025-07-02 12:58:10,2025-07-02 12:58:10,1,1.0,
PER_000065,Person,USES_DEVICE,DEV_000009,Device,2025-01-20 13:53:00,2025-01-20 13:53:00,1,1.0,
PER_000065,Person,USES_DEVICE,DEV_000010,Device,2025-07-18 05:51:27,2025-12-08 10:30:00,2,2.0,
PER_000065,Person,USES_DEVICE,DEV_000012,Device,2025-12-30 11:14:27,2025-12-30 11:14:27,1,1.0,
PER_000065,Person,USES_DEVICE,DEV_000027,Device,2025-10-27 20:36:13,2025-10-27 20:36:13,1,1.0,
PER_000065,Person,USES_DEVICE,DEV_000038,Device,2025-07-15 21:34:44,2025-07-15 21:34:44,1,1.0,
PER_000065,Person,USES_DEVICE,DEV_000047,Device,2025-10-19 15:14:13,2025-10-19 15:14:13,1,1.0,
PER_000065,Person,USES_DEVICE,DEV_000060,Device,2025-08-25 22:45:27,2025-08-25 22:45:27,1,1.0,
PER_000065,Person,USES_DEVICE,DEV_000061,Device,2025-03-18 14:38:06,2025-03-18 14:38:06,1,1.0,
PER_000065,Person,USES_DEVICE,DEV_000074,Device,2025-07-11 15:05:22,2025-07-11 15:05:22,1,1.0,
PER_000065,Person,USES_DEVICE,DEV_000078,Device,2025-11-15 09:58:19,2025-11-15 09:58:19,1,1.0,
PER_000065,Person,USES_DEVICE,DEV_000082,Device,2025-11-02 08:29:12,2025-11-02 08:29:12,1,1.0,
PER_000065,Person,USES_DEVICE,DEV_000096,Device,2025-05-14 09:17:56,2025-05-14 09:17:56,1,1.0,
PER_000065,Person,USES_DEVICE,DEV_000103,Device,2025-07-24 08:01:47,2025-07-24 08:01:47,1,1.0,
PER_000065,Person,USES_DEVICE,DEV_000107,Device,2025-01-05 15:00:33,2025-01-05 15:00:33,1,1.0,
PER_000065,Person,USES_DEVICE,DEV_000112,Device,2025-09-25 18:23:24,2025-09-25 18:23:24,1,1.0,
PER_000065,Person,USES_DEVICE,DEV_000115,Device,2025-07-23 19:20:35,2025-07-23 19:20:35,1,1.0,
PER_000066,Person,USES_DEVICE,DEV_000003,Device,2025-03-20 17:11:57,2025-03-20 17:11:57,1,1.0,
PER_000066,Person,USES_DEVICE,DEV_000004,Device,2025-12-05 07:06:21,2025-12-05 07:06:21,1,1.0,
PER_000066,Person,USES_DEVICE,DEV_000019,Device,2025-10-13 19:34:06,2025-10-13 19:34:06,1,1.0,
PER_000066,Person,USES_DEVICE,DEV_000023,Device,2025-04-04 01:17:10,2025-10-23 15:43:10,2,2.0,
PER_000066,Person,USES_DEVICE,DEV_000030,Device,2025-07-25 17:38:55,2025-07-25 17:38:55,1,1.0,
PER_000066,Person,USES_DEVICE,DEV_000031,Device,2025-01-24 05:18:41,2025-01-24 05:18:41,1,1.0,
PER_000066,Person,USES_DEVICE,DEV_000049,Device,2025-10-25 15:45:22,2025-10-25 15:45:22,1,1.0,
PER_000066,Person,USES_DEVICE,DEV_000050,Device,2025-03-28 20:32:52,2025-03-28 20:32:52,1,1.0,
PER_000066,Person,USES_DEVICE,DEV_000051,Device,2025-02-13 06:18:03,2025-02-13 06:18:03,1,1.0,
PER_000066,Person,USES_DEVICE,DEV_000069,Device,2025-12-10 13:21:27,2025-12-10 13:21:27,1,1.0,
PER_000066,Person,USES_DEVICE,DEV_000073,Device,2025-03-17 07:07:22,2025-03-17 07:07:22,1,1.0,
PER_000066,Person,USES_DEVICE,DEV_000078,Device,2025-03-15 04:29:17,2025-08-13 08:21:14,2,2.0,
PER_000066,Person,USES_DEVICE,DEV_000079,Device,2025-05-24 12:29:39,2025-06-02 11:39:48,2,2.0,
PER_000066,Person,USES_DEVICE,DEV_000082,Device,2025-02-07 10:52:33,2025-02-07 10:52:33,1,1.0,
PER_000066,Person,USES_DEVICE,DEV_000090,Device,2025-01-08 14:09:43,2025-01-08 14:09:43,1,1.0,
PER_000066,Person,USES_DEVICE,DEV_000103,Device,2025-12-15 05:35:37,2025-12-15 05:35:37,1,1.0,
PER_000066,Person,USES_DEVICE,DEV_000107,Device,2025-01-06 16:20:10,2025-01-06 16:20:10,1,1.0,
PER_000066,Person,USES_DEVICE,DEV_000119,Device,2025-05-31 07:20:29,2025-05-31 07:20:29,1,1.0,
PER_000067,Person,USES_DEVICE,DEV_000013,Device,2025-02-11 07:06:33,2025-02-11 07:06:33,1,1.0,
PER_000067,Person,USES_DEVICE,DEV_000019,Device,2025-09-05 08:07:17,2025-09-05 08:07:17,1,1.0,
PER_000067,Person,USES_DEVICE,DEV_000025,Device,2025-04-10 20:13:29,2025-04-10 20:13:29,1,1.0,
PER_000067,Person,USES_DEVICE,DEV_000034,Device,2025-07-17 19:04:50,2025-07-17 19:04:50,1,1.0,
PER_000067,Person,USES_DEVICE,DEV_000037,Device,2025-08-15 13:39:40,2025-08-15 13:39:40,1,1.0,
PER_000067,Person,USES_DEVICE,DEV_000039,Device,2025-04-29 07:36:58,2025-04-29 07:36:58,1,1.0,
PER_000067,Person,USES_DEVICE,DEV_000054,Device,2025-09-03 16:16:49,2025-09-03 16:16:49,1,1.0,
PER_000067,Person,USES_DEVICE,DEV_000073,Device,2025-12-29 03:33:00,2025-12-29 03:33:00,1,1.0,
PER_000067,Person,USES_DEVICE,DEV_000077,Device,2025-07-30 05:15:11,2025-07-30 05:15:11,1,1.0,
PER_000067,Person,USES_DEVICE,DEV_000081,Device,2025-02-06 04:51:40,2025-02-06 04:51:40,1,1.0,
PER_000067,Person,USES_DEVICE,DEV_000087,Device,2025-08-24 09:26:45,2025-08-24 09:26:45,1,1.0,
PER_000067,Person,USES_DEVICE,DEV_000090,Device,2025-11-15 14:02:41,2025-11-15 14:02:41,1,1.0,
PER_000067,Person,USES_DEVICE,DEV_000109,Device,2025-01-24 07:53:17,2025-01-24 07:53:17,1,1.0,
PER_000067,Person,USES_DEVICE,DEV_000113,Device,2025-11-03 17:36:40,2025-11-03 17:36:40,1,1.0,
PER_000067,Person,USES_DEVICE,DEV_000115,Device,2025-03-31 14:24:27,2025-03-31 14:24:27,1,1.0,
PER_000068,Person,USES_DEVICE,DEV_000003,Device,2025-10-14 15:07:37,2025-10-14 15:07:37,1,1.0,
PER_000068,Person,USES_DEVICE,DEV_000005,Device,2025-05-08 18:12:59,2025-05-08 18:12:59,1,1.0,
PER_000068,Person,USES_DEVICE,DEV_000008,Device,2025-03-26 18:36:54,2025-03-26 18:36:54,1,1.0,
PER_000068,Person,USES_DEVICE,DEV_000009,Device,2025-04-13 19:08:00,2025-04-13 19:08:00,1,1.0,
PER_000068,Person,USES_DEVICE,DEV_000011,Device,2025-02-12 13:18:29,2025-02-12 13:18:29,1,1.0,
PER_000068,Person,USES_DEVICE,DEV_000019,Device,2025-02-03 13:43:17,2025-02-03 13:43:17,1,1.0,
PER_000068,Person,USES_DEVICE,DEV_000023,Device,2025-03-11 16:21:32,2025-03-11 16:21:32,1,1.0,
PER_000068,Person,USES_DEVICE,DEV_000027,Device,2025-07-10 09:15:41,2025-07-10 09:15:41,1,1.0,
PER_000068,Person,USES_DEVICE,DEV_000037,Device,2025-04-15 12:26:07,2025-04-15 12:26:07,1,1.0,
PER_000068,Person,USES_DEVICE,DEV_000043,Device,2025-09-12 14:01:18,2025-09-12 14:01:18,1,1.0,
PER_000068,Person,USES_DEVICE,DEV_000048,Device,2025-05-26 21:37:04,2025-05-26 21:37:04,1,1.0,
PER_000068,Person,USES_DEVICE,DEV_000055,Device,2025-03-12 18:09:22,2025-03-12 18:09:22,1,1.0,
PER_000068,Person,USES_DEVICE,DEV_000056,Device,2025-04-06 10:05:06,2025-04-06 10:05:06,1,1.0,
PER_000068,Person,USES_DEVICE,DEV_000063,Device,2025-07-06 07:40:10,2025-07-06 07:40:10,1,1.0,
PER_000068,Person,USES_DEVICE,DEV_000067,Device,2025-09-13 16:18:24,2025-09-13 16:18:24,1,1.0,
PER_000068,Person,USES_DEVICE,DEV_000078,Device,2025-04-20 11:59:43,2025-04-20 11:59:43,1,1.0,
PER_000068,Person,USES_DEVICE,DEV_000082,Device,2025-03-12 19:38:39,2025-03-12 19:38:39,1,1.0,
PER_000068,Person,USES_DEVICE,DEV_000084,Device,2025-04-02 14:19:30,2025-04-02 14:19:30,1,1.0,
PER_000068,Person,USES_DEVICE,DEV_000087,Device,2025-01-03 16:41:28,2025-01-03 16:41:28,1,1.0,
PER_000068,Person,USES_DEVICE,DEV_000088,Device,2025-09-29 09:13:02,2025-09-29 09:13:02,1,1.0,
PER_000068,Person,USES_DEVICE,DEV_000097,Device,2025-06-18 19:43:59,2025-11-28 08:33:22,4,4.0,
PER_000068,Person,USES_DEVICE,DEV_000104,Device,2025-04-18 08:54:21,2025-04-18 08:54:21,1,1.0,
PER_000068,Person,USES_DEVICE,DEV_000117,Device,2025-09-30 09:19:54,2025-09-30 09:19:54,1,1.0,
PER_000068,Person,USES_DEVICE,DEV_000120,Device,2025-04-20 06:35:44,2025-06-28 07:25:10,2,2.0,
PER_000069,Person,USES_DEVICE,DEV_000006,Device,2025-09-02 15:24:49,2025-09-02 15:24:49,1,1.0,
PER_000069,Person,USES_DEVICE,DEV_000013,Device,2025-01-09 10:22:09,2025-01-09 10:22:09,1,1.0,
PER_000069,Person,USES_DEVICE,DEV_000021,Device,2025-01-07 18:09:25,2025-01-07 18:09:25,1,1.0,
PER_000069,Person,USES_DEVICE,DEV_000030,Device,2025-06-02 04:04:24,2025-06-02 04:04:24,1,1.0,
PER_000069,Person,USES_DEVICE,DEV_000032,Device,2025-02-21 18:54:41,2025-02-21 18:54:41,1,1.0,
PER_000069,Person,USES_DEVICE,DEV_000034,Device,2025-07-07 19:58:41,2025-07-07 19:58:41,1,1.0,
PER_000069,Person,USES_DEVICE,DEV_000046,Device,2025-05-07 06:09:35,2025-05-07 06:09:35,1,1.0,
PER_000069,Person,USES_DEVICE,DEV_000048,Device,2025-03-03 06:49:22,2025-03-03 06:49:22,1,1.0,
PER_000069,Person,USES_DEVICE,DEV_000053,Device,2025-01-23 12:18:21,2025-01-23 12:18:21,1,1.0,
PER_000069,Person,USES_DEVICE,DEV_000054,Device,2025-09-27 17:41:27,2025-09-27 17:41:27,1,1.0,
PER_000069,Person,USES_DEVICE,DEV_000056,Device,2025-12-11 10:45:40,2025-12-11 10:45:40,1,1.0,
PER_000069,Person,USES_DEVICE,DEV_000057,Device,2025-12-30 10:10:13,2025-12-30 10:10:13,1,1.0,
PER_000069,Person,USES_DEVICE,DEV_000066,Device,2025-02-13 07:13:24,2025-02-13 07:13:24,1,1.0,
PER_000069,Person,USES_DEVICE,DEV_000072,Device,2025-09-11 08:33:08,2025-09-11 08:33:08,1,1.0,
PER_000069,Person,USES_DEVICE,DEV_000081,Device,2025-09-15 16:35:04,2025-09-15 16:35:04,1,1.0,
PER_000069,Person,USES_DEVICE,DEV_000097,Device,2025-12-28 18:31:27,2025-12-28 18:31:27,1,1.0,
PER_000069,Person,USES_DEVICE,DEV_000099,Device,2025-08-06 12:36:46,2025-08-06 12:36:46,1,1.0,
PER_000069,Person,USES_DEVICE,DEV_000114,Device,2025-06-02 21:24:20,2025-06-02 21:24:20,1,1.0,
PER_000070,Person,USES_DEVICE,DEV_000010,Device,2025-04-09 20:30:30,2025-04-09 20:30:30,1,1.0,
PER_000070,Person,USES_DEVICE,DEV_000012,Device,2025-06-15 11:54:36,2025-06-15 11:54:36,1,1.0,
PER_000070,Person,USES_DEVICE,DEV_000014,Device,2025-10-09 18:56:41,2025-10-09 18:56:41,1,1.0,
PER_000070,Person,USES_DEVICE,DEV_000016,Device,2025-11-10 08:43:28,2025-11-10 08:43:28,1,1.0,
PER_000070,Person,USES_DEVICE,DEV_000020,Device,2025-05-28 20:31:33,2025-05-28 20:31:33,1,1.0,
PER_000070,Person,USES_DEVICE,DEV_000023,Device,2025-08-17 10:19:24,2025-10-08 22:28:08,2,2.0,
PER_000070,Person,USES_DEVICE,DEV_000025,Device,2025-01-20 14:47:27,2025-01-20 14:47:27,1,1.0,
PER_000070,Person,USES_DEVICE,DEV_000032,Device,2025-12-10 21:00:41,2025-12-10 21:00:41,1,1.0,
PER_000070,Person,USES_DEVICE,DEV_000033,Device,2025-03-28 19:42:02,2025-03-28 19:42:02,1,1.0,
PER_000070,Person,USES_DEVICE,DEV_000040,Device,2025-11-18 19:31:04,2025-11-18 19:31:04,1,1.0,
PER_000070,Person,USES_DEVICE,DEV_000043,Device,2025-01-02 11:55:37,2025-01-02 11:55:37,1,1.0,
PER_000070,Person,USES_DEVICE,DEV_000048,Device,2025-11-27 15:43:01,2025-12-26 10:55:21,2,2.0,
PER_000070,Person,USES_DEVICE,DEV_000062,Device,2025-10-23 06:41:46,2025-10-23 06:41:46,1,1.0,
PER_000070,Person,USES_DEVICE,DEV_000064,Device,2025-07-04 15:02:00,2025-07-04 15:02:00,1,1.0,
PER_000070,Person,USES_DEVICE,DEV_000065,Device,2025-11-03 23:45:44,2025-11-03 23:45:44,1,1.0,
PER_000070,Person,USES_DEVICE,DEV_000066,Device,2025-03-17 22:18:24,2025-03-17 22:18:24,1,1.0,
PER_000070,Person,USES_DEVICE,DEV_000081,Device,2025-12-02 13:50:45,2025-12-02 13:50:45,1,1.0,
PER_000070,Person,USES_DEVICE,DEV_000084,Device,2025-04-29 08:06:11,2025-04-29 08:06:11,1,1.0,
PER_000070,Person,USES_DEVICE,DEV_000089,Device,2025-04-22 16:08:52,2025-04-22 16:08:52,1,1.0,
PER_000070,Person,USES_DEVICE,DEV_000100,Device,2025-08-14 14:31:09,2025-11-21 19:36:14,3,3.0,
PER_000070,Person,USES_DEVICE,DEV_000103,Device,2025-10-12 04:12:55,2025-10-12 04:12:55,1,1.0,
PER_000070,Person,USES_DEVICE,DEV_000109,Device,2025-02-02 14:59:19,2025-02-02 14:59:19,1,1.0,
PER_000070,Person,USES_DEVICE,DEV_000111,Device,2025-02-19 12:59:03,2025-02-19 12:59:03,1,1.0,
PER_000070,Person,USES_DEVICE,DEV_000118,Device,2025-01-05 10:11:16,2025-01-05 10:11:16,1,1.0,
PER_000070,Person,USES_DEVICE,DEV_000120,Device,2025-06-19 16:24:44,2025-06-19 16:24:44,1,1.0,
PER_000071,Person,USES_DEVICE,DEV_000001,Device,2025-12-10 08:02:32,2025-12-10 08:02:32,1,1.0,
PER_000071,Person,USES_DEVICE,DEV_000011,Device,2025-11-15 13:38:58,2025-11-15 13:38:58,1,1.0,
PER_000071,Person,USES_DEVICE,DEV_000012,Device,2025-08-28 16:50:27,2025-08-28 16:50:27,1,1.0,
PER_000071,Person,USES_DEVICE,DEV_000022,Device,2025-05-19 14:09:45,2025-12-29 09:52:38,2,2.0,
PER_000071,Person,USES_DEVICE,DEV_000027,Device,2025-01-14 11:30:23,2025-01-14 11:30:23,1,1.0,
PER_000071,Person,USES_DEVICE,DEV_000028,Device,2025-09-22 13:23:01,2025-09-22 13:23:01,1,1.0,
PER_000071,Person,USES_DEVICE,DEV_000038,Device,2025-12-26 04:24:14,2025-12-26 04:24:14,1,1.0,
PER_000071,Person,USES_DEVICE,DEV_000055,Device,2025-05-04 21:41:00,2025-12-24 09:32:57,3,3.0,
PER_000071,Person,USES_DEVICE,DEV_000062,Device,2025-03-28 19:57:28,2025-03-28 19:57:28,1,1.0,
PER_000071,Person,USES_DEVICE,DEV_000063,Device,2025-10-11 17:57:54,2025-10-11 17:57:54,1,1.0,
PER_000071,Person,USES_DEVICE,DEV_000072,Device,2025-10-29 09:57:16,2025-10-29 09:57:16,1,1.0,
PER_000071,Person,USES_DEVICE,DEV_000073,Device,2025-06-09 17:59:32,2025-06-09 17:59:32,1,1.0,
PER_000071,Person,USES_DEVICE,DEV_000090,Device,2025-06-26 17:58:31,2025-06-26 17:58:31,1,1.0,
PER_000071,Person,USES_DEVICE,DEV_000091,Device,2025-01-11 15:50:00,2025-01-11 15:50:00,1,1.0,
PER_000071,Person,USES_DEVICE,DEV_000098,Device,2025-05-02 12:09:01,2025-05-02 12:09:01,1,1.0,
PER_000071,Person,USES_DEVICE,DEV_000108,Device,2025-01-04 12:25:47,2025-01-04 12:25:47,1,1.0,
PER_000071,Person,USES_DEVICE,DEV_000110,Device,2025-01-25 09:52:50,2025-01-25 09:52:50,1,1.0,
PER_000071,Person,USES_DEVICE,DEV_000114,Device,2025-10-03 09:11:04,2025-12-30 08:51:45,2,2.0,
PER_000072,Person,USES_DEVICE,DEV_000001,Device,2025-07-10 16:36:03,2025-07-11 10:42:25,4,4.0,
PER_000072,Person,USES_DEVICE,DEV_000002,Device,2025-07-11 02:01:15,2025-07-12 09:07:53,2,2.0,
PER_000072,Person,USES_DEVICE,DEV_000003,Device,2025-07-10 06:25:23,2025-07-10 06:25:23,1,1.0,
PER_000072,Person,USES_DEVICE,DEV_000004,Device,2025-07-11 09:48:35,2025-07-11 09:48:35,1,1.0,
PER_000072,Person,USES_DEVICE,DEV_000006,Device,2025-07-12 22:49:38,2025-07-12 22:49:38,1,1.0,
PER_000072,Person,USES_DEVICE,DEV_000007,Device,2025-07-10 17:50:10,2025-07-10 17:50:10,1,1.0,
PER_000072,Person,USES_DEVICE,DEV_000008,Device,2025-07-11 16:15:27,2025-07-12 19:30:46,2,2.0,
PER_000072,Person,USES_DEVICE,DEV_000009,Device,2025-07-11 08:38:18,2025-07-11 08:38:18,1,1.0,
PER_000072,Person,USES_DEVICE,DEV_000011,Device,2025-07-10 06:30:46,2025-07-10 06:30:46,1,1.0,
PER_000072,Person,USES_DEVICE,DEV_000014,Device,2025-07-11 06:39:18,2025-07-11 06:39:18,1,1.0,
PER_000072,Person,USES_DEVICE,DEV_000015,Device,2025-07-11 01:43:24,2025-07-11 01:43:24,1,1.0,
PER_000072,Person,USES_DEVICE,DEV_000016,Device,2025-07-10 19:52:11,2025-07-10 19:52:11,1,1.0,
PER_000072,Person,USES_DEVICE,DEV_000017,Device,2025-07-10 10:54:04,2025-07-11 04:12:24,3,3.0,
PER_000072,Person,USES_DEVICE,DEV_000018,Device,2025-07-10 10:54:26,2025-07-10 10:54:26,1,1.0,
PER_000072,Person,USES_DEVICE,DEV_000019,Device,2025-07-10 23:54:13,2025-07-10 23:54:13,1,1.0,
PER_000072,Person,USES_DEVICE,DEV_000021,Device,2025-07-11 12:05:50,2025-07-11 12:05:50,1,1.0,
PER_000072,Person,USES_DEVICE,DEV_000022,Device,2025-07-10 10:28:46,2025-07-10 10:28:46,1,1.0,
PER_000072,Person,USES_DEVICE,DEV_000023,Device,2025-07-10 07:02:03,2025-07-12 17:13:24,4,4.0,
PER_000072,Person,USES_DEVICE,DEV_000024,Device,2025-07-12 22:12:16,2025-07-12 22:12:16,1,1.0,
PER_000072,Person,USES_DEVICE,DEV_000025,Device,2025-07-12 02:14:32,2025-07-12 02:14:32,1,1.0,
PER_000072,Person,USES_DEVICE,DEV_000026,Device,2025-07-10 22:53:14,2025-07-12 19:31:23,4,4.0,
PER_000072,Person,USES_DEVICE,DEV_000027,Device,2025-07-11 10:16:54,2025-07-11 10:16:54,1,1.0,
PER_000072,Person,USES_DEVICE,DEV_000028,Device,2025-07-11 07:51:50,2025-07-12 12:40:52,3,3.0,
PER_000072,Person,USES_DEVICE,DEV_000030,Device,2025-07-10 08:23:02,2025-07-12 04:15:44,2,2.0,
PER_000072,Person,USES_DEVICE,DEV_000032,Device,2025-07-12 15:57:22,2025-07-12 15:57:22,1,1.0,
PER_000072,Person,USES_DEVICE,DEV_000033,Device,2025-07-10 18:44:20,2025-07-11 20:11:45,2,2.0,
PER_000072,Person,USES_DEVICE,DEV_000035,Device,2025-07-11 17:00:34,2025-07-11 20:32:44,2,2.0,
PER_000072,Person,USES_DEVICE,DEV_000036,Device,2025-07-11 20:42:43,2025-07-11 20:42:43,1,1.0,
PER_000072,Person,USES_DEVICE,DEV_000038,Device,2025-07-11 04:51:12,2025-07-11 04:51:12,1,1.0,
PER_000072,Person,USES_DEVICE,DEV_000040,Device,2025-07-10 11:07:09,2025-07-10 11:07:09,1,1.0,
PER_000072,Person,USES_DEVICE,DEV_000045,Device,2025-07-12 12:32:30,2025-07-12 12:32:30,1,1.0,
PER_000072,Person,USES_DEVICE,DEV_000048,Device,2025-07-12 09:04:42,2025-07-12 09:04:42,1,1.0,
PER_000072,Person,USES_DEVICE,DEV_000049,Device,2025-07-10 20:42:39,2025-07-10 20:42:39,1,1.0,
PER_000072,Person,USES_DEVICE,DEV_000050,Device,2025-07-10 04:42:22,2025-07-10 07:58:28,2,2.0,
PER_000072,Person,USES_DEVICE,DEV_000051,Device,2025-07-10 15:27:27,2025-07-10 15:27:27,1,1.0,
PER_000072,Person,USES_DEVICE,DEV_000053,Device,2025-07-11 19:05:00,2025-07-11 19:05:00,1,1.0,
PER_000072,Person,USES_DEVICE,DEV_000056,Device,2025-07-11 05:19:13,2025-07-11 05:19:13,1,1.0,
PER_000072,Person,USES_DEVICE,DEV_000059,Device,2025-07-10 20:01:58,2025-07-10 20:01:58,1,1.0,
PER_000072,Person,USES_DEVICE,DEV_000060,Device,2025-07-10 13:17:17,2025-07-10 20:35:12,2,2.0,
PER_000072,Person,USES_DEVICE,DEV_000062,Device,2025-07-10 13:36:08,2025-07-10 23:58:46,2,2.0,
PER_000072,Person,USES_DEVICE,DEV_000063,Device,2025-07-11 11:03:24,2025-07-12 18:09:46,2,2.0,
PER_000072,Person,USES_DEVICE,DEV_000066,Device,2025-07-11 13:17:24,2025-07-11 13:17:24,1,1.0,
PER_000072,Person,USES_DEVICE,DEV_000067,Device,2025-07-12 14:47:55,2025-07-12 14:47:55,1,1.0,
PER_000072,Person,USES_DEVICE,DEV_000068,Device,2025-07-11 16:24:01,2025-07-11 16:24:01,1,1.0,
PER_000072,Person,USES_DEVICE,DEV_000069,Device,2025-07-10 13:50:57,2025-07-11 02:32:30,2,2.0,
PER_000072,Person,USES_DEVICE,DEV_000070,Device,2025-07-10 19:45:17,2025-07-10 19:45:17,1,1.0,
PER_000072,Person,USES_DEVICE,DEV_000071,Device,2025-07-11 00:40:04,2025-07-11 00:40:04,1,1.0,
PER_000072,Person,USES_DEVICE,DEV_000073,Device,2025-07-12 13:27:01,2025-07-12 13:27:01,1,1.0,
PER_000072,Person,USES_DEVICE,DEV_000074,Device,2025-07-10 05:34:56,2025-07-10 05:34:56,1,1.0,
PER_000072,Person,USES_DEVICE,DEV_000076,Device,2025-07-12 13:54:10,2025-07-12 13:54:10,1,1.0,
PER_000072,Person,USES_DEVICE,DEV_000078,Device,2025-07-10 23:17:38,2025-07-12 16:54:06,2,2.0,
PER_000072,Person,USES_DEVICE,DEV_000080,Device,2025-07-11 09:30:29,2025-07-11 09:30:29,1,1.0,
PER_000072,Person,USES_DEVICE,DEV_000081,Device,2025-07-12 01:30:58,2025-07-12 01:30:58,1,1.0,
PER_000072,Person,USES_DEVICE,DEV_000082,Device,2025-07-11 13:06:30,2025-07-12 22:02:46,2,2.0,
PER_000072,Person,USES_DEVICE,DEV_000083,Device,2025-07-12 08:28:29,2025-07-12 22:17:04,2,2.0,
PER_000072,Person,USES_DEVICE,DEV_000084,Device,2025-07-12 17:46:11,2025-07-12 21:30:30,2,2.0,
PER_000072,Person,USES_DEVICE,DEV_000086,Device,2025-07-10 01:40:57,2025-07-10 01:40:57,1,1.0,
PER_000072,Person,USES_DEVICE,DEV_000089,Device,2025-07-10 05:48:20,2025-07-12 18:26:11,3,3.0,
PER_000072,Person,USES_DEVICE,DEV_000092,Device,2025-07-10 06:03:02,2025-07-11 07:21:52,3,3.0,
PER_000072,Person,USES_DEVICE,DEV_000095,Device,2025-07-11 20:52:12,2025-07-12 18:08:07,2,2.0,
PER_000072,Person,USES_DEVICE,DEV_000096,Device,2025-07-12 19:06:56,2025-07-12 19:06:56,1,1.0,
PER_000072,Person,USES_DEVICE,DEV_000097,Device,2025-07-11 13:01:10,2025-07-12 15:32:49,2,2.0,
PER_000072,Person,USES_DEVICE,DEV_000098,Device,2025-07-11 21:02:09,2025-07-11 21:02:09,1,1.0,
PER_000072,Person,USES_DEVICE,DEV_000099,Device,2025-07-11 22:38:20,2025-07-11 22:38:20,1,1.0,
PER_000072,Person,USES_DEVICE,DEV_000102,Device,2025-07-11 13:40:24,2025-07-11 18:56:27,2,2.0,
PER_000072,Person,USES_DEVICE,DEV_000103,Device,2025-07-11 13:34:02,2025-07-11 13:34:02,1,1.0,
PER_000072,Person,USES_DEVICE,DEV_000104,Device,2025-07-10 16:27:14,2025-07-10 16:27:14,1,1.0,
PER_000072,Person,USES_DEVICE,DEV_000105,Device,2025-07-10 13:44:57,2025-07-10 13:44:57,1,1.0,
PER_000072,Person,USES_DEVICE,DEV_000107,Device,2025-07-12 21:53:26,2025-07-12 21:53:26,1,1.0,
PER_000072,Person,USES_DEVICE,DEV_000108,Device,2025-07-11 13:55:52,2025-07-11 13:55:52,1,1.0,
PER_000072,Person,USES_DEVICE,DEV_000110,Device,2025-07-10 13:13:57,2025-07-11 00:53:42,2,2.0,
PER_000072,Person,USES_DEVICE,DEV_000112,Device,2025-07-12 12:59:57,2025-07-12 12:59:57,1,1.0,
PER_000072,Person,USES_DEVICE,DEV_000113,Device,2025-07-12 19:54:03,2025-07-12 19:54:03,1,1.0,
PER_000072,Person,USES_DEVICE,DEV_000114,Device,2025-07-11 08:20:25,2025-07-11 08:20:25,1,1.0,
PER_000072,Person,USES_DEVICE,DEV_000118,Device,2025-07-12 22:46:05,2025-07-12 22:46:05,1,1.0,
PER_000073,Person,USES_DEVICE,DEV_000001,Device,2025-02-26 22:45:47,2025-11-13 05:44:28,2,2.0,
PER_000073,Person,USES_DEVICE,DEV_000002,Device,2025-02-10 04:51:53,2025-02-10 04:51:53,1,1.0,
PER_000073,Person,USES_DEVICE,DEV_000003,Device,2025-03-18 04:17:21,2025-03-18 04:17:21,1,1.0,
PER_000073,Person,USES_DEVICE,DEV_000004,Device,2025-05-01 19:40:07,2025-08-04 08:57:41,2,2.0,
PER_000073,Person,USES_DEVICE,DEV_000005,Device,2025-02-17 16:01:53,2025-12-31 19:44:17,2,2.0,
PER_000073,Person,USES_DEVICE,DEV_000006,Device,2025-02-23 18:08:58,2025-02-23 18:08:58,1,1.0,
PER_000073,Person,USES_DEVICE,DEV_000007,Device,2025-04-08 16:25:49,2025-10-09 11:53:31,2,2.0,
PER_000073,Person,USES_DEVICE,DEV_000008,Device,2025-09-01 09:27:03,2025-12-20 18:39:05,2,2.0,
PER_000073,Person,USES_DEVICE,DEV_000009,Device,2025-07-08 11:56:06,2025-10-29 15:18:11,2,2.0,
PER_000073,Person,USES_DEVICE,DEV_000011,Device,2025-09-10 22:43:29,2025-09-30 18:43:12,2,2.0,
PER_000073,Person,USES_DEVICE,DEV_000013,Device,2025-04-20 15:47:26,2025-04-20 15:47:26,1,1.0,
PER_000073,Person,USES_DEVICE,DEV_000014,Device,2025-04-02 14:22:50,2025-11-05 16:35:47,3,3.0,
PER_000073,Person,USES_DEVICE,DEV_000015,Device,2025-04-04 07:51:42,2025-09-08 15:45:33,5,5.0,
PER_000073,Person,USES_DEVICE,DEV_000016,Device,2025-08-20 15:41:39,2025-08-20 15:41:39,1,1.0,
PER_000073,Person,USES_DEVICE,DEV_000018,Device,2025-08-10 07:36:50,2025-08-10 07:36:50,1,1.0,
PER_000073,Person,USES_DEVICE,DEV_000019,Device,2025-08-26 17:50:25,2025-08-26 17:50:25,1,1.0,
PER_000073,Person,USES_DEVICE,DEV_000021,Device,2025-01-21 04:28:49,2025-01-21 04:28:49,1,1.0,
PER_000073,Person,USES_DEVICE,DEV_000023,Device,2025-09-23 13:44:59,2025-09-23 13:44:59,1,1.0,
PER_000073,Person,USES_DEVICE,DEV_000025,Device,2025-08-15 06:22:53,2025-10-16 17:00:17,3,3.0,
PER_000073,Person,USES_DEVICE,DEV_000026,Device,2025-12-22 11:14:21,2025-12-22 11:14:21,1,1.0,
PER_000073,Person,USES_DEVICE,DEV_000027,Device,2025-03-09 12:42:24,2025-11-07 19:42:43,3,3.0,
PER_000073,Person,USES_DEVICE,DEV_000028,Device,2025-04-22 06:32:01,2025-04-22 06:32:01,1,1.0,
PER_000073,Person,USES_DEVICE,DEV_000029,Device,2025-05-23 10:28:54,2025-05-23 10:28:54,1,1.0,
PER_000073,Person,USES_DEVICE,DEV_000030,Device,2025-02-12 11:11:30,2025-12-02 07:42:51,4,4.0,
PER_000073,Person,USES_DEVICE,DEV_000031,Device,2025-01-18 20:59:56,2025-12-03 08:03:38,4,4.0,
PER_000073,Person,USES_DEVICE,DEV_000032,Device,2025-06-18 21:56:02,2025-07-27 13:52:52,2,2.0,
PER_000073,Person,USES_DEVICE,DEV_000033,Device,2025-01-19 15:06:20,2025-09-27 05:39:44,3,3.0,
PER_000073,Person,USES_DEVICE,DEV_000034,Device,2025-06-25 06:35:20,2025-08-04 17:13:56,2,2.0,
PER_000073,Person,USES_DEVICE,DEV_000037,Device,2025-02-19 04:27:33,2025-02-19 04:27:33,1,1.0,
PER_000073,Person,USES_DEVICE,DEV_000038,Device,2025-09-10 18:56:51,2025-09-10 18:56:51,1,1.0,
PER_000073,Person,USES_DEVICE,DEV_000039,Device,2025-03-06 14:46:55,2025-11-28 17:48:41,2,2.0,
PER_000073,Person,USES_DEVICE,DEV_000040,Device,2025-01-24 08:03:20,2025-02-03 12:00:13,2,2.0,
PER_000073,Person,USES_DEVICE,DEV_000043,Device,2025-04-28 14:02:36,2025-11-30 19:41:07,2,2.0,
PER_000073,Person,USES_DEVICE,DEV_000044,Device,2025-02-06 15:08:20,2025-08-08 14:26:45,3,3.0,
PER_000073,Person,USES_DEVICE,DEV_000045,Device,2025-04-23 16:47:42,2025-05-13 15:55:49,2,2.0,
PER_000073,Person,USES_DEVICE,DEV_000046,Device,2025-03-18 15:35:10,2025-11-20 15:34:34,2,2.0,
PER_000073,Person,USES_DEVICE,DEV_000047,Device,2025-11-23 15:43:37,2025-11-23 15:43:37,1,1.0,
PER_000073,Person,USES_DEVICE,DEV_000048,Device,2025-01-19 01:54:16,2025-12-14 09:29:05,4,4.0,
PER_000073,Person,USES_DEVICE,DEV_000049,Device,2025-07-28 08:11:12,2025-10-22 16:55:11,2,2.0,
PER_000073,Person,USES_DEVICE,DEV_000050,Device,2025-01-09 18:27:08,2025-11-01 21:06:30,5,5.0,
PER_000073,Person,USES_DEVICE,DEV_000051,Device,2025-10-04 17:02:32,2025-10-04 17:02:32,1,1.0,
PER_000073,Person,USES_DEVICE,DEV_000052,Device,2025-11-24 20:29:57,2025-11-24 20:29:57,1,1.0,
PER_000073,Person,USES_DEVICE,DEV_000053,Device,2025-02-04 13:33:25,2025-02-04 13:33:25,1,1.0,
PER_000073,Person,USES_DEVICE,DEV_000054,Device,2025-01-30 21:24:37,2025-06-22 13:18:22,3,3.0,
PER_000073,Person,USES_DEVICE,DEV_000055,Device,2025-04-10 05:26:51,2025-07-17 18:06:41,2,2.0,
PER_000073,Person,USES_DEVICE,DEV_000056,Device,2025-07-18 14:09:07,2025-07-18 14:09:07,1,1.0,
PER_000073,Person,USES_DEVICE,DEV_000058,Device,2025-02-06 07:40:01,2025-08-08 16:36:53,2,2.0,
PER_000073,Person,USES_DEVICE,DEV_000060,Device,2025-01-23 08:24:16,2025-09-14 23:15:20,3,3.0,
PER_000073,Person,USES_DEVICE,DEV_000061,Device,2025-11-11 15:14:38,2025-11-11 15:14:38,1,1.0,
PER_000073,Person,USES_DEVICE,DEV_000063,Device,2025-07-18 03:09:06,2025-12-17 17:20:18,2,2.0,
PER_000073,Person,USES_DEVICE,DEV_000064,Device,2025-04-09 11:56:23,2025-04-09 11:56:23,1,1.0,
PER_000073,Person,USES_DEVICE,DEV_000065,Device,2025-04-29 05:16:08,2025-12-07 16:30:20,3,3.0,
PER_000073,Person,USES_DEVICE,DEV_000066,Device,2025-06-13 07:32:57,2025-10-23 17:25:37,2,2.0,
PER_000073,Person,USES_DEVICE,DEV_000067,Device,2025-01-16 19:08:07,2025-09-03 14:53:39,2,2.0,
PER_000073,Person,USES_DEVICE,DEV_000070,Device,2025-03-25 13:30:26,2025-10-14 17:02:04,2,2.0,
PER_000073,Person,USES_DEVICE,DEV_000072,Device,2025-04-17 14:04:43,2025-04-17 14:04:43,1,1.0,
PER_000073,Person,USES_DEVICE,DEV_000073,Device,2025-01-04 16:46:35,2025-12-25 13:56:20,3,3.0,
PER_000073,Person,USES_DEVICE,DEV_000074,Device,2025-01-03 01:53:50,2025-11-09 05:38:39,2,2.0,
PER_000073,Person,USES_DEVICE,DEV_000076,Device,2025-03-06 20:21:11,2025-10-06 06:21:12,3,3.0,
PER_000073,Person,USES_DEVICE,DEV_000078,Device,2025-03-25 09:57:12,2025-10-03 06:21:09,4,4.0,
PER_000073,Person,USES_DEVICE,DEV_000079,Device,2025-03-16 18:36:25,2025-08-05 04:11:25,2,2.0,
PER_000073,Person,USES_DEVICE,DEV_000080,Device,2025-02-24 15:08:20,2025-04-30 20:37:23,2,2.0,
PER_000073,Person,USES_DEVICE,DEV_000081,Device,2025-08-11 18:19:18,2025-08-11 18:19:18,1,1.0,
PER_000073,Person,USES_DEVICE,DEV_000083,Device,2025-11-16 14:50:38,2025-11-16 14:50:38,1,1.0,
PER_000073,Person,USES_DEVICE,DEV_000084,Device,2025-01-10 13:29:23,2025-11-16 17:53:37,3,3.0,
PER_000073,Person,USES_DEVICE,DEV_000085,Device,2025-01-07 12:31:30,2025-11-10 18:25:22,3,3.0,
PER_000073,Person,USES_DEVICE,DEV_000086,Device,2025-11-12 20:17:02,2025-11-12 20:17:02,1,1.0,
PER_000073,Person,USES_DEVICE,DEV_000088,Device,2025-05-25 11:38:16,2025-09-12 15:15:00,2,2.0,
PER_000073,Person,USES_DEVICE,DEV_000089,Device,2025-08-09 20:36:40,2025-08-09 20:36:40,1,1.0,
PER_000073,Person,USES_DEVICE,DEV_000091,Device,2025-03-25 10:43:48,2025-03-25 10:43:48,1,1.0,
PER_000073,Person,USES_DEVICE,DEV_000092,Device,2025-03-21 13:45:50,2025-04-25 08:52:40,2,2.0,
PER_000073,Person,USES_DEVICE,DEV_000093,Device,2025-02-11 17:20:15,2025-02-11 17:20:15,1,1.0,
PER_000073,Person,USES_DEVICE,DEV_000094,Device,2025-03-12 10:35:58,2025-03-12 10:35:58,1,1.0,
PER_000073,Person,USES_DEVICE,DEV_000096,Device,2025-08-11 17:13:45,2025-08-11 17:13:45,1,1.0,
PER_000073,Person,USES_DEVICE,DEV_000097,Device,2025-08-01 09:11:35,2025-08-28 06:01:05,2,2.0,
PER_000073,Person,USES_DEVICE,DEV_000098,Device,2025-02-20 08:53:45,2025-02-20 08:53:45,1,1.0,
PER_000073,Person,USES_DEVICE,DEV_000099,Device,2025-06-10 05:35:03,2025-10-26 12:01:29,2,2.0,
PER_000073,Person,USES_DEVICE,DEV_000100,Device,2025-02-11 16:54:57,2025-09-22 16:03:19,2,2.0,
PER_000073,Person,USES_DEVICE,DEV_000102,Device,2025-01-18 10:11:23,2025-08-21 11:35:03,4,4.0,
PER_000073,Person,USES_DEVICE,DEV_000104,Device,2025-07-13 12:59:10,2025-07-13 12:59:10,1,1.0,
PER_000073,Person,USES_DEVICE,DEV_000106,Device,2025-01-22 07:24:41,2025-10-29 16:19:10,2,2.0,
PER_000073,Person,USES_DEVICE,DEV_000107,Device,2025-03-15 13:11:18,2025-11-02 10:55:41,3,3.0,
PER_000073,Person,USES_DEVICE,DEV_000108,Device,2025-01-07 15:29:42,2025-10-11 16:38:57,2,2.0,
PER_000073,Person,USES_DEVICE,DEV_000109,Device,2025-07-09 12:52:21,2025-07-09 12:52:21,1,1.0,
PER_000073,Person,USES_DEVICE,DEV_000110,Device,2025-02-16 14:50:04,2025-08-17 13:21:52,4,4.0,
PER_000073,Person,USES_DEVICE,DEV_000111,Device,2025-03-11 07:05:08,2025-05-07 13:01:36,2,2.0,
PER_000073,Person,USES_DEVICE,DEV_000114,Device,2025-02-19 17:37:55,2025-08-04 10:28:44,2,2.0,
PER_000073,Person,USES_DEVICE,DEV_000115,Device,2025-05-11 07:20:06,2025-12-22 03:14:13,2,2.0,
PER_000073,Person,USES_DEVICE,DEV_000116,Device,2025-01-24 06:37:49,2025-01-24 06:37:49,1,1.0,
PER_000073,Person,USES_DEVICE,DEV_000117,Device,2025-08-25 15:23:23,2025-10-15 14:26:58,2,2.0,
PER_000073,Person,USES_DEVICE,DEV_000119,Device,2025-03-16 12:24:04,2025-06-12 19:19:38,2,2.0,
PER_000073,Person,USES_DEVICE,DEV_000120,Device,2025-01-30 09:50:35,2025-10-28 17:53:27,4,4.0,
PER_000074,Person,USES_DEVICE,DEV_000001,Device,2025-10-09 16:58:55,2025-10-09 16:58:55,1,1.0,
PER_000074,Person,USES_DEVICE,DEV_000021,Device,2025-12-10 03:24:29,2025-12-10 03:24:29,1,1.0,
PER_000074,Person,USES_DEVICE,DEV_000023,Device,2025-02-05 20:03:56,2025-02-05 20:03:56,1,1.0,
PER_000074,Person,USES_DEVICE,DEV_000042,Device,2025-12-25 09:48:13,2025-12-25 09:48:13,1,1.0,
PER_000074,Person,USES_DEVICE,DEV_000052,Device,2025-04-02 12:25:56,2025-04-02 12:25:56,1,1.0,
PER_000074,Person,USES_DEVICE,DEV_000054,Device,2025-05-29 15:28:02,2025-05-29 15:28:02,1,1.0,
PER_000074,Person,USES_DEVICE,DEV_000056,Device,2025-02-17 01:33:17,2025-02-17 01:33:17,1,1.0,
PER_000074,Person,USES_DEVICE,DEV_000062,Device,2025-01-27 10:48:43,2025-01-27 10:48:43,1,1.0,
PER_000074,Person,USES_DEVICE,DEV_000065,Device,2025-09-01 12:35:54,2025-09-01 12:35:54,1,1.0,
PER_000074,Person,USES_DEVICE,DEV_000066,Device,2025-11-21 06:46:24,2025-11-21 06:46:24,1,1.0,
PER_000074,Person,USES_DEVICE,DEV_000067,Device,2025-10-02 15:33:41,2025-10-02 15:33:41,1,1.0,
PER_000074,Person,USES_DEVICE,DEV_000074,Device,2025-03-27 18:04:39,2025-03-27 18:04:39,1,1.0,
PER_000074,Person,USES_DEVICE,DEV_000083,Device,2025-04-25 17:50:19,2025-04-25 17:50:19,1,1.0,
PER_000074,Person,USES_DEVICE,DEV_000091,Device,2025-09-18 21:00:06,2025-09-18 21:00:06,1,1.0,
PER_000074,Person,USES_DEVICE,DEV_000099,Device,2025-05-20 10:59:08,2025-12-22 07:28:24,2,2.0,
PER_000074,Person,USES_DEVICE,DEV_000100,Device,2025-08-29 17:16:38,2025-08-29 17:16:38,1,1.0,
PER_000074,Person,USES_DEVICE,DEV_000103,Device,2025-05-05 16:36:17,2025-06-27 19:42:42,2,2.0,
PER_000074,Person,USES_DEVICE,DEV_000117,Device,2025-04-06 04:09:33,2025-04-06 04:09:33,1,1.0,
PER_000074,Person,USES_DEVICE,DEV_000118,Device,2025-03-05 04:42:13,2025-03-05 04:42:13,1,1.0,
PER_000075,Person,USES_DEVICE,DEV_000001,Device,2025-01-24 09:08:42,2025-07-23 09:08:32,2,2.0,
PER_000075,Person,USES_DEVICE,DEV_000006,Device,2025-10-27 10:39:53,2025-10-27 10:39:53,1,1.0,
PER_000075,Person,USES_DEVICE,DEV_000007,Device,2025-03-28 18:18:29,2025-12-06 19:42:05,2,2.0,
PER_000075,Person,USES_DEVICE,DEV_000021,Device,2025-06-29 22:52:05,2025-06-29 22:52:05,1,1.0,
PER_000075,Person,USES_DEVICE,DEV_000022,Device,2025-09-15 16:31:41,2025-09-15 16:31:41,1,1.0,
PER_000075,Person,USES_DEVICE,DEV_000025,Device,2025-12-04 10:46:04,2025-12-04 10:46:04,1,1.0,
PER_000075,Person,USES_DEVICE,DEV_000041,Device,2025-08-07 13:18:20,2025-08-07 13:18:20,1,1.0,
PER_000075,Person,USES_DEVICE,DEV_000050,Device,2025-10-23 14:46:29,2025-10-23 14:46:29,1,1.0,
PER_000075,Person,USES_DEVICE,DEV_000052,Device,2025-11-10 12:54:57,2025-11-10 12:54:57,1,1.0,
PER_000075,Person,USES_DEVICE,DEV_000053,Device,2025-10-24 18:45:56,2025-10-24 18:45:56,1,1.0,
PER_000075,Person,USES_DEVICE,DEV_000057,Device,2025-01-02 13:11:36,2025-01-02 13:11:36,1,1.0,
PER_000075,Person,USES_DEVICE,DEV_000058,Device,2025-03-19 09:22:12,2025-03-19 09:22:12,1,1.0,
PER_000075,Person,USES_DEVICE,DEV_000059,Device,2025-08-29 09:16:23,2025-08-29 09:16:23,1,1.0,
PER_000075,Person,USES_DEVICE,DEV_000062,Device,2025-05-16 18:13:47,2025-05-16 18:13:47,1,1.0,
PER_000075,Person,USES_DEVICE,DEV_000077,Device,2025-03-09 07:56:08,2025-03-09 07:56:08,1,1.0,
PER_000075,Person,USES_DEVICE,DEV_000082,Device,2025-04-29 09:05:34,2025-04-29 09:05:34,1,1.0,
PER_000075,Person,USES_DEVICE,DEV_000088,Device,2025-09-20 21:11:17,2025-09-20 21:11:17,1,1.0,
PER_000075,Person,USES_DEVICE,DEV_000090,Device,2025-01-28 18:25:33,2025-01-28 18:25:33,1,1.0,
PER_000075,Person,USES_DEVICE,DEV_000094,Device,2025-11-22 05:27:28,2025-11-22 05:27:28,1,1.0,
PER_000076,Person,USES_DEVICE,DEV_000001,Device,2025-01-05 12:11:23,2025-12-16 11:17:51,17,17.0,
PER_000077,Person,USES_DEVICE,DEV_000003,Device,2025-04-17 07:24:28,2025-07-25 06:24:12,2,2.0,
PER_000077,Person,USES_DEVICE,DEV_000019,Device,2025-01-22 12:01:20,2025-01-22 12:01:20,1,1.0,
PER_000077,Person,USES_DEVICE,DEV_000028,Device,2025-01-16 09:53:14,2025-01-16 09:53:14,1,1.0,
PER_000077,Person,USES_DEVICE,DEV_000036,Device,2025-01-24 18:08:35,2025-01-24 18:08:35,1,1.0,
PER_000077,Person,USES_DEVICE,DEV_000046,Device,2025-02-02 18:49:23,2025-02-02 18:49:23,1,1.0,
PER_000077,Person,USES_DEVICE,DEV_000052,Device,2025-01-27 17:47:34,2025-01-27 17:47:34,1,1.0,
PER_000077,Person,USES_DEVICE,DEV_000057,Device,2025-06-07 14:42:03,2025-06-07 14:42:03,1,1.0,
PER_000077,Person,USES_DEVICE,DEV_000059,Device,2025-08-28 08:01:50,2025-08-28 08:01:50,1,1.0,
PER_000077,Person,USES_DEVICE,DEV_000063,Device,2025-05-29 11:02:31,2025-05-29 11:02:31,1,1.0,
PER_000077,Person,USES_DEVICE,DEV_000077,Device,2025-11-10 13:36:13,2025-11-10 13:36:13,1,1.0,
PER_000077,Person,USES_DEVICE,DEV_000079,Device,2025-04-23 18:00:54,2025-04-23 18:00:54,1,1.0,
PER_000077,Person,USES_DEVICE,DEV_000084,Device,2025-03-15 08:08:35,2025-03-15 08:08:35,1,1.0,
PER_000077,Person,USES_DEVICE,DEV_000103,Device,2025-03-30 10:36:27,2025-03-30 10:36:27,1,1.0,
PER_000077,Person,USES_DEVICE,DEV_000106,Device,2025-12-17 09:43:43,2025-12-17 09:43:43,1,1.0,
PER_000077,Person,USES_DEVICE,DEV_000119,Device,2025-02-01 15:05:21,2025-02-01 15:05:21,1,1.0,
PER_000077,Person,USES_DEVICE,DEV_000120,Device,2025-08-12 17:22:09,2025-08-12 17:22:09,1,1.0,
PER_000078,Person,USES_DEVICE,DEV_000001,Device,2025-07-12 03:40:08,2025-07-12 03:40:08,1,1.0,
PER_000078,Person,USES_DEVICE,DEV_000002,Device,2025-07-12 04:26:58,2025-07-12 10:54:32,2,2.0,
PER_000078,Person,USES_DEVICE,DEV_000003,Device,2025-07-11 07:31:54,2025-07-11 07:31:54,1,1.0,
PER_000078,Person,USES_DEVICE,DEV_000004,Device,2025-07-10 12:24:38,2025-07-11 08:13:51,2,2.0,
PER_000078,Person,USES_DEVICE,DEV_000005,Device,2025-07-11 01:03:28,2025-07-11 01:03:28,1,1.0,
PER_000078,Person,USES_DEVICE,DEV_000008,Device,2025-07-10 14:26:45,2025-07-10 16:17:27,2,2.0,
PER_000078,Person,USES_DEVICE,DEV_000010,Device,2025-07-12 08:11:39,2025-07-12 08:11:39,1,1.0,
PER_000078,Person,USES_DEVICE,DEV_000011,Device,2025-07-10 09:39:21,2025-07-12 00:47:15,2,2.0,
PER_000078,Person,USES_DEVICE,DEV_000012,Device,2025-07-11 02:15:23,2025-07-11 02:15:23,1,1.0,
PER_000078,Person,USES_DEVICE,DEV_000014,Device,2025-07-11 23:22:35,2025-07-12 18:40:39,3,3.0,
PER_000078,Person,USES_DEVICE,DEV_000015,Device,2025-07-10 18:00:53,2025-07-11 09:49:50,2,2.0,
PER_000078,Person,USES_DEVICE,DEV_000016,Device,2025-07-10 00:36:38,2025-07-12 18:31:06,3,3.0,
PER_000078,Person,USES_DEVICE,DEV_000018,Device,2025-07-10 17:29:55,2025-07-10 17:29:55,1,1.0,
PER_000078,Person,USES_DEVICE,DEV_000019,Device,2025-07-11 10:02:28,2025-07-11 10:02:28,1,1.0,
PER_000078,Person,USES_DEVICE,DEV_000020,Device,2025-07-10 05:15:18,2025-07-11 06:30:32,2,2.0,
PER_000078,Person,USES_DEVICE,DEV_000021,Device,2025-07-10 22:31:06,2025-07-10 22:31:06,1,1.0,
PER_000078,Person,USES_DEVICE,DEV_000022,Device,2025-07-11 16:16:19,2025-07-12 20:38:59,2,2.0,
PER_000078,Person,USES_DEVICE,DEV_000023,Device,2025-07-10 19:52:50,2025-07-12 12:35:52,3,3.0,
PER_000078,Person,USES_DEVICE,DEV_000024,Device,2025-07-11 01:52:21,2025-07-12 03:08:56,2,2.0,
PER_000078,Person,USES_DEVICE,DEV_000025,Device,2025-07-12 08:07:21,2025-07-12 13:45:38,2,2.0,
PER_000078,Person,USES_DEVICE,DEV_000026,Device,2025-07-10 01:52:20,2025-07-10 01:52:20,1,1.0,
PER_000078,Person,USES_DEVICE,DEV_000027,Device,2025-07-10 14:22:32,2025-07-12 22:28:05,4,4.0,
PER_000078,Person,USES_DEVICE,DEV_000028,Device,2025-07-11 23:05:51,2025-07-11 23:05:51,1,1.0,
PER_000078,Person,USES_DEVICE,DEV_000030,Device,2025-07-10 22:17:01,2025-07-10 22:17:01,1,1.0,
PER_000078,Person,USES_DEVICE,DEV_000031,Device,2025-07-12 11:08:37,2025-07-12 11:08:37,1,1.0,
PER_000078,Person,USES_DEVICE,DEV_000032,Device,2025-07-10 04:49:38,2025-07-10 19:31:59,2,2.0,
PER_000078,Person,USES_DEVICE,DEV_000033,Device,2025-07-10 11:26:51,2025-07-11 14:37:33,2,2.0,
PER_000078,Person,USES_DEVICE,DEV_000034,Device,2025-07-11 10:10:14,2025-07-11 10:10:14,1,1.0,
PER_000078,Person,USES_DEVICE,DEV_000035,Device,2025-07-11 15:31:57,2025-07-11 15:31:57,1,1.0,
PER_000078,Person,USES_DEVICE,DEV_000036,Device,2025-07-10 03:44:54,2025-07-12 06:23:07,2,2.0,
PER_000078,Person,USES_DEVICE,DEV_000037,Device,2025-07-10 04:36:55,2025-07-11 20:12:56,3,3.0,
PER_000078,Person,USES_DEVICE,DEV_000039,Device,2025-07-10 05:22:46,2025-07-12 13:00:54,2,2.0,
PER_000078,Person,USES_DEVICE,DEV_000041,Device,2025-07-11 23:48:39,2025-07-11 23:48:39,1,1.0,
PER_000078,Person,USES_DEVICE,DEV_000042,Device,2025-07-11 02:28:25,2025-07-11 02:28:25,1,1.0,
PER_000078,Person,USES_DEVICE,DEV_000045,Device,2025-07-11 10:00:22,2025-07-12 20:37:12,2,2.0,
PER_000078,Person,USES_DEVICE,DEV_000046,Device,2025-07-10 00:37:31,2025-07-12 11:11:17,2,2.0,
PER_000078,Person,USES_DEVICE,DEV_000047,Device,2025-07-10 18:57:23,2025-07-12 22:38:42,2,2.0,
PER_000078,Person,USES_DEVICE,DEV_000049,Device,2025-07-11 07:57:33,2025-07-12 22:25:04,3,3.0,
PER_000078,Person,USES_DEVICE,DEV_000050,Device,2025-07-10 03:33:05,2025-07-12 18:27:32,3,3.0,
PER_000078,Person,USES_DEVICE,DEV_000051,Device,2025-07-12 16:40:38,2025-07-12 16:40:38,1,1.0,
PER_000078,Person,USES_DEVICE,DEV_000052,Device,2025-07-10 20:00:04,2025-07-10 20:00:04,1,1.0,
PER_000078,Person,USES_DEVICE,DEV_000054,Device,2025-07-12 05:26:05,2025-07-12 06:58:19,2,2.0,
PER_000078,Person,USES_DEVICE,DEV_000055,Device,2025-07-11 08:27:57,2025-07-12 19:22:27,3,3.0,
PER_000078,Person,USES_DEVICE,DEV_000056,Device,2025-07-10 03:58:28,2025-07-12 18:48:24,2,2.0,
PER_000078,Person,USES_DEVICE,DEV_000057,Device,2025-07-10 18:40:16,2025-07-12 21:13:13,2,2.0,
PER_000078,Person,USES_DEVICE,DEV_000058,Device,2025-07-12 19:44:13,2025-07-12 19:44:13,1,1.0,
PER_000078,Person,USES_DEVICE,DEV_000059,Device,2025-07-10 02:54:04,2025-07-10 08:20:04,2,2.0,
PER_000078,Person,USES_DEVICE,DEV_000060,Device,2025-07-11 09:25:23,2025-07-12 16:12:14,2,2.0,
PER_000078,Person,USES_DEVICE,DEV_000061,Device,2025-07-12 07:10:54,2025-07-12 07:10:54,1,1.0,
PER_000078,Person,USES_DEVICE,DEV_000063,Device,2025-07-10 03:46:21,2025-07-12 06:06:22,4,4.0,
PER_000078,Person,USES_DEVICE,DEV_000064,Device,2025-07-10 04:51:11,2025-07-12 08:57:22,2,2.0,
PER_000078,Person,USES_DEVICE,DEV_000066,Device,2025-07-12 13:57:40,2025-07-12 13:57:40,1,1.0,
PER_000078,Person,USES_DEVICE,DEV_000067,Device,2025-07-10 23:28:09,2025-07-10 23:28:09,1,1.0,
PER_000078,Person,USES_DEVICE,DEV_000068,Device,2025-07-10 04:54:11,2025-07-10 04:54:11,1,1.0,
PER_000078,Person,USES_DEVICE,DEV_000070,Device,2025-07-12 09:19:52,2025-07-12 09:19:52,1,1.0,
PER_000078,Person,USES_DEVICE,DEV_000071,Device,2025-07-11 01:47:04,2025-07-11 01:47:04,1,1.0,
PER_000078,Person,USES_DEVICE,DEV_000074,Device,2025-07-10 22:08:57,2025-07-10 22:08:57,1,1.0,
PER_000078,Person,USES_DEVICE,DEV_000075,Device,2025-07-12 18:53:36,2025-07-12 18:53:36,1,1.0,
PER_000078,Person,USES_DEVICE,DEV_000076,Device,2025-07-12 18:57:16,2025-07-12 18:57:16,1,1.0,
PER_000078,Person,USES_DEVICE,DEV_000080,Device,2025-07-10 05:01:16,2025-07-12 10:06:06,2,2.0,
PER_000078,Person,USES_DEVICE,DEV_000081,Device,2025-07-12 14:10:29,2025-07-12 14:10:29,1,1.0,
PER_000078,Person,USES_DEVICE,DEV_000082,Device,2025-07-12 22:51:52,2025-07-12 22:51:52,1,1.0,
PER_000078,Person,USES_DEVICE,DEV_000085,Device,2025-07-11 23:20:43,2025-07-11 23:20:43,1,1.0,
PER_000078,Person,USES_DEVICE,DEV_000086,Device,2025-07-10 23:20:09,2025-07-10 23:20:09,1,1.0,
PER_000078,Person,USES_DEVICE,DEV_000087,Device,2025-07-10 00:18:41,2025-07-12 07:27:40,2,2.0,
PER_000078,Person,USES_DEVICE,DEV_000088,Device,2025-07-10 06:43:44,2025-07-12 16:46:15,3,3.0,
PER_000078,Person,USES_DEVICE,DEV_000089,Device,2025-07-11 04:16:55,2025-07-11 21:02:15,2,2.0,
PER_000078,Person,USES_DEVICE,DEV_000090,Device,2025-07-10 05:43:00,2025-07-10 05:43:00,1,1.0,
PER_000078,Person,USES_DEVICE,DEV_000092,Device,2025-07-11 18:26:54,2025-07-11 18:26:54,1,1.0,
PER_000078,Person,USES_DEVICE,DEV_000093,Device,2025-07-11 12:17:22,2025-07-12 05:06:11,2,2.0,
PER_000078,Person,USES_DEVICE,DEV_000094,Device,2025-07-10 15:03:52,2025-07-10 15:03:52,1,1.0,
PER_000078,Person,USES_DEVICE,DEV_000095,Device,2025-07-10 10:27:26,2025-07-12 17:17:03,3,3.0,
PER_000078,Person,USES_DEVICE,DEV_000097,Device,2025-07-11 07:21:18,2025-07-11 07:21:18,1,1.0,
PER_000078,Person,USES_DEVICE,DEV_000100,Device,2025-07-11 23:20:54,2025-07-11 23:20:54,1,1.0,
PER_000078,Person,USES_DEVICE,DEV_000101,Device,2025-07-10 08:10:50,2025-07-12 03:53:23,3,3.0,
PER_000078,Person,USES_DEVICE,DEV_000103,Device,2025-07-11 20:12:37,2025-07-12 20:18:55,2,2.0,
PER_000078,Person,USES_DEVICE,DEV_000104,Device,2025-07-12 20:32:20,2025-07-12 20:32:20,1,1.0,
PER_000078,Person,USES_DEVICE,DEV_000105,Device,2025-07-12 10:58:09,2025-07-12 16:25:48,2,2.0,
PER_000078,Person,USES_DEVICE,DEV_000107,Device,2025-07-10 13:03:04,2025-07-10 16:49:00,2,2.0,
PER_000078,Person,USES_DEVICE,DEV_000109,Device,2025-07-11 01:33:34,2025-07-12 01:21:44,3,3.0,
PER_000078,Person,USES_DEVICE,DEV_000110,Device,2025-07-10 00:40:24,2025-07-12 05:27:28,3,3.0,
PER_000078,Person,USES_DEVICE,DEV_000111,Device,2025-07-11 21:39:39,2025-07-11 21:39:39,1,1.0,
PER_000078,Person,USES_DEVICE,DEV_000112,Device,2025-07-11 19:25:36,2025-07-11 19:25:36,1,1.0,
PER_000078,Person,USES_DEVICE,DEV_000113,Device,2025-07-11 02:24:53,2025-07-11 02:24:53,1,1.0,
PER_000078,Person,USES_DEVICE,DEV_000114,Device,2025-07-11 22:25:26,2025-07-12 18:24:26,2,2.0,
PER_000078,Person,USES_DEVICE,DEV_000117,Device,2025-07-12 03:14:13,2025-07-12 03:14:13,1,1.0,
PER_000078,Person,USES_DEVICE,DEV_000118,Device,2025-07-10 21:44:28,2025-07-12 02:40:49,2,2.0,
PER_000078,Person,USES_DEVICE,DEV_000119,Device,2025-07-11 11:28:59,2025-07-11 11:28:59,1,1.0,
PER_000078,Person,USES_DEVICE,DEV_000120,Device,2025-07-10 12:22:40,2025-07-10 12:22:40,1,1.0,
PER_000079,Person,USES_DEVICE,DEV_000001,Device,2025-04-30 09:19:35,2025-04-30 09:19:35,1,1.0,
PER_000079,Person,USES_DEVICE,DEV_000009,Device,2025-05-10 10:16:16,2025-05-10 10:16:16,1,1.0,
PER_000079,Person,USES_DEVICE,DEV_000014,Device,2025-12-25 08:22:33,2025-12-25 08:22:33,1,1.0,
PER_000079,Person,USES_DEVICE,DEV_000035,Device,2025-08-09 13:01:04,2025-08-09 13:01:04,1,1.0,
PER_000079,Person,USES_DEVICE,DEV_000037,Device,2025-10-11 04:40:04,2025-10-11 04:40:04,1,1.0,
PER_000079,Person,USES_DEVICE,DEV_000039,Device,2025-02-15 10:11:52,2025-02-15 10:11:52,1,1.0,
PER_000079,Person,USES_DEVICE,DEV_000050,Device,2025-05-01 15:36:40,2025-05-01 15:36:40,1,1.0,
PER_000079,Person,USES_DEVICE,DEV_000056,Device,2025-09-21 18:43:51,2025-09-21 18:43:51,1,1.0,
PER_000079,Person,USES_DEVICE,DEV_000057,Device,2025-06-16 16:48:25,2025-06-16 16:48:25,1,1.0,
PER_000079,Person,USES_DEVICE,DEV_000058,Device,2025-10-22 09:53:06,2025-10-22 09:53:06,1,1.0,
PER_000079,Person,USES_DEVICE,DEV_000068,Device,2025-09-29 11:58:11,2025-09-29 11:58:11,1,1.0,
PER_000079,Person,USES_DEVICE,DEV_000084,Device,2025-02-16 19:42:54,2025-02-16 19:42:54,1,1.0,
PER_000079,Person,USES_DEVICE,DEV_000086,Device,2025-10-04 04:34:46,2025-10-04 04:34:46,1,1.0,
PER_000079,Person,USES_DEVICE,DEV_000091,Device,2025-06-26 17:41:10,2025-06-26 17:41:10,1,1.0,
PER_000079,Person,USES_DEVICE,DEV_000096,Device,2025-07-15 16:21:01,2025-07-15 16:21:01,1,1.0,
PER_000079,Person,USES_DEVICE,DEV_000105,Device,2025-12-09 14:46:20,2025-12-09 14:46:20,1,1.0,
PER_000079,Person,USES_DEVICE,DEV_000112,Device,2025-05-22 10:20:29,2025-05-22 10:20:29,1,1.0,
PER_000079,Person,USES_DEVICE,DEV_000113,Device,2025-03-26 19:35:48,2025-05-25 04:10:45,2,2.0,
PER_000080,Person,USES_DEVICE,DEV_000010,Device,2025-11-10 07:41:24,2025-11-10 07:41:24,1,1.0,
PER_000080,Person,USES_DEVICE,DEV_000012,Device,2025-11-19 12:53:22,2025-11-19 12:53:22,1,1.0,
PER_000080,Person,USES_DEVICE,DEV_000021,Device,2025-05-04 13:46:04,2025-05-04 13:46:04,1,1.0,
PER_000080,Person,USES_DEVICE,DEV_000026,Device,2025-04-29 13:58:09,2025-04-29 13:58:09,1,1.0,
PER_000080,Person,USES_DEVICE,DEV_000031,Device,2025-05-27 19:03:29,2025-05-27 19:03:29,1,1.0,
PER_000080,Person,USES_DEVICE,DEV_000033,Device,2025-06-27 14:56:46,2025-06-27 14:56:46,1,1.0,
PER_000080,Person,USES_DEVICE,DEV_000034,Device,2025-11-09 19:03:43,2025-11-09 19:03:43,1,1.0,
PER_000080,Person,USES_DEVICE,DEV_000038,Device,2025-01-24 15:31:22,2025-01-24 15:31:22,1,1.0,
PER_000080,Person,USES_DEVICE,DEV_000053,Device,2025-01-21 18:22:17,2025-01-21 18:22:17,1,1.0,
PER_000080,Person,USES_DEVICE,DEV_000059,Device,2025-05-24 16:33:06,2025-05-24 16:33:06,1,1.0,
PER_000080,Person,USES_DEVICE,DEV_000061,Device,2025-09-15 06:38:50,2025-09-15 06:38:50,1,1.0,
PER_000080,Person,USES_DEVICE,DEV_000064,Device,2025-03-08 20:39:36,2025-03-08 20:39:36,1,1.0,
PER_000080,Person,USES_DEVICE,DEV_000066,Device,2025-01-09 19:00:45,2025-01-09 19:00:45,1,1.0,
PER_000080,Person,USES_DEVICE,DEV_000071,Device,2025-08-31 10:16:53,2025-08-31 10:16:53,1,1.0,
PER_000080,Person,USES_DEVICE,DEV_000080,Device,2025-11-10 13:16:38,2025-11-10 13:16:38,1,1.0,
PER_000080,Person,USES_DEVICE,DEV_000086,Device,2025-02-21 09:40:28,2025-02-21 09:40:28,1,1.0,
PER_000080,Person,USES_DEVICE,DEV_000090,Device,2025-03-22 08:29:16,2025-03-22 08:29:16,1,1.0,
PER_000080,Person,USES_DEVICE,DEV_000098,Device,2025-09-28 10:56:31,2025-09-28 10:56:31,1,1.0,
PER_000080,Person,USES_DEVICE,DEV_000101,Device,2025-09-03 15:10:49,2025-09-03 15:10:49,1,1.0,
PER_000080,Person,USES_DEVICE,DEV_000108,Device,2025-08-12 19:32:31,2025-08-12 19:32:31,1,1.0,
PER_000081,Person,USES_DEVICE,DEV_000002,Device,2025-04-18 14:09:11,2025-04-18 14:09:11,1,1.0,
PER_000081,Person,USES_DEVICE,DEV_000005,Device,2025-11-21 14:07:00,2025-11-21 14:07:00,1,1.0,
PER_000081,Person,USES_DEVICE,DEV_000012,Device,2025-12-19 18:47:08,2025-12-19 18:47:08,1,1.0,
PER_000081,Person,USES_DEVICE,DEV_000013,Device,2025-12-09 13:53:38,2025-12-09 13:53:38,1,1.0,
PER_000081,Person,USES_DEVICE,DEV_000015,Device,2025-01-07 14:27:26,2025-01-07 14:27:26,1,1.0,
PER_000081,Person,USES_DEVICE,DEV_000016,Device,2025-11-28 13:32:39,2025-11-28 13:32:39,1,1.0,
PER_000081,Person,USES_DEVICE,DEV_000017,Device,2025-07-14 10:24:39,2025-07-14 10:24:39,1,1.0,
PER_000081,Person,USES_DEVICE,DEV_000020,Device,2025-02-15 08:35:56,2025-02-15 08:35:56,1,1.0,
PER_000081,Person,USES_DEVICE,DEV_000024,Device,2025-07-13 04:58:23,2025-07-13 04:58:23,1,1.0,
PER_000081,Person,USES_DEVICE,DEV_000037,Device,2025-11-01 12:14:22,2025-11-01 12:14:22,1,1.0,
PER_000081,Person,USES_DEVICE,DEV_000049,Device,2025-08-29 04:05:28,2025-08-29 04:05:28,1,1.0,
PER_000081,Person,USES_DEVICE,DEV_000064,Device,2025-06-26 11:09:34,2025-10-22 19:17:02,2,2.0,
PER_000081,Person,USES_DEVICE,DEV_000068,Device,2025-05-01 19:40:22,2025-05-01 19:40:22,1,1.0,
PER_000081,Person,USES_DEVICE,DEV_000073,Device,2025-10-18 16:12:48,2025-10-18 16:12:48,1,1.0,
PER_000081,Person,USES_DEVICE,DEV_000079,Device,2025-08-16 13:09:02,2025-08-16 13:09:02,1,1.0,
PER_000081,Person,USES_DEVICE,DEV_000081,Device,2025-01-21 20:51:25,2025-01-21 20:51:25,1,1.0,
PER_000081,Person,USES_DEVICE,DEV_000096,Device,2025-03-12 16:02:20,2025-03-12 16:02:20,1,1.0,
PER_000081,Person,USES_DEVICE,DEV_000097,Device,2025-12-15 05:33:18,2025-12-15 05:33:18,1,1.0,
PER_000081,Person,USES_DEVICE,DEV_000104,Device,2025-07-27 10:46:02,2025-07-27 10:46:02,1,1.0,
PER_000081,Person,USES_DEVICE,DEV_000106,Device,2025-09-06 14:32:40,2025-09-06 14:32:40,1,1.0,
PER_000081,Person,USES_DEVICE,DEV_000107,Device,2025-04-09 20:38:43,2025-04-09 20:38:43,1,1.0,
PER_000081,Person,USES_DEVICE,DEV_000118,Device,2025-07-07 13:37:22,2025-10-24 13:07:05,2,2.0,
PER_000082,Person,USES_DEVICE,DEV_000001,Device,2025-02-01 19:17:17,2025-02-01 19:17:17,1,1.0,
PER_000082,Person,USES_DEVICE,DEV_000016,Device,2025-05-09 01:50:46,2025-05-09 01:50:46,1,1.0,
PER_000082,Person,USES_DEVICE,DEV_000019,Device,2025-07-06 20:06:49,2025-07-06 20:06:49,1,1.0,
PER_000082,Person,USES_DEVICE,DEV_000024,Device,2025-03-08 12:24:42,2025-03-08 12:24:42,1,1.0,
PER_000082,Person,USES_DEVICE,DEV_000026,Device,2025-01-18 15:17:00,2025-01-18 15:17:00,1,1.0,
PER_000082,Person,USES_DEVICE,DEV_000033,Device,2025-09-23 15:37:17,2025-11-11 17:19:21,2,2.0,
PER_000082,Person,USES_DEVICE,DEV_000036,Device,2025-09-15 06:01:39,2025-09-15 06:01:39,1,1.0,
PER_000082,Person,USES_DEVICE,DEV_000057,Device,2025-12-31 02:09:53,2025-12-31 02:09:53,1,1.0,
PER_000082,Person,USES_DEVICE,DEV_000059,Device,2025-05-03 06:32:58,2025-05-03 06:32:58,1,1.0,
PER_000082,Person,USES_DEVICE,DEV_000062,Device,2025-12-30 13:40:39,2025-12-30 18:07:48,2,2.0,
PER_000082,Person,USES_DEVICE,DEV_000064,Device,2025-08-12 13:53:26,2025-08-12 13:53:26,1,1.0,
PER_000082,Person,USES_DEVICE,DEV_000068,Device,2025-09-10 09:38:32,2025-09-10 09:38:32,1,1.0,
PER_000082,Person,USES_DEVICE,DEV_000073,Device,2025-04-13 13:23:15,2025-04-13 13:23:15,1,1.0,
PER_000082,Person,USES_DEVICE,DEV_000086,Device,2025-11-17 12:06:50,2025-11-17 12:06:50,1,1.0,
PER_000082,Person,USES_DEVICE,DEV_000097,Device,2025-03-24 13:04:30,2025-03-24 13:04:30,1,1.0,
PER_000082,Person,USES_DEVICE,DEV_000099,Device,2025-08-02 17:27:05,2025-08-28 05:11:28,2,2.0,
PER_000082,Person,USES_DEVICE,DEV_000101,Device,2025-07-18 04:03:39,2025-07-18 04:03:39,1,1.0,
PER_000082,Person,USES_DEVICE,DEV_000104,Device,2025-12-26 08:39:59,2025-12-26 08:39:59,1,1.0,
PER_000082,Person,USES_DEVICE,DEV_000109,Device,2025-12-14 14:19:19,2025-12-14 14:19:19,1,1.0,
PER_000082,Person,USES_DEVICE,DEV_000110,Device,2025-01-27 11:31:03,2025-01-27 11:31:03,1,1.0,
PER_000082,Person,USES_DEVICE,DEV_000113,Device,2025-04-18 09:33:26,2025-04-18 09:33:26,1,1.0,
PER_000082,Person,USES_DEVICE,DEV_000118,Device,2025-09-26 13:21:55,2025-09-26 13:21:55,1,1.0,
PER_000083,Person,USES_DEVICE,DEV_000010,Device,2025-04-10 13:17:06,2025-04-10 13:17:06,1,1.0,
PER_000083,Person,USES_DEVICE,DEV_000011,Device,2025-04-19 18:37:40,2025-07-08 14:26:14,3,3.0,
PER_000083,Person,USES_DEVICE,DEV_000027,Device,2025-06-27 06:17:48,2025-06-27 06:17:48,1,1.0,
PER_000083,Person,USES_DEVICE,DEV_000038,Device,2025-04-23 15:16:33,2025-04-23 15:16:33,1,1.0,
PER_000083,Person,USES_DEVICE,DEV_000057,Device,2025-10-31 11:18:26,2025-10-31 11:18:26,1,1.0,
PER_000083,Person,USES_DEVICE,DEV_000060,Device,2025-06-24 08:56:08,2025-06-24 08:56:08,1,1.0,
PER_000083,Person,USES_DEVICE,DEV_000078,Device,2025-07-05 20:16:59,2025-07-05 20:16:59,1,1.0,
PER_000083,Person,USES_DEVICE,DEV_000082,Device,2025-05-05 18:30:25,2025-05-05 18:30:25,1,1.0,
PER_000083,Person,USES_DEVICE,DEV_000087,Device,2025-06-11 12:38:47,2025-06-11 12:38:47,1,1.0,
PER_000083,Person,USES_DEVICE,DEV_000092,Device,2025-07-04 06:31:00,2025-07-04 06:31:00,1,1.0,
PER_000083,Person,USES_DEVICE,DEV_000096,Device,2025-12-23 13:15:39,2025-12-23 13:15:39,1,1.0,
PER_000083,Person,USES_DEVICE,DEV_000101,Device,2025-12-10 09:24:19,2025-12-10 09:24:19,1,1.0,
PER_000083,Person,USES_DEVICE,DEV_000104,Device,2025-10-18 12:51:09,2025-10-18 12:51:09,1,1.0,
PER_000083,Person,USES_DEVICE,DEV_000106,Device,2025-12-16 06:28:21,2025-12-16 06:28:21,1,1.0,
PER_000083,Person,USES_DEVICE,DEV_000111,Device,2025-03-10 09:17:17,2025-03-10 09:17:17,1,1.0,
PER_000083,Person,USES_DEVICE,DEV_000113,Device,2025-09-13 15:01:25,2025-09-13 15:01:25,1,1.0,
PER_000084,Person,USES_DEVICE,DEV_000004,Device,2025-11-20 14:03:06,2025-11-20 14:03:06,1,1.0,
PER_000084,Person,USES_DEVICE,DEV_000010,Device,2025-05-05 13:23:44,2025-05-05 13:23:44,1,1.0,
PER_000084,Person,USES_DEVICE,DEV_000011,Device,2025-04-15 16:17:55,2025-04-15 16:17:55,1,1.0,
PER_000084,Person,USES_DEVICE,DEV_000031,Device,2025-06-03 11:47:28,2025-06-03 11:47:28,1,1.0,
PER_000084,Person,USES_DEVICE,DEV_000032,Device,2025-07-21 08:18:11,2025-07-21 08:18:11,1,1.0,
PER_000084,Person,USES_DEVICE,DEV_000039,Device,2025-04-06 16:49:56,2025-04-06 16:49:56,1,1.0,
PER_000084,Person,USES_DEVICE,DEV_000046,Device,2025-11-12 11:39:57,2025-11-12 11:39:57,1,1.0,
PER_000084,Person,USES_DEVICE,DEV_000048,Device,2025-08-29 10:18:39,2025-08-29 10:18:39,1,1.0,
PER_000084,Person,USES_DEVICE,DEV_000053,Device,2025-07-19 12:53:48,2025-07-19 12:53:48,1,1.0,
PER_000084,Person,USES_DEVICE,DEV_000058,Device,2025-02-17 07:21:00,2025-02-17 07:21:00,1,1.0,
PER_000084,Person,USES_DEVICE,DEV_000062,Device,2025-08-29 17:15:27,2025-08-29 17:15:27,1,1.0,
PER_000084,Person,USES_DEVICE,DEV_000068,Device,2025-06-04 16:51:08,2025-06-04 16:51:08,1,1.0,
PER_000084,Person,USES_DEVICE,DEV_000077,Device,2025-01-27 18:02:29,2025-06-03 17:15:55,2,2.0,
PER_000084,Person,USES_DEVICE,DEV_000079,Device,2025-07-15 11:06:19,2025-07-15 11:06:19,1,1.0,
PER_000084,Person,USES_DEVICE,DEV_000084,Device,2025-01-25 15:24:24,2025-02-04 19:34:26,2,2.0,
PER_000084,Person,USES_DEVICE,DEV_000088,Device,2025-04-01 15:20:40,2025-04-01 15:20:40,1,1.0,
PER_000084,Person,USES_DEVICE,DEV_000090,Device,2025-01-01 21:45:34,2025-01-01 21:45:34,1,1.0,
PER_000084,Person,USES_DEVICE,DEV_000096,Device,2025-02-14 13:31:24,2025-02-14 13:31:24,1,1.0,
PER_000084,Person,USES_DEVICE,DEV_000109,Device,2025-10-10 06:32:55,2025-10-10 06:32:55,1,1.0,
PER_000084,Person,USES_DEVICE,DEV_000111,Device,2025-12-30 12:45:57,2025-12-30 12:45:57,1,1.0,
PER_000084,Person,USES_DEVICE,DEV_000119,Device,2025-10-30 13:48:12,2025-10-30 13:48:12,1,1.0,
PER_000085,Person,USES_DEVICE,DEV_000004,Device,2025-09-22 08:27:11,2025-09-22 08:27:11,1,1.0,
PER_000085,Person,USES_DEVICE,DEV_000009,Device,2025-12-11 05:43:38,2025-12-11 05:43:38,1,1.0,
PER_000085,Person,USES_DEVICE,DEV_000012,Device,2025-05-13 13:54:05,2025-10-10 14:41:38,2,2.0,
PER_000085,Person,USES_DEVICE,DEV_000023,Device,2025-07-10 03:39:26,2025-07-10 03:39:26,1,1.0,
PER_000085,Person,USES_DEVICE,DEV_000025,Device,2025-09-24 07:28:20,2025-09-24 07:28:20,1,1.0,
PER_000085,Person,USES_DEVICE,DEV_000026,Device,2025-03-02 18:46:39,2025-03-02 18:46:39,1,1.0,
PER_000085,Person,USES_DEVICE,DEV_000030,Device,2025-01-28 13:12:09,2025-03-17 00:09:21,2,2.0,
PER_000085,Person,USES_DEVICE,DEV_000033,Device,2025-01-08 07:01:35,2025-01-08 07:01:35,1,1.0,
PER_000085,Person,USES_DEVICE,DEV_000038,Device,2025-09-10 16:50:29,2025-09-10 16:50:29,1,1.0,
PER_000085,Person,USES_DEVICE,DEV_000043,Device,2025-08-17 10:20:43,2025-08-24 17:33:47,2,2.0,
PER_000085,Person,USES_DEVICE,DEV_000044,Device,2025-01-06 12:44:38,2025-08-31 18:43:41,2,2.0,
PER_000085,Person,USES_DEVICE,DEV_000050,Device,2025-06-21 13:02:13,2025-06-21 13:02:13,1,1.0,
PER_000085,Person,USES_DEVICE,DEV_000075,Device,2025-09-27 05:46:35,2025-09-27 05:46:35,1,1.0,
PER_000085,Person,USES_DEVICE,DEV_000080,Device,2025-10-10 17:58:45,2025-10-10 17:58:45,1,1.0,
PER_000085,Person,USES_DEVICE,DEV_000102,Device,2025-07-24 02:09:53,2025-07-24 02:09:53,1,1.0,
PER_000085,Person,USES_DEVICE,DEV_000104,Device,2025-02-13 13:38:24,2025-02-13 13:38:24,1,1.0,
PER_000085,Person,USES_DEVICE,DEV_000105,Device,2025-03-24 17:54:10,2025-03-24 17:54:10,1,1.0,
PER_000085,Person,USES_DEVICE,DEV_000109,Device,2025-07-16 09:16:30,2025-07-16 09:16:30,1,1.0,
PER_000085,Person,USES_DEVICE,DEV_000114,Device,2025-04-04 06:18:40,2025-04-04 06:18:40,1,1.0,
PER_000086,Person,USES_DEVICE,DEV_000001,Device,2025-05-06 15:47:41,2025-05-06 15:47:41,1,1.0,
PER_000086,Person,USES_DEVICE,DEV_000002,Device,2025-08-05 11:17:05,2025-08-05 11:17:05,1,1.0,
PER_000086,Person,USES_DEVICE,DEV_000011,Device,2025-06-15 22:04:25,2025-06-15 22:04:25,1,1.0,
PER_000086,Person,USES_DEVICE,DEV_000016,Device,2025-09-01 20:25:32,2025-09-01 20:25:32,1,1.0,
PER_000086,Person,USES_DEVICE,DEV_000017,Device,2025-12-21 12:45:03,2025-12-21 12:45:03,1,1.0,
PER_000086,Person,USES_DEVICE,DEV_000025,Device,2025-03-29 15:02:03,2025-03-29 15:02:03,1,1.0,
PER_000086,Person,USES_DEVICE,DEV_000038,Device,2025-09-17 14:19:54,2025-09-17 14:19:54,1,1.0,
PER_000086,Person,USES_DEVICE,DEV_000048,Device,2025-12-02 15:35:19,2025-12-02 15:35:19,1,1.0,
PER_000086,Person,USES_DEVICE,DEV_000051,Device,2025-11-27 16:32:10,2025-11-27 16:32:10,1,1.0,
PER_000086,Person,USES_DEVICE,DEV_000056,Device,2025-09-23 13:33:44,2025-09-23 13:33:44,1,1.0,
PER_000086,Person,USES_DEVICE,DEV_000057,Device,2025-06-22 14:19:40,2025-06-22 14:19:40,1,1.0,
PER_000086,Person,USES_DEVICE,DEV_000062,Device,2025-04-01 14:50:11,2025-04-01 14:50:11,1,1.0,
PER_000086,Person,USES_DEVICE,DEV_000073,Device,2025-02-10 06:59:48,2025-02-10 06:59:48,1,1.0,
PER_000086,Person,USES_DEVICE,DEV_000081,Device,2025-08-20 08:46:18,2025-08-20 08:46:18,1,1.0,
PER_000086,Person,USES_DEVICE,DEV_000091,Device,2025-07-17 04:44:56,2025-07-17 04:44:56,1,1.0,
PER_000086,Person,USES_DEVICE,DEV_000093,Device,2025-03-18 18:05:49,2025-03-18 18:05:49,1,1.0,
PER_000086,Person,USES_DEVICE,DEV_000101,Device,2025-08-19 16:38:56,2025-08-19 16:38:56,1,1.0,
PER_000086,Person,USES_DEVICE,DEV_000111,Device,2025-03-29 05:09:38,2025-10-20 09:30:45,2,2.0,
PER_000086,Person,USES_DEVICE,DEV_000113,Device,2025-04-10 13:51:49,2025-11-13 09:37:06,2,2.0,
PER_000086,Person,USES_DEVICE,DEV_000115,Device,2025-10-28 01:19:59,2025-10-28 01:19:59,1,1.0,
PER_000086,Person,USES_DEVICE,DEV_000117,Device,2025-08-10 09:28:36,2025-08-10 09:28:36,1,1.0,
PER_000086,Person,USES_DEVICE,DEV_000119,Device,2025-07-02 09:11:15,2025-07-02 09:11:15,1,1.0,
PER_000087,Person,USES_DEVICE,DEV_000001,Device,2025-11-25 07:28:11,2025-11-25 07:28:11,1,1.0,
PER_000087,Person,USES_DEVICE,DEV_000002,Device,2025-02-22 11:43:51,2025-04-03 14:58:50,2,2.0,
PER_000087,Person,USES_DEVICE,DEV_000003,Device,2025-02-09 16:51:12,2025-09-04 18:11:02,3,3.0,
PER_000087,Person,USES_DEVICE,DEV_000004,Device,2025-04-25 14:58:05,2025-08-17 11:20:43,3,3.0,
PER_000087,Person,USES_DEVICE,DEV_000009,Device,2025-11-05 21:57:57,2025-11-05 21:57:57,1,1.0,
PER_000087,Person,USES_DEVICE,DEV_000011,Device,2025-01-26 10:35:25,2025-09-09 15:54:31,3,3.0,
PER_000087,Person,USES_DEVICE,DEV_000012,Device,2025-02-03 07:55:07,2025-04-17 15:01:44,2,2.0,
PER_000087,Person,USES_DEVICE,DEV_000013,Device,2025-04-06 11:22:22,2025-11-26 21:43:24,2,2.0,
PER_000087,Person,USES_DEVICE,DEV_000014,Device,2025-11-20 21:47:48,2025-11-20 21:47:48,1,1.0,
PER_000087,Person,USES_DEVICE,DEV_000015,Device,2025-03-12 06:42:52,2025-03-12 06:42:52,1,1.0,
PER_000087,Person,USES_DEVICE,DEV_000016,Device,2025-01-24 18:17:26,2025-12-28 18:50:22,4,4.0,
PER_000087,Person,USES_DEVICE,DEV_000017,Device,2025-04-10 12:19:40,2025-04-10 12:19:40,1,1.0,
PER_000087,Person,USES_DEVICE,DEV_000018,Device,2025-02-10 02:07:56,2025-12-18 11:40:51,2,2.0,
PER_000087,Person,USES_DEVICE,DEV_000020,Device,2025-05-29 08:43:47,2025-05-29 08:43:47,1,1.0,
PER_000087,Person,USES_DEVICE,DEV_000021,Device,2025-01-12 12:40:36,2025-04-20 12:09:15,2,2.0,
PER_000087,Person,USES_DEVICE,DEV_000023,Device,2025-06-10 18:05:19,2025-12-17 11:03:07,2,2.0,
PER_000087,Person,USES_DEVICE,DEV_000024,Device,2025-04-08 16:44:17,2025-04-08 16:44:17,1,1.0,
PER_000087,Person,USES_DEVICE,DEV_000025,Device,2025-02-11 04:00:26,2025-12-04 23:51:11,4,4.0,
PER_000087,Person,USES_DEVICE,DEV_000026,Device,2025-02-20 19:35:59,2025-08-27 08:53:07,3,3.0,
PER_000087,Person,USES_DEVICE,DEV_000028,Device,2025-07-03 10:40:40,2025-07-03 10:40:40,1,1.0,
PER_000087,Person,USES_DEVICE,DEV_000030,Device,2025-06-04 09:14:31,2025-09-13 13:19:48,3,3.0,
PER_000087,Person,USES_DEVICE,DEV_000032,Device,2025-07-29 02:28:05,2025-07-29 02:28:05,1,1.0,
PER_000087,Person,USES_DEVICE,DEV_000033,Device,2025-01-14 11:15:54,2025-01-14 11:15:54,1,1.0,
PER_000087,Person,USES_DEVICE,DEV_000034,Device,2025-05-24 09:25:51,2025-06-11 18:03:47,2,2.0,
PER_000087,Person,USES_DEVICE,DEV_000035,Device,2025-10-17 05:41:26,2025-10-17 05:41:26,1,1.0,
PER_000087,Person,USES_DEVICE,DEV_000038,Device,2025-01-08 17:17:28,2025-05-16 15:32:14,3,3.0,
PER_000087,Person,USES_DEVICE,DEV_000039,Device,2025-12-07 22:42:37,2025-12-07 22:42:37,1,1.0,
PER_000087,Person,USES_DEVICE,DEV_000045,Device,2025-02-22 10:10:43,2025-12-18 21:56:29,3,3.0,
PER_000087,Person,USES_DEVICE,DEV_000046,Device,2025-03-22 18:04:34,2025-03-22 18:04:34,1,1.0,
PER_000087,Person,USES_DEVICE,DEV_000050,Device,2025-11-26 03:41:20,2025-11-26 03:41:20,1,1.0,
PER_000087,Person,USES_DEVICE,DEV_000052,Device,2025-02-25 13:35:19,2025-10-21 08:55:33,4,4.0,
PER_000087,Person,USES_DEVICE,DEV_000053,Device,2025-02-08 14:29:19,2025-02-08 14:29:19,1,1.0,
PER_000087,Person,USES_DEVICE,DEV_000054,Device,2025-12-24 15:35:56,2025-12-24 15:35:56,1,1.0,
PER_000087,Person,USES_DEVICE,DEV_000055,Device,2025-06-29 17:37:51,2025-06-29 17:37:51,1,1.0,
PER_000087,Person,USES_DEVICE,DEV_000056,Device,2025-07-22 13:37:13,2025-07-22 13:37:13,1,1.0,
PER_000087,Person,USES_DEVICE,DEV_000057,Device,2025-04-14 21:07:56,2025-08-29 14:31:35,3,3.0,
PER_000087,Person,USES_DEVICE,DEV_000059,Device,2025-12-28 03:01:41,2025-12-28 03:01:41,1,1.0,
PER_000087,Person,USES_DEVICE,DEV_000061,Device,2025-01-01 18:31:55,2025-01-01 18:31:55,1,1.0,
PER_000087,Person,USES_DEVICE,DEV_000062,Device,2025-03-21 10:52:45,2025-08-31 14:51:02,2,2.0,
PER_000087,Person,USES_DEVICE,DEV_000063,Device,2025-02-05 15:00:39,2025-11-01 18:17:04,4,4.0,
PER_000087,Person,USES_DEVICE,DEV_000064,Device,2025-07-10 17:44:28,2025-07-10 17:44:28,1,1.0,
PER_000087,Person,USES_DEVICE,DEV_000066,Device,2025-09-07 16:21:49,2025-12-18 19:42:55,2,2.0,
PER_000087,Person,USES_DEVICE,DEV_000067,Device,2025-10-11 17:32:13,2025-10-11 17:32:13,1,1.0,
PER_000087,Person,USES_DEVICE,DEV_000071,Device,2025-03-05 11:16:39,2025-05-06 19:32:26,2,2.0,
PER_000087,Person,USES_DEVICE,DEV_000072,Device,2025-09-09 19:03:46,2025-09-09 19:03:46,1,1.0,
PER_000087,Person,USES_DEVICE,DEV_000075,Device,2025-01-11 20:22:48,2025-01-11 20:22:48,1,1.0,
PER_000087,Person,USES_DEVICE,DEV_000076,Device,2025-08-12 13:34:38,2025-08-12 13:34:38,1,1.0,
PER_000087,Person,USES_DEVICE,DEV_000077,Device,2025-07-20 20:20:49,2025-12-25 16:31:04,2,2.0,
PER_000087,Person,USES_DEVICE,DEV_000078,Device,2025-03-27 21:15:01,2025-12-03 13:04:08,5,5.0,
PER_000087,Person,USES_DEVICE,DEV_000079,Device,2025-05-30 23:09:14,2025-08-11 07:45:58,2,2.0,
PER_000087,Person,USES_DEVICE,DEV_000080,Device,2025-07-09 12:15:30,2025-07-09 12:15:30,1,1.0,
PER_000087,Person,USES_DEVICE,DEV_000081,Device,2025-12-31 18:34:44,2025-12-31 18:34:44,1,1.0,
PER_000087,Person,USES_DEVICE,DEV_000082,Device,2025-03-18 13:07:59,2025-03-18 13:07:59,1,1.0,
PER_000087,Person,USES_DEVICE,DEV_000083,Device,2025-04-26 09:58:12,2025-10-27 11:04:51,2,2.0,
PER_000087,Person,USES_DEVICE,DEV_000085,Device,2025-08-20 19:45:58,2025-08-20 19:45:58,1,1.0,
PER_000087,Person,USES_DEVICE,DEV_000086,Device,2025-05-27 10:52:38,2025-05-27 10:52:38,1,1.0,
PER_000087,Person,USES_DEVICE,DEV_000089,Device,2025-01-02 19:36:39,2025-08-29 13:02:49,3,3.0,
PER_000087,Person,USES_DEVICE,DEV_000092,Device,2025-10-07 09:12:41,2025-10-07 09:12:41,1,1.0,
PER_000087,Person,USES_DEVICE,DEV_000093,Device,2025-03-25 09:23:42,2025-03-25 09:23:42,1,1.0,
PER_000087,Person,USES_DEVICE,DEV_000094,Device,2025-03-15 09:10:16,2025-09-28 11:50:13,4,4.0,
PER_000087,Person,USES_DEVICE,DEV_000096,Device,2025-09-13 09:21:15,2025-09-13 09:21:15,1,1.0,
PER_000087,Person,USES_DEVICE,DEV_000097,Device,2025-07-21 17:50:37,2025-07-21 17:50:37,1,1.0,
PER_000087,Person,USES_DEVICE,DEV_000098,Device,2025-03-20 12:54:07,2025-11-23 09:43:34,3,3.0,
PER_000087,Person,USES_DEVICE,DEV_000099,Device,2025-09-19 09:21:39,2025-09-19 09:21:39,1,1.0,
PER_000087,Person,USES_DEVICE,DEV_000101,Device,2025-06-21 15:08:10,2025-06-21 15:08:10,1,1.0,
PER_000087,Person,USES_DEVICE,DEV_000103,Device,2025-06-04 17:08:23,2025-07-31 19:10:40,2,2.0,
PER_000087,Person,USES_DEVICE,DEV_000105,Device,2025-07-17 10:07:00,2025-11-25 06:19:42,3,3.0,
PER_000087,Person,USES_DEVICE,DEV_000106,Device,2025-04-15 08:17:20,2025-04-15 08:17:20,1,1.0,
PER_000087,Person,USES_DEVICE,DEV_000108,Device,2025-12-14 05:06:07,2025-12-14 05:06:07,1,1.0,
PER_000087,Person,USES_DEVICE,DEV_000109,Device,2025-01-09 18:58:31,2025-01-09 18:58:31,1,1.0,
PER_000087,Person,USES_DEVICE,DEV_000110,Device,2025-02-04 14:39:14,2025-02-04 14:39:14,1,1.0,
PER_000087,Person,USES_DEVICE,DEV_000111,Device,2025-04-27 16:27:22,2025-05-25 14:49:55,2,2.0,
PER_000087,Person,USES_DEVICE,DEV_000115,Device,2025-06-25 19:36:04,2025-06-25 19:36:04,1,1.0,
PER_000087,Person,USES_DEVICE,DEV_000117,Device,2025-05-30 15:42:25,2025-05-30 15:42:25,1,1.0,
PER_000087,Person,USES_DEVICE,DEV_000119,Device,2025-04-22 07:00:47,2025-04-22 07:00:47,1,1.0,
PER_000088,Person,USES_DEVICE,DEV_000009,Device,2025-05-25 11:48:10,2025-05-25 11:48:10,1,1.0,
PER_000088,Person,USES_DEVICE,DEV_000018,Device,2025-12-29 15:30:49,2025-12-29 15:30:49,1,1.0,
PER_000088,Person,USES_DEVICE,DEV_000019,Device,2025-08-04 12:15:05,2025-08-04 12:15:05,1,1.0,
PER_000088,Person,USES_DEVICE,DEV_000020,Device,2025-04-22 04:04:58,2025-04-22 04:04:58,1,1.0,
PER_000088,Person,USES_DEVICE,DEV_000027,Device,2025-12-30 10:55:57,2025-12-30 10:55:57,1,1.0,
PER_000088,Person,USES_DEVICE,DEV_000036,Device,2025-11-04 19:40:10,2025-11-04 19:40:10,1,1.0,
PER_000088,Person,USES_DEVICE,DEV_000041,Device,2025-07-11 16:53:48,2025-07-11 16:53:48,1,1.0,
PER_000088,Person,USES_DEVICE,DEV_000048,Device,2025-11-21 14:11:44,2025-11-21 14:11:44,1,1.0,
PER_000088,Person,USES_DEVICE,DEV_000053,Device,2025-10-13 07:39:27,2025-10-13 07:39:27,1,1.0,
PER_000088,Person,USES_DEVICE,DEV_000057,Device,2025-01-15 03:58:14,2025-01-15 03:58:14,1,1.0,
PER_000088,Person,USES_DEVICE,DEV_000074,Device,2025-09-11 03:42:52,2025-09-11 03:42:52,1,1.0,
PER_000088,Person,USES_DEVICE,DEV_000084,Device,2025-07-25 20:28:15,2025-12-12 05:49:28,2,2.0,
PER_000088,Person,USES_DEVICE,DEV_000096,Device,2025-08-18 21:24:34,2025-08-18 21:24:34,1,1.0,
PER_000088,Person,USES_DEVICE,DEV_000100,Device,2025-07-05 15:57:52,2025-07-05 15:57:52,1,1.0,
PER_000088,Person,USES_DEVICE,DEV_000103,Device,2025-12-22 18:30:50,2025-12-22 18:30:50,1,1.0,
PER_000088,Person,USES_DEVICE,DEV_000116,Device,2025-05-09 04:12:37,2025-09-12 04:28:13,2,2.0,
PER_000089,Person,USES_DEVICE,DEV_000001,Device,2025-11-03 14:04:54,2025-11-03 14:04:54,1,1.0,
PER_000089,Person,USES_DEVICE,DEV_000005,Device,2025-10-27 18:34:22,2025-10-27 18:34:22,1,1.0,
PER_000089,Person,USES_DEVICE,DEV_000012,Device,2025-05-30 17:14:33,2025-05-30 17:14:33,1,1.0,
PER_000089,Person,USES_DEVICE,DEV_000013,Device,2025-10-11 08:32:35,2025-10-11 08:32:35,1,1.0,
PER_000089,Person,USES_DEVICE,DEV_000015,Device,2025-01-27 09:05:42,2025-01-27 09:05:42,1,1.0,
PER_000089,Person,USES_DEVICE,DEV_000028,Device,2025-12-08 18:55:33,2025-12-08 18:55:33,1,1.0,
PER_000089,Person,USES_DEVICE,DEV_000030,Device,2025-11-20 06:56:01,2025-11-20 06:56:01,1,1.0,
PER_000089,Person,USES_DEVICE,DEV_000040,Device,2025-07-01 21:55:54,2025-07-01 21:55:54,1,1.0,
PER_000089,Person,USES_DEVICE,DEV_000050,Device,2025-07-09 12:44:55,2025-07-09 12:44:55,1,1.0,
PER_000089,Person,USES_DEVICE,DEV_000062,Device,2025-08-21 15:34:06,2025-08-21 15:34:06,1,1.0,
PER_000089,Person,USES_DEVICE,DEV_000065,Device,2025-04-12 17:07:16,2025-08-22 11:11:17,2,2.0,
PER_000089,Person,USES_DEVICE,DEV_000068,Device,2025-09-22 22:45:42,2025-09-22 22:45:42,1,1.0,
PER_000089,Person,USES_DEVICE,DEV_000076,Device,2025-04-02 17:05:21,2025-04-02 17:05:21,1,1.0,
PER_000089,Person,USES_DEVICE,DEV_000083,Device,2025-04-06 13:53:31,2025-04-06 13:53:31,1,1.0,
PER_000089,Person,USES_DEVICE,DEV_000087,Device,2025-09-13 21:35:01,2025-09-13 21:35:01,1,1.0,
PER_000089,Person,USES_DEVICE,DEV_000089,Device,2025-01-20 22:25:56,2025-01-20 22:25:56,1,1.0,
PER_000089,Person,USES_DEVICE,DEV_000099,Device,2025-12-19 15:38:09,2025-12-19 15:38:09,1,1.0,
PER_000089,Person,USES_DEVICE,DEV_000105,Device,2025-06-17 17:01:37,2025-06-17 17:01:37,1,1.0,
PER_000089,Person,USES_DEVICE,DEV_000111,Device,2025-10-16 22:47:02,2025-10-16 22:47:02,1,1.0,
PER_000089,Person,USES_DEVICE,DEV_000112,Device,2025-06-15 08:35:31,2025-06-15 08:35:31,1,1.0,
PER_000089,Person,USES_DEVICE,DEV_000114,Device,2025-02-06 11:54:14,2025-02-06 11:54:14,1,1.0,
PER_000089,Person,USES_DEVICE,DEV_000119,Device,2025-11-06 08:42:06,2025-11-06 08:42:06,1,1.0,
PER_000090,Person,USES_DEVICE,DEV_000010,Device,2025-08-23 15:54:00,2025-08-23 15:54:00,1,1.0,
PER_000090,Person,USES_DEVICE,DEV_000016,Device,2025-02-05 21:04:26,2025-02-05 21:04:26,1,1.0,
PER_000090,Person,USES_DEVICE,DEV_000026,Device,2025-01-18 15:17:26,2025-01-18 15:17:26,1,1.0,
PER_000090,Person,USES_DEVICE,DEV_000028,Device,2025-09-18 14:44:43,2025-09-18 14:44:43,1,1.0,
PER_000090,Person,USES_DEVICE,DEV_000030,Device,2025-02-18 18:44:47,2025-02-18 18:44:47,1,1.0,
PER_000090,Person,USES_DEVICE,DEV_000031,Device,2025-12-15 16:07:10,2025-12-15 16:07:10,1,1.0,
PER_000090,Person,USES_DEVICE,DEV_000040,Device,2025-11-04 10:31:19,2025-11-04 10:31:19,1,1.0,
PER_000090,Person,USES_DEVICE,DEV_000063,Device,2025-07-19 15:34:19,2025-07-19 15:34:19,1,1.0,
PER_000090,Person,USES_DEVICE,DEV_000065,Device,2025-11-21 19:31:41,2025-11-21 19:31:41,1,1.0,
PER_000090,Person,USES_DEVICE,DEV_000084,Device,2025-11-21 14:22:43,2025-11-21 14:22:43,1,1.0,
PER_000090,Person,USES_DEVICE,DEV_000089,Device,2025-12-21 12:57:34,2025-12-21 12:57:34,1,1.0,
PER_000090,Person,USES_DEVICE,DEV_000091,Device,2025-04-22 18:47:31,2025-04-22 18:47:31,1,1.0,
PER_000090,Person,USES_DEVICE,DEV_000096,Device,2025-03-07 11:48:40,2025-03-07 11:48:40,1,1.0,
PER_000090,Person,USES_DEVICE,DEV_000097,Device,2025-12-24 15:46:16,2025-12-24 15:46:16,1,1.0,
PER_000090,Person,USES_DEVICE,DEV_000102,Device,2025-03-12 07:29:25,2025-03-12 07:29:25,1,1.0,
PER_000090,Person,USES_DEVICE,DEV_000104,Device,2025-11-07 17:42:32,2025-11-07 17:42:32,1,1.0,
PER_000090,Person,USES_DEVICE,DEV_000107,Device,2025-04-20 17:29:13,2025-04-20 17:29:13,1,1.0,
PER_000090,Person,USES_DEVICE,DEV_000117,Device,2025-01-17 21:42:52,2025-01-17 21:42:52,1,1.0,
PER_000090,Person,USES_DEVICE,DEV_000119,Device,2025-07-29 16:31:41,2025-07-29 16:31:41,1,1.0,
PER_000090,Person,USES_DEVICE,DEV_000120,Device,2025-10-29 09:27:41,2025-10-29 09:27:41,1,1.0,
PER_000091,Person,USES_DEVICE,DEV_000002,Device,2025-01-09 08:47:23,2025-12-18 11:43:07,22,22.0,
PER_000092,Person,USES_DEVICE,DEV_000003,Device,2025-10-03 10:05:14,2025-10-03 10:05:14,1,1.0,
PER_000092,Person,USES_DEVICE,DEV_000004,Device,2025-07-16 14:12:52,2025-07-16 14:12:52,1,1.0,
PER_000092,Person,USES_DEVICE,DEV_000012,Device,2025-10-09 16:15:14,2025-10-09 16:15:14,1,1.0,
PER_000092,Person,USES_DEVICE,DEV_000014,Device,2025-03-03 15:43:37,2025-03-03 15:43:37,1,1.0,
PER_000092,Person,USES_DEVICE,DEV_000020,Device,2025-08-15 21:55:12,2025-08-15 21:55:12,1,1.0,
PER_000092,Person,USES_DEVICE,DEV_000026,Device,2025-04-25 19:47:01,2025-04-25 19:47:01,1,1.0,
PER_000092,Person,USES_DEVICE,DEV_000032,Device,2025-07-20 18:39:52,2025-07-20 18:39:52,1,1.0,
PER_000092,Person,USES_DEVICE,DEV_000034,Device,2025-05-29 13:19:04,2025-05-29 13:19:04,1,1.0,
PER_000092,Person,USES_DEVICE,DEV_000037,Device,2025-01-16 21:32:36,2025-01-16 21:32:36,1,1.0,
PER_000092,Person,USES_DEVICE,DEV_000042,Device,2025-09-07 20:07:37,2025-10-21 21:19:10,2,2.0,
PER_000092,Person,USES_DEVICE,DEV_000044,Device,2025-04-23 16:14:07,2025-04-23 16:14:07,1,1.0,
PER_000092,Person,USES_DEVICE,DEV_000052,Device,2025-11-22 08:39:02,2025-11-22 08:39:02,1,1.0,
PER_000092,Person,USES_DEVICE,DEV_000056,Device,2025-10-31 14:20:29,2025-10-31 14:20:29,1,1.0,
PER_000092,Person,USES_DEVICE,DEV_000060,Device,2025-11-27 14:14:18,2025-11-27 14:14:18,1,1.0,
PER_000092,Person,USES_DEVICE,DEV_000062,Device,2025-09-02 02:16:02,2025-09-02 02:16:02,1,1.0,
PER_000092,Person,USES_DEVICE,DEV_000066,Device,2025-10-04 08:35:49,2025-10-04 08:35:49,1,1.0,
PER_000092,Person,USES_DEVICE,DEV_000074,Device,2025-02-07 13:45:13,2025-02-07 13:45:13,1,1.0,
PER_000092,Person,USES_DEVICE,DEV_000075,Device,2025-10-11 11:20:13,2025-10-11 11:20:13,1,1.0,
PER_000092,Person,USES_DEVICE,DEV_000078,Device,2025-08-08 20:19:26,2025-08-08 20:19:26,1,1.0,
PER_000092,Person,USES_DEVICE,DEV_000086,Device,2025-11-18 10:40:28,2025-11-18 10:40:28,1,1.0,
PER_000092,Person,USES_DEVICE,DEV_000087,Device,2025-05-22 16:53:23,2025-05-22 16:53:23,1,1.0,
PER_000092,Person,USES_DEVICE,DEV_000101,Device,2025-04-05 15:10:58,2025-12-08 14:24:04,2,2.0,
PER_000092,Person,USES_DEVICE,DEV_000106,Device,2025-05-09 17:59:58,2025-05-09 17:59:58,1,1.0,
PER_000092,Person,USES_DEVICE,DEV_000108,Device,2025-03-04 06:14:02,2025-03-04 06:14:02,1,1.0,
PER_000093,Person,USES_DEVICE,DEV_000002,Device,2025-01-01 19:08:31,2025-01-01 19:08:31,1,1.0,
PER_000093,Person,USES_DEVICE,DEV_000005,Device,2025-07-11 18:30:29,2025-07-11 18:30:29,1,1.0,
PER_000093,Person,USES_DEVICE,DEV_000006,Device,2025-01-03 03:43:02,2025-09-05 09:02:38,3,3.0,
PER_000093,Person,USES_DEVICE,DEV_000007,Device,2025-10-11 16:42:45,2025-11-25 16:53:30,2,2.0,
PER_000093,Person,USES_DEVICE,DEV_000009,Device,2025-10-05 08:23:02,2025-10-05 08:23:02,1,1.0,
PER_000093,Person,USES_DEVICE,DEV_000010,Device,2025-03-28 13:07:18,2025-10-13 09:20:06,2,2.0,
PER_000093,Person,USES_DEVICE,DEV_000011,Device,2025-11-24 16:15:30,2025-11-24 16:15:30,1,1.0,
PER_000093,Person,USES_DEVICE,DEV_000013,Device,2025-08-02 16:44:11,2025-08-02 16:44:11,1,1.0,
PER_000093,Person,USES_DEVICE,DEV_000015,Device,2025-01-09 13:00:10,2025-12-28 11:33:31,6,6.0,
PER_000093,Person,USES_DEVICE,DEV_000017,Device,2025-11-27 18:00:14,2025-11-27 18:00:14,1,1.0,
PER_000093,Person,USES_DEVICE,DEV_000018,Device,2025-05-10 05:40:35,2025-05-19 14:02:26,2,2.0,
PER_000093,Person,USES_DEVICE,DEV_000019,Device,2025-10-20 16:46:47,2025-10-20 16:46:47,1,1.0,
PER_000093,Person,USES_DEVICE,DEV_000020,Device,2025-03-24 07:22:03,2025-10-31 15:29:13,2,2.0,
PER_000093,Person,USES_DEVICE,DEV_000021,Device,2025-06-22 15:49:55,2025-12-21 14:18:59,5,5.0,
PER_000093,Person,USES_DEVICE,DEV_000022,Device,2025-01-08 10:12:43,2025-11-09 22:25:17,2,2.0,
PER_000093,Person,USES_DEVICE,DEV_000023,Device,2025-03-13 07:43:59,2025-03-20 18:32:49,2,2.0,
PER_000093,Person,USES_DEVICE,DEV_000024,Device,2025-05-24 07:27:25,2025-12-11 18:00:07,2,2.0,
PER_000093,Person,USES_DEVICE,DEV_000025,Device,2025-06-11 10:55:08,2025-06-11 10:55:08,1,1.0,
PER_000093,Person,USES_DEVICE,DEV_000026,Device,2025-05-18 09:38:39,2025-05-18 09:38:39,1,1.0,
PER_000093,Person,USES_DEVICE,DEV_000027,Device,2025-09-27 10:09:58,2025-09-27 10:09:58,1,1.0,
PER_000093,Person,USES_DEVICE,DEV_000029,Device,2025-02-15 11:21:57,2025-09-01 09:40:43,4,4.0,
PER_000093,Person,USES_DEVICE,DEV_000030,Device,2025-10-02 20:20:06,2025-10-02 20:20:06,1,1.0,
PER_000093,Person,USES_DEVICE,DEV_000032,Device,2025-01-30 17:31:24,2025-01-30 17:31:24,1,1.0,
PER_000093,Person,USES_DEVICE,DEV_000033,Device,2025-04-15 15:19:48,2025-09-25 11:01:24,2,2.0,
PER_000093,Person,USES_DEVICE,DEV_000034,Device,2025-05-12 17:56:24,2025-05-12 17:56:24,1,1.0,
PER_000093,Person,USES_DEVICE,DEV_000036,Device,2025-10-18 12:01:41,2025-10-28 11:12:32,2,2.0,
PER_000093,Person,USES_DEVICE,DEV_000037,Device,2025-05-08 17:03:11,2025-05-08 17:03:11,1,1.0,
PER_000093,Person,USES_DEVICE,DEV_000039,Device,2025-09-09 16:25:47,2025-09-09 16:25:47,1,1.0,
PER_000093,Person,USES_DEVICE,DEV_000040,Device,2025-08-07 12:39:50,2025-12-16 14:02:59,3,3.0,
PER_000093,Person,USES_DEVICE,DEV_000041,Device,2025-01-11 10:03:55,2025-11-05 07:47:13,3,3.0,
PER_000093,Person,USES_DEVICE,DEV_000043,Device,2025-04-01 09:55:58,2025-10-26 12:14:53,4,4.0,
PER_000093,Person,USES_DEVICE,DEV_000044,Device,2025-01-07 16:50:44,2025-07-27 03:56:09,3,3.0,
PER_000093,Person,USES_DEVICE,DEV_000045,Device,2025-01-06 22:16:10,2025-08-09 21:02:08,3,3.0,
PER_000093,Person,USES_DEVICE,DEV_000046,Device,2025-03-14 05:23:14,2025-12-21 13:10:22,4,4.0,
PER_000093,Person,USES_DEVICE,DEV_000047,Device,2025-10-13 20:20:24,2025-10-13 20:20:24,1,1.0,
PER_000093,Person,USES_DEVICE,DEV_000049,Device,2025-04-06 16:02:37,2025-04-19 05:05:25,2,2.0,
PER_000093,Person,USES_DEVICE,DEV_000050,Device,2025-07-12 20:17:49,2025-07-12 20:17:49,1,1.0,
PER_000093,Person,USES_DEVICE,DEV_000051,Device,2025-03-23 10:01:49,2025-11-06 07:09:55,4,4.0,
PER_000093,Person,USES_DEVICE,DEV_000052,Device,2025-03-17 13:41:09,2025-03-17 13:41:09,1,1.0,
PER_000093,Person,USES_DEVICE,DEV_000054,Device,2025-06-27 17:29:07,2025-08-05 13:30:53,2,2.0,
PER_000093,Person,USES_DEVICE,DEV_000055,Device,2025-02-14 21:09:37,2025-08-24 09:13:31,2,2.0,
PER_000093,Person,USES_DEVICE,DEV_000056,Device,2025-02-26 17:55:18,2025-02-26 17:55:18,1,1.0,
PER_000093,Person,USES_DEVICE,DEV_000057,Device,2025-04-13 11:12:16,2025-04-13 11:12:16,1,1.0,
PER_000093,Person,USES_DEVICE,DEV_000058,Device,2025-03-11 18:25:26,2025-03-11 18:25:26,1,1.0,
PER_000093,Person,USES_DEVICE,DEV_000059,Device,2025-07-26 13:43:59,2025-09-08 14:53:46,2,2.0,
PER_000093,Person,USES_DEVICE,DEV_000060,Device,2025-05-13 06:42:56,2025-08-16 10:38:50,3,3.0,
PER_000093,Person,USES_DEVICE,DEV_000061,Device,2025-06-19 13:41:45,2025-08-31 17:03:45,2,2.0,
PER_000093,Person,USES_DEVICE,DEV_000062,Device,2025-09-15 12:03:03,2025-09-18 15:39:15,2,2.0,
PER_000093,Person,USES_DEVICE,DEV_000066,Device,2025-03-14 14:03:11,2025-09-14 21:10:59,3,3.0,
PER_000093,Person,USES_DEVICE,DEV_000067,Device,2025-10-10 11:20:54,2025-12-15 20:16:35,3,3.0,
PER_000093,Person,USES_DEVICE,DEV_000068,Device,2025-02-11 04:41:07,2025-02-25 16:11:39,2,2.0,
PER_000093,Person,USES_DEVICE,DEV_000069,Device,2025-02-01 14:03:28,2025-05-04 08:41:38,3,3.0,
PER_000093,Person,USES_DEVICE,DEV_000070,Device,2025-02-20 18:18:33,2025-05-07 15:12:53,2,2.0,
PER_000093,Person,USES_DEVICE,DEV_000071,Device,2025-03-13 20:07:54,2025-03-13 20:07:54,1,1.0,
PER_000093,Person,USES_DEVICE,DEV_000072,Device,2025-01-29 06:42:47,2025-01-29 06:42:47,1,1.0,
PER_000093,Person,USES_DEVICE,DEV_000073,Device,2025-11-13 13:45:14,2025-11-13 13:45:14,1,1.0,
PER_000093,Person,USES_DEVICE,DEV_000074,Device,2025-03-04 11:27:08,2025-11-27 10:49:24,2,2.0,
PER_000093,Person,USES_DEVICE,DEV_000078,Device,2025-01-11 05:00:47,2025-12-13 15:57:45,3,3.0,
PER_000093,Person,USES_DEVICE,DEV_000079,Device,2025-11-20 12:55:21,2025-11-20 12:55:21,1,1.0,
PER_000093,Person,USES_DEVICE,DEV_000080,Device,2025-01-21 12:07:28,2025-01-21 12:07:28,1,1.0,
PER_000093,Person,USES_DEVICE,DEV_000083,Device,2025-06-18 11:08:17,2025-06-18 11:08:17,1,1.0,
PER_000093,Person,USES_DEVICE,DEV_000084,Device,2025-03-13 16:20:08,2025-10-07 17:25:30,3,3.0,
PER_000093,Person,USES_DEVICE,DEV_000085,Device,2025-02-24 16:31:40,2025-02-24 16:31:40,1,1.0,
PER_000093,Person,USES_DEVICE,DEV_000086,Device,2025-03-14 21:13:03,2025-12-24 15:13:58,3,3.0,
PER_000093,Person,USES_DEVICE,DEV_000087,Device,2025-09-18 17:43:39,2025-12-18 04:42:15,2,2.0,
PER_000093,Person,USES_DEVICE,DEV_000089,Device,2025-01-02 15:30:26,2025-01-02 15:30:26,1,1.0,
PER_000093,Person,USES_DEVICE,DEV_000090,Device,2025-02-05 21:19:05,2025-12-25 12:09:32,3,3.0,
PER_000093,Person,USES_DEVICE,DEV_000091,Device,2025-10-11 18:28:18,2025-10-17 06:58:17,2,2.0,
PER_000093,Person,USES_DEVICE,DEV_000092,Device,2025-09-05 13:32:50,2025-12-25 13:36:56,2,2.0,
PER_000093,Person,USES_DEVICE,DEV_000093,Device,2025-05-13 19:15:53,2025-06-25 03:49:09,2,2.0,
PER_000093,Person,USES_DEVICE,DEV_000094,Device,2025-08-25 15:49:43,2025-08-25 15:49:43,1,1.0,
PER_000093,Person,USES_DEVICE,DEV_000095,Device,2025-06-12 14:10:13,2025-06-12 14:10:13,1,1.0,
PER_000093,Person,USES_DEVICE,DEV_000098,Device,2025-04-15 17:06:03,2025-06-18 11:58:50,3,3.0,
PER_000093,Person,USES_DEVICE,DEV_000099,Device,2025-08-01 12:35:50,2025-12-04 15:16:15,2,2.0,
PER_000093,Person,USES_DEVICE,DEV_000100,Device,2025-02-19 12:51:59,2025-10-12 15:13:24,2,2.0,
PER_000093,Person,USES_DEVICE,DEV_000101,Device,2025-02-05 17:53:44,2025-12-05 15:29:25,4,4.0,
PER_000093,Person,USES_DEVICE,DEV_000103,Device,2025-05-26 16:34:34,2025-06-08 08:51:04,2,2.0,
PER_000093,Person,USES_DEVICE,DEV_000104,Device,2025-03-18 10:01:12,2025-11-29 18:33:39,3,3.0,
PER_000093,Person,USES_DEVICE,DEV_000105,Device,2025-06-12 13:13:49,2025-06-12 13:13:49,1,1.0,
PER_000093,Person,USES_DEVICE,DEV_000106,Device,2025-02-05 16:39:03,2025-08-10 01:12:02,3,3.0,
PER_000093,Person,USES_DEVICE,DEV_000107,Device,2025-08-15 15:12:03,2025-12-16 10:32:07,4,4.0,
PER_000093,Person,USES_DEVICE,DEV_000109,Device,2025-03-31 09:01:50,2025-03-31 09:01:50,1,1.0,
PER_000093,Person,USES_DEVICE,DEV_000111,Device,2025-03-19 15:47:24,2025-10-10 09:41:26,2,2.0,
PER_000093,Person,USES_DEVICE,DEV_000112,Device,2025-01-22 17:45:12,2025-01-22 17:45:12,1,1.0,
PER_000093,Person,USES_DEVICE,DEV_000113,Device,2025-02-27 02:40:23,2025-03-11 04:49:54,2,2.0,
PER_000093,Person,USES_DEVICE,DEV_000114,Device,2025-02-22 09:42:12,2025-10-11 16:04:17,2,2.0,
PER_000093,Person,USES_DEVICE,DEV_000115,Device,2025-11-04 15:11:43,2025-11-04 15:11:43,1,1.0,
PER_000093,Person,USES_DEVICE,DEV_000116,Device,2025-06-23 16:44:07,2025-12-22 19:01:50,3,3.0,
PER_000093,Person,USES_DEVICE,DEV_000117,Device,2025-02-14 05:05:37,2025-02-16 10:27:32,2,2.0,
PER_000093,Person,USES_DEVICE,DEV_000118,Device,2025-01-01 18:56:55,2025-10-30 18:34:09,5,5.0,
PER_000093,Person,USES_DEVICE,DEV_000120,Device,2025-01-25 10:20:24,2025-01-25 10:20:24,1,1.0,
PER_000094,Person,USES_DEVICE,DEV_000006,Device,2025-11-10 17:10:24,2025-11-10 17:10:24,1,1.0,
PER_000094,Person,USES_DEVICE,DEV_000011,Device,2025-12-17 20:50:18,2025-12-17 20:50:18,1,1.0,
PER_000094,Person,USES_DEVICE,DEV_000017,Device,2025-01-28 21:23:15,2025-06-20 12:12:34,2,2.0,
PER_000094,Person,USES_DEVICE,DEV_000022,Device,2025-01-12 19:20:39,2025-01-12 19:20:39,1,1.0,
PER_000094,Person,USES_DEVICE,DEV_000028,Device,2025-12-28 09:42:35,2025-12-28 09:42:35,1,1.0,
PER_000094,Person,USES_DEVICE,DEV_000035,Device,2025-11-22 05:07:34,2025-11-22 05:07:34,1,1.0,
PER_000094,Person,USES_DEVICE,DEV_000040,Device,2025-02-17 17:17:52,2025-02-17 17:17:52,1,1.0,
PER_000094,Person,USES_DEVICE,DEV_000043,Device,2025-12-17 07:32:26,2025-12-17 07:32:26,1,1.0,
PER_000094,Person,USES_DEVICE,DEV_000046,Device,2025-05-26 13:16:30,2025-05-26 13:16:30,1,1.0,
PER_000094,Person,USES_DEVICE,DEV_000050,Device,2025-07-14 00:04:35,2025-07-14 00:04:35,1,1.0,
PER_000094,Person,USES_DEVICE,DEV_000062,Device,2025-04-24 19:25:19,2025-04-24 19:25:19,1,1.0,
PER_000094,Person,USES_DEVICE,DEV_000065,Device,2025-08-25 20:32:46,2025-10-25 13:56:04,2,2.0,
PER_000094,Person,USES_DEVICE,DEV_000069,Device,2025-01-09 16:41:04,2025-01-09 16:41:04,1,1.0,
PER_000094,Person,USES_DEVICE,DEV_000073,Device,2025-11-02 10:17:39,2025-11-02 10:17:39,1,1.0,
PER_000094,Person,USES_DEVICE,DEV_000078,Device,2025-11-04 04:41:32,2025-11-04 04:41:32,1,1.0,
PER_000094,Person,USES_DEVICE,DEV_000089,Device,2025-06-10 18:36:47,2025-08-17 09:00:16,2,2.0,
PER_000094,Person,USES_DEVICE,DEV_000093,Device,2025-10-17 11:12:50,2025-10-17 11:12:50,1,1.0,
PER_000094,Person,USES_DEVICE,DEV_000099,Device,2025-03-16 15:05:20,2025-03-16 15:05:20,1,1.0,
PER_000094,Person,USES_DEVICE,DEV_000105,Device,2025-09-08 17:59:38,2025-09-08 17:59:38,1,1.0,
PER_000094,Person,USES_DEVICE,DEV_000111,Device,2025-05-07 08:13:20,2025-12-07 13:33:36,2,2.0,
PER_000094,Person,USES_DEVICE,DEV_000115,Device,2025-12-02 19:16:53,2025-12-02 19:16:53,1,1.0,
PER_000095,Person,USES_DEVICE,DEV_000009,Device,2025-02-01 21:05:13,2025-02-01 21:05:13,1,1.0,
PER_000095,Person,USES_DEVICE,DEV_000014,Device,2025-04-19 21:42:49,2025-04-19 21:42:49,1,1.0,
PER_000095,Person,USES_DEVICE,DEV_000017,Device,2025-12-23 13:44:22,2025-12-23 13:44:22,1,1.0,
PER_000095,Person,USES_DEVICE,DEV_000024,Device,2025-10-28 13:42:21,2025-10-28 13:42:21,1,1.0,
PER_000095,Person,USES_DEVICE,DEV_000032,Device,2025-04-09 22:02:32,2025-04-09 22:02:32,1,1.0,
PER_000095,Person,USES_DEVICE,DEV_000039,Device,2025-02-08 17:17:26,2025-02-08 17:17:26,1,1.0,
PER_000095,Person,USES_DEVICE,DEV_000040,Device,2025-02-03 15:42:29,2025-02-03 15:42:29,1,1.0,
PER_000095,Person,USES_DEVICE,DEV_000047,Device,2025-05-13 07:19:06,2025-05-13 07:19:06,1,1.0,
PER_000095,Person,USES_DEVICE,DEV_000051,Device,2025-05-22 06:04:39,2025-05-22 06:04:39,1,1.0,
PER_000095,Person,USES_DEVICE,DEV_000054,Device,2025-12-21 15:38:50,2025-12-21 15:38:50,1,1.0,
PER_000095,Person,USES_DEVICE,DEV_000056,Device,2025-05-21 04:33:25,2025-05-21 04:33:25,1,1.0,
PER_000095,Person,USES_DEVICE,DEV_000066,Device,2025-12-06 07:35:38,2025-12-06 07:35:38,1,1.0,
PER_000095,Person,USES_DEVICE,DEV_000067,Device,2025-01-10 15:12:14,2025-04-06 17:08:24,2,2.0,
PER_000095,Person,USES_DEVICE,DEV_000073,Device,2025-02-10 07:51:03,2025-02-10 07:51:03,1,1.0,
PER_000095,Person,USES_DEVICE,DEV_000087,Device,2025-02-09 12:15:31,2025-02-09 12:15:31,1,1.0,
PER_000095,Person,USES_DEVICE,DEV_000088,Device,2025-06-10 10:05:05,2025-06-10 10:05:05,1,1.0,
PER_000095,Person,USES_DEVICE,DEV_000094,Device,2025-03-27 17:02:32,2025-03-27 17:02:32,1,1.0,
PER_000095,Person,USES_DEVICE,DEV_000098,Device,2025-12-18 08:38:28,2025-12-18 08:38:28,1,1.0,
PER_000095,Person,USES_DEVICE,DEV_000100,Device,2025-08-24 15:21:12,2025-08-24 15:21:12,1,1.0,
PER_000095,Person,USES_DEVICE,DEV_000101,Device,2025-01-21 20:58:43,2025-01-21 20:58:43,1,1.0,
PER_000095,Person,USES_DEVICE,DEV_000102,Device,2025-07-04 17:45:31,2025-07-04 17:45:31,1,1.0,
PER_000095,Person,USES_DEVICE,DEV_000117,Device,2025-04-09 12:03:39,2025-04-09 12:03:39,1,1.0,
PER_000095,Person,USES_DEVICE,DEV_000118,Device,2025-07-09 13:28:41,2025-07-09 13:28:41,1,1.0,
PER_000095,Person,USES_DEVICE,DEV_000120,Device,2025-03-08 18:16:55,2025-03-08 18:16:55,1,1.0,
PER_000096,Person,USES_DEVICE,DEV_000004,Device,2025-11-18 03:07:26,2025-11-18 03:07:26,1,1.0,
PER_000096,Person,USES_DEVICE,DEV_000010,Device,2025-06-13 19:29:30,2025-06-13 19:29:30,1,1.0,
PER_000096,Person,USES_DEVICE,DEV_000012,Device,2025-06-29 12:15:50,2025-06-29 12:15:50,1,1.0,
PER_000096,Person,USES_DEVICE,DEV_000013,Device,2025-12-08 14:26:24,2025-12-08 14:26:24,1,1.0,
PER_000096,Person,USES_DEVICE,DEV_000016,Device,2025-03-06 14:55:00,2025-03-06 14:55:00,1,1.0,
PER_000096,Person,USES_DEVICE,DEV_000018,Device,2025-12-26 16:15:57,2025-12-26 16:15:57,1,1.0,
PER_000096,Person,USES_DEVICE,DEV_000019,Device,2025-08-03 13:37:05,2025-08-03 13:37:05,1,1.0,
PER_000096,Person,USES_DEVICE,DEV_000022,Device,2025-10-08 14:44:48,2025-10-08 14:44:48,1,1.0,
PER_000096,Person,USES_DEVICE,DEV_000033,Device,2025-10-11 08:09:17,2025-10-11 08:09:17,1,1.0,
PER_000096,Person,USES_DEVICE,DEV_000034,Device,2025-02-10 14:52:46,2025-02-10 14:52:46,1,1.0,
PER_000096,Person,USES_DEVICE,DEV_000035,Device,2025-07-27 05:02:01,2025-07-27 05:02:01,1,1.0,
PER_000096,Person,USES_DEVICE,DEV_000037,Device,2025-03-11 17:24:40,2025-03-11 17:24:40,1,1.0,
PER_000096,Person,USES_DEVICE,DEV_000039,Device,2025-10-24 18:01:09,2025-11-14 11:28:58,2,2.0,
PER_000096,Person,USES_DEVICE,DEV_000052,Device,2025-02-14 09:22:41,2025-03-14 13:49:46,2,2.0,
PER_000096,Person,USES_DEVICE,DEV_000062,Device,2025-08-01 19:12:13,2025-08-01 19:12:13,1,1.0,
PER_000096,Person,USES_DEVICE,DEV_000068,Device,2025-07-03 14:00:00,2025-07-03 14:00:00,1,1.0,
PER_000096,Person,USES_DEVICE,DEV_000075,Device,2025-10-16 09:16:03,2025-10-16 09:16:03,1,1.0,
PER_000096,Person,USES_DEVICE,DEV_000079,Device,2025-10-18 11:26:20,2025-10-18 11:26:20,1,1.0,
PER_000096,Person,USES_DEVICE,DEV_000087,Device,2025-04-16 13:39:50,2025-04-16 13:39:50,1,1.0,
PER_000096,Person,USES_DEVICE,DEV_000089,Device,2025-07-19 09:15:32,2025-07-19 09:15:32,1,1.0,
PER_000096,Person,USES_DEVICE,DEV_000093,Device,2025-12-24 09:19:30,2025-12-24 09:19:30,1,1.0,
PER_000096,Person,USES_DEVICE,DEV_000094,Device,2025-10-11 08:41:35,2025-10-11 08:41:35,1,1.0,
PER_000096,Person,USES_DEVICE,DEV_000095,Device,2025-10-05 21:11:41,2025-10-05 21:11:41,1,1.0,
PER_000096,Person,USES_DEVICE,DEV_000103,Device,2025-03-28 08:20:03,2025-03-28 08:20:03,1,1.0,
PER_000096,Person,USES_DEVICE,DEV_000108,Device,2025-08-03 06:09:23,2025-08-03 06:09:23,1,1.0,
PER_000096,Person,USES_DEVICE,DEV_000109,Device,2025-06-09 14:29:24,2025-06-09 14:29:24,1,1.0,
PER_000097,Person,USES_DEVICE,DEV_000004,Device,2025-08-02 12:55:44,2025-08-02 12:55:44,1,1.0,
PER_000097,Person,USES_DEVICE,DEV_000005,Device,2025-10-25 15:50:20,2025-10-25 15:50:20,1,1.0,
PER_000097,Person,USES_DEVICE,DEV_000016,Device,2025-02-06 21:24:04,2025-02-06 21:24:04,1,1.0,
PER_000097,Person,USES_DEVICE,DEV_000027,Device,2025-09-02 13:03:19,2025-09-02 13:03:19,1,1.0,
PER_000097,Person,USES_DEVICE,DEV_000033,Device,2025-12-25 08:11:00,2025-12-25 08:11:00,1,1.0,
PER_000097,Person,USES_DEVICE,DEV_000038,Device,2025-08-25 15:41:35,2025-08-25 15:41:35,1,1.0,
PER_000097,Person,USES_DEVICE,DEV_000042,Device,2025-12-26 12:13:48,2025-12-26 12:13:48,1,1.0,
PER_000097,Person,USES_DEVICE,DEV_000045,Device,2025-01-13 10:14:19,2025-01-13 10:14:19,1,1.0,
PER_000097,Person,USES_DEVICE,DEV_000046,Device,2025-01-24 21:44:54,2025-11-26 11:24:57,2,2.0,
PER_000097,Person,USES_DEVICE,DEV_000048,Device,2025-04-03 13:01:56,2025-04-03 13:01:56,1,1.0,
PER_000097,Person,USES_DEVICE,DEV_000051,Device,2025-08-16 10:59:23,2025-08-16 10:59:23,1,1.0,
PER_000097,Person,USES_DEVICE,DEV_000060,Device,2025-12-03 10:40:46,2025-12-03 10:40:46,1,1.0,
PER_000097,Person,USES_DEVICE,DEV_000068,Device,2025-06-08 07:38:10,2025-06-08 07:38:10,1,1.0,
PER_000097,Person,USES_DEVICE,DEV_000076,Device,2025-04-24 18:02:02,2025-04-24 18:02:02,1,1.0,
PER_000097,Person,USES_DEVICE,DEV_000077,Device,2025-08-02 16:45:31,2025-08-02 16:45:31,1,1.0,
PER_000097,Person,USES_DEVICE,DEV_000080,Device,2025-11-06 10:48:24,2025-11-06 10:48:24,1,1.0,
PER_000097,Person,USES_DEVICE,DEV_000087,Device,2025-12-30 16:36:03,2025-12-30 16:36:03,1,1.0,
PER_000097,Person,USES_DEVICE,DEV_000096,Device,2025-10-04 17:38:55,2025-10-04 17:38:55,1,1.0,
PER_000097,Person,USES_DEVICE,DEV_000098,Device,2025-03-23 09:39:08,2025-03-23 09:39:08,1,1.0,
PER_000097,Person,USES_DEVICE,DEV_000105,Device,2025-07-18 03:39:24,2025-07-18 03:39:24,1,1.0,
PER_000097,Person,USES_DEVICE,DEV_000118,Device,2025-09-08 04:43:57,2025-09-08 04:43:57,1,1.0,
PER_000097,Person,USES_DEVICE,DEV_000120,Device,2025-07-26 15:52:04,2025-07-26 15:52:04,1,1.0,
PER_000098,Person,USES_DEVICE,DEV_000002,Device,2025-11-03 02:23:45,2025-11-03 02:23:45,1,1.0,
PER_000098,Person,USES_DEVICE,DEV_000012,Device,2025-12-15 15:58:45,2025-12-15 15:58:45,1,1.0,
PER_000098,Person,USES_DEVICE,DEV_000015,Device,2025-01-22 04:59:33,2025-08-17 17:08:03,2,2.0,
PER_000098,Person,USES_DEVICE,DEV_000044,Device,2025-09-06 10:30:48,2025-09-06 10:30:48,1,1.0,
PER_000098,Person,USES_DEVICE,DEV_000045,Device,2025-12-10 20:08:38,2025-12-10 20:08:38,1,1.0,
PER_000098,Person,USES_DEVICE,DEV_000052,Device,2025-12-10 14:45:07,2025-12-10 14:45:07,1,1.0,
PER_000098,Person,USES_DEVICE,DEV_000065,Device,2025-07-07 05:26:43,2025-07-08 07:33:44,2,2.0,
PER_000098,Person,USES_DEVICE,DEV_000079,Device,2025-03-03 15:52:46,2025-03-03 15:52:46,1,1.0,
PER_000098,Person,USES_DEVICE,DEV_000082,Device,2025-12-09 04:54:32,2025-12-09 04:54:32,1,1.0,
PER_000098,Person,USES_DEVICE,DEV_000084,Device,2025-03-25 09:51:37,2025-03-25 09:51:37,1,1.0,
PER_000098,Person,USES_DEVICE,DEV_000086,Device,2025-09-15 12:12:04,2025-09-15 12:12:04,1,1.0,
PER_000098,Person,USES_DEVICE,DEV_000091,Device,2025-09-21 15:54:20,2025-09-21 15:54:20,1,1.0,
PER_000098,Person,USES_DEVICE,DEV_000113,Device,2025-06-22 17:15:12,2025-06-22 17:15:12,1,1.0,
PER_000098,Person,USES_DEVICE,DEV_000116,Device,2025-06-06 10:25:42,2025-06-06 10:25:42,1,1.0,
PER_000098,Person,USES_DEVICE,DEV_000117,Device,2025-10-05 15:28:03,2025-10-05 15:28:03,1,1.0,
PER_000099,Person,USES_DEVICE,DEV_000001,Device,2025-05-01 12:34:17,2025-05-01 18:02:36,3,3.0,
PER_000099,Person,USES_DEVICE,DEV_000007,Device,2025-05-01 00:18:25,2025-05-01 18:58:54,2,2.0,
PER_000099,Person,USES_DEVICE,DEV_000009,Device,2025-05-01 01:05:48,2025-05-01 22:42:29,3,3.0,
PER_000099,Person,USES_DEVICE,DEV_000012,Device,2025-05-01 08:03:12,2025-05-01 21:30:50,4,4.0,
PER_000099,Person,USES_DEVICE,DEV_000013,Device,2025-05-01 07:06:11,2025-05-01 18:24:08,2,2.0,
PER_000099,Person,USES_DEVICE,DEV_000014,Device,2025-05-01 01:47:45,2025-05-01 05:09:29,2,2.0,
PER_000099,Person,USES_DEVICE,DEV_000015,Device,2025-05-01 17:36:08,2025-05-01 17:36:08,1,1.0,
PER_000099,Person,USES_DEVICE,DEV_000016,Device,2025-05-01 01:01:02,2025-05-01 01:01:02,1,1.0,
PER_000099,Person,USES_DEVICE,DEV_000017,Device,2025-05-01 13:12:33,2025-05-01 13:12:33,1,1.0,
PER_000099,Person,USES_DEVICE,DEV_000019,Device,2025-05-01 02:27:51,2025-05-01 22:02:28,3,3.0,
PER_000099,Person,USES_DEVICE,DEV_000020,Device,2025-05-01 14:17:09,2025-05-01 14:17:09,1,1.0,
PER_000099,Person,USES_DEVICE,DEV_000021,Device,2025-05-01 05:16:22,2025-05-01 22:21:21,7,7.0,
PER_000099,Person,USES_DEVICE,DEV_000022,Device,2025-05-01 00:44:23,2025-05-01 16:17:26,2,2.0,
PER_000099,Person,USES_DEVICE,DEV_000025,Device,2025-05-01 00:58:02,2025-05-01 23:21:24,3,3.0,
PER_000099,Person,USES_DEVICE,DEV_000026,Device,2025-05-01 18:01:09,2025-05-01 19:39:32,2,2.0,
PER_000099,Person,USES_DEVICE,DEV_000027,Device,2025-05-01 08:46:27,2025-05-01 14:07:31,2,2.0,
PER_000099,Person,USES_DEVICE,DEV_000028,Device,2025-05-01 01:38:22,2025-05-01 01:38:22,1,1.0,
PER_000099,Person,USES_DEVICE,DEV_000030,Device,2025-05-01 10:18:30,2025-05-01 10:18:30,1,1.0,
PER_000099,Person,USES_DEVICE,DEV_000032,Device,2025-05-01 00:46:56,2025-05-01 22:18:00,4,4.0,
PER_000099,Person,USES_DEVICE,DEV_000034,Device,2025-05-01 10:39:05,2025-05-01 23:51:55,2,2.0,
PER_000099,Person,USES_DEVICE,DEV_000035,Device,2025-05-01 00:25:51,2025-05-01 00:25:51,1,1.0,
PER_000099,Person,USES_DEVICE,DEV_000037,Device,2025-05-01 00:49:39,2025-05-01 00:49:39,1,1.0,
PER_000099,Person,USES_DEVICE,DEV_000038,Device,2025-05-01 09:18:13,2025-05-01 09:18:13,1,1.0,
PER_000099,Person,USES_DEVICE,DEV_000039,Device,2025-05-01 16:06:00,2025-05-01 22:32:50,2,2.0,
PER_000099,Person,USES_DEVICE,DEV_000040,Device,2025-05-01 05:40:48,2025-05-01 05:40:48,1,1.0,
PER_000099,Person,USES_DEVICE,DEV_000041,Device,2025-05-01 01:41:47,2025-05-01 09:24:12,2,2.0,
PER_000099,Person,USES_DEVICE,DEV_000042,Device,2025-05-01 20:48:17,2025-05-01 20:48:17,1,1.0,
PER_000099,Person,USES_DEVICE,DEV_000043,Device,2025-05-01 19:14:09,2025-05-01 19:14:09,1,1.0,
PER_000099,Person,USES_DEVICE,DEV_000045,Device,2025-05-01 02:22:07,2025-05-01 12:10:15,2,2.0,
PER_000099,Person,USES_DEVICE,DEV_000046,Device,2025-05-01 00:00:55,2025-05-01 21:55:38,4,4.0,
PER_000099,Person,USES_DEVICE,DEV_000048,Device,2025-05-01 14:57:14,2025-05-01 14:57:14,1,1.0,
PER_000099,Person,USES_DEVICE,DEV_000049,Device,2025-05-01 10:58:40,2025-05-01 10:58:40,1,1.0,
PER_000099,Person,USES_DEVICE,DEV_000051,Device,2025-05-01 16:59:48,2025-05-01 16:59:48,1,1.0,
PER_000099,Person,USES_DEVICE,DEV_000053,Device,2025-05-01 20:15:18,2025-05-01 20:15:18,1,1.0,
PER_000099,Person,USES_DEVICE,DEV_000054,Device,2025-05-01 01:10:51,2025-05-01 12:55:14,2,2.0,
PER_000099,Person,USES_DEVICE,DEV_000055,Device,2025-05-01 04:56:20,2025-05-01 04:56:20,1,1.0,
PER_000099,Person,USES_DEVICE,DEV_000056,Device,2025-05-01 15:56:00,2025-05-01 15:56:00,1,1.0,
PER_000099,Person,USES_DEVICE,DEV_000057,Device,2025-05-01 14:35:51,2025-05-01 14:35:51,1,1.0,
PER_000099,Person,USES_DEVICE,DEV_000058,Device,2025-05-01 01:47:11,2025-05-01 05:03:17,2,2.0,
PER_000099,Person,USES_DEVICE,DEV_000059,Device,2025-05-01 03:48:35,2025-05-01 16:39:49,2,2.0,
PER_000099,Person,USES_DEVICE,DEV_000060,Device,2025-05-01 12:53:44,2025-05-01 16:36:58,3,3.0,
PER_000099,Person,USES_DEVICE,DEV_000061,Device,2025-05-01 19:40:17,2025-05-01 19:40:17,1,1.0,
PER_000099,Person,USES_DEVICE,DEV_000062,Device,2025-05-01 16:00:20,2025-05-01 16:00:20,1,1.0,
PER_000099,Person,USES_DEVICE,DEV_000063,Device,2025-05-01 01:49:01,2025-05-01 08:57:40,2,2.0,
PER_000099,Person,USES_DEVICE,DEV_000064,Device,2025-05-01 12:24:25,2025-05-01 12:24:25,1,1.0,
PER_000099,Person,USES_DEVICE,DEV_000066,Device,2025-05-01 23:44:05,2025-05-01 23:44:05,1,1.0,
PER_000099,Person,USES_DEVICE,DEV_000067,Device,2025-05-01 08:47:20,2025-05-01 16:47:32,2,2.0,
PER_000099,Person,USES_DEVICE,DEV_000068,Device,2025-05-01 11:36:54,2025-05-01 11:36:54,1,1.0,
PER_000099,Person,USES_DEVICE,DEV_000069,Device,2025-05-01 02:57:16,2025-05-01 02:57:16,1,1.0,
PER_000099,Person,USES_DEVICE,DEV_000070,Device,2025-05-01 13:15:08,2025-05-01 13:15:08,1,1.0,
PER_000099,Person,USES_DEVICE,DEV_000071,Device,2025-05-01 13:15:34,2025-05-01 14:30:03,2,2.0,
PER_000099,Person,USES_DEVICE,DEV_000074,Device,2025-05-01 04:09:12,2025-05-01 10:03:55,3,3.0,
PER_000099,Person,USES_DEVICE,DEV_000075,Device,2025-05-01 23:49:22,2025-05-01 23:49:22,1,1.0,
PER_000099,Person,USES_DEVICE,DEV_000076,Device,2025-05-01 00:02:35,2025-05-01 00:56:25,2,2.0,
PER_000099,Person,USES_DEVICE,DEV_000078,Device,2025-05-01 10:16:01,2025-05-01 15:41:37,2,2.0,
PER_000099,Person,USES_DEVICE,DEV_000079,Device,2025-05-01 11:14:22,2025-05-01 17:44:35,2,2.0,
PER_000099,Person,USES_DEVICE,DEV_000080,Device,2025-05-01 06:24:20,2025-05-01 06:24:20,1,1.0,
PER_000099,Person,USES_DEVICE,DEV_000084,Device,2025-05-01 06:04:51,2025-05-01 06:04:51,1,1.0,
PER_000099,Person,USES_DEVICE,DEV_000086,Device,2025-05-01 20:48:18,2025-05-01 20:48:18,1,1.0,
PER_000099,Person,USES_DEVICE,DEV_000087,Device,2025-05-01 04:26:10,2025-05-01 14:27:00,3,3.0,
PER_000099,Person,USES_DEVICE,DEV_000088,Device,2025-05-01 08:12:35,2025-05-01 08:12:35,1,1.0,
PER_000099,Person,USES_DEVICE,DEV_000089,Device,2025-05-01 09:51:21,2025-05-01 19:35:44,2,2.0,
PER_000099,Person,USES_DEVICE,DEV_000090,Device,2025-05-01 13:01:58,2025-05-01 13:01:58,1,1.0,
PER_000099,Person,USES_DEVICE,DEV_000091,Device,2025-05-01 17:13:55,2025-05-01 17:13:55,1,1.0,
PER_000099,Person,USES_DEVICE,DEV_000093,Device,2025-05-01 07:36:00,2025-05-01 10:56:36,2,2.0,
PER_000099,Person,USES_DEVICE,DEV_000094,Device,2025-05-01 23:01:00,2025-05-01 23:01:00,1,1.0,
PER_000099,Person,USES_DEVICE,DEV_000095,Device,2025-05-01 09:53:15,2025-05-01 23:42:17,2,2.0,
PER_000099,Person,USES_DEVICE,DEV_000096,Device,2025-05-01 00:52:08,2025-05-01 00:52:08,1,1.0,
PER_000099,Person,USES_DEVICE,DEV_000097,Device,2025-05-01 15:44:32,2025-05-01 18:55:22,2,2.0,
PER_000099,Person,USES_DEVICE,DEV_000098,Device,2025-05-01 18:32:14,2025-05-01 18:32:14,1,1.0,
PER_000099,Person,USES_DEVICE,DEV_000100,Device,2025-05-01 05:22:21,2025-05-01 23:02:34,3,3.0,
PER_000099,Person,USES_DEVICE,DEV_000102,Device,2025-05-01 12:40:20,2025-05-01 19:33:46,2,2.0,
PER_000099,Person,USES_DEVICE,DEV_000103,Device,2025-05-01 13:38:54,2025-05-01 17:43:01,2,2.0,
PER_000099,Person,USES_DEVICE,DEV_000104,Device,2025-05-01 13:07:24,2025-05-01 13:07:24,1,1.0,
PER_000099,Person,USES_DEVICE,DEV_000105,Device,2025-05-01 19:53:31,2025-05-01 19:53:31,1,1.0,
PER_000099,Person,USES_DEVICE,DEV_000106,Device,2025-05-01 06:48:44,2025-05-01 19:31:35,2,2.0,
PER_000099,Person,USES_DEVICE,DEV_000107,Device,2025-05-01 02:49:56,2025-05-01 06:19:47,2,2.0,
PER_000099,Person,USES_DEVICE,DEV_000108,Device,2025-05-01 03:43:03,2025-05-01 04:32:49,2,2.0,
PER_000099,Person,USES_DEVICE,DEV_000109,Device,2025-05-01 09:16:22,2025-05-01 09:16:22,1,1.0,
PER_000099,Person,USES_DEVICE,DEV_000110,Device,2025-05-01 01:09:07,2025-05-01 06:56:27,2,2.0,
PER_000099,Person,USES_DEVICE,DEV_000112,Device,2025-05-01 04:39:17,2025-05-01 04:39:17,1,1.0,
PER_000099,Person,USES_DEVICE,DEV_000113,Device,2025-05-01 04:38:24,2025-05-01 04:38:24,1,1.0,
PER_000099,Person,USES_DEVICE,DEV_000114,Device,2025-05-01 08:43:06,2025-05-01 08:43:06,1,1.0,
PER_000099,Person,USES_DEVICE,DEV_000115,Device,2025-05-01 11:04:16,2025-05-01 16:40:41,2,2.0,
PER_000099,Person,USES_DEVICE,DEV_000116,Device,2025-05-01 02:06:46,2025-05-01 21:41:06,4,4.0,
PER_000099,Person,USES_DEVICE,DEV_000118,Device,2025-05-01 23:26:39,2025-05-01 23:26:39,1,1.0,
PER_000099,Person,USES_DEVICE,DEV_000119,Device,2025-05-01 02:29:19,2025-05-01 12:58:06,2,2.0,
PER_000100,Person,USES_DEVICE,DEV_000002,Device,2025-10-25 12:56:54,2025-10-25 12:56:54,1,1.0,
PER_000100,Person,USES_DEVICE,DEV_000009,Device,2025-07-02 18:52:39,2025-07-02 18:52:39,1,1.0,
PER_000100,Person,USES_DEVICE,DEV_000035,Device,2025-06-22 15:28:15,2025-06-22 15:28:15,1,1.0,
PER_000100,Person,USES_DEVICE,DEV_000039,Device,2025-01-18 12:56:14,2025-01-18 12:56:14,1,1.0,
PER_000100,Person,USES_DEVICE,DEV_000040,Device,2025-12-28 03:10:31,2025-12-28 03:10:31,1,1.0,
PER_000100,Person,USES_DEVICE,DEV_000041,Device,2025-06-16 11:56:52,2025-06-16 11:56:52,1,1.0,
PER_000100,Person,USES_DEVICE,DEV_000047,Device,2025-09-06 19:55:57,2025-09-06 19:55:57,1,1.0,
PER_000100,Person,USES_DEVICE,DEV_000051,Device,2025-06-03 09:41:02,2025-06-03 09:41:02,1,1.0,
PER_000100,Person,USES_DEVICE,DEV_000055,Device,2025-03-30 05:21:44,2025-03-30 05:21:44,1,1.0,
PER_000100,Person,USES_DEVICE,DEV_000060,Device,2025-01-19 19:03:44,2025-01-19 19:03:44,1,1.0,
PER_000100,Person,USES_DEVICE,DEV_000068,Device,2025-05-30 15:55:41,2025-05-30 15:55:41,1,1.0,
PER_000100,Person,USES_DEVICE,DEV_000072,Device,2025-11-24 10:58:32,2025-11-24 10:58:32,1,1.0,
PER_000100,Person,USES_DEVICE,DEV_000073,Device,2025-04-04 10:06:19,2025-07-13 16:30:05,3,3.0,
PER_000100,Person,USES_DEVICE,DEV_000080,Device,2025-05-31 16:18:56,2025-05-31 16:18:56,1,1.0,
PER_000100,Person,USES_DEVICE,DEV_000082,Device,2025-12-18 21:41:39,2025-12-18 21:41:39,1,1.0,
PER_000100,Person,USES_DEVICE,DEV_000088,Device,2025-07-22 19:20:04,2025-07-22 19:20:04,1,1.0,
PER_000100,Person,USES_DEVICE,DEV_000095,Device,2025-01-30 12:21:22,2025-01-30 12:21:22,1,1.0,
PER_000100,Person,USES_DEVICE,DEV_000098,Device,2025-05-24 06:37:14,2025-05-24 06:37:14,1,1.0,
PER_000100,Person,USES_DEVICE,DEV_000101,Device,2025-08-04 12:09:45,2025-08-04 12:09:45,1,1.0,
PER_000100,Person,USES_DEVICE,DEV_000105,Device,2025-11-03 17:46:48,2025-11-03 17:46:48,1,1.0,
PER_000001,Person,USES_IP,IP_000001,IP,2025-11-16 10:44:12,2025-11-16 10:44:12,1,1.0,
PER_000001,Person,USES_IP,IP_000002,IP,2025-01-14 16:36:57,2025-01-24 16:11:28,2,2.0,
PER_000001,Person,USES_IP,IP_000003,IP,2025-04-21 07:37:15,2025-04-21 07:37:15,1,1.0,
PER_000001,Person,USES_IP,IP_000007,IP,2025-02-24 20:36:45,2025-02-24 20:36:45,1,1.0,
PER_000001,Person,USES_IP,IP_000008,IP,2025-01-22 19:35:40,2025-09-03 17:40:54,2,2.0,
PER_000001,Person,USES_IP,IP_000011,IP,2025-05-02 18:47:27,2025-05-02 18:47:27,1,1.0,
PER_000001,Person,USES_IP,IP_000013,IP,2025-03-20 12:34:24,2025-06-26 13:21:33,2,2.0,
PER_000001,Person,USES_IP,IP_000014,IP,2025-03-15 14:40:38,2025-09-22 11:21:37,3,3.0,
PER_000001,Person,USES_IP,IP_000016,IP,2025-01-25 05:41:36,2025-12-09 11:20:14,2,2.0,
PER_000001,Person,USES_IP,IP_000017,IP,2025-02-08 05:29:53,2025-12-24 19:11:36,3,3.0,
PER_000001,Person,USES_IP,IP_000019,IP,2025-10-03 19:56:41,2025-10-03 19:56:41,1,1.0,
PER_000001,Person,USES_IP,IP_000021,IP,2025-06-18 19:43:30,2025-06-18 19:43:30,1,1.0,
PER_000001,Person,USES_IP,IP_000022,IP,2025-09-05 09:50:04,2025-12-11 06:49:29,2,2.0,
PER_000001,Person,USES_IP,IP_000023,IP,2025-02-10 10:58:33,2025-10-12 11:47:23,3,3.0,
PER_000001,Person,USES_IP,IP_000025,IP,2025-06-22 07:46:30,2025-06-22 07:46:30,1,1.0,
PER_000001,Person,USES_IP,IP_000026,IP,2025-03-18 20:00:40,2025-03-18 20:00:40,1,1.0,
PER_000001,Person,USES_IP,IP_000027,IP,2025-02-20 19:18:38,2025-03-06 17:51:03,2,2.0,
PER_000001,Person,USES_IP,IP_000028,IP,2025-04-26 06:20:31,2025-04-26 06:20:31,1,1.0,
PER_000001,Person,USES_IP,IP_000029,IP,2025-04-06 14:37:38,2025-09-21 17:23:56,2,2.0,
PER_000001,Person,USES_IP,IP_000032,IP,2025-06-14 19:46:56,2025-06-14 19:46:56,1,1.0,
PER_000001,Person,USES_IP,IP_000033,IP,2025-03-19 03:05:43,2025-06-26 12:12:50,2,2.0,
PER_000001,Person,USES_IP,IP_000035,IP,2025-01-05 21:29:07,2025-01-05 21:29:07,1,1.0,
PER_000001,Person,USES_IP,IP_000036,IP,2025-04-11 11:57:40,2025-08-22 15:24:08,2,2.0,
PER_000001,Person,USES_IP,IP_000037,IP,2025-03-22 08:18:01,2025-03-22 08:18:01,1,1.0,
PER_000001,Person,USES_IP,IP_000039,IP,2025-01-15 19:44:56,2025-01-15 19:44:56,1,1.0,
PER_000001,Person,USES_IP,IP_000040,IP,2025-06-07 21:46:10,2025-06-07 21:46:10,1,1.0,
PER_000001,Person,USES_IP,IP_000042,IP,2025-03-14 06:50:49,2025-03-14 06:50:49,1,1.0,
PER_000001,Person,USES_IP,IP_000043,IP,2025-09-18 12:27:28,2025-09-18 12:27:28,1,1.0,
PER_000001,Person,USES_IP,IP_000044,IP,2025-09-04 09:36:19,2025-09-04 09:36:19,1,1.0,
PER_000001,Person,USES_IP,IP_000045,IP,2025-02-23 08:33:13,2025-02-23 08:33:13,1,1.0,
PER_000001,Person,USES_IP,IP_000046,IP,2025-05-07 19:14:40,2025-05-07 19:14:40,1,1.0,
PER_000001,Person,USES_IP,IP_000047,IP,2025-03-08 10:33:34,2025-10-06 12:20:55,2,2.0,
PER_000001,Person,USES_IP,IP_000048,IP,2025-10-31 15:59:12,2025-10-31 15:59:12,1,1.0,
PER_000001,Person,USES_IP,IP_000050,IP,2025-04-29 23:28:11,2025-12-05 11:13:47,2,2.0,
PER_000001,Person,USES_IP,IP_000054,IP,2025-07-27 20:05:19,2025-07-27 20:05:19,1,1.0,
PER_000001,Person,USES_IP,IP_000055,IP,2025-10-22 13:34:44,2025-11-19 11:10:03,2,2.0,
PER_000001,Person,USES_IP,IP_000056,IP,2025-04-11 22:47:25,2025-11-15 17:22:19,2,2.0,
PER_000001,Person,USES_IP,IP_000057,IP,2025-07-29 14:06:14,2025-07-29 14:06:14,1,1.0,
PER_000001,Person,USES_IP,IP_000058,IP,2025-10-28 16:42:00,2025-10-28 16:42:00,1,1.0,
PER_000001,Person,USES_IP,IP_000060,IP,2025-02-27 15:05:17,2025-02-27 15:05:17,1,1.0,
PER_000001,Person,USES_IP,IP_000062,IP,2025-03-05 22:49:28,2025-09-16 07:37:21,2,2.0,
PER_000001,Person,USES_IP,IP_000063,IP,2025-01-07 06:42:29,2025-01-07 06:42:29,1,1.0,
PER_000001,Person,USES_IP,IP_000064,IP,2025-06-07 15:43:39,2025-09-12 16:16:32,2,2.0,
PER_000001,Person,USES_IP,IP_000065,IP,2025-01-25 14:15:12,2025-11-18 06:16:53,3,3.0,
PER_000001,Person,USES_IP,IP_000067,IP,2025-01-13 19:34:05,2025-12-25 22:22:50,2,2.0,
PER_000001,Person,USES_IP,IP_000068,IP,2025-05-17 16:02:31,2025-05-17 16:02:31,1,1.0,
PER_000001,Person,USES_IP,IP_000069,IP,2025-10-28 10:20:25,2025-10-28 10:20:25,1,1.0,
PER_000001,Person,USES_IP,IP_000070,IP,2025-11-07 13:40:25,2025-11-07 13:40:25,1,1.0,
PER_000001,Person,USES_IP,IP_000071,IP,2025-11-21 09:14:58,2025-11-21 09:14:58,1,1.0,
PER_000001,Person,USES_IP,IP_000072,IP,2025-05-29 11:07:40,2025-05-29 11:07:40,1,1.0,
PER_000001,Person,USES_IP,IP_000073,IP,2025-01-02 09:36:03,2025-12-20 15:37:53,2,2.0,
PER_000001,Person,USES_IP,IP_000075,IP,2025-07-10 14:03:44,2025-07-10 14:03:44,1,1.0,
PER_000001,Person,USES_IP,IP_000076,IP,2025-04-30 15:40:10,2025-09-07 21:58:31,2,2.0,
PER_000001,Person,USES_IP,IP_000078,IP,2025-01-25 10:34:39,2025-01-25 10:34:39,1,1.0,
PER_000001,Person,USES_IP,IP_000079,IP,2025-03-28 15:38:47,2025-03-28 15:38:47,1,1.0,
PER_000001,Person,USES_IP,IP_000081,IP,2025-03-10 17:11:39,2025-03-10 17:11:39,1,1.0,
PER_000001,Person,USES_IP,IP_000082,IP,2025-05-10 15:34:51,2025-05-10 15:34:51,1,1.0,
PER_000001,Person,USES_IP,IP_000084,IP,2025-04-20 21:55:46,2025-04-20 21:55:46,1,1.0,
PER_000001,Person,USES_IP,IP_000085,IP,2025-04-12 14:31:29,2025-06-16 14:26:24,3,3.0,
PER_000001,Person,USES_IP,IP_000086,IP,2025-06-03 12:59:56,2025-06-03 12:59:56,1,1.0,
PER_000001,Person,USES_IP,IP_000087,IP,2025-04-14 12:05:04,2025-04-14 12:05:04,1,1.0,
PER_000001,Person,USES_IP,IP_000089,IP,2025-03-04 05:59:42,2025-05-18 05:15:01,2,2.0,
PER_000001,Person,USES_IP,IP_000090,IP,2025-02-10 13:49:51,2025-02-10 13:49:51,1,1.0,
PER_000001,Person,USES_IP,IP_000091,IP,2025-04-28 16:37:21,2025-10-09 12:42:10,2,2.0,
PER_000001,Person,USES_IP,IP_000093,IP,2025-12-10 15:00:16,2025-12-10 15:00:16,1,1.0,
PER_000001,Person,USES_IP,IP_000094,IP,2025-03-29 09:45:46,2025-03-29 09:45:46,1,1.0,
PER_000001,Person,USES_IP,IP_000095,IP,2025-07-10 18:04:35,2025-07-10 18:04:35,1,1.0,
PER_000001,Person,USES_IP,IP_000096,IP,2025-02-20 08:00:58,2025-02-20 08:00:58,1,1.0,
PER_000001,Person,USES_IP,IP_000097,IP,2025-12-02 19:45:38,2025-12-02 19:45:38,1,1.0,
PER_000001,Person,USES_IP,IP_000098,IP,2025-12-19 16:53:33,2025-12-19 16:53:33,1,1.0,
PER_000001,Person,USES_IP,IP_000099,IP,2025-11-24 11:56:04,2025-11-26 07:23:30,2,2.0,
PER_000001,Person,USES_IP,IP_000100,IP,2025-06-28 07:15:35,2025-10-18 17:57:48,2,2.0,
PER_000001,Person,USES_IP,IP_000102,IP,2025-02-11 10:47:52,2025-02-11 10:47:52,1,1.0,
PER_000001,Person,USES_IP,IP_000103,IP,2025-01-11 09:08:49,2025-12-09 08:02:51,4,4.0,
PER_000001,Person,USES_IP,IP_000104,IP,2025-04-22 12:32:23,2025-12-08 17:30:36,2,2.0,
PER_000001,Person,USES_IP,IP_000105,IP,2025-12-31 12:14:21,2025-12-31 12:14:21,1,1.0,
PER_000001,Person,USES_IP,IP_000106,IP,2025-01-12 18:42:44,2025-01-12 18:42:44,1,1.0,
PER_000001,Person,USES_IP,IP_000107,IP,2025-11-14 19:28:57,2025-11-14 19:28:57,1,1.0,
PER_000001,Person,USES_IP,IP_000109,IP,2025-02-10 09:32:30,2025-10-09 08:42:38,2,2.0,
PER_000001,Person,USES_IP,IP_000110,IP,2025-12-20 06:48:28,2025-12-20 06:48:28,1,1.0,
PER_000001,Person,USES_IP,IP_000112,IP,2025-03-02 06:13:51,2025-03-02 06:13:51,1,1.0,
PER_000001,Person,USES_IP,IP_000115,IP,2025-03-03 11:40:08,2025-03-03 11:40:08,1,1.0,
PER_000001,Person,USES_IP,IP_000117,IP,2025-01-18 18:49:32,2025-05-19 09:11:09,2,2.0,
PER_000001,Person,USES_IP,IP_000120,IP,2025-07-06 07:24:58,2025-07-06 07:24:58,1,1.0,
PER_000002,Person,USES_IP,IP_000002,IP,2025-02-23 14:41:54,2025-02-23 14:41:54,1,1.0,
PER_000002,Person,USES_IP,IP_000004,IP,2025-01-12 14:21:27,2025-01-12 14:21:27,1,1.0,
PER_000002,Person,USES_IP,IP_000005,IP,2025-09-13 13:46:45,2025-09-13 13:46:45,1,1.0,
PER_000002,Person,USES_IP,IP_000009,IP,2025-05-08 15:18:11,2025-05-08 15:18:11,1,1.0,
PER_000002,Person,USES_IP,IP_000010,IP,2025-04-25 10:50:37,2025-04-25 10:50:37,1,1.0,
PER_000002,Person,USES_IP,IP_000011,IP,2025-04-06 08:25:22,2025-04-06 08:25:22,1,1.0,
PER_000002,Person,USES_IP,IP_000013,IP,2025-08-17 16:37:52,2025-09-20 20:57:12,2,2.0,
PER_000002,Person,USES_IP,IP_000014,IP,2025-10-18 11:26:14,2025-10-18 11:26:14,1,1.0,
PER_000002,Person,USES_IP,IP_000016,IP,2025-01-08 08:18:28,2025-01-08 08:18:28,1,1.0,
PER_000002,Person,USES_IP,IP_000017,IP,2025-01-10 09:41:50,2025-01-10 09:41:50,1,1.0,
PER_000002,Person,USES_IP,IP_000019,IP,2025-03-20 14:15:08,2025-05-26 06:25:50,2,2.0,
PER_000002,Person,USES_IP,IP_000020,IP,2025-03-24 10:54:11,2025-09-25 08:52:13,2,2.0,
PER_000002,Person,USES_IP,IP_000031,IP,2025-11-12 17:37:06,2025-11-12 17:37:06,1,1.0,
PER_000002,Person,USES_IP,IP_000034,IP,2025-06-01 18:15:41,2025-06-01 18:15:41,1,1.0,
PER_000002,Person,USES_IP,IP_000037,IP,2025-02-24 22:44:43,2025-02-24 22:44:43,1,1.0,
PER_000002,Person,USES_IP,IP_000038,IP,2025-05-21 16:05:13,2025-05-21 16:05:13,1,1.0,
PER_000002,Person,USES_IP,IP_000040,IP,2025-05-31 05:21:13,2025-05-31 05:21:13,1,1.0,
PER_000002,Person,USES_IP,IP_000042,IP,2025-04-09 06:25:40,2025-08-13 14:35:14,2,2.0,
PER_000002,Person,USES_IP,IP_000043,IP,2025-11-23 07:50:04,2025-11-23 07:50:04,1,1.0,
PER_000002,Person,USES_IP,IP_000044,IP,2025-01-14 06:04:40,2025-10-08 19:49:05,2,2.0,
PER_000002,Person,USES_IP,IP_000048,IP,2025-09-18 17:33:54,2025-09-18 17:33:54,1,1.0,
PER_000002,Person,USES_IP,IP_000051,IP,2025-01-28 07:24:14,2025-07-06 12:22:42,2,2.0,
PER_000002,Person,USES_IP,IP_000052,IP,2025-01-21 12:03:17,2025-05-28 16:13:37,2,2.0,
PER_000002,Person,USES_IP,IP_000055,IP,2025-05-06 09:08:19,2025-11-15 10:49:28,2,2.0,
PER_000002,Person,USES_IP,IP_000056,IP,2025-11-25 15:17:31,2025-11-25 15:17:31,1,1.0,
PER_000002,Person,USES_IP,IP_000061,IP,2025-07-19 07:40:31,2025-07-19 07:40:31,1,1.0,
PER_000002,Person,USES_IP,IP_000062,IP,2025-09-28 11:20:38,2025-09-28 11:20:38,1,1.0,
PER_000002,Person,USES_IP,IP_000063,IP,2025-01-21 13:13:18,2025-01-21 13:13:18,1,1.0,
PER_000002,Person,USES_IP,IP_000064,IP,2025-07-06 18:01:19,2025-12-06 13:46:32,2,2.0,
PER_000002,Person,USES_IP,IP_000066,IP,2025-08-08 11:51:04,2025-08-08 11:51:04,1,1.0,
PER_000002,Person,USES_IP,IP_000068,IP,2025-11-11 12:23:00,2025-11-11 12:23:00,1,1.0,
PER_000002,Person,USES_IP,IP_000069,IP,2025-03-10 12:49:01,2025-03-10 12:49:01,1,1.0,
PER_000002,Person,USES_IP,IP_000070,IP,2025-03-29 21:10:05,2025-03-29 21:10:05,1,1.0,
PER_000002,Person,USES_IP,IP_000071,IP,2025-01-04 18:03:15,2025-05-28 04:02:56,2,2.0,
PER_000002,Person,USES_IP,IP_000078,IP,2025-11-20 06:45:43,2025-11-20 06:45:43,1,1.0,
PER_000002,Person,USES_IP,IP_000079,IP,2025-08-07 18:09:49,2025-10-10 05:56:33,2,2.0,
PER_000002,Person,USES_IP,IP_000080,IP,2025-06-08 21:53:41,2025-11-21 20:00:16,3,3.0,
PER_000002,Person,USES_IP,IP_000081,IP,2025-02-10 07:23:29,2025-02-10 07:23:29,1,1.0,
PER_000002,Person,USES_IP,IP_000082,IP,2025-01-23 16:08:46,2025-01-23 16:08:46,1,1.0,
PER_000002,Person,USES_IP,IP_000083,IP,2025-03-07 17:11:04,2025-04-22 12:08:22,3,3.0,
PER_000002,Person,USES_IP,IP_000089,IP,2025-06-02 04:08:06,2025-08-21 22:45:19,2,2.0,
PER_000002,Person,USES_IP,IP_000090,IP,2025-09-17 15:18:40,2025-09-17 15:18:40,1,1.0,
PER_000002,Person,USES_IP,IP_000091,IP,2025-04-25 10:53:31,2025-07-19 13:28:57,2,2.0,
PER_000002,Person,USES_IP,IP_000093,IP,2025-06-30 10:39:31,2025-06-30 10:39:31,1,1.0,
PER_000002,Person,USES_IP,IP_000094,IP,2025-09-19 13:32:21,2025-09-19 13:32:21,1,1.0,
PER_000002,Person,USES_IP,IP_000096,IP,2025-06-14 14:19:46,2025-06-14 14:19:46,1,1.0,
PER_000002,Person,USES_IP,IP_000097,IP,2025-05-11 09:37:51,2025-12-12 10:22:49,3,3.0,
PER_000002,Person,USES_IP,IP_000104,IP,2025-08-17 21:08:45,2025-08-17 21:08:45,1,1.0,
PER_000002,Person,USES_IP,IP_000105,IP,2025-09-05 06:41:28,2025-09-05 06:41:28,1,1.0,
PER_000002,Person,USES_IP,IP_000106,IP,2025-10-07 06:57:12,2025-10-07 06:57:12,1,1.0,
PER_000002,Person,USES_IP,IP_000107,IP,2025-09-03 11:36:17,2025-09-03 11:36:17,1,1.0,
PER_000002,Person,USES_IP,IP_000108,IP,2025-04-09 15:51:37,2025-04-09 15:51:37,1,1.0,
PER_000002,Person,USES_IP,IP_000110,IP,2025-12-02 14:11:57,2025-12-02 14:11:57,1,1.0,
PER_000002,Person,USES_IP,IP_000111,IP,2025-07-12 08:01:54,2025-07-12 08:01:54,1,1.0,
PER_000002,Person,USES_IP,IP_000118,IP,2025-08-18 15:24:43,2025-08-18 15:24:43,1,1.0,
PER_000003,Person,USES_IP,IP_000007,IP,2025-08-09 08:05:08,2025-08-09 08:05:08,1,1.0,
PER_000003,Person,USES_IP,IP_000013,IP,2025-11-29 16:24:14,2025-11-29 16:24:14,1,1.0,
PER_000003,Person,USES_IP,IP_000024,IP,2025-08-17 12:45:15,2025-08-17 12:45:15,1,1.0,
PER_000003,Person,USES_IP,IP_000039,IP,2025-01-01 16:32:54,2025-01-01 16:32:54,1,1.0,
PER_000003,Person,USES_IP,IP_000041,IP,2025-05-16 10:42:38,2025-05-16 10:42:38,1,1.0,
PER_000003,Person,USES_IP,IP_000042,IP,2025-02-14 11:16:16,2025-02-14 11:16:16,1,1.0,
PER_000003,Person,USES_IP,IP_000052,IP,2025-07-24 05:05:09,2025-07-24 05:05:09,1,1.0,
PER_000003,Person,USES_IP,IP_000054,IP,2025-08-02 19:43:34,2025-10-10 14:27:26,2,2.0,
PER_000003,Person,USES_IP,IP_000060,IP,2025-09-25 10:17:06,2025-09-25 10:17:06,1,1.0,
PER_000003,Person,USES_IP,IP_000065,IP,2025-04-29 18:42:28,2025-04-29 18:42:28,1,1.0,
PER_000003,Person,USES_IP,IP_000071,IP,2025-05-17 14:46:24,2025-05-17 14:46:24,1,1.0,
PER_000003,Person,USES_IP,IP_000077,IP,2025-11-22 04:08:47,2025-11-22 04:08:47,1,1.0,
PER_000003,Person,USES_IP,IP_000091,IP,2025-07-03 18:51:57,2025-07-03 18:51:57,1,1.0,
PER_000003,Person,USES_IP,IP_000094,IP,2025-12-30 15:10:50,2025-12-30 15:10:50,1,1.0,
PER_000003,Person,USES_IP,IP_000105,IP,2025-12-04 11:44:17,2025-12-04 11:44:17,1,1.0,
PER_000004,Person,USES_IP,IP_000006,IP,2025-05-21 13:26:36,2025-05-21 13:26:36,1,1.0,
PER_000004,Person,USES_IP,IP_000009,IP,2025-07-20 07:13:11,2025-07-20 07:13:11,1,1.0,
PER_000004,Person,USES_IP,IP_000014,IP,2025-01-20 18:51:47,2025-01-20 18:51:47,1,1.0,
PER_000004,Person,USES_IP,IP_000029,IP,2025-02-26 16:58:02,2025-02-26 16:58:02,1,1.0,
PER_000004,Person,USES_IP,IP_000036,IP,2025-02-17 14:58:42,2025-02-17 14:58:42,1,1.0,
PER_000004,Person,USES_IP,IP_000038,IP,2025-06-30 16:10:44,2025-06-30 16:10:44,1,1.0,
PER_000004,Person,USES_IP,IP_000046,IP,2025-03-22 04:55:23,2025-03-22 04:55:23,1,1.0,
PER_000004,Person,USES_IP,IP_000059,IP,2025-02-20 08:18:58,2025-02-20 08:18:58,1,1.0,
PER_000004,Person,USES_IP,IP_000061,IP,2025-04-17 05:19:18,2025-04-17 05:19:18,1,1.0,
PER_000004,Person,USES_IP,IP_000062,IP,2025-02-13 11:42:36,2025-02-13 11:42:36,1,1.0,
PER_000004,Person,USES_IP,IP_000070,IP,2025-07-06 17:31:13,2025-07-06 17:31:13,1,1.0,
PER_000004,Person,USES_IP,IP_000080,IP,2025-09-26 09:48:05,2025-09-26 09:48:05,1,1.0,
PER_000004,Person,USES_IP,IP_000087,IP,2025-09-22 05:58:59,2025-10-24 15:42:25,2,2.0,
PER_000004,Person,USES_IP,IP_000104,IP,2025-10-18 17:36:09,2025-10-18 17:36:09,1,1.0,
PER_000004,Person,USES_IP,IP_000106,IP,2025-08-29 11:34:18,2025-08-29 11:34:18,1,1.0,
PER_000005,Person,USES_IP,IP_000002,IP,2025-11-20 11:03:50,2025-11-20 11:03:50,1,1.0,
PER_000005,Person,USES_IP,IP_000010,IP,2025-07-09 14:57:27,2025-07-09 14:57:27,1,1.0,
PER_000005,Person,USES_IP,IP_000037,IP,2025-06-09 17:28:25,2025-06-09 17:28:25,1,1.0,
PER_000005,Person,USES_IP,IP_000039,IP,2025-06-26 12:09:23,2025-06-26 12:09:23,1,1.0,
PER_000005,Person,USES_IP,IP_000054,IP,2025-11-27 11:29:14,2025-11-27 11:29:14,1,1.0,
PER_000005,Person,USES_IP,IP_000066,IP,2025-06-15 16:36:48,2025-06-15 16:36:48,1,1.0,
PER_000005,Person,USES_IP,IP_000073,IP,2025-12-04 10:10:22,2025-12-04 10:10:22,1,1.0,
PER_000005,Person,USES_IP,IP_000079,IP,2025-08-31 06:42:24,2025-08-31 06:42:24,1,1.0,
PER_000005,Person,USES_IP,IP_000080,IP,2025-04-17 18:29:46,2025-04-17 18:29:46,1,1.0,
PER_000005,Person,USES_IP,IP_000092,IP,2025-03-10 05:18:52,2025-03-10 05:18:52,1,1.0,
PER_000005,Person,USES_IP,IP_000095,IP,2025-01-15 22:39:57,2025-01-15 22:39:57,1,1.0,
PER_000005,Person,USES_IP,IP_000112,IP,2025-01-18 01:12:58,2025-06-01 07:48:45,2,2.0,
PER_000006,Person,USES_IP,IP_000002,IP,2025-04-10 11:00:27,2025-12-22 10:12:38,2,2.0,
PER_000006,Person,USES_IP,IP_000003,IP,2025-10-29 10:57:32,2025-10-29 10:57:32,1,1.0,
PER_000006,Person,USES_IP,IP_000052,IP,2025-04-05 09:17:16,2025-04-05 09:17:16,1,1.0,
PER_000006,Person,USES_IP,IP_000061,IP,2025-11-02 15:23:30,2025-11-02 15:23:30,1,1.0,
PER_000006,Person,USES_IP,IP_000062,IP,2025-09-16 13:02:27,2025-09-16 13:02:27,1,1.0,
PER_000006,Person,USES_IP,IP_000064,IP,2025-06-30 19:36:26,2025-06-30 19:36:26,1,1.0,
PER_000006,Person,USES_IP,IP_000072,IP,2025-09-20 12:06:52,2025-09-20 12:06:52,1,1.0,
PER_000006,Person,USES_IP,IP_000074,IP,2025-04-30 02:44:25,2025-04-30 02:44:25,1,1.0,
PER_000006,Person,USES_IP,IP_000083,IP,2025-09-20 17:39:50,2025-09-20 17:39:50,1,1.0,
PER_000006,Person,USES_IP,IP_000087,IP,2025-10-18 21:24:58,2025-10-18 21:24:58,1,1.0,
PER_000006,Person,USES_IP,IP_000100,IP,2025-12-23 19:13:55,2025-12-23 19:13:55,1,1.0,
PER_000006,Person,USES_IP,IP_000108,IP,2025-11-04 19:21:27,2025-11-04 19:21:27,1,1.0,
PER_000006,Person,USES_IP,IP_000109,IP,2025-02-05 10:56:29,2025-02-05 10:56:29,1,1.0,
PER_000007,Person,USES_IP,IP_000005,IP,2025-10-23 15:48:36,2025-10-23 15:48:36,1,1.0,
PER_000007,Person,USES_IP,IP_000019,IP,2025-07-03 08:01:22,2025-07-03 08:01:22,1,1.0,
PER_000007,Person,USES_IP,IP_000034,IP,2025-01-23 19:37:22,2025-01-23 19:37:22,1,1.0,
PER_000007,Person,USES_IP,IP_000035,IP,2025-06-20 08:29:46,2025-06-20 08:29:46,1,1.0,
PER_000007,Person,USES_IP,IP_000036,IP,2025-07-08 09:45:58,2025-07-08 09:45:58,1,1.0,
PER_000007,Person,USES_IP,IP_000039,IP,2025-10-24 13:44:26,2025-10-24 13:44:26,1,1.0,
PER_000007,Person,USES_IP,IP_000040,IP,2025-05-09 09:38:58,2025-05-09 09:38:58,1,1.0,
PER_000007,Person,USES_IP,IP_000076,IP,2025-08-31 12:00:03,2025-08-31 12:00:03,1,1.0,
PER_000007,Person,USES_IP,IP_000078,IP,2025-09-19 10:04:35,2025-09-19 10:04:35,1,1.0,
PER_000007,Person,USES_IP,IP_000081,IP,2025-01-11 15:30:51,2025-01-11 15:30:51,1,1.0,
PER_000007,Person,USES_IP,IP_000099,IP,2025-03-12 09:22:56,2025-03-12 09:22:56,1,1.0,
PER_000007,Person,USES_IP,IP_000106,IP,2025-05-25 15:15:54,2025-05-25 15:15:54,1,1.0,
PER_000007,Person,USES_IP,IP_000107,IP,2025-06-21 17:50:37,2025-06-21 17:50:37,1,1.0,
PER_000007,Person,USES_IP,IP_000111,IP,2025-11-25 16:35:41,2025-11-25 16:35:41,1,1.0,
PER_000008,Person,USES_IP,IP_000013,IP,2025-01-26 10:09:07,2025-09-29 12:22:49,2,2.0,
PER_000008,Person,USES_IP,IP_000014,IP,2025-01-29 19:19:39,2025-01-29 19:19:39,1,1.0,
PER_000008,Person,USES_IP,IP_000020,IP,2025-05-10 09:26:19,2025-05-10 09:26:19,1,1.0,
PER_000008,Person,USES_IP,IP_000033,IP,2025-01-15 12:42:26,2025-01-15 12:42:26,1,1.0,
PER_000008,Person,USES_IP,IP_000052,IP,2025-04-20 19:24:33,2025-04-20 19:24:33,1,1.0,
PER_000008,Person,USES_IP,IP_000055,IP,2025-05-27 07:03:18,2025-05-27 07:03:18,1,1.0,
PER_000008,Person,USES_IP,IP_000061,IP,2025-07-27 02:52:27,2025-07-27 02:52:27,1,1.0,
PER_000008,Person,USES_IP,IP_000062,IP,2025-02-03 22:37:37,2025-02-03 22:37:37,1,1.0,
PER_000008,Person,USES_IP,IP_000079,IP,2025-02-19 16:54:34,2025-02-19 16:54:34,1,1.0,
PER_000008,Person,USES_IP,IP_000082,IP,2025-12-08 06:04:29,2025-12-08 06:04:29,1,1.0,
PER_000008,Person,USES_IP,IP_000084,IP,2025-05-01 07:59:32,2025-05-01 07:59:32,1,1.0,
PER_000008,Person,USES_IP,IP_000104,IP,2025-03-04 16:37:12,2025-03-04 16:37:12,1,1.0,
PER_000008,Person,USES_IP,IP_000110,IP,2025-02-26 17:04:21,2025-02-26 17:04:21,1,1.0,
PER_000009,Person,USES_IP,IP_000007,IP,2025-09-28 14:16:40,2025-09-28 14:16:40,1,1.0,
PER_000009,Person,USES_IP,IP_000012,IP,2025-07-20 09:01:05,2025-07-20 09:01:05,1,1.0,
PER_000009,Person,USES_IP,IP_000027,IP,2025-06-29 11:07:31,2025-06-29 11:07:31,1,1.0,
PER_000009,Person,USES_IP,IP_000039,IP,2025-01-12 18:39:53,2025-01-12 18:39:53,1,1.0,
PER_000009,Person,USES_IP,IP_000042,IP,2025-01-30 09:23:33,2025-11-05 14:42:53,2,2.0,
PER_000009,Person,USES_IP,IP_000049,IP,2025-10-06 14:36:24,2025-10-06 14:36:24,1,1.0,
PER_000009,Person,USES_IP,IP_000060,IP,2025-05-02 13:59:49,2025-05-02 13:59:49,1,1.0,
PER_000009,Person,USES_IP,IP_000064,IP,2025-01-26 21:03:55,2025-01-26 21:03:55,1,1.0,
PER_000009,Person,USES_IP,IP_000070,IP,2025-09-12 03:19:45,2025-09-12 03:19:45,1,1.0,
PER_000009,Person,USES_IP,IP_000071,IP,2025-02-13 15:00:54,2025-02-13 15:00:54,1,1.0,
PER_000009,Person,USES_IP,IP_000077,IP,2025-10-19 08:16:57,2025-10-19 08:16:57,1,1.0,
PER_000009,Person,USES_IP,IP_000083,IP,2025-10-26 12:26:40,2025-10-26 12:26:40,1,1.0,
PER_000009,Person,USES_IP,IP_000104,IP,2025-03-29 15:43:20,2025-03-29 15:43:20,1,1.0,
PER_000009,Person,USES_IP,IP_000120,IP,2025-02-14 03:53:02,2025-02-14 03:53:02,1,1.0,
PER_000010,Person,USES_IP,IP_000001,IP,2025-10-06 13:19:17,2025-10-06 13:19:17,1,1.0,
PER_000010,Person,USES_IP,IP_000014,IP,2025-04-28 06:56:15,2025-04-28 06:56:15,1,1.0,
PER_000010,Person,USES_IP,IP_000020,IP,2025-09-11 17:23:33,2025-09-11 17:23:33,1,1.0,
PER_000010,Person,USES_IP,IP_000025,IP,2025-03-11 15:45:30,2025-03-11 15:45:30,1,1.0,
PER_000010,Person,USES_IP,IP_000036,IP,2025-05-12 03:04:40,2025-05-12 03:04:40,1,1.0,
PER_000010,Person,USES_IP,IP_000044,IP,2025-10-06 14:19:23,2025-10-06 14:19:23,1,1.0,
PER_000010,Person,USES_IP,IP_000054,IP,2025-09-25 15:07:46,2025-09-25 15:07:46,1,1.0,
PER_000010,Person,USES_IP,IP_000057,IP,2025-06-24 16:41:13,2025-06-24 16:41:13,1,1.0,
PER_000010,Person,USES_IP,IP_000078,IP,2025-04-24 18:14:02,2025-04-24 18:14:02,1,1.0,
PER_000010,Person,USES_IP,IP_000082,IP,2025-03-25 12:31:20,2025-03-25 12:31:20,1,1.0,
PER_000010,Person,USES_IP,IP_000090,IP,2025-10-22 16:45:04,2025-10-22 16:45:04,1,1.0,
PER_000010,Person,USES_IP,IP_000096,IP,2025-05-09 09:46:38,2025-05-09 09:46:38,1,1.0,
PER_000010,Person,USES_IP,IP_000103,IP,2025-07-27 13:40:41,2025-07-27 13:40:41,1,1.0,
PER_000011,Person,USES_IP,IP_000005,IP,2025-12-26 21:39:35,2025-12-26 21:39:35,1,1.0,
PER_000011,Person,USES_IP,IP_000011,IP,2025-05-25 15:14:49,2025-05-25 15:14:49,1,1.0,
PER_000011,Person,USES_IP,IP_000012,IP,2025-06-12 16:23:42,2025-06-12 16:23:42,1,1.0,
PER_000011,Person,USES_IP,IP_000018,IP,2025-04-26 20:07:24,2025-04-26 20:07:24,1,1.0,
PER_000011,Person,USES_IP,IP_000034,IP,2025-09-12 19:46:10,2025-09-12 19:46:10,1,1.0,
PER_000011,Person,USES_IP,IP_000040,IP,2025-01-20 15:56:39,2025-01-20 15:56:39,1,1.0,
PER_000011,Person,USES_IP,IP_000044,IP,2025-04-10 14:28:56,2025-09-20 16:29:19,2,2.0,
PER_000011,Person,USES_IP,IP_000052,IP,2025-04-29 19:13:07,2025-04-29 19:13:07,1,1.0,
PER_000011,Person,USES_IP,IP_000080,IP,2025-03-15 12:42:39,2025-10-19 15:02:44,2,2.0,
PER_000011,Person,USES_IP,IP_000083,IP,2025-12-18 16:51:59,2025-12-18 16:51:59,1,1.0,
PER_000011,Person,USES_IP,IP_000101,IP,2025-04-30 12:57:34,2025-04-30 12:57:34,1,1.0,
PER_000011,Person,USES_IP,IP_000119,IP,2025-10-22 09:30:41,2025-10-22 09:30:41,1,1.0,
PER_000012,Person,USES_IP,IP_000002,IP,2025-07-10 17:52:45,2025-07-10 17:52:45,1,1.0,
PER_000012,Person,USES_IP,IP_000004,IP,2025-07-11 06:21:26,2025-07-11 06:21:26,1,1.0,
PER_000012,Person,USES_IP,IP_000005,IP,2025-07-12 20:28:43,2025-07-12 20:28:43,1,1.0,
PER_000012,Person,USES_IP,IP_000006,IP,2025-07-10 11:47:14,2025-07-11 14:10:16,2,2.0,
PER_000012,Person,USES_IP,IP_000007,IP,2025-07-12 04:24:09,2025-07-12 17:55:09,2,2.0,
PER_000012,Person,USES_IP,IP_000010,IP,2025-07-11 02:11:42,2025-07-11 02:11:42,1,1.0,
PER_000012,Person,USES_IP,IP_000012,IP,2025-07-10 10:26:17,2025-07-10 10:26:17,1,1.0,
PER_000012,Person,USES_IP,IP_000014,IP,2025-07-11 15:45:36,2025-07-11 15:45:36,1,1.0,
PER_000012,Person,USES_IP,IP_000015,IP,2025-07-12 20:40:44,2025-07-12 20:40:44,1,1.0,
PER_000012,Person,USES_IP,IP_000016,IP,2025-07-10 13:28:38,2025-07-11 12:05:22,2,2.0,
PER_000012,Person,USES_IP,IP_000017,IP,2025-07-11 17:46:18,2025-07-12 23:02:32,4,4.0,
PER_000012,Person,USES_IP,IP_000018,IP,2025-07-10 12:56:31,2025-07-10 12:56:31,1,1.0,
PER_000012,Person,USES_IP,IP_000019,IP,2025-07-12 06:47:44,2025-07-12 22:43:49,2,2.0,
PER_000012,Person,USES_IP,IP_000020,IP,2025-07-12 12:17:19,2025-07-12 12:17:19,1,1.0,
PER_000012,Person,USES_IP,IP_000022,IP,2025-07-10 15:12:07,2025-07-10 15:12:07,1,1.0,
PER_000012,Person,USES_IP,IP_000023,IP,2025-07-12 00:36:37,2025-07-12 00:36:37,1,1.0,
PER_000012,Person,USES_IP,IP_000024,IP,2025-07-11 16:51:03,2025-07-12 15:39:22,3,3.0,
PER_000012,Person,USES_IP,IP_000029,IP,2025-07-12 20:16:53,2025-07-12 20:16:53,1,1.0,
PER_000012,Person,USES_IP,IP_000030,IP,2025-07-10 08:10:11,2025-07-10 08:10:11,1,1.0,
PER_000012,Person,USES_IP,IP_000031,IP,2025-07-11 17:20:23,2025-07-11 17:20:23,1,1.0,
PER_000012,Person,USES_IP,IP_000033,IP,2025-07-11 18:19:31,2025-07-11 18:19:31,1,1.0,
PER_000012,Person,USES_IP,IP_000034,IP,2025-07-11 13:34:07,2025-07-11 13:34:07,1,1.0,
PER_000012,Person,USES_IP,IP_000035,IP,2025-07-11 23:51:24,2025-07-11 23:51:24,1,1.0,
PER_000012,Person,USES_IP,IP_000037,IP,2025-07-11 00:24:57,2025-07-12 19:38:09,2,2.0,
PER_000012,Person,USES_IP,IP_000038,IP,2025-07-10 03:40:34,2025-07-10 11:30:00,2,2.0,
PER_000012,Person,USES_IP,IP_000039,IP,2025-07-10 17:48:46,2025-07-10 17:48:46,1,1.0,
PER_000012,Person,USES_IP,IP_000040,IP,2025-07-12 18:43:06,2025-07-12 18:43:06,1,1.0,
PER_000012,Person,USES_IP,IP_000042,IP,2025-07-11 12:25:29,2025-07-11 12:25:29,1,1.0,
PER_000012,Person,USES_IP,IP_000044,IP,2025-07-12 20:55:46,2025-07-12 20:55:46,1,1.0,
PER_000012,Person,USES_IP,IP_000045,IP,2025-07-10 16:26:03,2025-07-10 16:26:03,1,1.0,
PER_000012,Person,USES_IP,IP_000046,IP,2025-07-12 15:22:30,2025-07-12 15:22:30,1,1.0,
PER_000012,Person,USES_IP,IP_000052,IP,2025-07-12 06:15:59,2025-07-12 06:15:59,1,1.0,
PER_000012,Person,USES_IP,IP_000055,IP,2025-07-12 19:11:19,2025-07-12 23:45:27,2,2.0,
PER_000012,Person,USES_IP,IP_000063,IP,2025-07-12 18:28:40,2025-07-12 18:28:40,1,1.0,
PER_000012,Person,USES_IP,IP_000064,IP,2025-07-12 02:16:23,2025-07-12 02:16:23,1,1.0,
PER_000012,Person,USES_IP,IP_000066,IP,2025-07-11 17:54:44,2025-07-11 17:54:44,1,1.0,
PER_000012,Person,USES_IP,IP_000067,IP,2025-07-11 03:11:56,2025-07-12 18:21:44,2,2.0,
PER_000012,Person,USES_IP,IP_000068,IP,2025-07-11 02:50:22,2025-07-11 02:50:22,1,1.0,
PER_000012,Person,USES_IP,IP_000069,IP,2025-07-10 01:17:36,2025-07-10 01:17:36,1,1.0,
PER_000012,Person,USES_IP,IP_000070,IP,2025-07-11 22:13:08,2025-07-11 22:13:08,1,1.0,
PER_000012,Person,USES_IP,IP_000072,IP,2025-07-10 12:39:50,2025-07-11 19:53:08,2,2.0,
PER_000012,Person,USES_IP,IP_000073,IP,2025-07-11 02:38:51,2025-07-11 02:38:51,1,1.0,
PER_000012,Person,USES_IP,IP_000075,IP,2025-07-10 13:32:22,2025-07-10 13:32:22,1,1.0,
PER_000012,Person,USES_IP,IP_000076,IP,2025-07-12 22:35:30,2025-07-12 23:18:37,2,2.0,
PER_000012,Person,USES_IP,IP_000077,IP,2025-07-12 20:14:04,2025-07-12 20:14:04,1,1.0,
PER_000012,Person,USES_IP,IP_000079,IP,2025-07-12 01:39:10,2025-07-12 01:39:10,1,1.0,
PER_000012,Person,USES_IP,IP_000080,IP,2025-07-12 13:04:29,2025-07-12 13:04:29,1,1.0,
PER_000012,Person,USES_IP,IP_000081,IP,2025-07-11 19:27:23,2025-07-11 22:38:49,2,2.0,
PER_000012,Person,USES_IP,IP_000082,IP,2025-07-11 20:51:57,2025-07-11 20:51:57,1,1.0,
PER_000012,Person,USES_IP,IP_000084,IP,2025-07-11 22:47:52,2025-07-11 22:47:52,1,1.0,
PER_000012,Person,USES_IP,IP_000086,IP,2025-07-12 12:26:55,2025-07-12 12:26:55,1,1.0,
PER_000012,Person,USES_IP,IP_000087,IP,2025-07-11 16:58:02,2025-07-12 16:53:34,2,2.0,
PER_000012,Person,USES_IP,IP_000089,IP,2025-07-11 06:53:00,2025-07-11 12:03:59,2,2.0,
PER_000012,Person,USES_IP,IP_000090,IP,2025-07-12 01:22:14,2025-07-12 08:04:40,2,2.0,
PER_000012,Person,USES_IP,IP_000091,IP,2025-07-10 02:58:13,2025-07-12 21:07:48,2,2.0,
PER_000012,Person,USES_IP,IP_000092,IP,2025-07-10 18:17:26,2025-07-11 16:49:51,2,2.0,
PER_000012,Person,USES_IP,IP_000094,IP,2025-07-10 23:35:54,2025-07-10 23:35:54,1,1.0,
PER_000012,Person,USES_IP,IP_000095,IP,2025-07-12 04:31:13,2025-07-12 04:31:13,1,1.0,
PER_000012,Person,USES_IP,IP_000097,IP,2025-07-10 20:02:31,2025-07-10 20:02:31,1,1.0,
PER_000012,Person,USES_IP,IP_000100,IP,2025-07-11 10:13:05,2025-07-11 10:13:05,1,1.0,
PER_000012,Person,USES_IP,IP_000103,IP,2025-07-11 02:10:30,2025-07-11 02:10:30,1,1.0,
PER_000012,Person,USES_IP,IP_000105,IP,2025-07-11 14:22:09,2025-07-11 14:22:09,1,1.0,
PER_000012,Person,USES_IP,IP_000106,IP,2025-07-10 21:22:58,2025-07-10 21:22:58,1,1.0,
PER_000012,Person,USES_IP,IP_000108,IP,2025-07-12 23:29:18,2025-07-12 23:29:18,1,1.0,
PER_000012,Person,USES_IP,IP_000109,IP,2025-07-10 08:45:42,2025-07-11 07:04:31,2,2.0,
PER_000012,Person,USES_IP,IP_000112,IP,2025-07-10 03:38:55,2025-07-10 03:38:55,1,1.0,
PER_000012,Person,USES_IP,IP_000113,IP,2025-07-10 03:51:33,2025-07-10 03:51:33,1,1.0,
PER_000012,Person,USES_IP,IP_000114,IP,2025-07-10 11:25:27,2025-07-12 18:39:39,2,2.0,
PER_000012,Person,USES_IP,IP_000115,IP,2025-07-11 03:49:42,2025-07-11 16:53:30,2,2.0,
PER_000012,Person,USES_IP,IP_000117,IP,2025-07-11 14:19:42,2025-07-11 14:19:42,1,1.0,
PER_000012,Person,USES_IP,IP_000118,IP,2025-07-12 00:16:13,2025-07-12 00:16:13,1,1.0,
PER_000012,Person,USES_IP,IP_000119,IP,2025-07-11 20:15:45,2025-07-12 17:58:58,2,2.0,
PER_000013,Person,USES_IP,IP_000013,IP,2025-06-04 16:37:17,2025-06-04 16:37:17,1,1.0,
PER_000013,Person,USES_IP,IP_000022,IP,2025-01-09 16:33:15,2025-01-09 16:33:15,1,1.0,
PER_000013,Person,USES_IP,IP_000044,IP,2025-11-26 08:38:14,2025-11-26 08:38:14,1,1.0,
PER_000013,Person,USES_IP,IP_000065,IP,2025-03-08 14:41:12,2025-03-08 14:41:12,1,1.0,
PER_000013,Person,USES_IP,IP_000075,IP,2025-12-02 20:06:31,2025-12-02 20:06:31,1,1.0,
PER_000013,Person,USES_IP,IP_000077,IP,2025-12-27 22:12:54,2025-12-27 22:12:54,1,1.0,
PER_000013,Person,USES_IP,IP_000083,IP,2025-08-28 21:01:56,2025-08-28 21:01:56,1,1.0,
PER_000013,Person,USES_IP,IP_000101,IP,2025-05-02 19:35:43,2025-05-02 19:35:43,1,1.0,
PER_000013,Person,USES_IP,IP_000105,IP,2025-11-09 21:10:53,2025-11-09 21:10:53,1,1.0,
PER_000013,Person,USES_IP,IP_000106,IP,2025-01-19 09:57:17,2025-01-19 09:57:17,1,1.0,
PER_000013,Person,USES_IP,IP_000114,IP,2025-02-28 06:06:16,2025-02-28 06:06:16,1,1.0,
PER_000014,Person,USES_IP,IP_000002,IP,2025-10-01 10:01:00,2025-10-01 10:01:00,1,1.0,
PER_000014,Person,USES_IP,IP_000006,IP,2025-10-05 20:50:35,2025-10-05 20:50:35,1,1.0,
PER_000014,Person,USES_IP,IP_000011,IP,2025-11-06 14:58:01,2025-11-06 14:58:01,1,1.0,
PER_000014,Person,USES_IP,IP_000020,IP,2025-12-05 06:40:35,2025-12-05 06:40:35,1,1.0,
PER_000014,Person,USES_IP,IP_000021,IP,2025-08-22 11:17:12,2025-08-22 11:17:12,1,1.0,
PER_000014,Person,USES_IP,IP_000040,IP,2025-10-12 06:33:54,2025-10-12 06:33:54,1,1.0,
PER_000014,Person,USES_IP,IP_000043,IP,2025-05-03 17:33:43,2025-05-03 17:33:43,1,1.0,
PER_000014,Person,USES_IP,IP_000044,IP,2025-01-16 10:59:51,2025-01-16 10:59:51,1,1.0,
PER_000014,Person,USES_IP,IP_000047,IP,2025-09-15 15:37:53,2025-09-15 15:37:53,1,1.0,
PER_000014,Person,USES_IP,IP_000050,IP,2025-01-15 13:10:59,2025-01-15 13:10:59,1,1.0,
PER_000014,Person,USES_IP,IP_000053,IP,2025-08-09 22:13:47,2025-12-17 18:46:25,2,2.0,
PER_000014,Person,USES_IP,IP_000054,IP,2025-08-07 12:08:12,2025-08-07 12:08:12,1,1.0,
PER_000014,Person,USES_IP,IP_000058,IP,2025-03-13 11:19:34,2025-03-13 11:19:34,1,1.0,
PER_000014,Person,USES_IP,IP_000060,IP,2025-08-29 15:34:06,2025-08-29 15:34:06,1,1.0,
PER_000014,Person,USES_IP,IP_000062,IP,2025-08-23 16:05:24,2025-08-23 16:05:24,1,1.0,
PER_000014,Person,USES_IP,IP_000064,IP,2025-09-06 15:27:30,2025-09-06 15:27:30,1,1.0,
PER_000014,Person,USES_IP,IP_000065,IP,2025-03-21 10:48:22,2025-03-21 10:48:22,1,1.0,
PER_000014,Person,USES_IP,IP_000066,IP,2025-12-10 19:30:37,2025-12-10 19:30:37,1,1.0,
PER_000014,Person,USES_IP,IP_000076,IP,2025-06-27 13:26:21,2025-06-27 13:26:21,1,1.0,
PER_000014,Person,USES_IP,IP_000080,IP,2025-11-27 10:02:17,2025-11-27 10:02:17,1,1.0,
PER_000014,Person,USES_IP,IP_000086,IP,2025-08-15 09:05:40,2025-08-15 09:05:40,1,1.0,
PER_000014,Person,USES_IP,IP_000103,IP,2025-10-25 06:56:17,2025-10-25 06:56:17,1,1.0,
PER_000015,Person,USES_IP,IP_000009,IP,2025-01-26 07:13:51,2025-01-26 07:13:51,1,1.0,
PER_000015,Person,USES_IP,IP_000011,IP,2025-08-27 14:11:01,2025-08-27 14:11:01,1,1.0,
PER_000015,Person,USES_IP,IP_000022,IP,2025-07-04 18:28:50,2025-07-04 18:28:50,1,1.0,
PER_000015,Person,USES_IP,IP_000030,IP,2025-03-16 14:06:40,2025-03-16 14:06:40,1,1.0,
PER_000015,Person,USES_IP,IP_000035,IP,2025-12-09 13:48:53,2025-12-09 13:48:53,1,1.0,
PER_000015,Person,USES_IP,IP_000045,IP,2025-03-21 15:43:18,2025-03-21 15:43:18,1,1.0,
PER_000015,Person,USES_IP,IP_000062,IP,2025-06-12 22:04:13,2025-06-12 22:04:13,1,1.0,
PER_000015,Person,USES_IP,IP_000063,IP,2025-04-30 19:08:15,2025-04-30 19:08:15,1,1.0,
PER_000015,Person,USES_IP,IP_000073,IP,2025-06-03 18:33:16,2025-06-03 18:33:16,1,1.0,
PER_000015,Person,USES_IP,IP_000078,IP,2025-07-18 06:13:55,2025-07-18 06:13:55,1,1.0,
PER_000015,Person,USES_IP,IP_000082,IP,2025-08-21 10:02:34,2025-08-21 10:02:34,1,1.0,
PER_000015,Person,USES_IP,IP_000117,IP,2025-05-12 07:34:46,2025-05-12 07:34:46,1,1.0,
PER_000016,Person,USES_IP,IP_000001,IP,2025-10-28 11:12:00,2025-10-28 11:12:00,1,1.0,
PER_000016,Person,USES_IP,IP_000002,IP,2025-03-29 05:10:31,2025-11-04 14:51:51,3,3.0,
PER_000016,Person,USES_IP,IP_000003,IP,2025-12-01 11:44:56,2025-12-01 11:44:56,1,1.0,
PER_000016,Person,USES_IP,IP_000004,IP,2025-10-24 10:00:13,2025-10-24 10:00:13,1,1.0,
PER_000016,Person,USES_IP,IP_000005,IP,2025-04-28 16:24:20,2025-04-28 16:24:20,1,1.0,
PER_000016,Person,USES_IP,IP_000007,IP,2025-05-15 13:11:45,2025-05-15 13:11:45,1,1.0,
PER_000016,Person,USES_IP,IP_000009,IP,2025-03-16 19:04:28,2025-03-16 19:04:28,1,1.0,
PER_000016,Person,USES_IP,IP_000012,IP,2025-04-11 20:34:26,2025-04-11 20:34:26,1,1.0,
PER_000016,Person,USES_IP,IP_000017,IP,2025-03-16 10:14:24,2025-11-21 09:27:45,2,2.0,
PER_000016,Person,USES_IP,IP_000018,IP,2025-05-13 21:06:40,2025-05-13 21:06:40,1,1.0,
PER_000016,Person,USES_IP,IP_000019,IP,2025-10-04 22:32:09,2025-12-31 09:10:47,2,2.0,
PER_000016,Person,USES_IP,IP_000020,IP,2025-07-07 13:02:14,2025-07-07 13:02:14,1,1.0,
PER_000016,Person,USES_IP,IP_000024,IP,2025-07-28 06:53:22,2025-09-29 15:58:30,2,2.0,
PER_000016,Person,USES_IP,IP_000025,IP,2025-03-14 16:52:40,2025-03-14 16:52:40,1,1.0,
PER_000016,Person,USES_IP,IP_000026,IP,2025-03-23 10:22:02,2025-03-23 10:22:02,1,1.0,
PER_000016,Person,USES_IP,IP_000030,IP,2025-03-12 06:02:43,2025-03-12 06:02:43,1,1.0,
PER_000016,Person,USES_IP,IP_000034,IP,2025-04-03 06:24:07,2025-04-03 06:24:07,1,1.0,
PER_000016,Person,USES_IP,IP_000038,IP,2025-05-30 09:49:37,2025-09-01 02:46:23,2,2.0,
PER_000016,Person,USES_IP,IP_000039,IP,2025-09-17 19:06:01,2025-09-17 19:06:01,1,1.0,
PER_000016,Person,USES_IP,IP_000040,IP,2025-04-01 06:58:14,2025-12-11 17:47:51,2,2.0,
PER_000016,Person,USES_IP,IP_000041,IP,2025-08-10 01:12:25,2025-08-10 01:12:25,1,1.0,
PER_000016,Person,USES_IP,IP_000042,IP,2025-03-07 19:09:56,2025-07-11 08:37:59,2,2.0,
PER_000016,Person,USES_IP,IP_000043,IP,2025-06-03 09:32:35,2025-06-03 09:32:35,1,1.0,
PER_000016,Person,USES_IP,IP_000045,IP,2025-03-14 15:21:47,2025-03-14 15:21:47,1,1.0,
PER_000016,Person,USES_IP,IP_000050,IP,2025-12-23 10:04:44,2025-12-23 10:04:44,1,1.0,
PER_000016,Person,USES_IP,IP_000052,IP,2025-09-22 16:21:54,2025-09-22 16:21:54,1,1.0,
PER_000016,Person,USES_IP,IP_000054,IP,2025-12-07 19:23:44,2025-12-07 19:23:44,1,1.0,
PER_000016,Person,USES_IP,IP_000055,IP,2025-11-23 11:29:20,2025-11-23 11:29:20,1,1.0,
PER_000016,Person,USES_IP,IP_000056,IP,2025-07-21 12:53:06,2025-07-21 12:53:06,1,1.0,
PER_000016,Person,USES_IP,IP_000061,IP,2025-03-29 10:07:05,2025-03-29 10:07:05,1,1.0,
PER_000016,Person,USES_IP,IP_000063,IP,2025-03-08 08:11:12,2025-03-08 08:11:12,1,1.0,
PER_000016,Person,USES_IP,IP_000064,IP,2025-02-02 12:27:50,2025-02-02 12:27:50,1,1.0,
PER_000016,Person,USES_IP,IP_000065,IP,2025-12-22 19:34:30,2025-12-22 19:34:30,1,1.0,
PER_000016,Person,USES_IP,IP_000066,IP,2025-02-17 14:13:55,2025-02-17 14:13:55,1,1.0,
PER_000016,Person,USES_IP,IP_000067,IP,2025-04-12 09:38:12,2025-09-23 17:36:47,2,2.0,
PER_000016,Person,USES_IP,IP_000068,IP,2025-02-16 14:48:52,2025-02-16 14:48:52,1,1.0,
PER_000016,Person,USES_IP,IP_000069,IP,2025-01-31 16:07:12,2025-03-28 05:30:06,2,2.0,
PER_000016,Person,USES_IP,IP_000070,IP,2025-02-17 03:23:39,2025-06-28 14:35:51,2,2.0,
PER_000016,Person,USES_IP,IP_000072,IP,2025-08-13 12:44:54,2025-08-13 12:44:54,1,1.0,
PER_000016,Person,USES_IP,IP_000073,IP,2025-02-02 05:11:43,2025-12-04 08:33:51,3,3.0,
PER_000016,Person,USES_IP,IP_000074,IP,2025-01-04 06:20:52,2025-01-04 06:20:52,1,1.0,
PER_000016,Person,USES_IP,IP_000075,IP,2025-08-06 18:31:07,2025-08-06 18:31:07,1,1.0,
PER_000016,Person,USES_IP,IP_000076,IP,2025-02-12 10:30:12,2025-06-11 08:07:38,4,4.0,
PER_000016,Person,USES_IP,IP_000077,IP,2025-02-12 05:49:09,2025-02-12 05:49:09,1,1.0,
PER_000016,Person,USES_IP,IP_000078,IP,2025-06-18 08:15:50,2025-12-03 19:53:36,3,3.0,
PER_000016,Person,USES_IP,IP_000079,IP,2025-06-19 08:51:27,2025-06-19 08:51:27,1,1.0,
PER_000016,Person,USES_IP,IP_000083,IP,2025-03-13 12:56:15,2025-08-07 10:16:02,3,3.0,
PER_000016,Person,USES_IP,IP_000084,IP,2025-01-25 03:40:09,2025-01-25 03:40:09,1,1.0,
PER_000016,Person,USES_IP,IP_000085,IP,2025-12-21 08:19:26,2025-12-21 08:19:26,1,1.0,
PER_000016,Person,USES_IP,IP_000087,IP,2025-09-02 09:33:19,2025-11-05 08:53:40,2,2.0,
PER_000016,Person,USES_IP,IP_000088,IP,2025-10-02 17:09:26,2025-10-02 17:09:26,1,1.0,
PER_000016,Person,USES_IP,IP_000090,IP,2025-10-17 10:17:14,2025-10-17 10:17:14,1,1.0,
PER_000016,Person,USES_IP,IP_000091,IP,2025-05-18 14:55:23,2025-05-18 14:55:23,1,1.0,
PER_000016,Person,USES_IP,IP_000092,IP,2025-12-20 12:24:39,2025-12-20 12:24:39,1,1.0,
PER_000016,Person,USES_IP,IP_000093,IP,2025-02-25 05:46:00,2025-02-25 05:46:00,1,1.0,
PER_000016,Person,USES_IP,IP_000095,IP,2025-07-29 06:42:40,2025-07-29 06:42:40,1,1.0,
PER_000016,Person,USES_IP,IP_000099,IP,2025-10-31 16:42:54,2025-10-31 16:42:54,1,1.0,
PER_000016,Person,USES_IP,IP_000100,IP,2025-09-07 07:27:48,2025-12-30 11:35:15,2,2.0,
PER_000016,Person,USES_IP,IP_000101,IP,2025-06-06 13:00:00,2025-06-06 13:00:00,1,1.0,
PER_000016,Person,USES_IP,IP_000102,IP,2025-11-20 17:28:02,2025-11-20 17:28:02,1,1.0,
PER_000016,Person,USES_IP,IP_000104,IP,2025-10-02 04:24:56,2025-12-27 16:09:07,2,2.0,
PER_000016,Person,USES_IP,IP_000105,IP,2025-09-11 09:32:02,2025-09-11 09:32:02,1,1.0,
PER_000016,Person,USES_IP,IP_000106,IP,2025-11-02 15:01:47,2025-11-02 15:01:47,1,1.0,
PER_000016,Person,USES_IP,IP_000107,IP,2025-02-10 11:27:43,2025-12-07 21:57:59,2,2.0,
PER_000016,Person,USES_IP,IP_000110,IP,2025-03-28 17:05:51,2025-03-28 17:05:51,1,1.0,
PER_000016,Person,USES_IP,IP_000113,IP,2025-04-17 16:39:15,2025-05-19 07:35:30,2,2.0,
PER_000016,Person,USES_IP,IP_000115,IP,2025-01-30 09:01:35,2025-06-12 14:57:10,2,2.0,
PER_000016,Person,USES_IP,IP_000116,IP,2025-03-04 11:02:08,2025-11-05 09:05:19,2,2.0,
PER_000016,Person,USES_IP,IP_000117,IP,2025-08-07 19:54:53,2025-08-07 19:54:53,1,1.0,
PER_000016,Person,USES_IP,IP_000119,IP,2025-11-12 12:31:35,2025-11-12 12:31:35,1,1.0,
PER_000017,Person,USES_IP,IP_000024,IP,2025-10-08 19:28:19,2025-10-08 19:28:19,1,1.0,
PER_000017,Person,USES_IP,IP_000028,IP,2025-01-16 18:32:08,2025-01-16 18:32:08,1,1.0,
PER_000017,Person,USES_IP,IP_000035,IP,2025-10-10 15:12:11,2025-10-10 15:12:11,1,1.0,
PER_000017,Person,USES_IP,IP_000042,IP,2025-03-01 17:22:11,2025-03-01 17:22:11,1,1.0,
PER_000017,Person,USES_IP,IP_000048,IP,2025-11-23 15:22:43,2025-11-23 15:22:43,1,1.0,
PER_000017,Person,USES_IP,IP_000064,IP,2025-07-06 09:12:05,2025-07-06 09:12:05,1,1.0,
PER_000017,Person,USES_IP,IP_000080,IP,2025-03-19 20:23:55,2025-03-19 20:23:55,1,1.0,
PER_000017,Person,USES_IP,IP_000083,IP,2025-02-23 11:01:21,2025-02-23 11:01:21,1,1.0,
PER_000017,Person,USES_IP,IP_000084,IP,2025-03-30 21:11:14,2025-03-30 21:11:14,1,1.0,
PER_000017,Person,USES_IP,IP_000093,IP,2025-03-22 11:24:51,2025-03-22 11:24:51,1,1.0,
PER_000018,Person,USES_IP,IP_000002,IP,2025-05-27 09:30:34,2025-09-12 20:32:43,2,2.0,
PER_000018,Person,USES_IP,IP_000003,IP,2025-01-03 11:59:25,2025-01-03 11:59:25,1,1.0,
PER_000018,Person,USES_IP,IP_000004,IP,2025-03-01 11:55:33,2025-03-01 11:55:33,1,1.0,
PER_000018,Person,USES_IP,IP_000005,IP,2025-01-26 05:35:00,2025-01-26 05:35:00,1,1.0,
PER_000018,Person,USES_IP,IP_000006,IP,2025-07-03 08:41:29,2025-07-03 08:41:29,1,1.0,
PER_000018,Person,USES_IP,IP_000009,IP,2025-09-06 09:27:50,2025-09-06 09:27:50,1,1.0,
PER_000018,Person,USES_IP,IP_000010,IP,2025-01-30 18:16:26,2025-01-30 18:16:26,1,1.0,
PER_000018,Person,USES_IP,IP_000011,IP,2025-09-11 12:07:36,2025-09-11 12:07:36,1,1.0,
PER_000018,Person,USES_IP,IP_000012,IP,2025-04-07 14:02:13,2025-04-07 14:02:13,1,1.0,
PER_000018,Person,USES_IP,IP_000013,IP,2025-01-13 18:49:13,2025-12-04 14:19:53,4,4.0,
PER_000018,Person,USES_IP,IP_000015,IP,2025-03-13 14:46:26,2025-04-11 14:52:50,2,2.0,
PER_000018,Person,USES_IP,IP_000016,IP,2025-08-25 09:27:00,2025-11-28 20:45:37,2,2.0,
PER_000018,Person,USES_IP,IP_000019,IP,2025-10-03 11:09:52,2025-10-03 11:09:52,1,1.0,
PER_000018,Person,USES_IP,IP_000025,IP,2025-04-27 20:50:58,2025-10-22 13:42:17,2,2.0,
PER_000018,Person,USES_IP,IP_000027,IP,2025-03-11 17:03:40,2025-03-11 17:03:40,1,1.0,
PER_000018,Person,USES_IP,IP_000028,IP,2025-11-07 11:54:07,2025-11-07 11:54:07,1,1.0,
PER_000018,Person,USES_IP,IP_000030,IP,2025-06-03 08:41:09,2025-11-13 17:28:49,2,2.0,
PER_000018,Person,USES_IP,IP_000032,IP,2025-01-05 12:03:42,2025-01-05 12:03:42,1,1.0,
PER_000018,Person,USES_IP,IP_000036,IP,2025-05-31 12:32:02,2025-08-05 17:58:18,2,2.0,
PER_000018,Person,USES_IP,IP_000037,IP,2025-10-02 17:52:04,2025-10-02 17:52:04,1,1.0,
PER_000018,Person,USES_IP,IP_000040,IP,2025-07-10 21:02:37,2025-07-10 21:02:37,1,1.0,
PER_000018,Person,USES_IP,IP_000041,IP,2025-06-11 17:12:10,2025-06-11 17:12:10,1,1.0,
PER_000018,Person,USES_IP,IP_000043,IP,2025-04-02 16:50:35,2025-10-15 15:26:04,2,2.0,
PER_000018,Person,USES_IP,IP_000044,IP,2025-02-03 20:25:15,2025-02-28 13:43:58,2,2.0,
PER_000018,Person,USES_IP,IP_000049,IP,2025-12-29 21:55:41,2025-12-29 21:55:41,1,1.0,
PER_000018,Person,USES_IP,IP_000052,IP,2025-04-26 19:04:42,2025-08-18 12:05:28,2,2.0,
PER_000018,Person,USES_IP,IP_000053,IP,2025-01-02 01:24:27,2025-10-22 16:50:51,3,3.0,
PER_000018,Person,USES_IP,IP_000056,IP,2025-08-08 12:23:11,2025-08-08 12:23:11,1,1.0,
PER_000018,Person,USES_IP,IP_000058,IP,2025-05-17 10:08:35,2025-08-29 11:27:17,2,2.0,
PER_000018,Person,USES_IP,IP_000060,IP,2025-10-14 06:36:02,2025-10-14 06:36:02,1,1.0,
PER_000018,Person,USES_IP,IP_000061,IP,2025-10-13 15:55:37,2025-12-04 13:19:59,2,2.0,
PER_000018,Person,USES_IP,IP_000062,IP,2025-05-05 11:55:30,2025-05-05 11:55:30,1,1.0,
PER_000018,Person,USES_IP,IP_000063,IP,2025-01-27 02:07:35,2025-05-11 18:25:02,2,2.0,
PER_000018,Person,USES_IP,IP_000064,IP,2025-06-17 08:00:13,2025-06-17 08:00:13,1,1.0,
PER_000018,Person,USES_IP,IP_000067,IP,2025-05-01 09:44:15,2025-06-13 18:28:59,3,3.0,
PER_000018,Person,USES_IP,IP_000069,IP,2025-04-07 03:46:08,2025-09-10 20:26:35,3,3.0,
PER_000018,Person,USES_IP,IP_000070,IP,2025-09-05 17:12:29,2025-12-21 06:47:16,2,2.0,
PER_000018,Person,USES_IP,IP_000071,IP,2025-05-06 12:40:38,2025-12-13 17:56:58,3,3.0,
PER_000018,Person,USES_IP,IP_000074,IP,2025-09-17 07:36:14,2025-09-17 07:36:14,1,1.0,
PER_000018,Person,USES_IP,IP_000076,IP,2025-03-18 06:52:19,2025-03-18 06:52:19,1,1.0,
PER_000018,Person,USES_IP,IP_000079,IP,2025-04-30 16:35:26,2025-06-02 17:41:21,2,2.0,
PER_000018,Person,USES_IP,IP_000080,IP,2025-01-10 15:45:11,2025-01-10 15:45:11,1,1.0,
PER_000018,Person,USES_IP,IP_000081,IP,2025-07-15 11:26:35,2025-07-15 11:26:35,1,1.0,
PER_000018,Person,USES_IP,IP_000082,IP,2025-06-29 12:02:53,2025-06-29 12:02:53,1,1.0,
PER_000018,Person,USES_IP,IP_000083,IP,2025-04-08 16:27:49,2025-04-08 16:27:49,1,1.0,
PER_000018,Person,USES_IP,IP_000085,IP,2025-12-10 17:47:29,2025-12-10 17:47:29,1,1.0,
PER_000018,Person,USES_IP,IP_000089,IP,2025-11-09 08:53:44,2025-11-09 08:53:44,1,1.0,
PER_000018,Person,USES_IP,IP_000090,IP,2025-12-23 08:27:27,2025-12-23 08:27:27,1,1.0,
PER_000018,Person,USES_IP,IP_000091,IP,2025-02-25 19:57:58,2025-08-19 06:17:32,2,2.0,
PER_000018,Person,USES_IP,IP_000092,IP,2025-01-22 09:25:20,2025-11-22 08:18:15,2,2.0,
PER_000018,Person,USES_IP,IP_000093,IP,2025-01-24 19:13:14,2025-01-24 19:13:14,1,1.0,
PER_000018,Person,USES_IP,IP_000098,IP,2025-06-22 14:01:07,2025-06-22 14:01:07,1,1.0,
PER_000018,Person,USES_IP,IP_000099,IP,2025-04-15 21:01:13,2025-10-01 11:54:49,2,2.0,
PER_000018,Person,USES_IP,IP_000103,IP,2025-08-10 13:47:11,2025-08-10 13:47:11,1,1.0,
PER_000018,Person,USES_IP,IP_000104,IP,2025-02-26 12:51:54,2025-05-07 07:25:58,2,2.0,
PER_000018,Person,USES_IP,IP_000105,IP,2025-06-24 03:25:19,2025-11-10 21:18:20,2,2.0,
PER_000018,Person,USES_IP,IP_000106,IP,2025-10-06 10:30:12,2025-10-06 10:30:12,1,1.0,
PER_000018,Person,USES_IP,IP_000109,IP,2025-05-26 08:56:45,2025-05-26 08:56:45,1,1.0,
PER_000018,Person,USES_IP,IP_000110,IP,2025-05-20 17:49:51,2025-05-20 17:49:51,1,1.0,
PER_000018,Person,USES_IP,IP_000112,IP,2025-04-06 10:45:28,2025-09-01 08:18:56,3,3.0,
PER_000018,Person,USES_IP,IP_000114,IP,2025-02-01 23:09:39,2025-02-01 23:09:39,1,1.0,
PER_000018,Person,USES_IP,IP_000118,IP,2025-10-18 22:23:51,2025-10-18 22:23:51,1,1.0,
PER_000018,Person,USES_IP,IP_000119,IP,2025-04-01 09:25:43,2025-04-01 09:25:43,1,1.0,
PER_000019,Person,USES_IP,IP_000001,IP,2025-11-21 05:26:31,2025-11-21 05:26:31,1,1.0,
PER_000019,Person,USES_IP,IP_000002,IP,2025-10-15 09:14:05,2025-10-15 09:14:05,1,1.0,
PER_000019,Person,USES_IP,IP_000022,IP,2025-06-11 03:57:27,2025-06-11 03:57:27,1,1.0,
PER_000019,Person,USES_IP,IP_000035,IP,2025-05-28 04:38:28,2025-05-28 04:38:28,1,1.0,
PER_000019,Person,USES_IP,IP_000036,IP,2025-09-06 17:42:02,2025-09-06 17:42:02,1,1.0,
PER_000019,Person,USES_IP,IP_000045,IP,2025-08-17 03:41:13,2025-08-17 03:41:13,1,1.0,
PER_000019,Person,USES_IP,IP_000052,IP,2025-02-03 11:46:38,2025-02-03 11:46:38,1,1.0,
PER_000019,Person,USES_IP,IP_000056,IP,2025-08-25 14:51:08,2025-08-25 14:51:08,1,1.0,
PER_000019,Person,USES_IP,IP_000059,IP,2025-10-08 13:55:51,2025-10-08 13:55:51,1,1.0,
PER_000019,Person,USES_IP,IP_000060,IP,2025-06-27 06:38:15,2025-06-27 06:38:15,1,1.0,
PER_000019,Person,USES_IP,IP_000074,IP,2025-11-13 15:43:18,2025-11-13 15:43:18,1,1.0,
PER_000019,Person,USES_IP,IP_000078,IP,2025-02-01 21:03:33,2025-02-01 21:03:33,1,1.0,
PER_000019,Person,USES_IP,IP_000080,IP,2025-10-17 16:06:18,2025-10-17 16:06:18,1,1.0,
PER_000019,Person,USES_IP,IP_000086,IP,2025-09-08 20:03:26,2025-09-08 20:03:26,1,1.0,
PER_000019,Person,USES_IP,IP_000088,IP,2025-08-21 13:58:16,2025-08-21 13:58:16,1,1.0,
PER_000019,Person,USES_IP,IP_000109,IP,2025-01-13 16:29:51,2025-01-13 16:29:51,1,1.0,
PER_000020,Person,USES_IP,IP_000020,IP,2025-11-19 07:09:21,2025-11-19 07:09:21,1,1.0,
PER_000020,Person,USES_IP,IP_000024,IP,2025-04-13 10:46:30,2025-04-13 10:46:30,1,1.0,
PER_000020,Person,USES_IP,IP_000037,IP,2025-01-29 10:24:48,2025-01-29 10:24:48,1,1.0,
PER_000020,Person,USES_IP,IP_000039,IP,2025-02-22 20:48:01,2025-02-22 20:48:01,1,1.0,
PER_000020,Person,USES_IP,IP_000059,IP,2025-02-09 08:25:41,2025-02-09 08:25:41,1,1.0,
PER_000020,Person,USES_IP,IP_000072,IP,2025-12-14 21:23:36,2025-12-14 21:23:36,1,1.0,
PER_000020,Person,USES_IP,IP_000085,IP,2025-10-20 19:12:59,2025-10-20 19:12:59,1,1.0,
PER_000020,Person,USES_IP,IP_000087,IP,2025-07-03 12:11:13,2025-07-03 12:11:13,1,1.0,
PER_000020,Person,USES_IP,IP_000095,IP,2025-01-15 15:21:45,2025-01-15 15:21:45,1,1.0,
PER_000020,Person,USES_IP,IP_000098,IP,2025-02-08 07:07:26,2025-02-08 07:07:26,1,1.0,
PER_000020,Person,USES_IP,IP_000106,IP,2025-07-31 11:55:18,2025-07-31 11:55:18,1,1.0,
PER_000020,Person,USES_IP,IP_000118,IP,2025-05-06 13:53:49,2025-05-06 13:53:49,1,1.0,
PER_000021,Person,USES_IP,IP_000010,IP,2025-12-23 22:49:35,2025-12-23 22:49:35,1,1.0,
PER_000021,Person,USES_IP,IP_000027,IP,2025-03-01 12:10:20,2025-03-01 12:10:20,1,1.0,
PER_000021,Person,USES_IP,IP_000030,IP,2025-11-07 20:29:50,2025-11-07 20:29:50,1,1.0,
PER_000021,Person,USES_IP,IP_000036,IP,2025-10-29 12:48:40,2025-10-29 12:48:40,1,1.0,
PER_000021,Person,USES_IP,IP_000041,IP,2025-04-20 18:36:33,2025-04-20 18:36:33,1,1.0,
PER_000021,Person,USES_IP,IP_000044,IP,2025-07-31 09:30:04,2025-07-31 09:30:04,1,1.0,
PER_000021,Person,USES_IP,IP_000049,IP,2025-01-08 15:00:26,2025-01-08 15:00:26,1,1.0,
PER_000021,Person,USES_IP,IP_000051,IP,2025-02-07 16:37:29,2025-02-07 16:37:29,1,1.0,
PER_000021,Person,USES_IP,IP_000081,IP,2025-04-15 12:05:05,2025-04-15 12:05:05,1,1.0,
PER_000021,Person,USES_IP,IP_000082,IP,2025-05-21 14:02:31,2025-05-21 14:02:31,1,1.0,
PER_000021,Person,USES_IP,IP_000085,IP,2025-07-02 12:02:48,2025-07-02 12:02:48,1,1.0,
PER_000021,Person,USES_IP,IP_000091,IP,2025-06-15 19:03:41,2025-06-15 19:03:41,1,1.0,
PER_000021,Person,USES_IP,IP_000115,IP,2025-12-14 03:47:24,2025-12-14 03:47:24,1,1.0,
PER_000022,Person,USES_IP,IP_000002,IP,2025-10-04 17:16:33,2025-10-04 17:16:33,1,1.0,
PER_000022,Person,USES_IP,IP_000023,IP,2025-08-19 13:20:24,2025-08-19 13:20:24,1,1.0,
PER_000022,Person,USES_IP,IP_000026,IP,2025-09-25 16:34:21,2025-09-25 16:34:21,1,1.0,
PER_000022,Person,USES_IP,IP_000032,IP,2025-01-18 15:09:47,2025-01-18 15:09:47,1,1.0,
PER_000022,Person,USES_IP,IP_000045,IP,2025-02-13 08:47:38,2025-02-13 08:47:38,1,1.0,
PER_000022,Person,USES_IP,IP_000048,IP,2025-10-05 09:11:49,2025-10-05 09:11:49,1,1.0,
PER_000022,Person,USES_IP,IP_000051,IP,2025-04-25 18:00:00,2025-04-25 18:00:00,1,1.0,
PER_000022,Person,USES_IP,IP_000056,IP,2025-05-04 16:00:15,2025-05-04 16:00:15,1,1.0,
PER_000022,Person,USES_IP,IP_000058,IP,2025-09-24 07:45:35,2025-09-24 07:45:35,1,1.0,
PER_000022,Person,USES_IP,IP_000065,IP,2025-01-09 23:07:12,2025-01-09 23:07:12,1,1.0,
PER_000022,Person,USES_IP,IP_000066,IP,2025-01-16 08:05:35,2025-01-16 08:05:35,1,1.0,
PER_000022,Person,USES_IP,IP_000075,IP,2025-04-22 12:58:59,2025-04-22 12:58:59,1,1.0,
PER_000022,Person,USES_IP,IP_000077,IP,2025-09-11 18:39:51,2025-09-11 18:39:51,1,1.0,
PER_000022,Person,USES_IP,IP_000097,IP,2025-01-26 08:53:33,2025-01-26 08:53:33,1,1.0,
PER_000022,Person,USES_IP,IP_000100,IP,2025-03-25 08:47:19,2025-08-29 12:49:51,2,2.0,
PER_000022,Person,USES_IP,IP_000101,IP,2025-02-05 14:51:31,2025-08-31 21:07:11,2,2.0,
PER_000022,Person,USES_IP,IP_000120,IP,2025-07-18 04:33:28,2025-07-18 04:33:28,1,1.0,
PER_000023,Person,USES_IP,IP_000003,IP,2025-05-16 19:36:43,2025-05-16 19:36:43,1,1.0,
PER_000023,Person,USES_IP,IP_000013,IP,2025-02-03 17:18:10,2025-02-03 17:18:10,1,1.0,
PER_000023,Person,USES_IP,IP_000025,IP,2025-06-15 09:21:48,2025-06-15 09:21:48,1,1.0,
PER_000023,Person,USES_IP,IP_000034,IP,2025-06-10 09:49:06,2025-06-10 09:49:06,1,1.0,
PER_000023,Person,USES_IP,IP_000035,IP,2025-04-10 12:43:57,2025-04-10 12:43:57,1,1.0,
PER_000023,Person,USES_IP,IP_000037,IP,2025-03-23 07:55:09,2025-03-23 07:55:09,1,1.0,
PER_000023,Person,USES_IP,IP_000038,IP,2025-09-19 15:16:56,2025-09-19 15:16:56,1,1.0,
PER_000023,Person,USES_IP,IP_000047,IP,2025-09-20 10:22:26,2025-09-20 10:22:26,1,1.0,
PER_000023,Person,USES_IP,IP_000056,IP,2025-08-17 11:16:13,2025-08-17 11:16:13,1,1.0,
PER_000023,Person,USES_IP,IP_000066,IP,2025-09-23 13:24:39,2025-09-23 13:24:39,1,1.0,
PER_000023,Person,USES_IP,IP_000078,IP,2025-05-01 11:24:37,2025-05-01 11:24:37,1,1.0,
PER_000023,Person,USES_IP,IP_000079,IP,2025-02-25 11:09:34,2025-02-25 11:09:34,1,1.0,
PER_000023,Person,USES_IP,IP_000082,IP,2025-06-09 09:57:04,2025-06-09 09:57:04,1,1.0,
PER_000023,Person,USES_IP,IP_000083,IP,2025-06-21 05:58:33,2025-06-21 05:58:33,1,1.0,
PER_000023,Person,USES_IP,IP_000087,IP,2025-03-10 12:35:43,2025-03-10 12:35:43,1,1.0,
PER_000023,Person,USES_IP,IP_000092,IP,2025-01-10 17:50:05,2025-01-10 17:50:05,1,1.0,
PER_000023,Person,USES_IP,IP_000096,IP,2025-01-09 10:34:42,2025-01-09 10:34:42,1,1.0,
PER_000023,Person,USES_IP,IP_000098,IP,2025-11-21 06:03:00,2025-11-21 06:03:00,1,1.0,
PER_000023,Person,USES_IP,IP_000099,IP,2025-04-26 12:43:15,2025-04-26 12:43:15,1,1.0,
PER_000023,Person,USES_IP,IP_000108,IP,2025-10-28 20:35:22,2025-10-28 20:35:22,1,1.0,
PER_000023,Person,USES_IP,IP_000109,IP,2025-11-05 18:15:29,2025-11-05 18:15:29,1,1.0,
PER_000023,Person,USES_IP,IP_000110,IP,2025-06-14 11:51:44,2025-06-14 11:51:44,1,1.0,
PER_000023,Person,USES_IP,IP_000112,IP,2025-04-09 09:46:06,2025-04-09 09:46:06,1,1.0,
PER_000024,Person,USES_IP,IP_000001,IP,2025-09-02 10:08:14,2025-09-02 10:08:14,1,1.0,
PER_000024,Person,USES_IP,IP_000002,IP,2025-12-10 15:51:56,2025-12-10 15:51:56,1,1.0,
PER_000024,Person,USES_IP,IP_000003,IP,2025-06-28 16:50:20,2025-12-11 13:18:22,2,2.0,
PER_000024,Person,USES_IP,IP_000004,IP,2025-08-19 15:35:07,2025-08-19 15:35:07,1,1.0,
PER_000024,Person,USES_IP,IP_000005,IP,2025-10-22 08:15:24,2025-10-22 08:15:24,1,1.0,
PER_000024,Person,USES_IP,IP_000006,IP,2025-09-09 20:03:09,2025-09-09 20:03:09,1,1.0,
PER_000024,Person,USES_IP,IP_000007,IP,2025-06-08 18:29:20,2025-06-08 18:29:20,1,1.0,
PER_000024,Person,USES_IP,IP_000008,IP,2025-10-09 17:54:19,2025-10-09 17:54:19,1,1.0,
PER_000024,Person,USES_IP,IP_000009,IP,2025-11-10 14:27:01,2025-11-10 14:27:01,1,1.0,
PER_000024,Person,USES_IP,IP_000010,IP,2025-05-08 16:34:02,2025-05-08 16:34:02,1,1.0,
PER_000024,Person,USES_IP,IP_000011,IP,2025-01-07 18:37:41,2025-01-07 18:37:41,1,1.0,
PER_000024,Person,USES_IP,IP_000015,IP,2025-12-20 06:58:53,2025-12-20 06:58:53,1,1.0,
PER_000024,Person,USES_IP,IP_000016,IP,2025-06-22 10:51:53,2025-06-22 10:51:53,1,1.0,
PER_000024,Person,USES_IP,IP_000018,IP,2025-03-10 11:21:52,2025-11-27 18:24:55,4,4.0,
PER_000024,Person,USES_IP,IP_000023,IP,2025-02-19 04:55:43,2025-06-21 03:33:43,3,3.0,
PER_000024,Person,USES_IP,IP_000024,IP,2025-12-19 21:34:20,2025-12-19 21:34:20,1,1.0,
PER_000024,Person,USES_IP,IP_000026,IP,2025-01-01 01:58:22,2025-01-01 01:58:22,1,1.0,
PER_000024,Person,USES_IP,IP_000029,IP,2025-03-19 15:22:36,2025-03-19 15:22:36,1,1.0,
PER_000024,Person,USES_IP,IP_000030,IP,2025-12-16 17:40:31,2025-12-16 17:40:31,1,1.0,
PER_000024,Person,USES_IP,IP_000031,IP,2025-02-20 03:20:11,2025-12-29 16:17:35,2,2.0,
PER_000024,Person,USES_IP,IP_000033,IP,2025-07-15 10:36:58,2025-11-03 17:04:29,2,2.0,
PER_000024,Person,USES_IP,IP_000034,IP,2025-04-24 02:53:27,2025-04-24 02:53:27,1,1.0,
PER_000024,Person,USES_IP,IP_000035,IP,2025-06-15 13:40:47,2025-09-18 04:48:32,2,2.0,
PER_000024,Person,USES_IP,IP_000038,IP,2025-07-29 04:28:40,2025-07-29 04:28:40,1,1.0,
PER_000024,Person,USES_IP,IP_000039,IP,2025-11-23 04:41:12,2025-11-23 04:41:12,1,1.0,
PER_000024,Person,USES_IP,IP_000042,IP,2025-11-01 08:41:30,2025-11-01 08:41:30,1,1.0,
PER_000024,Person,USES_IP,IP_000045,IP,2025-04-27 17:44:53,2025-04-27 17:44:53,1,1.0,
PER_000024,Person,USES_IP,IP_000046,IP,2025-02-18 16:00:15,2025-02-18 16:00:15,1,1.0,
PER_000024,Person,USES_IP,IP_000049,IP,2025-02-14 14:55:20,2025-04-09 12:55:58,2,2.0,
PER_000024,Person,USES_IP,IP_000050,IP,2025-04-02 17:08:14,2025-04-02 17:08:14,1,1.0,
PER_000024,Person,USES_IP,IP_000052,IP,2025-08-21 03:16:37,2025-08-21 03:16:37,1,1.0,
PER_000024,Person,USES_IP,IP_000053,IP,2025-01-21 08:37:32,2025-01-21 08:37:32,1,1.0,
PER_000024,Person,USES_IP,IP_000054,IP,2025-10-03 07:54:16,2025-10-03 07:54:16,1,1.0,
PER_000024,Person,USES_IP,IP_000061,IP,2025-12-16 04:01:30,2025-12-16 04:01:30,1,1.0,
PER_000024,Person,USES_IP,IP_000063,IP,2025-09-09 13:54:09,2025-10-12 10:48:02,2,2.0,
PER_000024,Person,USES_IP,IP_000064,IP,2025-01-18 07:56:52,2025-07-04 14:45:35,2,2.0,
PER_000024,Person,USES_IP,IP_000068,IP,2025-03-07 07:02:25,2025-03-07 07:02:25,1,1.0,
PER_000024,Person,USES_IP,IP_000069,IP,2025-01-22 20:36:03,2025-07-19 19:04:50,2,2.0,
PER_000024,Person,USES_IP,IP_000070,IP,2025-01-17 17:50:03,2025-01-17 17:50:03,1,1.0,
PER_000024,Person,USES_IP,IP_000072,IP,2025-08-07 14:54:12,2025-08-07 14:54:12,1,1.0,
PER_000024,Person,USES_IP,IP_000073,IP,2025-10-18 17:40:43,2025-10-18 17:40:43,1,1.0,
PER_000024,Person,USES_IP,IP_000074,IP,2025-07-30 08:35:21,2025-07-30 08:35:21,1,1.0,
PER_000024,Person,USES_IP,IP_000075,IP,2025-09-21 19:48:46,2025-09-21 19:48:46,1,1.0,
PER_000024,Person,USES_IP,IP_000078,IP,2025-12-06 14:09:15,2025-12-06 14:09:15,1,1.0,
PER_000024,Person,USES_IP,IP_000080,IP,2025-04-05 03:19:59,2025-04-05 03:19:59,1,1.0,
PER_000024,Person,USES_IP,IP_000082,IP,2025-06-29 22:17:20,2025-06-29 22:17:20,1,1.0,
PER_000024,Person,USES_IP,IP_000083,IP,2025-07-20 15:12:18,2025-08-06 11:11:12,2,2.0,
PER_000024,Person,USES_IP,IP_000086,IP,2025-11-03 08:41:26,2025-11-26 15:39:26,2,2.0,
PER_000024,Person,USES_IP,IP_000090,IP,2025-02-06 17:56:18,2025-02-06 17:56:18,1,1.0,
PER_000024,Person,USES_IP,IP_000091,IP,2025-06-21 04:05:25,2025-06-21 04:05:25,1,1.0,
PER_000024,Person,USES_IP,IP_000092,IP,2025-06-14 17:15:24,2025-06-14 17:15:24,1,1.0,
PER_000024,Person,USES_IP,IP_000097,IP,2025-10-21 08:55:32,2025-10-21 08:55:32,1,1.0,
PER_000024,Person,USES_IP,IP_000099,IP,2025-04-18 16:02:47,2025-04-18 16:02:47,1,1.0,
PER_000024,Person,USES_IP,IP_000101,IP,2025-12-24 14:04:41,2025-12-24 14:04:41,1,1.0,
PER_000024,Person,USES_IP,IP_000102,IP,2025-07-21 07:06:37,2025-11-10 15:44:56,4,4.0,
PER_000024,Person,USES_IP,IP_000103,IP,2025-08-22 09:15:23,2025-08-22 09:15:23,1,1.0,
PER_000024,Person,USES_IP,IP_000110,IP,2025-04-29 08:43:36,2025-04-29 08:43:36,1,1.0,
PER_000024,Person,USES_IP,IP_000112,IP,2025-04-01 12:52:19,2025-04-01 12:52:19,1,1.0,
PER_000024,Person,USES_IP,IP_000114,IP,2025-06-09 04:38:03,2025-06-09 04:38:03,1,1.0,
PER_000024,Person,USES_IP,IP_000116,IP,2025-05-29 16:06:51,2025-09-17 17:12:28,3,3.0,
PER_000024,Person,USES_IP,IP_000117,IP,2025-06-26 07:28:14,2025-06-26 07:28:14,1,1.0,
PER_000024,Person,USES_IP,IP_000118,IP,2025-08-01 03:51:09,2025-08-01 03:51:09,1,1.0,
PER_000025,Person,USES_IP,IP_000003,IP,2025-03-05 07:41:44,2025-03-05 07:41:44,1,1.0,
PER_000025,Person,USES_IP,IP_000007,IP,2025-07-28 16:54:15,2025-07-28 16:54:15,1,1.0,
PER_000025,Person,USES_IP,IP_000010,IP,2025-12-23 13:20:25,2025-12-23 13:20:25,1,1.0,
PER_000025,Person,USES_IP,IP_000011,IP,2025-07-17 09:16:37,2025-08-31 06:08:08,2,2.0,
PER_000025,Person,USES_IP,IP_000014,IP,2025-01-10 03:09:03,2025-01-10 03:09:03,1,1.0,
PER_000025,Person,USES_IP,IP_000019,IP,2025-08-03 18:35:12,2025-08-03 18:35:12,1,1.0,
PER_000025,Person,USES_IP,IP_000026,IP,2025-03-04 09:14:50,2025-03-04 09:14:50,1,1.0,
PER_000025,Person,USES_IP,IP_000048,IP,2025-12-27 06:23:05,2025-12-27 06:23:05,1,1.0,
PER_000025,Person,USES_IP,IP_000055,IP,2025-09-23 21:43:26,2025-09-23 21:43:26,1,1.0,
PER_000025,Person,USES_IP,IP_000063,IP,2025-04-19 06:58:52,2025-04-19 06:58:52,1,1.0,
PER_000025,Person,USES_IP,IP_000083,IP,2025-10-30 16:44:54,2025-10-30 16:44:54,1,1.0,
PER_000025,Person,USES_IP,IP_000095,IP,2025-08-18 08:11:43,2025-08-18 08:11:43,1,1.0,
PER_000025,Person,USES_IP,IP_000096,IP,2025-07-13 09:28:29,2025-07-13 09:28:29,1,1.0,
PER_000025,Person,USES_IP,IP_000110,IP,2025-06-01 13:10:22,2025-06-01 13:10:22,1,1.0,
PER_000025,Person,USES_IP,IP_000115,IP,2025-10-25 17:29:40,2025-10-25 17:29:40,1,1.0,
PER_000026,Person,USES_IP,IP_000002,IP,2025-07-25 18:06:29,2025-10-19 08:53:53,2,2.0,
PER_000026,Person,USES_IP,IP_000020,IP,2025-01-20 12:06:00,2025-11-23 11:48:09,2,2.0,
PER_000026,Person,USES_IP,IP_000028,IP,2025-09-14 15:24:30,2025-09-14 15:24:30,1,1.0,
PER_000026,Person,USES_IP,IP_000039,IP,2025-01-10 17:25:36,2025-01-10 17:25:36,1,1.0,
PER_000026,Person,USES_IP,IP_000040,IP,2025-08-10 11:31:05,2025-08-10 11:31:05,1,1.0,
PER_000026,Person,USES_IP,IP_000044,IP,2025-12-13 16:17:40,2025-12-13 16:17:40,1,1.0,
PER_000026,Person,USES_IP,IP_000047,IP,2025-08-06 09:46:07,2025-08-06 09:46:07,1,1.0,
PER_000026,Person,USES_IP,IP_000052,IP,2025-08-15 12:56:07,2025-08-15 12:56:07,1,1.0,
PER_000026,Person,USES_IP,IP_000055,IP,2025-12-26 17:54:10,2025-12-26 17:54:10,1,1.0,
PER_000026,Person,USES_IP,IP_000056,IP,2025-03-21 05:18:38,2025-03-21 05:18:38,1,1.0,
PER_000026,Person,USES_IP,IP_000069,IP,2025-07-04 09:17:29,2025-09-27 20:38:49,2,2.0,
PER_000026,Person,USES_IP,IP_000072,IP,2025-09-05 16:08:18,2025-09-05 16:08:18,1,1.0,
PER_000026,Person,USES_IP,IP_000094,IP,2025-12-28 09:50:51,2025-12-28 09:50:51,1,1.0,
PER_000026,Person,USES_IP,IP_000105,IP,2025-04-04 08:32:07,2025-04-04 08:32:07,1,1.0,
PER_000026,Person,USES_IP,IP_000114,IP,2025-04-23 17:04:30,2025-04-23 17:04:30,1,1.0,
PER_000026,Person,USES_IP,IP_000119,IP,2025-04-22 05:59:36,2025-04-22 05:59:36,1,1.0,
PER_000027,Person,USES_IP,IP_000001,IP,2025-12-31 03:26:15,2025-12-31 03:26:15,1,1.0,
PER_000027,Person,USES_IP,IP_000002,IP,2025-05-25 14:51:03,2025-05-25 14:51:03,1,1.0,
PER_000027,Person,USES_IP,IP_000004,IP,2025-09-11 06:21:36,2025-09-11 06:21:36,1,1.0,
PER_000027,Person,USES_IP,IP_000005,IP,2025-03-05 11:51:35,2025-12-24 13:50:13,4,4.0,
PER_000027,Person,USES_IP,IP_000009,IP,2025-10-09 18:20:07,2025-11-29 10:47:34,2,2.0,
PER_000027,Person,USES_IP,IP_000010,IP,2025-01-24 15:23:20,2025-01-24 15:23:20,1,1.0,
PER_000027,Person,USES_IP,IP_000011,IP,2025-04-11 14:39:29,2025-04-11 14:39:29,1,1.0,
PER_000027,Person,USES_IP,IP_000013,IP,2025-08-01 11:08:13,2025-08-06 14:32:47,2,2.0,
PER_000027,Person,USES_IP,IP_000015,IP,2025-03-07 13:43:46,2025-09-11 11:08:14,3,3.0,
PER_000027,Person,USES_IP,IP_000016,IP,2025-07-23 16:25:10,2025-07-23 16:25:10,1,1.0,
PER_000027,Person,USES_IP,IP_000019,IP,2025-03-14 08:50:38,2025-05-28 12:59:43,2,2.0,
PER_000027,Person,USES_IP,IP_000021,IP,2025-10-17 20:05:13,2025-10-17 20:05:13,1,1.0,
PER_000027,Person,USES_IP,IP_000022,IP,2025-02-06 14:19:08,2025-12-27 21:39:54,2,2.0,
PER_000027,Person,USES_IP,IP_000023,IP,2025-01-28 18:12:07,2025-02-24 10:59:44,2,2.0,
PER_000027,Person,USES_IP,IP_000024,IP,2025-06-19 07:01:36,2025-06-19 07:01:36,1,1.0,
PER_000027,Person,USES_IP,IP_000025,IP,2025-06-29 18:12:39,2025-11-17 20:30:25,2,2.0,
PER_000027,Person,USES_IP,IP_000026,IP,2025-02-16 06:34:55,2025-02-16 06:34:55,1,1.0,
PER_000027,Person,USES_IP,IP_000027,IP,2025-11-23 08:58:09,2025-11-23 08:58:09,1,1.0,
PER_000027,Person,USES_IP,IP_000028,IP,2025-02-18 16:29:05,2025-02-18 16:29:05,1,1.0,
PER_000027,Person,USES_IP,IP_000030,IP,2025-10-30 01:12:18,2025-10-30 01:12:18,1,1.0,
PER_000027,Person,USES_IP,IP_000031,IP,2025-01-09 17:43:54,2025-01-09 17:43:54,1,1.0,
PER_000027,Person,USES_IP,IP_000035,IP,2025-12-01 11:38:17,2025-12-01 11:38:17,1,1.0,
PER_000027,Person,USES_IP,IP_000038,IP,2025-03-23 06:36:40,2025-06-27 09:12:51,2,2.0,
PER_000027,Person,USES_IP,IP_000039,IP,2025-11-18 12:40:00,2025-11-18 12:40:00,1,1.0,
PER_000027,Person,USES_IP,IP_000040,IP,2025-04-14 08:35:35,2025-05-11 12:13:46,2,2.0,
PER_000027,Person,USES_IP,IP_000042,IP,2025-02-17 10:36:25,2025-02-17 10:36:25,1,1.0,
PER_000027,Person,USES_IP,IP_000044,IP,2025-09-19 12:31:24,2025-09-19 12:31:24,1,1.0,
PER_000027,Person,USES_IP,IP_000045,IP,2025-04-01 09:39:36,2025-12-14 03:02:00,2,2.0,
PER_000027,Person,USES_IP,IP_000046,IP,2025-05-07 23:32:59,2025-11-14 16:12:06,3,3.0,
PER_000027,Person,USES_IP,IP_000047,IP,2025-07-04 14:44:59,2025-07-04 14:44:59,1,1.0,
PER_000027,Person,USES_IP,IP_000050,IP,2025-05-04 13:05:08,2025-05-04 13:05:08,1,1.0,
PER_000027,Person,USES_IP,IP_000051,IP,2025-06-03 11:11:52,2025-08-26 14:54:28,2,2.0,
PER_000027,Person,USES_IP,IP_000052,IP,2025-05-28 13:47:00,2025-05-28 13:47:00,1,1.0,
PER_000027,Person,USES_IP,IP_000053,IP,2025-01-27 19:15:41,2025-02-26 04:58:47,2,2.0,
PER_000027,Person,USES_IP,IP_000054,IP,2025-09-04 03:06:34,2025-09-04 03:06:34,1,1.0,
PER_000027,Person,USES_IP,IP_000060,IP,2025-01-22 15:55:13,2025-10-09 13:36:21,2,2.0,
PER_000027,Person,USES_IP,IP_000062,IP,2025-06-22 10:00:51,2025-06-22 10:00:51,1,1.0,
PER_000027,Person,USES_IP,IP_000066,IP,2025-06-22 06:57:22,2025-06-22 06:57:22,1,1.0,
PER_000027,Person,USES_IP,IP_000067,IP,2025-02-12 17:12:14,2025-02-12 17:12:14,1,1.0,
PER_000027,Person,USES_IP,IP_000068,IP,2025-05-24 16:50:13,2025-05-24 16:50:13,1,1.0,
PER_000027,Person,USES_IP,IP_000069,IP,2025-02-02 13:26:19,2025-02-02 13:26:19,1,1.0,
PER_000027,Person,USES_IP,IP_000070,IP,2025-04-30 15:36:51,2025-11-09 11:33:17,2,2.0,
PER_000027,Person,USES_IP,IP_000072,IP,2025-10-19 10:16:06,2025-10-19 10:16:06,1,1.0,
PER_000027,Person,USES_IP,IP_000075,IP,2025-03-07 21:35:01,2025-10-02 05:29:59,4,4.0,
PER_000027,Person,USES_IP,IP_000077,IP,2025-07-29 19:38:17,2025-07-29 19:38:17,1,1.0,
PER_000027,Person,USES_IP,IP_000080,IP,2025-07-21 16:40:26,2025-07-21 16:40:26,1,1.0,
PER_000027,Person,USES_IP,IP_000081,IP,2025-01-15 05:45:40,2025-10-07 16:03:03,2,2.0,
PER_000027,Person,USES_IP,IP_000084,IP,2025-09-11 04:09:16,2025-09-11 04:09:16,1,1.0,
PER_000027,Person,USES_IP,IP_000085,IP,2025-08-23 16:09:12,2025-08-23 16:09:12,1,1.0,
PER_000027,Person,USES_IP,IP_000086,IP,2025-07-10 16:09:57,2025-11-06 12:11:54,2,2.0,
PER_000027,Person,USES_IP,IP_000088,IP,2025-11-02 13:55:53,2025-11-02 13:55:53,1,1.0,
PER_000027,Person,USES_IP,IP_000089,IP,2025-08-28 16:17:41,2025-08-28 16:17:41,1,1.0,
PER_000027,Person,USES_IP,IP_000092,IP,2025-12-19 02:57:03,2025-12-19 02:57:03,1,1.0,
PER_000027,Person,USES_IP,IP_000096,IP,2025-04-25 11:07:13,2025-04-25 11:07:13,1,1.0,
PER_000027,Person,USES_IP,IP_000097,IP,2025-02-19 16:25:59,2025-02-19 16:25:59,1,1.0,
PER_000027,Person,USES_IP,IP_000100,IP,2025-09-10 13:31:30,2025-09-10 13:31:30,1,1.0,
PER_000027,Person,USES_IP,IP_000101,IP,2025-01-21 15:11:04,2025-01-21 15:11:04,1,1.0,
PER_000027,Person,USES_IP,IP_000102,IP,2025-10-14 11:47:29,2025-10-14 11:47:29,1,1.0,
PER_000027,Person,USES_IP,IP_000111,IP,2025-12-18 13:17:21,2025-12-18 13:17:21,1,1.0,
PER_000027,Person,USES_IP,IP_000112,IP,2025-08-28 03:41:27,2025-10-25 14:44:28,3,3.0,
PER_000027,Person,USES_IP,IP_000117,IP,2025-08-26 23:56:01,2025-08-26 23:56:01,1,1.0,
PER_000027,Person,USES_IP,IP_000118,IP,2025-01-14 19:23:42,2025-02-25 21:55:43,2,2.0,
PER_000027,Person,USES_IP,IP_000120,IP,2025-12-04 17:27:31,2025-12-04 17:27:31,1,1.0,
PER_000028,Person,USES_IP,IP_000024,IP,2025-01-27 08:26:38,2025-01-27 08:26:38,1,1.0,
PER_000028,Person,USES_IP,IP_000049,IP,2025-05-26 16:47:46,2025-05-26 16:47:46,1,1.0,
PER_000028,Person,USES_IP,IP_000052,IP,2025-01-26 10:05:02,2025-05-17 11:07:16,2,2.0,
PER_000028,Person,USES_IP,IP_000074,IP,2025-12-17 15:56:17,2025-12-17 15:56:17,1,1.0,
PER_000028,Person,USES_IP,IP_000076,IP,2025-11-23 16:48:09,2025-11-23 16:48:09,1,1.0,
PER_000028,Person,USES_IP,IP_000097,IP,2025-01-19 08:39:47,2025-01-19 08:39:47,1,1.0,
PER_000028,Person,USES_IP,IP_000103,IP,2025-12-07 07:26:53,2025-12-07 07:26:53,1,1.0,
PER_000028,Person,USES_IP,IP_000105,IP,2025-02-23 15:13:34,2025-02-23 15:13:34,1,1.0,
PER_000028,Person,USES_IP,IP_000107,IP,2025-09-11 20:21:57,2025-09-11 20:21:57,1,1.0,
PER_000028,Person,USES_IP,IP_000108,IP,2025-10-15 17:32:04,2025-10-15 17:32:04,1,1.0,
PER_000028,Person,USES_IP,IP_000111,IP,2025-08-03 12:29:09,2025-08-03 12:29:09,1,1.0,
PER_000028,Person,USES_IP,IP_000120,IP,2025-10-10 12:05:48,2025-10-10 12:05:48,1,1.0,
PER_000029,Person,USES_IP,IP_000012,IP,2025-11-14 15:20:56,2025-11-14 15:20:56,1,1.0,
PER_000029,Person,USES_IP,IP_000019,IP,2025-03-21 07:42:06,2025-03-21 07:42:06,1,1.0,
PER_000029,Person,USES_IP,IP_000023,IP,2025-08-22 16:56:31,2025-08-22 16:56:31,1,1.0,
PER_000029,Person,USES_IP,IP_000027,IP,2025-06-12 15:01:05,2025-06-12 15:01:05,1,1.0,
PER_000029,Person,USES_IP,IP_000041,IP,2025-06-12 05:04:40,2025-06-12 05:04:40,1,1.0,
PER_000029,Person,USES_IP,IP_000047,IP,2025-01-17 12:15:03,2025-01-17 12:15:03,1,1.0,
PER_000029,Person,USES_IP,IP_000058,IP,2025-05-18 15:13:37,2025-05-18 15:13:37,1,1.0,
PER_000029,Person,USES_IP,IP_000077,IP,2025-05-19 12:01:57,2025-05-19 12:01:57,1,1.0,
PER_000029,Person,USES_IP,IP_000079,IP,2025-03-01 08:52:54,2025-03-01 08:52:54,1,1.0,
PER_000029,Person,USES_IP,IP_000080,IP,2025-03-14 10:49:27,2025-05-18 12:36:53,2,2.0,
PER_000029,Person,USES_IP,IP_000089,IP,2025-10-11 10:39:22,2025-10-11 10:39:22,1,1.0,
PER_000029,Person,USES_IP,IP_000098,IP,2025-02-12 12:45:44,2025-02-12 12:45:44,1,1.0,
PER_000029,Person,USES_IP,IP_000101,IP,2025-01-06 10:06:24,2025-01-06 10:06:24,1,1.0,
PER_000029,Person,USES_IP,IP_000106,IP,2025-05-08 18:26:58,2025-05-08 18:26:58,1,1.0,
PER_000030,Person,USES_IP,IP_000003,IP,2025-09-19 15:56:24,2025-09-19 15:56:24,1,1.0,
PER_000030,Person,USES_IP,IP_000019,IP,2025-03-10 05:03:06,2025-03-10 05:03:06,1,1.0,
PER_000030,Person,USES_IP,IP_000020,IP,2025-04-07 15:14:25,2025-04-07 15:14:25,1,1.0,
PER_000030,Person,USES_IP,IP_000033,IP,2025-01-16 21:27:58,2025-01-16 21:27:58,1,1.0,
PER_000030,Person,USES_IP,IP_000042,IP,2025-01-26 20:12:25,2025-01-26 20:12:25,1,1.0,
PER_000030,Person,USES_IP,IP_000044,IP,2025-03-23 15:04:41,2025-03-23 15:04:41,1,1.0,
PER_000030,Person,USES_IP,IP_000079,IP,2025-07-24 14:50:12,2025-07-24 14:50:12,1,1.0,
PER_000030,Person,USES_IP,IP_000081,IP,2025-09-14 06:55:42,2025-09-26 12:03:20,2,2.0,
PER_000030,Person,USES_IP,IP_000107,IP,2025-02-11 19:40:35,2025-02-11 19:40:35,1,1.0,
PER_000030,Person,USES_IP,IP_000108,IP,2025-05-26 19:44:01,2025-05-26 19:44:01,1,1.0,
PER_000031,Person,USES_IP,IP_000016,IP,2025-06-16 15:00:10,2025-06-16 15:00:10,1,1.0,
PER_000031,Person,USES_IP,IP_000030,IP,2025-04-07 16:36:51,2025-04-07 16:36:51,1,1.0,
PER_000031,Person,USES_IP,IP_000037,IP,2025-07-19 08:29:26,2025-07-19 08:29:26,1,1.0,
PER_000031,Person,USES_IP,IP_000040,IP,2025-10-01 14:40:43,2025-10-01 14:40:43,1,1.0,
PER_000031,Person,USES_IP,IP_000044,IP,2025-01-23 13:14:35,2025-01-23 13:14:35,1,1.0,
PER_000031,Person,USES_IP,IP_000052,IP,2025-06-19 10:51:47,2025-08-22 02:47:49,2,2.0,
PER_000031,Person,USES_IP,IP_000055,IP,2025-08-30 15:39:21,2025-08-30 15:39:21,1,1.0,
PER_000031,Person,USES_IP,IP_000063,IP,2025-10-03 04:47:57,2025-10-03 04:47:57,1,1.0,
PER_000031,Person,USES_IP,IP_000081,IP,2025-02-13 11:34:33,2025-02-13 11:34:33,1,1.0,
PER_000031,Person,USES_IP,IP_000091,IP,2025-09-11 15:34:35,2025-12-08 14:20:13,2,2.0,
PER_000031,Person,USES_IP,IP_000102,IP,2025-04-28 11:09:52,2025-04-28 11:09:52,1,1.0,
PER_000031,Person,USES_IP,IP_000113,IP,2025-12-29 15:50:29,2025-12-29 15:50:29,1,1.0,
PER_000032,Person,USES_IP,IP_000001,IP,2025-09-08 13:17:27,2025-09-08 13:17:27,1,1.0,
PER_000032,Person,USES_IP,IP_000008,IP,2025-09-20 16:31:12,2025-09-20 16:31:12,1,1.0,
PER_000032,Person,USES_IP,IP_000009,IP,2025-09-08 18:37:00,2025-09-08 18:37:00,1,1.0,
PER_000032,Person,USES_IP,IP_000013,IP,2025-12-04 03:08:54,2025-12-04 03:08:54,1,1.0,
PER_000032,Person,USES_IP,IP_000023,IP,2025-12-05 10:36:35,2025-12-05 10:36:35,1,1.0,
PER_000032,Person,USES_IP,IP_000028,IP,2025-06-29 14:49:09,2025-06-29 14:49:09,1,1.0,
PER_000032,Person,USES_IP,IP_000034,IP,2025-08-31 09:51:46,2025-08-31 09:51:46,1,1.0,
PER_000032,Person,USES_IP,IP_000043,IP,2025-08-09 09:01:02,2025-09-03 17:56:36,2,2.0,
PER_000032,Person,USES_IP,IP_000065,IP,2025-03-15 09:07:54,2025-03-15 09:07:54,1,1.0,
PER_000032,Person,USES_IP,IP_000066,IP,2025-10-16 13:30:56,2025-10-16 13:30:56,1,1.0,
PER_000032,Person,USES_IP,IP_000071,IP,2025-08-14 21:28:53,2025-08-14 21:28:53,1,1.0,
PER_000032,Person,USES_IP,IP_000082,IP,2025-06-23 03:13:04,2025-06-23 03:13:04,1,1.0,
PER_000032,Person,USES_IP,IP_000086,IP,2025-12-01 16:51:55,2025-12-01 16:51:55,1,1.0,
PER_000032,Person,USES_IP,IP_000090,IP,2025-05-25 14:28:33,2025-05-25 14:28:33,1,1.0,
PER_000032,Person,USES_IP,IP_000107,IP,2025-10-17 09:24:46,2025-10-17 09:24:46,1,1.0,
PER_000032,Person,USES_IP,IP_000114,IP,2025-08-06 07:35:39,2025-11-07 11:09:34,2,2.0,
PER_000032,Person,USES_IP,IP_000117,IP,2025-02-16 18:50:54,2025-02-16 18:50:54,1,1.0,
PER_000033,Person,USES_IP,IP_000002,IP,2025-03-29 14:59:23,2025-03-29 14:59:23,1,1.0,
PER_000033,Person,USES_IP,IP_000013,IP,2025-08-09 06:26:25,2025-08-09 06:26:25,1,1.0,
PER_000033,Person,USES_IP,IP_000018,IP,2025-10-23 11:22:49,2025-10-23 11:22:49,1,1.0,
PER_000033,Person,USES_IP,IP_000036,IP,2025-12-23 18:44:25,2025-12-23 18:44:25,1,1.0,
PER_000033,Person,USES_IP,IP_000038,IP,2025-07-04 16:09:45,2025-07-04 16:09:45,1,1.0,
PER_000033,Person,USES_IP,IP_000046,IP,2025-11-14 09:25:20,2025-11-14 09:25:20,1,1.0,
PER_000033,Person,USES_IP,IP_000051,IP,2025-10-02 18:27:36,2025-10-02 18:27:36,1,1.0,
PER_000033,Person,USES_IP,IP_000053,IP,2025-09-14 18:34:42,2025-09-14 18:34:42,1,1.0,
PER_000033,Person,USES_IP,IP_000071,IP,2025-04-20 07:44:14,2025-04-20 07:44:14,1,1.0,
PER_000033,Person,USES_IP,IP_000075,IP,2025-03-28 16:14:20,2025-03-28 16:14:20,1,1.0,
PER_000033,Person,USES_IP,IP_000084,IP,2025-12-02 18:16:19,2025-12-02 18:16:19,1,1.0,
PER_000033,Person,USES_IP,IP_000095,IP,2025-10-22 19:48:20,2025-10-22 19:48:20,1,1.0,
PER_000033,Person,USES_IP,IP_000096,IP,2025-05-01 13:56:50,2025-05-17 20:51:08,2,2.0,
PER_000034,Person,USES_IP,IP_000005,IP,2025-12-02 14:31:36,2025-12-02 14:31:36,1,1.0,
PER_000034,Person,USES_IP,IP_000028,IP,2025-03-10 19:27:16,2025-03-10 19:27:16,1,1.0,
PER_000034,Person,USES_IP,IP_000035,IP,2025-04-19 10:37:58,2025-04-19 10:37:58,1,1.0,
PER_000034,Person,USES_IP,IP_000053,IP,2025-07-04 06:35:35,2025-07-04 06:35:35,1,1.0,
PER_000034,Person,USES_IP,IP_000068,IP,2025-09-29 19:43:03,2025-09-29 19:43:03,1,1.0,
PER_000034,Person,USES_IP,IP_000080,IP,2025-07-23 10:27:38,2025-07-23 10:27:38,1,1.0,
PER_000034,Person,USES_IP,IP_000096,IP,2025-12-20 07:53:53,2025-12-20 07:53:53,1,1.0,
PER_000034,Person,USES_IP,IP_000111,IP,2025-07-17 10:43:18,2025-07-17 10:43:18,1,1.0,
PER_000035,Person,USES_IP,IP_000007,IP,2025-09-15 20:04:55,2025-09-15 20:04:55,1,1.0,
PER_000035,Person,USES_IP,IP_000026,IP,2025-08-24 12:36:35,2025-08-24 12:36:35,1,1.0,
PER_000035,Person,USES_IP,IP_000040,IP,2025-09-04 17:08:42,2025-11-18 10:11:50,2,2.0,
PER_000035,Person,USES_IP,IP_000043,IP,2025-11-26 07:27:01,2025-11-26 07:27:01,1,1.0,
PER_000035,Person,USES_IP,IP_000058,IP,2025-10-07 08:31:37,2025-10-07 08:31:37,1,1.0,
PER_000035,Person,USES_IP,IP_000067,IP,2025-11-01 13:31:41,2025-11-01 13:31:41,1,1.0,
PER_000035,Person,USES_IP,IP_000073,IP,2025-10-07 04:36:23,2025-10-07 04:36:23,1,1.0,
PER_000035,Person,USES_IP,IP_000076,IP,2025-05-31 09:05:51,2025-05-31 09:05:51,1,1.0,
PER_000035,Person,USES_IP,IP_000094,IP,2025-11-27 16:05:27,2025-11-27 16:05:27,1,1.0,
PER_000035,Person,USES_IP,IP_000095,IP,2025-07-07 12:36:50,2025-07-07 12:36:50,1,1.0,
PER_000035,Person,USES_IP,IP_000099,IP,2025-08-05 05:13:12,2025-08-05 05:13:12,1,1.0,
PER_000035,Person,USES_IP,IP_000115,IP,2025-08-14 10:38:13,2025-08-14 10:38:13,1,1.0,
PER_000036,Person,USES_IP,IP_000003,IP,2025-07-30 13:22:54,2025-07-30 13:22:54,1,1.0,
PER_000036,Person,USES_IP,IP_000021,IP,2025-06-22 10:42:23,2025-06-22 10:42:23,1,1.0,
PER_000036,Person,USES_IP,IP_000024,IP,2025-02-03 22:01:31,2025-02-03 22:01:31,1,1.0,
PER_000036,Person,USES_IP,IP_000031,IP,2025-02-27 12:00:30,2025-02-27 12:00:30,1,1.0,
PER_000036,Person,USES_IP,IP_000038,IP,2025-08-17 11:56:09,2025-08-17 11:56:09,1,1.0,
PER_000036,Person,USES_IP,IP_000053,IP,2025-06-25 17:18:28,2025-06-25 17:18:28,1,1.0,
PER_000036,Person,USES_IP,IP_000057,IP,2025-10-02 17:19:03,2025-10-02 17:19:03,1,1.0,
PER_000036,Person,USES_IP,IP_000058,IP,2025-08-07 14:04:19,2025-08-07 14:04:19,1,1.0,
PER_000036,Person,USES_IP,IP_000061,IP,2025-08-16 19:07:32,2025-08-16 19:07:32,1,1.0,
PER_000036,Person,USES_IP,IP_000079,IP,2025-04-08 20:02:37,2025-04-08 20:02:37,1,1.0,
PER_000037,Person,USES_IP,IP_000007,IP,2025-08-15 06:02:36,2025-08-15 06:02:36,1,1.0,
PER_000037,Person,USES_IP,IP_000009,IP,2025-10-29 20:20:56,2025-10-29 20:20:56,1,1.0,
PER_000037,Person,USES_IP,IP_000019,IP,2025-06-10 19:07:05,2025-06-10 19:07:05,1,1.0,
PER_000037,Person,USES_IP,IP_000021,IP,2025-07-15 10:25:52,2025-07-15 10:25:52,1,1.0,
PER_000037,Person,USES_IP,IP_000023,IP,2025-04-01 15:31:52,2025-04-01 15:31:52,1,1.0,
PER_000037,Person,USES_IP,IP_000024,IP,2025-06-10 11:03:42,2025-06-10 11:03:42,1,1.0,
PER_000037,Person,USES_IP,IP_000052,IP,2025-01-29 15:47:04,2025-01-29 15:47:04,1,1.0,
PER_000037,Person,USES_IP,IP_000061,IP,2025-03-13 11:33:40,2025-03-13 11:33:40,1,1.0,
PER_000037,Person,USES_IP,IP_000065,IP,2025-12-16 11:57:02,2025-12-16 11:57:02,1,1.0,
PER_000037,Person,USES_IP,IP_000069,IP,2025-04-06 18:56:23,2025-05-09 17:42:33,2,2.0,
PER_000037,Person,USES_IP,IP_000075,IP,2025-12-10 08:06:09,2025-12-10 08:06:09,1,1.0,
PER_000037,Person,USES_IP,IP_000077,IP,2025-06-24 17:53:36,2025-06-24 17:53:36,1,1.0,
PER_000037,Person,USES_IP,IP_000082,IP,2025-12-17 11:06:30,2025-12-17 11:06:30,1,1.0,
PER_000037,Person,USES_IP,IP_000087,IP,2025-05-09 10:50:53,2025-05-09 10:50:53,1,1.0,
PER_000037,Person,USES_IP,IP_000116,IP,2025-03-03 14:28:22,2025-03-03 14:28:22,1,1.0,
PER_000038,Person,USES_IP,IP_000001,IP,2025-05-01 07:44:49,2025-05-01 07:44:49,1,1.0,
PER_000038,Person,USES_IP,IP_000002,IP,2025-05-01 17:23:31,2025-05-01 17:23:31,1,1.0,
PER_000038,Person,USES_IP,IP_000007,IP,2025-05-01 07:36:14,2025-05-01 19:26:58,2,2.0,
PER_000038,Person,USES_IP,IP_000008,IP,2025-05-01 05:17:28,2025-05-01 05:17:28,1,1.0,
PER_000038,Person,USES_IP,IP_000010,IP,2025-05-01 02:40:43,2025-05-01 18:22:06,2,2.0,
PER_000038,Person,USES_IP,IP_000012,IP,2025-05-01 23:34:23,2025-05-01 23:34:23,1,1.0,
PER_000038,Person,USES_IP,IP_000014,IP,2025-05-01 08:45:25,2025-05-01 08:45:25,1,1.0,
PER_000038,Person,USES_IP,IP_000015,IP,2025-05-01 04:38:20,2025-05-01 04:38:20,1,1.0,
PER_000038,Person,USES_IP,IP_000016,IP,2025-05-01 23:49:31,2025-05-01 23:49:31,1,1.0,
PER_000038,Person,USES_IP,IP_000017,IP,2025-05-01 00:25:58,2025-05-01 14:43:56,4,4.0,
PER_000038,Person,USES_IP,IP_000019,IP,2025-05-01 09:33:08,2025-05-01 09:33:08,1,1.0,
PER_000038,Person,USES_IP,IP_000021,IP,2025-05-01 01:31:29,2025-05-01 03:45:34,2,2.0,
PER_000038,Person,USES_IP,IP_000023,IP,2025-05-01 16:54:13,2025-05-01 16:54:13,1,1.0,
PER_000038,Person,USES_IP,IP_000024,IP,2025-05-01 17:05:21,2025-05-01 17:05:21,1,1.0,
PER_000038,Person,USES_IP,IP_000025,IP,2025-05-01 21:15:28,2025-05-01 21:15:28,1,1.0,
PER_000038,Person,USES_IP,IP_000026,IP,2025-05-01 06:22:15,2025-05-01 06:22:15,1,1.0,
PER_000038,Person,USES_IP,IP_000029,IP,2025-05-01 19:44:25,2025-05-01 19:44:25,1,1.0,
PER_000038,Person,USES_IP,IP_000031,IP,2025-05-01 04:12:19,2025-05-01 04:12:19,1,1.0,
PER_000038,Person,USES_IP,IP_000033,IP,2025-05-01 16:54:35,2025-05-01 21:31:24,2,2.0,
PER_000038,Person,USES_IP,IP_000035,IP,2025-05-01 01:36:04,2025-05-01 01:36:04,1,1.0,
PER_000038,Person,USES_IP,IP_000036,IP,2025-05-01 04:40:20,2025-05-01 04:40:20,1,1.0,
PER_000038,Person,USES_IP,IP_000037,IP,2025-05-01 22:54:20,2025-05-01 22:54:20,1,1.0,
PER_000038,Person,USES_IP,IP_000038,IP,2025-05-01 17:19:01,2025-05-01 17:19:01,1,1.0,
PER_000038,Person,USES_IP,IP_000039,IP,2025-05-01 18:28:11,2025-05-01 18:28:11,1,1.0,
PER_000038,Person,USES_IP,IP_000040,IP,2025-05-01 04:27:24,2025-05-01 06:16:46,2,2.0,
PER_000038,Person,USES_IP,IP_000041,IP,2025-05-01 05:55:44,2025-05-01 13:08:14,2,2.0,
PER_000038,Person,USES_IP,IP_000046,IP,2025-05-01 19:11:54,2025-05-01 19:11:54,1,1.0,
PER_000038,Person,USES_IP,IP_000047,IP,2025-05-01 04:16:55,2025-05-01 10:41:27,3,3.0,
PER_000038,Person,USES_IP,IP_000050,IP,2025-05-01 14:28:28,2025-05-01 14:28:28,1,1.0,
PER_000038,Person,USES_IP,IP_000052,IP,2025-05-01 07:53:35,2025-05-01 07:53:35,1,1.0,
PER_000038,Person,USES_IP,IP_000057,IP,2025-05-01 20:45:48,2025-05-01 20:45:48,1,1.0,
PER_000038,Person,USES_IP,IP_000059,IP,2025-05-01 03:04:52,2025-05-01 19:17:24,2,2.0,
PER_000038,Person,USES_IP,IP_000060,IP,2025-05-01 10:11:50,2025-05-01 10:11:50,1,1.0,
PER_000038,Person,USES_IP,IP_000062,IP,2025-05-01 21:06:12,2025-05-01 21:06:12,1,1.0,
PER_000038,Person,USES_IP,IP_000063,IP,2025-05-01 08:13:07,2025-05-01 08:13:07,1,1.0,
PER_000038,Person,USES_IP,IP_000064,IP,2025-05-01 02:47:50,2025-05-01 04:15:14,2,2.0,
PER_000038,Person,USES_IP,IP_000065,IP,2025-05-01 14:50:30,2025-05-01 15:08:40,2,2.0,
PER_000038,Person,USES_IP,IP_000066,IP,2025-05-01 08:35:25,2025-05-01 08:35:25,1,1.0,
PER_000038,Person,USES_IP,IP_000067,IP,2025-05-01 07:38:06,2025-05-01 23:41:18,3,3.0,
PER_000038,Person,USES_IP,IP_000068,IP,2025-05-01 08:35:57,2025-05-01 08:35:57,1,1.0,
PER_000038,Person,USES_IP,IP_000069,IP,2025-05-01 01:21:46,2025-05-01 18:50:31,2,2.0,
PER_000038,Person,USES_IP,IP_000072,IP,2025-05-01 22:49:50,2025-05-01 22:49:50,1,1.0,
PER_000038,Person,USES_IP,IP_000073,IP,2025-05-01 04:20:37,2025-05-01 04:20:37,1,1.0,
PER_000038,Person,USES_IP,IP_000074,IP,2025-05-01 05:43:38,2025-05-01 12:10:25,2,2.0,
PER_000038,Person,USES_IP,IP_000079,IP,2025-05-01 14:23:35,2025-05-01 14:23:35,1,1.0,
PER_000038,Person,USES_IP,IP_000081,IP,2025-05-01 12:23:57,2025-05-01 12:23:57,1,1.0,
PER_000038,Person,USES_IP,IP_000082,IP,2025-05-01 07:36:10,2025-05-01 07:36:10,1,1.0,
PER_000038,Person,USES_IP,IP_000083,IP,2025-05-01 16:40:38,2025-05-01 16:40:38,1,1.0,
PER_000038,Person,USES_IP,IP_000084,IP,2025-05-01 05:55:43,2025-05-01 05:55:43,1,1.0,
PER_000038,Person,USES_IP,IP_000085,IP,2025-05-01 17:44:14,2025-05-01 17:44:14,1,1.0,
PER_000038,Person,USES_IP,IP_000086,IP,2025-05-01 03:58:24,2025-05-01 03:58:24,1,1.0,
PER_000038,Person,USES_IP,IP_000088,IP,2025-05-01 06:11:39,2025-05-01 23:45:23,2,2.0,
PER_000038,Person,USES_IP,IP_000089,IP,2025-05-01 05:49:13,2025-05-01 13:03:18,2,2.0,
PER_000038,Person,USES_IP,IP_000090,IP,2025-05-01 22:19:32,2025-05-01 22:19:32,1,1.0,
PER_000038,Person,USES_IP,IP_000091,IP,2025-05-01 07:21:36,2025-05-01 20:41:26,2,2.0,
PER_000038,Person,USES_IP,IP_000092,IP,2025-05-01 21:19:38,2025-05-01 21:19:38,1,1.0,
PER_000038,Person,USES_IP,IP_000099,IP,2025-05-01 06:31:20,2025-05-01 06:31:20,1,1.0,
PER_000038,Person,USES_IP,IP_000100,IP,2025-05-01 08:12:27,2025-05-01 14:11:56,2,2.0,
PER_000038,Person,USES_IP,IP_000101,IP,2025-05-01 04:02:55,2025-05-01 04:02:55,1,1.0,
PER_000038,Person,USES_IP,IP_000102,IP,2025-05-01 13:32:45,2025-05-01 13:32:45,1,1.0,
PER_000038,Person,USES_IP,IP_000103,IP,2025-05-01 04:50:04,2025-05-01 04:50:04,1,1.0,
PER_000038,Person,USES_IP,IP_000105,IP,2025-05-01 11:34:54,2025-05-01 11:34:54,1,1.0,
PER_000038,Person,USES_IP,IP_000106,IP,2025-05-01 01:44:08,2025-05-01 01:44:08,1,1.0,
PER_000038,Person,USES_IP,IP_000109,IP,2025-05-01 17:46:42,2025-05-01 17:46:42,1,1.0,
PER_000038,Person,USES_IP,IP_000110,IP,2025-05-01 13:11:24,2025-05-01 13:11:24,1,1.0,
PER_000038,Person,USES_IP,IP_000117,IP,2025-05-01 16:48:05,2025-05-01 16:48:05,1,1.0,
PER_000038,Person,USES_IP,IP_000118,IP,2025-05-01 10:56:47,2025-05-01 10:56:47,1,1.0,
PER_000038,Person,USES_IP,IP_000119,IP,2025-05-01 23:00:18,2025-05-01 23:00:18,1,1.0,
PER_000039,Person,USES_IP,IP_000013,IP,2025-07-28 17:54:23,2025-07-28 17:54:23,1,1.0,
PER_000039,Person,USES_IP,IP_000023,IP,2025-01-23 14:09:25,2025-01-23 14:09:25,1,1.0,
PER_000039,Person,USES_IP,IP_000037,IP,2025-09-30 16:41:43,2025-09-30 16:41:43,1,1.0,
PER_000039,Person,USES_IP,IP_000065,IP,2025-11-27 13:22:46,2025-11-27 13:22:46,1,1.0,
PER_000039,Person,USES_IP,IP_000068,IP,2025-08-03 10:00:35,2025-08-03 10:00:35,1,1.0,
PER_000039,Person,USES_IP,IP_000074,IP,2025-11-17 11:21:01,2025-11-17 11:21:01,1,1.0,
PER_000039,Person,USES_IP,IP_000087,IP,2025-05-11 09:14:46,2025-05-11 09:14:46,1,1.0,
PER_000039,Person,USES_IP,IP_000096,IP,2025-03-16 10:19:21,2025-03-16 10:19:21,1,1.0,
PER_000039,Person,USES_IP,IP_000106,IP,2025-12-05 08:31:11,2025-12-05 08:31:11,1,1.0,
PER_000039,Person,USES_IP,IP_000116,IP,2025-12-30 13:29:42,2025-12-30 13:29:42,1,1.0,
PER_000040,Person,USES_IP,IP_000009,IP,2025-12-02 12:55:58,2025-12-02 12:55:58,1,1.0,
PER_000040,Person,USES_IP,IP_000036,IP,2025-03-14 05:26:50,2025-03-14 05:26:50,1,1.0,
PER_000040,Person,USES_IP,IP_000047,IP,2025-09-04 11:34:14,2025-09-04 11:34:14,1,1.0,
PER_000040,Person,USES_IP,IP_000052,IP,2025-10-24 11:32:56,2025-10-24 11:32:56,1,1.0,
PER_000040,Person,USES_IP,IP_000059,IP,2025-01-21 21:49:55,2025-01-21 21:49:55,1,1.0,
PER_000040,Person,USES_IP,IP_000070,IP,2025-09-03 16:09:15,2025-09-03 16:09:15,1,1.0,
PER_000040,Person,USES_IP,IP_000074,IP,2025-08-25 13:10:05,2025-08-25 13:10:05,1,1.0,
PER_000040,Person,USES_IP,IP_000106,IP,2025-08-02 11:40:36,2025-08-02 11:40:36,1,1.0,
PER_000040,Person,USES_IP,IP_000107,IP,2025-05-28 19:49:43,2025-05-28 19:49:43,1,1.0,
PER_000041,Person,USES_IP,IP_000008,IP,2025-11-23 11:40:57,2025-11-23 11:40:57,1,1.0,
PER_000041,Person,USES_IP,IP_000030,IP,2025-09-12 10:07:57,2025-09-12 10:07:57,1,1.0,
PER_000041,Person,USES_IP,IP_000042,IP,2025-08-25 06:05:15,2025-08-25 06:05:15,1,1.0,
PER_000041,Person,USES_IP,IP_000052,IP,2025-08-02 09:45:22,2025-08-02 09:45:22,1,1.0,
PER_000041,Person,USES_IP,IP_000061,IP,2025-11-16 08:40:17,2025-11-16 08:40:17,1,1.0,
PER_000041,Person,USES_IP,IP_000069,IP,2025-07-06 12:31:48,2025-07-06 12:31:48,1,1.0,
PER_000041,Person,USES_IP,IP_000070,IP,2025-02-24 11:03:38,2025-02-24 11:03:38,1,1.0,
PER_000041,Person,USES_IP,IP_000090,IP,2025-06-15 09:27:06,2025-06-15 09:27:06,1,1.0,
PER_000041,Person,USES_IP,IP_000111,IP,2025-01-12 16:36:38,2025-01-12 16:36:38,1,1.0,
PER_000042,Person,USES_IP,IP_000001,IP,2025-10-31 02:57:10,2025-10-31 02:57:10,1,1.0,
PER_000042,Person,USES_IP,IP_000004,IP,2025-02-06 18:41:27,2025-08-07 13:45:27,2,2.0,
PER_000042,Person,USES_IP,IP_000006,IP,2025-01-08 14:58:12,2025-12-05 18:03:23,2,2.0,
PER_000042,Person,USES_IP,IP_000009,IP,2025-05-15 14:27:03,2025-09-15 19:11:00,2,2.0,
PER_000042,Person,USES_IP,IP_000010,IP,2025-06-04 22:34:47,2025-06-04 22:34:47,1,1.0,
PER_000042,Person,USES_IP,IP_000011,IP,2025-04-26 12:05:16,2025-04-26 12:05:16,1,1.0,
PER_000042,Person,USES_IP,IP_000013,IP,2025-06-23 12:11:13,2025-06-23 12:11:13,1,1.0,
PER_000042,Person,USES_IP,IP_000017,IP,2025-03-08 16:29:37,2025-03-08 16:29:37,1,1.0,
PER_000042,Person,USES_IP,IP_000018,IP,2025-02-20 21:16:08,2025-03-27 03:39:27,2,2.0,
PER_000042,Person,USES_IP,IP_000019,IP,2025-02-08 13:26:04,2025-10-02 10:42:40,3,3.0,
PER_000042,Person,USES_IP,IP_000020,IP,2025-04-10 18:59:43,2025-04-10 18:59:43,1,1.0,
PER_000042,Person,USES_IP,IP_000025,IP,2025-04-11 05:54:03,2025-10-20 16:05:04,2,2.0,
PER_000042,Person,USES_IP,IP_000026,IP,2025-03-29 07:10:57,2025-05-25 10:30:16,2,2.0,
PER_000042,Person,USES_IP,IP_000030,IP,2025-05-26 09:26:10,2025-05-26 09:26:10,1,1.0,
PER_000042,Person,USES_IP,IP_000032,IP,2025-05-31 16:29:09,2025-05-31 16:29:09,1,1.0,
PER_000042,Person,USES_IP,IP_000034,IP,2025-12-12 13:20:26,2025-12-12 13:20:26,1,1.0,
PER_000042,Person,USES_IP,IP_000037,IP,2025-05-18 16:46:12,2025-05-18 16:46:12,1,1.0,
PER_000042,Person,USES_IP,IP_000041,IP,2025-01-03 16:48:35,2025-01-03 16:48:35,1,1.0,
PER_000042,Person,USES_IP,IP_000042,IP,2025-11-22 03:16:48,2025-11-22 03:16:48,1,1.0,
PER_000042,Person,USES_IP,IP_000043,IP,2025-06-19 15:39:56,2025-06-19 15:39:56,1,1.0,
PER_000042,Person,USES_IP,IP_000044,IP,2025-01-30 11:44:54,2025-05-17 12:08:23,2,2.0,
PER_000042,Person,USES_IP,IP_000046,IP,2025-08-09 11:23:23,2025-08-09 11:23:23,1,1.0,
PER_000042,Person,USES_IP,IP_000048,IP,2025-08-11 06:51:11,2025-08-11 06:51:11,1,1.0,
PER_000042,Person,USES_IP,IP_000050,IP,2025-12-11 08:58:37,2025-12-11 08:58:37,1,1.0,
PER_000042,Person,USES_IP,IP_000051,IP,2025-04-19 19:58:47,2025-12-21 19:17:06,2,2.0,
PER_000042,Person,USES_IP,IP_000052,IP,2025-05-26 18:41:33,2025-08-20 12:55:39,2,2.0,
PER_000042,Person,USES_IP,IP_000053,IP,2025-03-02 15:58:56,2025-10-25 18:12:11,3,3.0,
PER_000042,Person,USES_IP,IP_000054,IP,2025-03-12 16:44:12,2025-03-12 16:44:12,1,1.0,
PER_000042,Person,USES_IP,IP_000055,IP,2025-06-09 16:46:12,2025-06-09 16:46:12,1,1.0,
PER_000042,Person,USES_IP,IP_000056,IP,2025-01-31 19:15:50,2025-01-31 19:15:50,1,1.0,
PER_000042,Person,USES_IP,IP_000058,IP,2025-03-28 13:14:24,2025-12-25 15:53:47,2,2.0,
PER_000042,Person,USES_IP,IP_000061,IP,2025-11-15 07:57:29,2025-11-15 07:57:29,1,1.0,
PER_000042,Person,USES_IP,IP_000063,IP,2025-03-03 17:48:26,2025-03-03 17:48:26,1,1.0,
PER_000042,Person,USES_IP,IP_000064,IP,2025-04-30 11:17:11,2025-04-30 11:17:11,1,1.0,
PER_000042,Person,USES_IP,IP_000069,IP,2025-11-03 16:27:40,2025-11-03 16:27:40,1,1.0,
PER_000042,Person,USES_IP,IP_000072,IP,2025-01-27 12:15:23,2025-01-27 12:15:23,1,1.0,
PER_000042,Person,USES_IP,IP_000074,IP,2025-01-02 21:35:27,2025-01-02 21:35:27,1,1.0,
PER_000042,Person,USES_IP,IP_000075,IP,2025-06-24 08:13:32,2025-06-24 08:13:32,1,1.0,
PER_000042,Person,USES_IP,IP_000076,IP,2025-03-03 17:44:26,2025-03-03 17:44:26,1,1.0,
PER_000042,Person,USES_IP,IP_000079,IP,2025-09-27 12:09:11,2025-09-27 12:09:11,1,1.0,
PER_000042,Person,USES_IP,IP_000081,IP,2025-10-18 18:27:58,2025-10-18 18:27:58,1,1.0,
PER_000042,Person,USES_IP,IP_000084,IP,2025-03-18 06:55:54,2025-03-18 06:55:54,1,1.0,
PER_000042,Person,USES_IP,IP_000089,IP,2025-01-19 13:33:04,2025-01-19 13:33:04,1,1.0,
PER_000042,Person,USES_IP,IP_000091,IP,2025-07-01 23:03:22,2025-07-01 23:03:22,1,1.0,
PER_000042,Person,USES_IP,IP_000092,IP,2025-02-01 03:49:27,2025-05-03 16:18:21,2,2.0,
PER_000042,Person,USES_IP,IP_000095,IP,2025-10-30 02:38:39,2025-10-30 02:38:39,1,1.0,
PER_000042,Person,USES_IP,IP_000099,IP,2025-06-19 00:48:50,2025-06-23 22:04:28,2,2.0,
PER_000042,Person,USES_IP,IP_000100,IP,2025-04-12 20:47:43,2025-12-12 20:10:05,2,2.0,
PER_000042,Person,USES_IP,IP_000101,IP,2025-02-17 22:28:59,2025-02-17 22:28:59,1,1.0,
PER_000042,Person,USES_IP,IP_000103,IP,2025-12-22 08:52:34,2025-12-22 08:52:34,1,1.0,
PER_000042,Person,USES_IP,IP_000105,IP,2025-04-05 11:07:54,2025-08-02 06:59:42,3,3.0,
PER_000042,Person,USES_IP,IP_000106,IP,2025-07-21 20:24:05,2025-07-21 20:24:05,1,1.0,
PER_000042,Person,USES_IP,IP_000109,IP,2025-01-09 14:56:25,2025-12-13 14:32:50,2,2.0,
PER_000042,Person,USES_IP,IP_000112,IP,2025-05-12 15:33:48,2025-05-12 15:33:48,1,1.0,
PER_000042,Person,USES_IP,IP_000113,IP,2025-10-08 15:28:33,2025-10-08 15:28:33,1,1.0,
PER_000042,Person,USES_IP,IP_000114,IP,2025-04-12 17:05:26,2025-07-17 08:46:45,2,2.0,
PER_000042,Person,USES_IP,IP_000115,IP,2025-11-21 10:50:10,2025-11-21 10:50:10,1,1.0,
PER_000042,Person,USES_IP,IP_000119,IP,2025-05-17 14:45:00,2025-05-17 14:45:00,1,1.0,
PER_000042,Person,USES_IP,IP_000120,IP,2025-05-01 16:49:55,2025-12-20 20:56:12,3,3.0,
PER_000043,Person,USES_IP,IP_000001,IP,2025-01-01 13:39:12,2025-12-19 20:42:09,16,16.0,
PER_000044,Person,USES_IP,IP_000007,IP,2025-09-03 09:13:33,2025-09-03 09:13:33,1,1.0,
PER_000044,Person,USES_IP,IP_000023,IP,2025-11-29 15:45:37,2025-11-29 15:45:37,1,1.0,
PER_000044,Person,USES_IP,IP_000032,IP,2025-10-30 05:26:45,2025-10-30 05:26:45,1,1.0,
PER_000044,Person,USES_IP,IP_000058,IP,2025-12-04 11:35:53,2025-12-04 11:35:53,1,1.0,
PER_000044,Person,USES_IP,IP_000067,IP,2025-09-20 04:51:04,2025-09-20 04:51:04,1,1.0,
PER_000044,Person,USES_IP,IP_000068,IP,2025-02-26 15:40:52,2025-02-26 15:40:52,1,1.0,
PER_000044,Person,USES_IP,IP_000096,IP,2025-03-06 11:53:34,2025-03-06 11:53:34,1,1.0,
PER_000044,Person,USES_IP,IP_000097,IP,2025-12-18 11:08:21,2025-12-18 11:08:21,1,1.0,
PER_000044,Person,USES_IP,IP_000105,IP,2025-12-12 13:45:50,2025-12-12 13:45:50,1,1.0,
PER_000044,Person,USES_IP,IP_000116,IP,2025-12-17 20:40:01,2025-12-17 20:40:01,1,1.0,
PER_000045,Person,USES_IP,IP_000001,IP,2025-01-11 08:54:21,2025-10-22 11:21:39,13,13.0,
PER_000046,Person,USES_IP,IP_000013,IP,2025-10-12 02:44:10,2025-10-12 02:44:10,1,1.0,
PER_000046,Person,USES_IP,IP_000034,IP,2025-11-29 18:32:33,2025-11-29 18:32:33,1,1.0,
PER_000046,Person,USES_IP,IP_000038,IP,2025-01-12 04:02:06,2025-01-12 04:02:06,1,1.0,
PER_000046,Person,USES_IP,IP_000048,IP,2025-06-04 12:46:53,2025-06-04 12:46:53,1,1.0,
PER_000046,Person,USES_IP,IP_000060,IP,2025-04-01 17:53:49,2025-06-08 14:32:49,2,2.0,
PER_000046,Person,USES_IP,IP_000066,IP,2025-03-10 11:14:32,2025-03-10 11:14:32,1,1.0,
PER_000046,Person,USES_IP,IP_000074,IP,2025-02-27 06:13:39,2025-02-27 06:13:39,1,1.0,
PER_000046,Person,USES_IP,IP_000082,IP,2025-06-24 18:21:08,2025-06-24 18:21:08,1,1.0,
PER_000046,Person,USES_IP,IP_000086,IP,2025-11-03 18:01:13,2025-11-03 18:01:13,1,1.0,
PER_000046,Person,USES_IP,IP_000090,IP,2025-06-08 09:53:04,2025-06-08 09:53:04,1,1.0,
PER_000046,Person,USES_IP,IP_000104,IP,2025-09-06 07:38:28,2025-09-06 07:38:28,1,1.0,
PER_000046,Person,USES_IP,IP_000105,IP,2025-09-20 07:03:43,2025-09-20 07:03:43,1,1.0,
PER_000046,Person,USES_IP,IP_000108,IP,2025-06-14 10:03:01,2025-06-14 10:03:01,1,1.0,
PER_000046,Person,USES_IP,IP_000114,IP,2025-09-23 21:16:00,2025-09-23 21:16:00,1,1.0,
PER_000046,Person,USES_IP,IP_000119,IP,2025-01-05 09:27:45,2025-01-05 09:27:45,1,1.0,
PER_000047,Person,USES_IP,IP_000005,IP,2025-07-03 10:42:58,2025-07-03 10:42:58,1,1.0,
PER_000047,Person,USES_IP,IP_000009,IP,2025-05-10 03:23:14,2025-11-12 10:19:04,2,2.0,
PER_000047,Person,USES_IP,IP_000022,IP,2025-05-08 09:02:47,2025-05-08 09:02:47,1,1.0,
PER_000047,Person,USES_IP,IP_000040,IP,2025-12-04 09:16:50,2025-12-04 09:16:50,1,1.0,
PER_000047,Person,USES_IP,IP_000041,IP,2025-06-08 22:33:04,2025-06-08 22:33:04,1,1.0,
PER_000047,Person,USES_IP,IP_000048,IP,2025-05-14 08:02:19,2025-05-14 08:02:19,1,1.0,
PER_000047,Person,USES_IP,IP_000049,IP,2025-11-14 11:39:48,2025-11-14 11:39:48,1,1.0,
PER_000047,Person,USES_IP,IP_000062,IP,2025-12-03 14:21:09,2025-12-03 14:21:09,1,1.0,
PER_000047,Person,USES_IP,IP_000065,IP,2025-09-08 06:16:20,2025-09-08 06:16:20,1,1.0,
PER_000047,Person,USES_IP,IP_000080,IP,2025-03-31 16:18:15,2025-03-31 16:18:15,1,1.0,
PER_000047,Person,USES_IP,IP_000084,IP,2025-12-31 09:19:52,2025-12-31 09:19:52,1,1.0,
PER_000047,Person,USES_IP,IP_000092,IP,2025-01-03 16:50:16,2025-01-03 16:50:16,1,1.0,
PER_000047,Person,USES_IP,IP_000105,IP,2025-02-02 17:00:33,2025-12-23 11:51:36,2,2.0,
PER_000047,Person,USES_IP,IP_000110,IP,2025-10-23 12:37:12,2025-10-23 12:37:12,1,1.0,
PER_000048,Person,USES_IP,IP_000004,IP,2025-01-06 14:34:11,2025-06-06 14:29:47,2,2.0,
PER_000048,Person,USES_IP,IP_000005,IP,2025-09-05 16:08:19,2025-12-30 17:17:30,2,2.0,
PER_000048,Person,USES_IP,IP_000011,IP,2025-07-26 03:00:47,2025-07-26 03:00:47,1,1.0,
PER_000048,Person,USES_IP,IP_000020,IP,2025-01-26 12:03:16,2025-09-19 23:42:58,2,2.0,
PER_000048,Person,USES_IP,IP_000027,IP,2025-03-17 14:35:55,2025-03-17 14:35:55,1,1.0,
PER_000048,Person,USES_IP,IP_000037,IP,2025-05-03 17:54:59,2025-05-03 17:54:59,1,1.0,
PER_000048,Person,USES_IP,IP_000046,IP,2025-09-10 19:28:12,2025-09-10 19:28:12,1,1.0,
PER_000048,Person,USES_IP,IP_000048,IP,2025-09-23 12:29:11,2025-09-23 12:29:11,1,1.0,
PER_000048,Person,USES_IP,IP_000060,IP,2025-11-22 08:46:58,2025-11-22 08:46:58,1,1.0,
PER_000048,Person,USES_IP,IP_000065,IP,2025-01-28 22:57:32,2025-06-14 11:13:33,2,2.0,
PER_000048,Person,USES_IP,IP_000067,IP,2025-06-18 22:40:45,2025-06-18 22:40:45,1,1.0,
PER_000048,Person,USES_IP,IP_000074,IP,2025-05-02 16:39:02,2025-05-02 16:39:02,1,1.0,
PER_000048,Person,USES_IP,IP_000083,IP,2025-06-19 17:24:33,2025-06-19 17:24:33,1,1.0,
PER_000048,Person,USES_IP,IP_000096,IP,2025-11-25 12:03:06,2025-11-25 12:03:06,1,1.0,
PER_000048,Person,USES_IP,IP_000100,IP,2025-09-05 08:49:22,2025-09-05 08:49:22,1,1.0,
PER_000048,Person,USES_IP,IP_000118,IP,2025-11-29 10:33:42,2025-11-29 10:33:42,1,1.0,
PER_000049,Person,USES_IP,IP_000002,IP,2025-01-18 16:40:59,2025-12-04 15:03:17,15,15.0,
PER_000050,Person,USES_IP,IP_000001,IP,2025-04-07 14:00:45,2025-04-07 14:00:45,1,1.0,
PER_000050,Person,USES_IP,IP_000003,IP,2025-09-25 18:25:24,2025-10-04 07:40:23,2,2.0,
PER_000050,Person,USES_IP,IP_000004,IP,2025-11-06 18:52:56,2025-11-06 18:52:56,1,1.0,
PER_000050,Person,USES_IP,IP_000007,IP,2025-09-11 14:03:59,2025-11-20 06:44:13,2,2.0,
PER_000050,Person,USES_IP,IP_000010,IP,2025-04-20 08:03:11,2025-10-25 11:01:51,3,3.0,
PER_000050,Person,USES_IP,IP_000012,IP,2025-06-06 18:35:07,2025-06-06 18:35:07,1,1.0,
PER_000050,Person,USES_IP,IP_000013,IP,2025-01-31 10:41:14,2025-04-21 06:54:36,2,2.0,
PER_000050,Person,USES_IP,IP_000015,IP,2025-11-08 18:24:19,2025-11-08 18:24:19,1,1.0,
PER_000050,Person,USES_IP,IP_000016,IP,2025-02-19 06:07:30,2025-10-05 18:59:49,2,2.0,
PER_000050,Person,USES_IP,IP_000017,IP,2025-04-04 11:48:22,2025-04-04 11:48:22,1,1.0,
PER_000050,Person,USES_IP,IP_000021,IP,2025-10-18 16:21:19,2025-10-18 16:21:19,1,1.0,
PER_000050,Person,USES_IP,IP_000024,IP,2025-07-15 11:57:08,2025-07-15 11:57:08,1,1.0,
PER_000050,Person,USES_IP,IP_000025,IP,2025-08-11 09:24:14,2025-08-11 09:24:14,1,1.0,
PER_000050,Person,USES_IP,IP_000027,IP,2025-06-16 05:32:09,2025-09-18 16:25:21,3,3.0,
PER_000050,Person,USES_IP,IP_000028,IP,2025-03-26 20:40:20,2025-03-26 20:40:20,1,1.0,
PER_000050,Person,USES_IP,IP_000030,IP,2025-03-09 17:43:56,2025-03-09 17:43:56,1,1.0,
PER_000050,Person,USES_IP,IP_000034,IP,2025-01-20 07:54:06,2025-06-18 16:06:19,2,2.0,
PER_000050,Person,USES_IP,IP_000035,IP,2025-05-12 18:56:34,2025-05-12 18:56:34,1,1.0,
PER_000050,Person,USES_IP,IP_000041,IP,2025-03-13 16:58:27,2025-04-22 11:29:05,2,2.0,
PER_000050,Person,USES_IP,IP_000042,IP,2025-03-18 17:56:28,2025-05-19 05:36:02,2,2.0,
PER_000050,Person,USES_IP,IP_000045,IP,2025-02-03 13:06:49,2025-02-03 13:06:49,1,1.0,
PER_000050,Person,USES_IP,IP_000047,IP,2025-09-09 06:16:00,2025-09-09 06:16:00,1,1.0,
PER_000050,Person,USES_IP,IP_000048,IP,2025-08-08 18:12:54,2025-08-08 18:12:54,1,1.0,
PER_000050,Person,USES_IP,IP_000049,IP,2025-08-20 16:52:27,2025-08-20 16:52:27,1,1.0,
PER_000050,Person,USES_IP,IP_000052,IP,2025-06-22 06:42:26,2025-06-22 06:42:26,1,1.0,
PER_000050,Person,USES_IP,IP_000053,IP,2025-03-05 05:08:24,2025-10-22 11:37:04,2,2.0,
PER_000050,Person,USES_IP,IP_000054,IP,2025-12-09 05:20:38,2025-12-09 05:20:38,1,1.0,
PER_000050,Person,USES_IP,IP_000055,IP,2025-06-13 16:09:04,2025-06-13 16:09:04,1,1.0,
PER_000050,Person,USES_IP,IP_000057,IP,2025-05-04 17:49:28,2025-05-04 17:49:28,1,1.0,
PER_000050,Person,USES_IP,IP_000058,IP,2025-06-30 05:25:00,2025-06-30 05:25:00,1,1.0,
PER_000050,Person,USES_IP,IP_000061,IP,2025-05-17 12:56:51,2025-05-17 12:56:51,1,1.0,
PER_000050,Person,USES_IP,IP_000063,IP,2025-01-14 17:39:16,2025-01-14 17:39:16,1,1.0,
PER_000050,Person,USES_IP,IP_000065,IP,2025-08-04 15:33:57,2025-08-04 15:33:57,1,1.0,
PER_000050,Person,USES_IP,IP_000066,IP,2025-01-05 16:51:35,2025-10-31 19:08:16,3,3.0,
PER_000050,Person,USES_IP,IP_000067,IP,2025-06-03 19:11:22,2025-10-26 12:11:30,2,2.0,
PER_000050,Person,USES_IP,IP_000068,IP,2025-06-14 10:08:52,2025-11-01 07:30:35,2,2.0,
PER_000050,Person,USES_IP,IP_000070,IP,2025-08-28 15:50:20,2025-08-28 15:50:20,1,1.0,
PER_000050,Person,USES_IP,IP_000071,IP,2025-09-30 23:02:47,2025-09-30 23:02:47,1,1.0,
PER_000050,Person,USES_IP,IP_000073,IP,2025-03-19 14:07:18,2025-04-01 07:43:42,2,2.0,
PER_000050,Person,USES_IP,IP_000074,IP,2025-04-04 13:16:58,2025-04-04 13:16:58,1,1.0,
PER_000050,Person,USES_IP,IP_000075,IP,2025-06-24 19:54:15,2025-07-11 13:33:42,2,2.0,
PER_000050,Person,USES_IP,IP_000076,IP,2025-06-11 06:14:13,2025-06-11 06:14:13,1,1.0,
PER_000050,Person,USES_IP,IP_000078,IP,2025-11-05 05:13:33,2025-11-05 05:13:33,1,1.0,
PER_000050,Person,USES_IP,IP_000079,IP,2025-07-01 14:39:20,2025-07-01 14:39:20,1,1.0,
PER_000050,Person,USES_IP,IP_000082,IP,2025-06-03 21:32:00,2025-06-03 21:32:00,1,1.0,
PER_000050,Person,USES_IP,IP_000085,IP,2025-06-11 11:30:08,2025-06-13 15:49:23,2,2.0,
PER_000050,Person,USES_IP,IP_000089,IP,2025-07-06 15:55:03,2025-10-03 19:49:14,2,2.0,
PER_000050,Person,USES_IP,IP_000090,IP,2025-01-04 15:10:52,2025-01-08 12:45:36,2,2.0,
PER_000050,Person,USES_IP,IP_000091,IP,2025-03-01 18:08:15,2025-03-26 20:19:57,2,2.0,
PER_000050,Person,USES_IP,IP_000093,IP,2025-03-27 13:38:28,2025-03-27 13:38:28,1,1.0,
PER_000050,Person,USES_IP,IP_000095,IP,2025-08-14 18:46:18,2025-12-29 14:15:43,2,2.0,
PER_000050,Person,USES_IP,IP_000096,IP,2025-05-25 11:55:25,2025-05-25 11:55:25,1,1.0,
PER_000050,Person,USES_IP,IP_000097,IP,2025-09-12 23:52:03,2025-09-12 23:52:03,1,1.0,
PER_000050,Person,USES_IP,IP_000099,IP,2025-03-05 14:07:45,2025-06-20 17:08:13,2,2.0,
PER_000050,Person,USES_IP,IP_000104,IP,2025-03-08 14:44:43,2025-04-27 10:41:39,2,2.0,
PER_000050,Person,USES_IP,IP_000105,IP,2025-12-25 10:57:57,2025-12-25 10:57:57,1,1.0,
PER_000050,Person,USES_IP,IP_000108,IP,2025-04-15 08:53:16,2025-04-15 08:53:16,1,1.0,
PER_000050,Person,USES_IP,IP_000111,IP,2025-02-13 17:03:17,2025-12-31 13:04:14,2,2.0,
PER_000050,Person,USES_IP,IP_000115,IP,2025-07-02 20:09:33,2025-07-02 20:09:33,1,1.0,
PER_000050,Person,USES_IP,IP_000116,IP,2025-12-22 20:25:29,2025-12-22 20:25:29,1,1.0,
PER_000050,Person,USES_IP,IP_000117,IP,2025-01-29 17:29:03,2025-01-29 17:29:03,1,1.0,
PER_000050,Person,USES_IP,IP_000118,IP,2025-05-13 18:19:43,2025-05-13 18:19:43,1,1.0,
PER_000050,Person,USES_IP,IP_000119,IP,2025-10-22 11:30:28,2025-10-22 11:30:28,1,1.0,
PER_000051,Person,USES_IP,IP_000004,IP,2025-03-04 06:30:24,2025-03-04 06:30:24,1,1.0,
PER_000051,Person,USES_IP,IP_000008,IP,2025-05-11 09:43:55,2025-05-11 09:43:55,1,1.0,
PER_000051,Person,USES_IP,IP_000022,IP,2025-06-11 15:54:57,2025-06-11 15:54:57,1,1.0,
PER_000051,Person,USES_IP,IP_000028,IP,2025-06-03 18:54:45,2025-06-03 18:54:45,1,1.0,
PER_000051,Person,USES_IP,IP_000049,IP,2025-09-15 14:45:00,2025-09-15 14:45:00,1,1.0,
PER_000051,Person,USES_IP,IP_000066,IP,2025-02-20 09:40:44,2025-02-20 09:40:44,1,1.0,
PER_000051,Person,USES_IP,IP_000082,IP,2025-02-18 07:11:59,2025-02-18 07:11:59,1,1.0,
PER_000051,Person,USES_IP,IP_000087,IP,2025-08-15 14:08:27,2025-08-15 14:08:27,1,1.0,
PER_000051,Person,USES_IP,IP_000103,IP,2025-05-18 02:19:29,2025-05-18 02:19:29,1,1.0,
PER_000051,Person,USES_IP,IP_000114,IP,2025-07-16 06:31:19,2025-07-16 06:31:19,1,1.0,
PER_000051,Person,USES_IP,IP_000115,IP,2025-10-01 12:58:35,2025-10-01 12:58:35,1,1.0,
PER_000052,Person,USES_IP,IP_000005,IP,2025-03-19 09:12:08,2025-03-19 09:12:08,1,1.0,
PER_000052,Person,USES_IP,IP_000046,IP,2025-10-20 12:41:05,2025-10-20 12:41:05,1,1.0,
PER_000052,Person,USES_IP,IP_000051,IP,2025-07-09 08:44:17,2025-07-09 08:44:17,1,1.0,
PER_000052,Person,USES_IP,IP_000063,IP,2025-06-22 09:50:47,2025-06-22 09:50:47,1,1.0,
PER_000052,Person,USES_IP,IP_000064,IP,2025-05-09 08:32:34,2025-05-09 08:32:34,1,1.0,
PER_000052,Person,USES_IP,IP_000065,IP,2025-12-18 15:39:01,2025-12-18 15:39:01,1,1.0,
PER_000052,Person,USES_IP,IP_000076,IP,2025-10-15 05:34:41,2025-10-15 05:34:41,1,1.0,
PER_000052,Person,USES_IP,IP_000092,IP,2025-06-29 17:35:50,2025-06-29 17:35:50,1,1.0,
PER_000052,Person,USES_IP,IP_000093,IP,2025-07-28 08:18:02,2025-07-28 08:18:02,1,1.0,
PER_000052,Person,USES_IP,IP_000097,IP,2025-01-24 19:44:01,2025-08-26 09:28:09,2,2.0,
PER_000052,Person,USES_IP,IP_000099,IP,2025-04-11 09:45:38,2025-04-11 09:45:38,1,1.0,
PER_000052,Person,USES_IP,IP_000113,IP,2025-06-05 08:34:08,2025-06-05 08:34:08,1,1.0,
PER_000052,Person,USES_IP,IP_000114,IP,2025-07-16 13:06:57,2025-07-16 13:06:57,1,1.0,
PER_000052,Person,USES_IP,IP_000115,IP,2025-01-20 14:36:49,2025-01-20 14:36:49,1,1.0,
PER_000053,Person,USES_IP,IP_000006,IP,2025-04-30 13:57:25,2025-04-30 13:57:25,1,1.0,
PER_000053,Person,USES_IP,IP_000045,IP,2025-08-13 10:34:23,2025-08-13 10:34:23,1,1.0,
PER_000053,Person,USES_IP,IP_000060,IP,2025-09-30 07:36:56,2025-09-30 07:36:56,1,1.0,
PER_000053,Person,USES_IP,IP_000066,IP,2025-01-22 21:28:56,2025-12-17 12:11:41,2,2.0,
PER_000053,Person,USES_IP,IP_000072,IP,2025-01-09 09:33:48,2025-01-09 09:33:48,1,1.0,
PER_000053,Person,USES_IP,IP_000075,IP,2025-02-24 18:21:57,2025-02-24 18:21:57,1,1.0,
PER_000053,Person,USES_IP,IP_000077,IP,2025-10-08 16:44:58,2025-10-08 16:44:58,1,1.0,
PER_000053,Person,USES_IP,IP_000079,IP,2025-08-15 11:09:47,2025-08-15 11:09:47,1,1.0,
PER_000053,Person,USES_IP,IP_000103,IP,2025-01-17 21:34:07,2025-01-17 21:34:07,1,1.0,
PER_000053,Person,USES_IP,IP_000107,IP,2025-07-03 15:34:52,2025-07-03 15:34:52,1,1.0,
PER_000054,Person,USES_IP,IP_000013,IP,2025-08-20 16:57:59,2025-08-20 16:57:59,1,1.0,
PER_000054,Person,USES_IP,IP_000019,IP,2025-11-05 05:20:01,2025-11-05 05:20:01,1,1.0,
PER_000054,Person,USES_IP,IP_000021,IP,2025-01-26 15:50:01,2025-01-26 15:50:01,1,1.0,
PER_000054,Person,USES_IP,IP_000024,IP,2025-04-14 18:23:48,2025-04-14 18:23:48,1,1.0,
PER_000054,Person,USES_IP,IP_000029,IP,2025-07-30 10:12:40,2025-07-30 10:12:40,1,1.0,
PER_000054,Person,USES_IP,IP_000041,IP,2025-04-21 17:27:25,2025-04-21 17:27:25,1,1.0,
PER_000054,Person,USES_IP,IP_000060,IP,2025-01-21 20:15:04,2025-08-13 12:48:23,2,2.0,
PER_000054,Person,USES_IP,IP_000081,IP,2025-09-09 11:14:33,2025-09-09 11:14:33,1,1.0,
PER_000054,Person,USES_IP,IP_000109,IP,2025-09-26 17:06:15,2025-09-26 17:06:15,1,1.0,
PER_000054,Person,USES_IP,IP_000116,IP,2025-03-10 04:17:38,2025-03-10 04:17:38,1,1.0,
PER_000055,Person,USES_IP,IP_000018,IP,2025-04-18 08:28:28,2025-04-18 08:28:28,1,1.0,
PER_000055,Person,USES_IP,IP_000020,IP,2025-07-09 15:14:17,2025-07-09 15:14:17,1,1.0,
PER_000055,Person,USES_IP,IP_000023,IP,2025-02-25 12:38:06,2025-02-25 12:38:06,1,1.0,
PER_000055,Person,USES_IP,IP_000028,IP,2025-08-02 22:18:59,2025-08-02 22:18:59,1,1.0,
PER_000055,Person,USES_IP,IP_000034,IP,2025-12-29 13:21:08,2025-12-29 13:21:08,1,1.0,
PER_000055,Person,USES_IP,IP_000041,IP,2025-01-12 20:04:27,2025-01-12 20:04:27,1,1.0,
PER_000055,Person,USES_IP,IP_000048,IP,2025-04-12 13:12:07,2025-04-12 13:12:07,1,1.0,
PER_000055,Person,USES_IP,IP_000056,IP,2025-05-06 10:21:11,2025-05-06 10:21:11,1,1.0,
PER_000055,Person,USES_IP,IP_000057,IP,2025-04-01 13:09:51,2025-04-01 13:09:51,1,1.0,
PER_000055,Person,USES_IP,IP_000067,IP,2025-12-27 18:42:08,2025-12-27 18:42:08,1,1.0,
PER_000055,Person,USES_IP,IP_000069,IP,2025-07-01 15:29:58,2025-09-04 21:33:24,2,2.0,
PER_000055,Person,USES_IP,IP_000071,IP,2025-09-09 09:43:05,2025-09-09 09:43:05,1,1.0,
PER_000055,Person,USES_IP,IP_000075,IP,2025-02-16 14:32:28,2025-02-16 14:32:28,1,1.0,
PER_000055,Person,USES_IP,IP_000079,IP,2025-01-12 14:15:26,2025-01-12 14:15:26,1,1.0,
PER_000055,Person,USES_IP,IP_000082,IP,2025-10-21 18:40:03,2025-10-21 18:40:03,1,1.0,
PER_000055,Person,USES_IP,IP_000100,IP,2025-11-14 15:34:11,2025-11-14 15:34:11,1,1.0,
PER_000055,Person,USES_IP,IP_000109,IP,2025-07-13 20:39:31,2025-07-13 20:39:31,1,1.0,
PER_000056,Person,USES_IP,IP_000012,IP,2025-05-03 13:28:38,2025-05-03 13:28:38,1,1.0,
PER_000056,Person,USES_IP,IP_000021,IP,2025-02-12 15:53:45,2025-02-12 15:53:45,1,1.0,
PER_000056,Person,USES_IP,IP_000027,IP,2025-06-13 12:55:53,2025-12-11 13:31:07,2,2.0,
PER_000056,Person,USES_IP,IP_000041,IP,2025-11-08 18:57:29,2025-11-08 18:57:29,1,1.0,
PER_000056,Person,USES_IP,IP_000049,IP,2025-05-08 18:10:45,2025-05-08 18:10:45,1,1.0,
PER_000056,Person,USES_IP,IP_000056,IP,2025-12-17 21:07:16,2025-12-17 21:07:16,1,1.0,
PER_000056,Person,USES_IP,IP_000061,IP,2025-04-22 17:32:48,2025-04-22 17:32:48,1,1.0,
PER_000056,Person,USES_IP,IP_000063,IP,2025-01-01 10:09:53,2025-01-01 10:09:53,1,1.0,
PER_000056,Person,USES_IP,IP_000070,IP,2025-01-22 10:34:12,2025-01-22 10:34:12,1,1.0,
PER_000056,Person,USES_IP,IP_000071,IP,2025-11-03 11:43:57,2025-11-03 11:43:57,1,1.0,
PER_000056,Person,USES_IP,IP_000086,IP,2025-10-15 16:18:35,2025-10-15 16:18:35,1,1.0,
PER_000056,Person,USES_IP,IP_000087,IP,2025-02-17 16:02:32,2025-02-17 16:02:32,1,1.0,
PER_000056,Person,USES_IP,IP_000088,IP,2025-04-20 13:03:13,2025-04-20 13:03:13,1,1.0,
PER_000056,Person,USES_IP,IP_000093,IP,2025-01-30 12:40:06,2025-01-30 12:40:06,1,1.0,
PER_000056,Person,USES_IP,IP_000102,IP,2025-06-07 10:57:00,2025-06-07 10:57:00,1,1.0,
PER_000056,Person,USES_IP,IP_000103,IP,2025-06-13 14:19:30,2025-06-13 14:19:30,1,1.0,
PER_000056,Person,USES_IP,IP_000113,IP,2025-12-29 09:04:41,2025-12-29 09:04:41,1,1.0,
PER_000056,Person,USES_IP,IP_000114,IP,2025-08-12 14:10:35,2025-08-12 14:10:35,1,1.0,
PER_000056,Person,USES_IP,IP_000115,IP,2025-10-09 13:08:07,2025-10-09 13:08:07,1,1.0,
PER_000057,Person,USES_IP,IP_000001,IP,2025-06-09 03:13:17,2025-06-09 03:13:17,1,1.0,
PER_000057,Person,USES_IP,IP_000022,IP,2025-10-21 02:20:23,2025-10-21 02:20:23,1,1.0,
PER_000057,Person,USES_IP,IP_000027,IP,2025-02-02 19:29:16,2025-02-02 19:29:16,1,1.0,
PER_000057,Person,USES_IP,IP_000029,IP,2025-05-04 10:58:35,2025-05-04 10:58:35,1,1.0,
PER_000057,Person,USES_IP,IP_000039,IP,2025-01-24 10:02:02,2025-01-24 10:02:02,1,1.0,
PER_000057,Person,USES_IP,IP_000050,IP,2025-03-15 14:09:48,2025-03-15 14:09:48,1,1.0,
PER_000057,Person,USES_IP,IP_000054,IP,2025-11-10 11:49:48,2025-11-10 11:49:48,1,1.0,
PER_000057,Person,USES_IP,IP_000055,IP,2025-02-11 21:26:12,2025-02-11 21:26:12,1,1.0,
PER_000057,Person,USES_IP,IP_000084,IP,2025-04-06 06:47:13,2025-04-06 06:47:13,1,1.0,
PER_000057,Person,USES_IP,IP_000089,IP,2025-02-01 10:39:24,2025-02-01 10:39:24,1,1.0,
PER_000057,Person,USES_IP,IP_000100,IP,2025-09-20 20:19:49,2025-09-20 20:19:49,1,1.0,
PER_000057,Person,USES_IP,IP_000112,IP,2025-09-29 13:50:24,2025-09-29 13:50:24,1,1.0,
PER_000057,Person,USES_IP,IP_000113,IP,2025-11-13 22:28:34,2025-11-13 22:28:34,1,1.0,
PER_000058,Person,USES_IP,IP_000005,IP,2025-09-04 07:58:52,2025-09-04 07:58:52,1,1.0,
PER_000058,Person,USES_IP,IP_000011,IP,2025-03-17 03:48:34,2025-03-17 03:48:34,1,1.0,
PER_000058,Person,USES_IP,IP_000022,IP,2025-03-08 16:29:56,2025-03-08 16:29:56,1,1.0,
PER_000058,Person,USES_IP,IP_000045,IP,2025-01-07 17:03:00,2025-01-07 17:03:00,1,1.0,
PER_000058,Person,USES_IP,IP_000046,IP,2025-11-24 07:57:19,2025-11-24 07:57:19,1,1.0,
PER_000058,Person,USES_IP,IP_000054,IP,2025-01-19 13:17:48,2025-01-19 13:17:48,1,1.0,
PER_000058,Person,USES_IP,IP_000065,IP,2025-05-29 13:54:27,2025-05-29 13:54:27,1,1.0,
PER_000058,Person,USES_IP,IP_000078,IP,2025-05-13 08:39:40,2025-05-13 08:39:40,1,1.0,
PER_000058,Person,USES_IP,IP_000080,IP,2025-10-03 15:39:48,2025-10-03 15:39:48,1,1.0,
PER_000058,Person,USES_IP,IP_000109,IP,2025-02-24 13:39:58,2025-02-24 13:39:58,1,1.0,
PER_000059,Person,USES_IP,IP_000002,IP,2025-02-07 12:57:39,2025-02-07 12:57:39,1,1.0,
PER_000059,Person,USES_IP,IP_000003,IP,2025-05-12 09:56:10,2025-05-12 09:56:10,1,1.0,
PER_000059,Person,USES_IP,IP_000004,IP,2025-08-23 21:47:04,2025-11-06 18:31:06,2,2.0,
PER_000059,Person,USES_IP,IP_000005,IP,2025-03-20 16:14:28,2025-03-20 16:14:28,1,1.0,
PER_000059,Person,USES_IP,IP_000006,IP,2025-01-27 16:01:13,2025-05-06 10:59:40,2,2.0,
PER_000059,Person,USES_IP,IP_000007,IP,2025-05-04 09:51:46,2025-11-22 21:59:19,2,2.0,
PER_000059,Person,USES_IP,IP_000008,IP,2025-10-23 16:33:58,2025-10-23 16:33:58,1,1.0,
PER_000059,Person,USES_IP,IP_000010,IP,2025-02-25 08:05:48,2025-02-25 08:05:48,1,1.0,
PER_000059,Person,USES_IP,IP_000013,IP,2025-11-30 21:45:14,2025-11-30 21:45:14,1,1.0,
PER_000059,Person,USES_IP,IP_000014,IP,2025-08-25 12:16:23,2025-08-25 12:16:23,1,1.0,
PER_000059,Person,USES_IP,IP_000015,IP,2025-08-20 19:53:19,2025-11-03 11:30:57,2,2.0,
PER_000059,Person,USES_IP,IP_000016,IP,2025-03-15 12:56:34,2025-12-08 13:46:29,2,2.0,
PER_000059,Person,USES_IP,IP_000019,IP,2025-07-22 15:38:25,2025-07-22 15:38:25,1,1.0,
PER_000059,Person,USES_IP,IP_000020,IP,2025-03-26 14:14:04,2025-11-07 12:40:53,2,2.0,
PER_000059,Person,USES_IP,IP_000021,IP,2025-06-02 16:19:43,2025-06-02 16:19:43,1,1.0,
PER_000059,Person,USES_IP,IP_000022,IP,2025-10-29 15:03:19,2025-11-13 16:55:37,2,2.0,
PER_000059,Person,USES_IP,IP_000023,IP,2025-09-01 15:45:19,2025-09-01 15:45:19,1,1.0,
PER_000059,Person,USES_IP,IP_000024,IP,2025-04-19 07:26:57,2025-09-05 21:47:53,2,2.0,
PER_000059,Person,USES_IP,IP_000025,IP,2025-04-10 13:33:03,2025-04-10 13:33:03,1,1.0,
PER_000059,Person,USES_IP,IP_000026,IP,2025-12-09 21:57:50,2025-12-09 21:57:50,1,1.0,
PER_000059,Person,USES_IP,IP_000027,IP,2025-06-09 12:05:55,2025-06-09 12:05:55,1,1.0,
PER_000059,Person,USES_IP,IP_000028,IP,2025-03-14 05:12:18,2025-12-23 18:30:18,4,4.0,
PER_000059,Person,USES_IP,IP_000031,IP,2025-11-21 10:40:49,2025-11-21 10:40:49,1,1.0,
PER_000059,Person,USES_IP,IP_000035,IP,2025-10-22 15:13:56,2025-10-22 15:13:56,1,1.0,
PER_000059,Person,USES_IP,IP_000036,IP,2025-12-04 12:17:55,2025-12-04 12:17:55,1,1.0,
PER_000059,Person,USES_IP,IP_000037,IP,2025-02-09 12:14:43,2025-02-09 12:14:43,1,1.0,
PER_000059,Person,USES_IP,IP_000040,IP,2025-01-13 13:37:49,2025-01-13 13:37:49,1,1.0,
PER_000059,Person,USES_IP,IP_000043,IP,2025-02-08 21:41:33,2025-08-14 19:24:33,3,3.0,
PER_000059,Person,USES_IP,IP_000044,IP,2025-08-31 10:03:43,2025-09-13 18:35:32,2,2.0,
PER_000059,Person,USES_IP,IP_000046,IP,2025-02-09 06:32:43,2025-05-11 18:03:21,3,3.0,
PER_000059,Person,USES_IP,IP_000047,IP,2025-08-22 13:35:35,2025-08-22 13:35:35,1,1.0,
PER_000059,Person,USES_IP,IP_000048,IP,2025-10-16 12:50:19,2025-10-16 12:50:19,1,1.0,
PER_000059,Person,USES_IP,IP_000049,IP,2025-12-23 09:34:49,2025-12-23 09:34:49,1,1.0,
PER_000059,Person,USES_IP,IP_000051,IP,2025-04-12 22:03:02,2025-06-17 08:57:18,2,2.0,
PER_000059,Person,USES_IP,IP_000052,IP,2025-01-01 19:51:28,2025-03-11 03:38:14,2,2.0,
PER_000059,Person,USES_IP,IP_000053,IP,2025-05-31 14:53:24,2025-05-31 14:53:24,1,1.0,
PER_000059,Person,USES_IP,IP_000059,IP,2025-08-22 20:24:26,2025-12-16 13:09:56,2,2.0,
PER_000059,Person,USES_IP,IP_000060,IP,2025-03-09 06:18:04,2025-03-09 06:18:04,1,1.0,
PER_000059,Person,USES_IP,IP_000061,IP,2025-01-17 13:49:51,2025-09-22 07:35:32,2,2.0,
PER_000059,Person,USES_IP,IP_000062,IP,2025-05-14 23:13:38,2025-05-14 23:13:38,1,1.0,
PER_000059,Person,USES_IP,IP_000064,IP,2025-04-26 09:25:03,2025-07-31 09:03:08,3,3.0,
PER_000059,Person,USES_IP,IP_000068,IP,2025-01-06 11:23:03,2025-01-06 11:23:03,1,1.0,
PER_000059,Person,USES_IP,IP_000069,IP,2025-12-19 05:10:08,2025-12-19 05:10:08,1,1.0,
PER_000059,Person,USES_IP,IP_000071,IP,2025-08-11 07:47:01,2025-12-07 06:17:07,2,2.0,
PER_000059,Person,USES_IP,IP_000072,IP,2025-02-10 13:29:51,2025-02-10 13:29:51,1,1.0,
PER_000059,Person,USES_IP,IP_000073,IP,2025-04-05 09:52:55,2025-04-05 09:52:55,1,1.0,
PER_000059,Person,USES_IP,IP_000074,IP,2025-07-16 16:20:39,2025-10-23 17:23:15,2,2.0,
PER_000059,Person,USES_IP,IP_000076,IP,2025-02-09 14:42:08,2025-02-09 14:42:08,1,1.0,
PER_000059,Person,USES_IP,IP_000077,IP,2025-01-24 12:47:48,2025-11-25 18:25:22,2,2.0,
PER_000059,Person,USES_IP,IP_000078,IP,2025-01-16 14:21:24,2025-01-16 14:21:24,1,1.0,
PER_000059,Person,USES_IP,IP_000079,IP,2025-05-23 22:01:20,2025-09-12 21:32:51,2,2.0,
PER_000059,Person,USES_IP,IP_000080,IP,2025-11-01 17:42:00,2025-11-01 17:42:00,1,1.0,
PER_000059,Person,USES_IP,IP_000081,IP,2025-07-07 14:44:30,2025-07-07 14:44:30,1,1.0,
PER_000059,Person,USES_IP,IP_000082,IP,2025-06-29 02:12:38,2025-06-29 02:12:38,1,1.0,
PER_000059,Person,USES_IP,IP_000083,IP,2025-06-12 14:41:18,2025-11-18 14:08:35,2,2.0,
PER_000059,Person,USES_IP,IP_000086,IP,2025-03-22 16:52:00,2025-09-09 11:23:21,2,2.0,
PER_000059,Person,USES_IP,IP_000087,IP,2025-05-26 12:03:02,2025-06-07 15:55:58,2,2.0,
PER_000059,Person,USES_IP,IP_000088,IP,2025-05-15 15:56:39,2025-11-18 13:48:56,2,2.0,
PER_000059,Person,USES_IP,IP_000089,IP,2025-05-06 19:48:16,2025-05-06 19:48:16,1,1.0,
PER_000059,Person,USES_IP,IP_000090,IP,2025-05-31 06:51:20,2025-12-01 18:01:30,2,2.0,
PER_000059,Person,USES_IP,IP_000091,IP,2025-01-11 06:53:47,2025-11-24 11:31:41,3,3.0,
PER_000059,Person,USES_IP,IP_000092,IP,2025-09-04 11:19:06,2025-10-19 22:15:07,2,2.0,
PER_000059,Person,USES_IP,IP_000094,IP,2025-09-13 03:05:15,2025-09-13 03:05:15,1,1.0,
PER_000059,Person,USES_IP,IP_000098,IP,2025-03-06 14:13:08,2025-12-21 10:24:02,2,2.0,
PER_000059,Person,USES_IP,IP_000099,IP,2025-04-07 17:34:25,2025-08-13 09:49:21,2,2.0,
PER_000059,Person,USES_IP,IP_000101,IP,2025-02-20 19:28:50,2025-02-20 19:28:50,1,1.0,
PER_000059,Person,USES_IP,IP_000102,IP,2025-07-24 18:46:42,2025-09-27 19:55:09,2,2.0,
PER_000059,Person,USES_IP,IP_000103,IP,2025-02-19 20:57:50,2025-05-25 23:59:49,2,2.0,
PER_000059,Person,USES_IP,IP_000104,IP,2025-04-04 14:17:20,2025-06-17 03:37:45,2,2.0,
PER_000059,Person,USES_IP,IP_000106,IP,2025-08-11 07:20:43,2025-10-17 15:20:04,2,2.0,
PER_000059,Person,USES_IP,IP_000107,IP,2025-01-10 12:17:24,2025-04-21 13:50:26,2,2.0,
PER_000059,Person,USES_IP,IP_000108,IP,2025-04-01 13:24:52,2025-04-01 13:24:52,1,1.0,
PER_000059,Person,USES_IP,IP_000109,IP,2025-06-01 13:52:04,2025-12-30 19:16:41,2,2.0,
PER_000059,Person,USES_IP,IP_000111,IP,2025-02-05 05:14:27,2025-06-14 12:59:33,2,2.0,
PER_000059,Person,USES_IP,IP_000112,IP,2025-04-15 22:58:16,2025-04-15 22:58:16,1,1.0,
PER_000059,Person,USES_IP,IP_000113,IP,2025-06-24 16:10:45,2025-11-25 17:25:50,2,2.0,
PER_000059,Person,USES_IP,IP_000114,IP,2025-07-27 03:38:49,2025-07-27 03:38:49,1,1.0,
PER_000059,Person,USES_IP,IP_000115,IP,2025-01-05 21:11:26,2025-01-05 21:11:26,1,1.0,
PER_000059,Person,USES_IP,IP_000116,IP,2025-09-14 14:54:55,2025-09-14 14:54:55,1,1.0,
PER_000059,Person,USES_IP,IP_000117,IP,2025-05-24 09:14:51,2025-05-24 09:14:51,1,1.0,
PER_000059,Person,USES_IP,IP_000119,IP,2025-06-12 08:08:58,2025-12-11 12:48:25,3,3.0,
PER_000060,Person,USES_IP,IP_000001,IP,2025-12-23 14:15:03,2025-12-23 14:15:03,1,1.0,
PER_000060,Person,USES_IP,IP_000025,IP,2025-11-24 17:18:09,2025-11-24 17:18:09,1,1.0,
PER_000060,Person,USES_IP,IP_000038,IP,2025-02-23 02:06:10,2025-02-23 02:06:10,1,1.0,
PER_000060,Person,USES_IP,IP_000048,IP,2025-08-06 02:13:39,2025-08-06 02:13:39,1,1.0,
PER_000060,Person,USES_IP,IP_000049,IP,2025-04-23 15:36:14,2025-04-23 15:36:14,1,1.0,
PER_000060,Person,USES_IP,IP_000052,IP,2025-06-24 20:45:11,2025-06-24 20:45:11,1,1.0,
PER_000060,Person,USES_IP,IP_000070,IP,2025-06-06 17:29:29,2025-06-06 17:29:29,1,1.0,
PER_000060,Person,USES_IP,IP_000071,IP,2025-07-19 06:00:18,2025-07-19 06:00:18,1,1.0,
PER_000060,Person,USES_IP,IP_000094,IP,2025-03-04 16:07:21,2025-03-04 16:07:21,1,1.0,
PER_000060,Person,USES_IP,IP_000098,IP,2025-03-12 06:08:10,2025-03-12 06:08:10,1,1.0,
PER_000061,Person,USES_IP,IP_000006,IP,2025-09-18 05:19:08,2025-09-18 05:19:08,1,1.0,
PER_000061,Person,USES_IP,IP_000017,IP,2025-10-12 19:21:36,2025-10-12 19:21:36,1,1.0,
PER_000061,Person,USES_IP,IP_000034,IP,2025-02-03 14:49:33,2025-02-03 14:49:33,1,1.0,
PER_000061,Person,USES_IP,IP_000041,IP,2025-04-15 10:49:50,2025-04-15 10:49:50,1,1.0,
PER_000061,Person,USES_IP,IP_000055,IP,2025-03-01 13:39:05,2025-03-01 13:39:05,1,1.0,
PER_000061,Person,USES_IP,IP_000068,IP,2025-04-18 19:59:21,2025-04-18 19:59:21,1,1.0,
PER_000061,Person,USES_IP,IP_000074,IP,2025-02-10 04:25:57,2025-02-10 04:25:57,1,1.0,
PER_000061,Person,USES_IP,IP_000089,IP,2025-09-02 17:10:49,2025-09-02 17:10:49,1,1.0,
PER_000061,Person,USES_IP,IP_000091,IP,2025-04-24 14:53:44,2025-04-24 14:53:44,1,1.0,
PER_000061,Person,USES_IP,IP_000092,IP,2025-05-27 18:32:10,2025-10-20 17:20:43,2,2.0,
PER_000061,Person,USES_IP,IP_000100,IP,2025-01-25 12:10:36,2025-01-25 12:10:36,1,1.0,
PER_000061,Person,USES_IP,IP_000115,IP,2025-10-30 07:21:02,2025-10-30 07:21:02,1,1.0,
PER_000061,Person,USES_IP,IP_000117,IP,2025-08-01 09:57:06,2025-08-01 09:57:06,1,1.0,
PER_000062,Person,USES_IP,IP_000001,IP,2025-01-05 17:55:26,2025-01-05 17:55:26,1,1.0,
PER_000062,Person,USES_IP,IP_000002,IP,2025-02-18 18:58:23,2025-07-07 14:01:16,2,2.0,
PER_000062,Person,USES_IP,IP_000004,IP,2025-11-18 02:38:33,2025-11-18 02:38:33,1,1.0,
PER_000062,Person,USES_IP,IP_000005,IP,2025-08-04 06:20:50,2025-08-04 06:20:50,1,1.0,
PER_000062,Person,USES_IP,IP_000009,IP,2025-03-12 21:51:31,2025-10-18 11:27:54,3,3.0,
PER_000062,Person,USES_IP,IP_000010,IP,2025-02-15 17:25:17,2025-04-09 13:16:02,2,2.0,
PER_000062,Person,USES_IP,IP_000011,IP,2025-10-21 17:32:47,2025-10-21 17:32:47,1,1.0,
PER_000062,Person,USES_IP,IP_000012,IP,2025-03-06 13:33:34,2025-12-07 22:44:28,3,3.0,
PER_000062,Person,USES_IP,IP_000015,IP,2025-10-13 09:46:02,2025-12-10 19:15:26,2,2.0,
PER_000062,Person,USES_IP,IP_000016,IP,2025-02-19 07:50:37,2025-10-04 12:49:57,2,2.0,
PER_000062,Person,USES_IP,IP_000019,IP,2025-04-16 09:59:25,2025-04-16 09:59:25,1,1.0,
PER_000062,Person,USES_IP,IP_000021,IP,2025-08-01 09:10:57,2025-08-01 09:10:57,1,1.0,
PER_000062,Person,USES_IP,IP_000023,IP,2025-03-14 07:39:43,2025-03-14 07:39:43,1,1.0,
PER_000062,Person,USES_IP,IP_000025,IP,2025-10-30 19:01:47,2025-10-30 19:01:47,1,1.0,
PER_000062,Person,USES_IP,IP_000026,IP,2025-03-14 14:01:23,2025-03-14 14:01:23,1,1.0,
PER_000062,Person,USES_IP,IP_000027,IP,2025-12-28 18:39:31,2025-12-28 18:39:31,1,1.0,
PER_000062,Person,USES_IP,IP_000028,IP,2025-03-28 21:11:32,2025-03-28 21:11:32,1,1.0,
PER_000062,Person,USES_IP,IP_000029,IP,2025-04-26 09:08:26,2025-06-18 10:28:05,2,2.0,
PER_000062,Person,USES_IP,IP_000030,IP,2025-08-30 04:48:15,2025-08-30 04:48:15,1,1.0,
PER_000062,Person,USES_IP,IP_000031,IP,2025-01-17 16:05:10,2025-01-17 16:05:10,1,1.0,
PER_000062,Person,USES_IP,IP_000034,IP,2025-11-09 13:36:32,2025-11-09 13:36:32,1,1.0,
PER_000062,Person,USES_IP,IP_000036,IP,2025-01-02 13:32:41,2025-04-13 19:04:38,2,2.0,
PER_000062,Person,USES_IP,IP_000037,IP,2025-07-09 05:16:42,2025-07-09 05:16:42,1,1.0,
PER_000062,Person,USES_IP,IP_000038,IP,2025-11-04 06:26:43,2025-11-04 06:26:43,1,1.0,
PER_000062,Person,USES_IP,IP_000042,IP,2025-03-09 07:13:05,2025-12-17 07:24:58,2,2.0,
PER_000062,Person,USES_IP,IP_000044,IP,2025-09-02 22:16:28,2025-09-02 22:16:28,1,1.0,
PER_000062,Person,USES_IP,IP_000046,IP,2025-12-20 19:44:53,2025-12-20 19:44:53,1,1.0,
PER_000062,Person,USES_IP,IP_000047,IP,2025-12-11 17:37:14,2025-12-11 17:37:14,1,1.0,
PER_000062,Person,USES_IP,IP_000048,IP,2025-03-24 14:11:37,2025-03-24 14:11:37,1,1.0,
PER_000062,Person,USES_IP,IP_000049,IP,2025-02-20 09:13:04,2025-08-29 22:28:09,2,2.0,
PER_000062,Person,USES_IP,IP_000050,IP,2025-11-02 10:37:04,2025-11-02 10:37:04,1,1.0,
PER_000062,Person,USES_IP,IP_000052,IP,2025-10-23 03:47:58,2025-11-24 11:44:02,2,2.0,
PER_000062,Person,USES_IP,IP_000053,IP,2025-03-18 11:45:51,2025-03-18 11:45:51,1,1.0,
PER_000062,Person,USES_IP,IP_000054,IP,2025-07-11 15:03:34,2025-12-12 16:52:30,2,2.0,
PER_000062,Person,USES_IP,IP_000055,IP,2025-07-31 14:54:51,2025-07-31 14:54:51,1,1.0,
PER_000062,Person,USES_IP,IP_000056,IP,2025-07-15 19:41:41,2025-07-15 19:41:41,1,1.0,
PER_000062,Person,USES_IP,IP_000057,IP,2025-02-08 14:13:15,2025-08-28 03:22:05,2,2.0,
PER_000062,Person,USES_IP,IP_000061,IP,2025-09-15 05:18:48,2025-12-12 03:48:57,2,2.0,
PER_000062,Person,USES_IP,IP_000063,IP,2025-07-29 14:16:55,2025-11-21 10:38:10,2,2.0,
PER_000062,Person,USES_IP,IP_000064,IP,2025-10-20 19:21:02,2025-10-20 19:21:02,1,1.0,
PER_000062,Person,USES_IP,IP_000065,IP,2025-07-13 11:10:30,2025-08-18 17:53:27,2,2.0,
PER_000062,Person,USES_IP,IP_000069,IP,2025-03-27 22:48:52,2025-06-03 15:03:08,2,2.0,
PER_000062,Person,USES_IP,IP_000070,IP,2025-03-30 05:27:02,2025-11-07 20:29:58,2,2.0,
PER_000062,Person,USES_IP,IP_000072,IP,2025-01-09 19:20:05,2025-07-04 18:35:08,3,3.0,
PER_000062,Person,USES_IP,IP_000073,IP,2025-02-05 20:30:27,2025-05-01 11:10:24,2,2.0,
PER_000062,Person,USES_IP,IP_000075,IP,2025-09-20 18:40:37,2025-09-20 18:40:37,1,1.0,
PER_000062,Person,USES_IP,IP_000076,IP,2025-03-03 20:36:06,2025-07-12 10:04:08,3,3.0,
PER_000062,Person,USES_IP,IP_000077,IP,2025-02-24 10:28:51,2025-02-24 10:28:51,1,1.0,
PER_000062,Person,USES_IP,IP_000078,IP,2025-02-04 14:24:32,2025-06-10 08:26:54,3,3.0,
PER_000062,Person,USES_IP,IP_000079,IP,2025-04-29 21:24:27,2025-04-29 21:24:27,1,1.0,
PER_000062,Person,USES_IP,IP_000080,IP,2025-05-04 22:57:41,2025-05-04 22:57:41,1,1.0,
PER_000062,Person,USES_IP,IP_000081,IP,2025-07-03 07:45:33,2025-07-03 07:45:33,1,1.0,
PER_000062,Person,USES_IP,IP_000082,IP,2025-05-04 17:29:06,2025-05-04 17:29:06,1,1.0,
PER_000062,Person,USES_IP,IP_000084,IP,2025-01-25 11:54:35,2025-11-11 14:56:37,4,4.0,
PER_000062,Person,USES_IP,IP_000086,IP,2025-02-02 05:33:20,2025-10-30 08:02:32,2,2.0,
PER_000062,Person,USES_IP,IP_000087,IP,2025-03-18 05:09:07,2025-03-18 05:09:07,1,1.0,
PER_000062,Person,USES_IP,IP_000089,IP,2025-08-18 06:49:49,2025-08-18 06:49:49,1,1.0,
PER_000062,Person,USES_IP,IP_000090,IP,2025-03-07 15:01:53,2025-08-22 15:32:50,2,2.0,
PER_000062,Person,USES_IP,IP_000091,IP,2025-08-20 13:31:32,2025-09-17 05:43:27,2,2.0,
PER_000062,Person,USES_IP,IP_000092,IP,2025-02-27 06:44:08,2025-02-27 06:44:08,1,1.0,
PER_000062,Person,USES_IP,IP_000093,IP,2025-04-11 14:42:47,2025-04-11 14:42:47,1,1.0,
PER_000062,Person,USES_IP,IP_000095,IP,2025-01-13 07:42:08,2025-03-16 21:28:32,2,2.0,
PER_000062,Person,USES_IP,IP_000096,IP,2025-02-04 14:54:47,2025-02-04 14:54:47,1,1.0,
PER_000062,Person,USES_IP,IP_000097,IP,2025-09-10 11:22:23,2025-09-10 11:22:23,1,1.0,
PER_000062,Person,USES_IP,IP_000098,IP,2025-01-19 13:21:42,2025-01-19 13:21:42,1,1.0,
PER_000062,Person,USES_IP,IP_000100,IP,2025-02-16 04:10:56,2025-02-16 04:10:56,1,1.0,
PER_000062,Person,USES_IP,IP_000102,IP,2025-04-04 12:53:56,2025-05-04 17:17:11,2,2.0,
PER_000062,Person,USES_IP,IP_000103,IP,2025-12-12 09:48:35,2025-12-12 09:48:35,1,1.0,
PER_000062,Person,USES_IP,IP_000104,IP,2025-07-01 16:40:19,2025-07-01 16:40:19,1,1.0,
PER_000062,Person,USES_IP,IP_000106,IP,2025-07-30 07:19:28,2025-07-30 07:19:28,1,1.0,
PER_000062,Person,USES_IP,IP_000107,IP,2025-02-21 14:00:29,2025-10-17 04:48:05,2,2.0,
PER_000062,Person,USES_IP,IP_000108,IP,2025-03-11 11:52:28,2025-03-11 11:52:28,1,1.0,
PER_000062,Person,USES_IP,IP_000109,IP,2025-07-18 02:34:36,2025-07-18 02:34:36,1,1.0,
PER_000062,Person,USES_IP,IP_000110,IP,2025-02-20 16:35:42,2025-10-20 13:29:34,2,2.0,
PER_000062,Person,USES_IP,IP_000112,IP,2025-05-24 11:53:31,2025-05-24 11:53:31,1,1.0,
PER_000062,Person,USES_IP,IP_000115,IP,2025-08-29 23:14:14,2025-08-29 23:14:14,1,1.0,
PER_000062,Person,USES_IP,IP_000117,IP,2025-03-13 12:18:29,2025-03-13 12:18:29,1,1.0,
PER_000062,Person,USES_IP,IP_000118,IP,2025-07-31 11:31:27,2025-07-31 11:31:27,1,1.0,
PER_000062,Person,USES_IP,IP_000120,IP,2025-10-22 16:24:00,2025-10-22 16:24:00,1,1.0,
PER_000063,Person,USES_IP,IP_000003,IP,2025-07-10 17:12:09,2025-07-12 10:11:53,4,4.0,
PER_000063,Person,USES_IP,IP_000005,IP,2025-07-10 09:19:30,2025-07-12 21:51:22,2,2.0,
PER_000063,Person,USES_IP,IP_000009,IP,2025-07-11 06:01:17,2025-07-12 02:42:41,2,2.0,
PER_000063,Person,USES_IP,IP_000012,IP,2025-07-11 09:41:32,2025-07-11 09:41:32,1,1.0,
PER_000063,Person,USES_IP,IP_000013,IP,2025-07-11 20:13:42,2025-07-11 20:26:41,2,2.0,
PER_000063,Person,USES_IP,IP_000015,IP,2025-07-12 08:32:11,2025-07-12 08:32:11,1,1.0,
PER_000063,Person,USES_IP,IP_000016,IP,2025-07-11 08:18:49,2025-07-11 08:18:49,1,1.0,
PER_000063,Person,USES_IP,IP_000017,IP,2025-07-10 09:49:38,2025-07-10 09:49:38,1,1.0,
PER_000063,Person,USES_IP,IP_000019,IP,2025-07-11 01:57:41,2025-07-11 01:57:41,1,1.0,
PER_000063,Person,USES_IP,IP_000024,IP,2025-07-10 19:07:48,2025-07-11 07:07:51,2,2.0,
PER_000063,Person,USES_IP,IP_000027,IP,2025-07-12 07:33:49,2025-07-12 07:33:49,1,1.0,
PER_000063,Person,USES_IP,IP_000028,IP,2025-07-10 23:09:48,2025-07-12 22:08:10,3,3.0,
PER_000063,Person,USES_IP,IP_000029,IP,2025-07-10 22:33:53,2025-07-10 22:33:53,1,1.0,
PER_000063,Person,USES_IP,IP_000030,IP,2025-07-10 15:17:10,2025-07-10 15:17:10,1,1.0,
PER_000063,Person,USES_IP,IP_000032,IP,2025-07-11 14:40:32,2025-07-11 14:40:32,1,1.0,
PER_000063,Person,USES_IP,IP_000033,IP,2025-07-11 07:45:38,2025-07-11 07:45:38,1,1.0,
PER_000063,Person,USES_IP,IP_000034,IP,2025-07-10 19:54:40,2025-07-10 19:54:40,1,1.0,
PER_000063,Person,USES_IP,IP_000035,IP,2025-07-12 02:31:10,2025-07-12 02:31:10,1,1.0,
PER_000063,Person,USES_IP,IP_000037,IP,2025-07-11 20:05:17,2025-07-11 20:05:17,1,1.0,
PER_000063,Person,USES_IP,IP_000044,IP,2025-07-12 01:05:29,2025-07-12 09:21:32,2,2.0,
PER_000063,Person,USES_IP,IP_000045,IP,2025-07-10 15:21:14,2025-07-10 15:21:14,1,1.0,
PER_000063,Person,USES_IP,IP_000048,IP,2025-07-10 14:24:49,2025-07-10 14:24:49,1,1.0,
PER_000063,Person,USES_IP,IP_000050,IP,2025-07-10 19:21:44,2025-07-12 13:53:32,2,2.0,
PER_000063,Person,USES_IP,IP_000051,IP,2025-07-11 08:59:27,2025-07-12 18:03:24,2,2.0,
PER_000063,Person,USES_IP,IP_000052,IP,2025-07-10 03:35:01,2025-07-12 15:06:59,3,3.0,
PER_000063,Person,USES_IP,IP_000055,IP,2025-07-11 04:48:27,2025-07-12 02:56:45,2,2.0,
PER_000063,Person,USES_IP,IP_000057,IP,2025-07-10 05:04:46,2025-07-11 21:14:33,2,2.0,
PER_000063,Person,USES_IP,IP_000058,IP,2025-07-11 09:13:06,2025-07-11 09:13:06,1,1.0,
PER_000063,Person,USES_IP,IP_000059,IP,2025-07-11 21:16:10,2025-07-11 21:16:10,1,1.0,
PER_000063,Person,USES_IP,IP_000060,IP,2025-07-11 04:34:51,2025-07-11 04:34:51,1,1.0,
PER_000063,Person,USES_IP,IP_000062,IP,2025-07-11 19:32:00,2025-07-12 18:32:44,2,2.0,
PER_000063,Person,USES_IP,IP_000068,IP,2025-07-11 12:05:52,2025-07-11 19:57:47,2,2.0,
PER_000063,Person,USES_IP,IP_000070,IP,2025-07-11 12:48:30,2025-07-11 12:48:30,1,1.0,
PER_000063,Person,USES_IP,IP_000075,IP,2025-07-11 08:55:12,2025-07-11 08:55:12,1,1.0,
PER_000063,Person,USES_IP,IP_000076,IP,2025-07-12 06:05:24,2025-07-12 19:18:24,2,2.0,
PER_000063,Person,USES_IP,IP_000078,IP,2025-07-10 13:34:26,2025-07-10 13:34:26,1,1.0,
PER_000063,Person,USES_IP,IP_000080,IP,2025-07-10 18:20:33,2025-07-12 14:46:18,2,2.0,
PER_000063,Person,USES_IP,IP_000082,IP,2025-07-12 12:10:53,2025-07-12 12:10:53,1,1.0,
PER_000063,Person,USES_IP,IP_000083,IP,2025-07-12 07:43:20,2025-07-12 07:43:20,1,1.0,
PER_000063,Person,USES_IP,IP_000085,IP,2025-07-11 13:16:58,2025-07-11 13:16:58,1,1.0,
PER_000063,Person,USES_IP,IP_000086,IP,2025-07-11 10:57:55,2025-07-11 10:57:55,1,1.0,
PER_000063,Person,USES_IP,IP_000087,IP,2025-07-11 09:12:35,2025-07-11 09:12:35,1,1.0,
PER_000063,Person,USES_IP,IP_000088,IP,2025-07-10 20:18:32,2025-07-10 20:18:32,1,1.0,
PER_000063,Person,USES_IP,IP_000089,IP,2025-07-10 21:03:59,2025-07-10 21:03:59,1,1.0,
PER_000063,Person,USES_IP,IP_000090,IP,2025-07-12 20:49:36,2025-07-12 20:49:36,1,1.0,
PER_000063,Person,USES_IP,IP_000091,IP,2025-07-12 19:22:17,2025-07-12 19:22:17,1,1.0,
PER_000063,Person,USES_IP,IP_000093,IP,2025-07-11 04:57:33,2025-07-11 04:57:33,1,1.0,
PER_000063,Person,USES_IP,IP_000095,IP,2025-07-11 12:53:42,2025-07-12 09:17:26,2,2.0,
PER_000063,Person,USES_IP,IP_000097,IP,2025-07-12 00:18:22,2025-07-12 04:39:00,2,2.0,
PER_000063,Person,USES_IP,IP_000099,IP,2025-07-11 10:56:12,2025-07-12 07:39:51,2,2.0,
PER_000063,Person,USES_IP,IP_000100,IP,2025-07-10 20:21:08,2025-07-10 20:21:08,1,1.0,
PER_000063,Person,USES_IP,IP_000101,IP,2025-07-10 16:14:00,2025-07-11 20:19:30,2,2.0,
PER_000063,Person,USES_IP,IP_000102,IP,2025-07-12 21:13:01,2025-07-12 21:13:01,1,1.0,
PER_000063,Person,USES_IP,IP_000103,IP,2025-07-12 04:05:22,2025-07-12 04:05:22,1,1.0,
PER_000063,Person,USES_IP,IP_000104,IP,2025-07-10 18:54:25,2025-07-12 15:45:02,2,2.0,
PER_000063,Person,USES_IP,IP_000105,IP,2025-07-10 00:40:28,2025-07-12 00:42:46,3,3.0,
PER_000063,Person,USES_IP,IP_000107,IP,2025-07-12 12:22:52,2025-07-12 12:22:52,1,1.0,
PER_000063,Person,USES_IP,IP_000108,IP,2025-07-12 05:39:44,2025-07-12 05:39:44,1,1.0,
PER_000063,Person,USES_IP,IP_000109,IP,2025-07-12 03:44:05,2025-07-12 18:29:13,2,2.0,
PER_000063,Person,USES_IP,IP_000110,IP,2025-07-10 21:49:27,2025-07-10 21:49:27,1,1.0,
PER_000063,Person,USES_IP,IP_000113,IP,2025-07-10 14:22:56,2025-07-12 17:25:23,3,3.0,
PER_000063,Person,USES_IP,IP_000115,IP,2025-07-10 13:07:13,2025-07-12 08:10:18,2,2.0,
PER_000063,Person,USES_IP,IP_000117,IP,2025-07-10 09:43:32,2025-07-10 14:41:27,2,2.0,
PER_000063,Person,USES_IP,IP_000118,IP,2025-07-10 19:29:49,2025-07-10 19:29:49,1,1.0,
PER_000064,Person,USES_IP,IP_000003,IP,2025-02-20 07:20:48,2025-02-20 07:20:48,1,1.0,
PER_000064,Person,USES_IP,IP_000010,IP,2025-04-18 19:41:49,2025-04-18 19:41:49,1,1.0,
PER_000064,Person,USES_IP,IP_000016,IP,2025-08-31 17:09:50,2025-08-31 17:09:50,1,1.0,
PER_000064,Person,USES_IP,IP_000023,IP,2025-11-26 22:17:18,2025-11-26 22:17:18,1,1.0,
PER_000064,Person,USES_IP,IP_000033,IP,2025-12-10 19:31:55,2025-12-10 19:31:55,1,1.0,
PER_000064,Person,USES_IP,IP_000034,IP,2025-05-14 16:26:06,2025-05-14 16:26:06,1,1.0,
PER_000064,Person,USES_IP,IP_000044,IP,2025-01-09 19:30:01,2025-01-09 19:30:01,1,1.0,
PER_000064,Person,USES_IP,IP_000047,IP,2025-02-01 12:33:50,2025-02-01 12:33:50,1,1.0,
PER_000064,Person,USES_IP,IP_000070,IP,2025-11-09 08:04:29,2025-11-09 08:04:29,1,1.0,
PER_000064,Person,USES_IP,IP_000072,IP,2025-06-01 22:01:35,2025-06-01 22:01:35,1,1.0,
PER_000064,Person,USES_IP,IP_000074,IP,2025-11-03 19:13:10,2025-11-03 19:13:10,1,1.0,
PER_000064,Person,USES_IP,IP_000085,IP,2025-12-28 07:08:57,2025-12-28 07:08:57,1,1.0,
PER_000064,Person,USES_IP,IP_000088,IP,2025-09-08 18:55:47,2025-09-08 18:55:47,1,1.0,
PER_000064,Person,USES_IP,IP_000095,IP,2025-11-16 18:38:40,2025-11-16 18:38:40,1,1.0,
PER_000064,Person,USES_IP,IP_000101,IP,2025-10-23 14:29:17,2025-10-23 14:29:17,1,1.0,
PER_000065,Person,USES_IP,IP_000006,IP,2025-10-27 20:36:13,2025-10-27 20:36:13,1,1.0,
PER_000065,Person,USES_IP,IP_000008,IP,2025-01-05 15:00:33,2025-01-05 15:00:33,1,1.0,
PER_000065,Person,USES_IP,IP_000032,IP,2025-07-23 19:20:35,2025-07-23 19:20:35,1,1.0,
PER_000065,Person,USES_IP,IP_000048,IP,2025-07-15 21:34:44,2025-07-15 21:34:44,1,1.0,
PER_000065,Person,USES_IP,IP_000067,IP,2025-12-30 11:14:27,2025-12-30 11:14:27,1,1.0,
PER_000065,Person,USES_IP,IP_000068,IP,2025-09-25 18:23:24,2025-09-25 18:23:24,1,1.0,
PER_000065,Person,USES_IP,IP_000074,IP,2025-11-15 09:58:19,2025-11-15 09:58:19,1,1.0,
PER_000065,Person,USES_IP,IP_000076,IP,2025-05-14 09:17:56,2025-05-14 09:17:56,1,1.0,
PER_000065,Person,USES_IP,IP_000082,IP,2025-07-24 08:01:47,2025-07-24 08:01:47,1,1.0,
PER_000065,Person,USES_IP,IP_000104,IP,2025-01-20 13:53:00,2025-01-20 13:53:00,1,1.0,
PER_000065,Person,USES_IP,IP_000116,IP,2025-03-18 14:38:06,2025-03-18 14:38:06,1,1.0,
PER_000065,Person,USES_IP,IP_000118,IP,2025-08-25 22:45:27,2025-08-25 22:45:27,1,1.0,
PER_000066,Person,USES_IP,IP_000002,IP,2025-03-20 17:11:57,2025-03-20 17:11:57,1,1.0,
PER_000066,Person,USES_IP,IP_000010,IP,2025-01-08 14:09:43,2025-01-08 14:09:43,1,1.0,
PER_000066,Person,USES_IP,IP_000025,IP,2025-03-15 04:29:17,2025-03-15 04:29:17,1,1.0,
PER_000066,Person,USES_IP,IP_000040,IP,2025-08-13 08:21:14,2025-08-13 08:21:14,1,1.0,
PER_000066,Person,USES_IP,IP_000046,IP,2025-01-24 05:18:41,2025-01-24 05:18:41,1,1.0,
PER_000066,Person,USES_IP,IP_000062,IP,2025-04-04 01:17:10,2025-04-04 01:17:10,1,1.0,
PER_000066,Person,USES_IP,IP_000076,IP,2025-07-25 17:38:55,2025-07-25 17:38:55,1,1.0,
PER_000066,Person,USES_IP,IP_000081,IP,2025-12-15 05:35:37,2025-12-15 05:35:37,1,1.0,
PER_000066,Person,USES_IP,IP_000085,IP,2025-02-07 10:52:33,2025-02-07 10:52:33,1,1.0,
PER_000066,Person,USES_IP,IP_000088,IP,2025-05-31 07:20:29,2025-05-31 07:20:29,1,1.0,
PER_000066,Person,USES_IP,IP_000096,IP,2025-10-23 15:43:10,2025-10-23 15:43:10,1,1.0,
PER_000066,Person,USES_IP,IP_000097,IP,2025-03-28 20:32:52,2025-03-28 20:32:52,1,1.0,
PER_000066,Person,USES_IP,IP_000108,IP,2025-12-05 07:06:21,2025-12-05 07:06:21,1,1.0,
PER_000066,Person,USES_IP,IP_000114,IP,2025-01-06 16:20:10,2025-01-06 16:20:10,1,1.0,
PER_000067,Person,USES_IP,IP_000016,IP,2025-04-29 07:36:58,2025-04-29 07:36:58,1,1.0,
PER_000067,Person,USES_IP,IP_000024,IP,2025-07-30 05:15:11,2025-07-30 05:15:11,1,1.0,
PER_000067,Person,USES_IP,IP_000039,IP,2025-04-10 20:13:29,2025-04-10 20:13:29,1,1.0,
PER_000067,Person,USES_IP,IP_000044,IP,2025-01-24 07:53:17,2025-01-24 07:53:17,1,1.0,
PER_000067,Person,USES_IP,IP_000063,IP,2025-08-15 13:39:40,2025-08-15 13:39:40,1,1.0,
PER_000067,Person,USES_IP,IP_000074,IP,2025-08-24 09:26:45,2025-08-24 09:26:45,1,1.0,
PER_000067,Person,USES_IP,IP_000085,IP,2025-11-15 14:02:41,2025-11-15 14:02:41,1,1.0,
PER_000067,Person,USES_IP,IP_000093,IP,2025-11-03 17:36:40,2025-11-03 17:36:40,1,1.0,
PER_000067,Person,USES_IP,IP_000114,IP,2025-07-17 19:04:50,2025-07-17 19:04:50,1,1.0,
PER_000068,Person,USES_IP,IP_000002,IP,2025-10-14 15:07:37,2025-10-14 15:07:37,1,1.0,
PER_000068,Person,USES_IP,IP_000005,IP,2025-04-06 10:05:06,2025-04-06 10:05:06,1,1.0,
PER_000068,Person,USES_IP,IP_000015,IP,2025-01-03 16:41:28,2025-01-03 16:41:28,1,1.0,
PER_000068,Person,USES_IP,IP_000027,IP,2025-06-18 19:43:59,2025-06-18 19:43:59,1,1.0,
PER_000068,Person,USES_IP,IP_000033,IP,2025-11-28 08:33:22,2025-11-28 08:33:22,1,1.0,
PER_000068,Person,USES_IP,IP_000034,IP,2025-04-20 06:35:44,2025-04-20 06:35:44,1,1.0,
PER_000068,Person,USES_IP,IP_000036,IP,2025-04-15 12:26:07,2025-04-15 12:26:07,1,1.0,
PER_000068,Person,USES_IP,IP_000038,IP,2025-05-08 18:12:59,2025-05-08 18:12:59,1,1.0,
PER_000068,Person,USES_IP,IP_000045,IP,2025-09-13 16:18:24,2025-09-13 16:18:24,1,1.0,
PER_000068,Person,USES_IP,IP_000062,IP,2025-10-15 10:03:38,2025-10-15 10:03:38,1,1.0,
PER_000068,Person,USES_IP,IP_000069,IP,2025-04-13 19:08:00,2025-04-13 19:08:00,1,1.0,
PER_000068,Person,USES_IP,IP_000075,IP,2025-05-26 21:37:04,2025-05-26 21:37:04,1,1.0,
PER_000068,Person,USES_IP,IP_000084,IP,2025-03-12 18:09:22,2025-03-12 18:09:22,1,1.0,
PER_000068,Person,USES_IP,IP_000110,IP,2025-03-11 16:21:32,2025-03-11 16:21:32,1,1.0,
PER_000068,Person,USES_IP,IP_000114,IP,2025-02-03 13:43:17,2025-02-03 13:43:17,1,1.0,
PER_000068,Person,USES_IP,IP_000118,IP,2025-09-29 09:13:02,2025-09-29 09:13:02,1,1.0,
PER_000069,Person,USES_IP,IP_000003,IP,2025-02-13 07:13:24,2025-02-13 07:13:24,1,1.0,
PER_000069,Person,USES_IP,IP_000048,IP,2025-09-02 15:24:49,2025-09-02 15:24:49,1,1.0,
PER_000069,Person,USES_IP,IP_000049,IP,2025-12-28 18:31:27,2025-12-28 18:31:27,1,1.0,
PER_000069,Person,USES_IP,IP_000067,IP,2025-08-06 12:36:46,2025-08-06 12:36:46,1,1.0,
PER_000069,Person,USES_IP,IP_000072,IP,2025-06-02 21:24:20,2025-06-02 21:24:20,1,1.0,
PER_000069,Person,USES_IP,IP_000076,IP,2025-01-23 12:18:21,2025-01-23 12:18:21,1,1.0,
PER_000069,Person,USES_IP,IP_000093,IP,2025-05-07 06:09:35,2025-05-07 06:09:35,1,1.0,
PER_000069,Person,USES_IP,IP_000095,IP,2025-09-27 17:41:27,2025-09-27 17:41:27,1,1.0,
PER_000070,Person,USES_IP,IP_000001,IP,2025-04-22 16:08:52,2025-04-22 16:08:52,1,1.0,
PER_000070,Person,USES_IP,IP_000009,IP,2025-12-02 13:50:45,2025-12-02 13:50:45,1,1.0,
PER_000070,Person,USES_IP,IP_000022,IP,2025-06-15 11:54:36,2025-06-15 11:54:36,1,1.0,
PER_000070,Person,USES_IP,IP_000023,IP,2025-05-28 20:31:33,2025-05-28 20:31:33,1,1.0,
PER_000070,Person,USES_IP,IP_000027,IP,2025-02-02 14:59:19,2025-02-02 14:59:19,1,1.0,
PER_000070,Person,USES_IP,IP_000038,IP,2025-11-03 23:45:44,2025-11-03 23:45:44,1,1.0,
PER_000070,Person,USES_IP,IP_000048,IP,2025-11-27 15:43:01,2025-11-27 15:43:01,1,1.0,
PER_000070,Person,USES_IP,IP_000052,IP,2025-12-10 21:00:41,2025-12-10 21:00:41,1,1.0,
PER_000070,Person,USES_IP,IP_000056,IP,2025-11-10 08:43:28,2025-11-10 08:43:28,1,1.0,
PER_000070,Person,USES_IP,IP_000066,IP,2025-04-09 20:30:30,2025-04-09 20:30:30,1,1.0,
PER_000070,Person,USES_IP,IP_000072,IP,2025-11-21 19:36:14,2025-11-21 19:36:14,1,1.0,
PER_000070,Person,USES_IP,IP_000075,IP,2025-08-17 10:19:24,2025-12-26 10:55:21,2,2.0,
PER_000070,Person,USES_IP,IP_000076,IP,2025-01-20 14:47:27,2025-10-08 22:28:08,2,2.0,
PER_000070,Person,USES_IP,IP_000085,IP,2025-11-18 19:31:04,2025-11-18 19:31:04,1,1.0,
PER_000070,Person,USES_IP,IP_000096,IP,2025-07-04 15:02:00,2025-07-04 15:02:00,1,1.0,
PER_000070,Person,USES_IP,IP_000115,IP,2025-03-17 22:18:24,2025-03-17 22:18:24,1,1.0,
PER_000070,Person,USES_IP,IP_000118,IP,2025-04-29 08:06:11,2025-04-29 08:06:11,1,1.0,
PER_000071,Person,USES_IP,IP_000010,IP,2025-05-19 14:09:45,2025-05-19 14:09:45,1,1.0,
PER_000071,Person,USES_IP,IP_000018,IP,2025-12-29 09:52:38,2025-12-29 09:52:38,1,1.0,
PER_000071,Person,USES_IP,IP_000029,IP,2025-05-02 12:09:01,2025-05-02 12:09:01,1,1.0,
PER_000071,Person,USES_IP,IP_000039,IP,2025-09-22 13:23:01,2025-09-22 13:23:01,1,1.0,
PER_000071,Person,USES_IP,IP_000040,IP,2025-06-09 17:59:32,2025-06-09 17:59:32,1,1.0,
PER_000071,Person,USES_IP,IP_000054,IP,2025-01-25 09:52:50,2025-09-21 17:19:37,2,2.0,
PER_000071,Person,USES_IP,IP_000055,IP,2025-10-11 17:57:54,2025-10-11 17:57:54,1,1.0,
PER_000071,Person,USES_IP,IP_000064,IP,2025-12-10 08:02:32,2025-12-10 08:02:32,1,1.0,
PER_000071,Person,USES_IP,IP_000069,IP,2025-01-14 11:30:23,2025-01-14 11:30:23,1,1.0,
PER_000071,Person,USES_IP,IP_000085,IP,2025-03-28 19:57:28,2025-03-28 19:57:28,1,1.0,
PER_000071,Person,USES_IP,IP_000089,IP,2025-08-28 16:50:27,2025-08-28 16:50:27,1,1.0,
PER_000071,Person,USES_IP,IP_000092,IP,2025-12-26 04:24:14,2025-12-26 04:24:14,1,1.0,
PER_000071,Person,USES_IP,IP_000096,IP,2025-10-03 09:11:04,2025-10-03 09:11:04,1,1.0,
PER_000071,Person,USES_IP,IP_000099,IP,2025-06-26 17:58:31,2025-06-26 17:58:31,1,1.0,
PER_000071,Person,USES_IP,IP_000117,IP,2025-12-24 09:32:57,2025-12-24 09:32:57,1,1.0,
PER_000072,Person,USES_IP,IP_000001,IP,2025-07-12 12:59:57,2025-07-12 12:59:57,1,1.0,
PER_000072,Person,USES_IP,IP_000003,IP,2025-07-10 17:50:10,2025-07-10 20:42:39,2,2.0,
PER_000072,Person,USES_IP,IP_000006,IP,2025-07-10 13:50:57,2025-07-10 13:50:57,1,1.0,
PER_000072,Person,USES_IP,IP_000007,IP,2025-07-10 07:02:03,2025-07-10 07:02:03,1,1.0,
PER_000072,Person,USES_IP,IP_000008,IP,2025-07-10 10:28:46,2025-07-12 15:57:22,3,3.0,
PER_000072,Person,USES_IP,IP_000009,IP,2025-07-11 13:01:10,2025-07-11 13:40:24,2,2.0,
PER_000072,Person,USES_IP,IP_000010,IP,2025-07-11 21:02:09,2025-07-11 21:02:09,1,1.0,
PER_000072,Person,USES_IP,IP_000011,IP,2025-07-10 01:40:57,2025-07-10 01:40:57,1,1.0,
PER_000072,Person,USES_IP,IP_000017,IP,2025-07-11 05:36:11,2025-07-11 05:36:11,1,1.0,
PER_000072,Person,USES_IP,IP_000018,IP,2025-07-11 19:05:00,2025-07-11 19:05:00,1,1.0,
PER_000072,Person,USES_IP,IP_000019,IP,2025-07-12 09:07:53,2025-07-12 09:07:53,1,1.0,
PER_000072,Person,USES_IP,IP_000020,IP,2025-07-12 12:32:30,2025-07-12 12:32:30,1,1.0,
PER_000072,Person,USES_IP,IP_000022,IP,2025-07-10 20:01:58,2025-07-11 20:42:43,2,2.0,
PER_000072,Person,USES_IP,IP_000023,IP,2025-07-10 19:52:11,2025-07-10 19:52:11,1,1.0,
PER_000072,Person,USES_IP,IP_000025,IP,2025-07-11 07:51:50,2025-07-11 07:51:50,1,1.0,
PER_000072,Person,USES_IP,IP_000027,IP,2025-07-12 19:31:23,2025-07-12 19:31:23,1,1.0,
PER_000072,Person,USES_IP,IP_000032,IP,2025-07-11 04:12:24,2025-07-11 04:12:24,1,1.0,
PER_000072,Person,USES_IP,IP_000033,IP,2025-07-10 19:45:17,2025-07-10 19:45:17,1,1.0,
PER_000072,Person,USES_IP,IP_000044,IP,2025-07-12 16:54:06,2025-07-12 16:54:06,1,1.0,
PER_000072,Person,USES_IP,IP_000045,IP,2025-07-11 11:03:24,2025-07-11 11:03:24,1,1.0,
PER_000072,Person,USES_IP,IP_000047,IP,2025-07-10 10:54:04,2025-07-12 10:35:06,3,3.0,
PER_000072,Person,USES_IP,IP_000049,IP,2025-07-10 06:30:46,2025-07-10 06:30:46,1,1.0,
PER_000072,Person,USES_IP,IP_000051,IP,2025-07-10 05:34:56,2025-07-10 05:34:56,1,1.0,
PER_000072,Person,USES_IP,IP_000052,IP,2025-07-10 13:17:17,2025-07-10 13:17:17,1,1.0,
PER_000072,Person,USES_IP,IP_000059,IP,2025-07-12 13:27:01,2025-07-12 13:27:01,1,1.0,
PER_000072,Person,USES_IP,IP_000060,IP,2025-07-10 13:44:57,2025-07-10 23:54:13,2,2.0,
PER_000072,Person,USES_IP,IP_000065,IP,2025-07-10 09:18:57,2025-07-10 09:18:57,1,1.0,
PER_000072,Person,USES_IP,IP_000066,IP,2025-07-11 06:39:18,2025-07-11 06:39:18,1,1.0,
PER_000072,Person,USES_IP,IP_000067,IP,2025-07-10 20:35:12,2025-07-10 20:35:12,1,1.0,
PER_000072,Person,USES_IP,IP_000072,IP,2025-07-11 04:51:12,2025-07-12 22:49:38,2,2.0,
PER_000072,Person,USES_IP,IP_000073,IP,2025-07-12 22:12:16,2025-07-12 22:12:16,1,1.0,
PER_000072,Person,USES_IP,IP_000075,IP,2025-07-12 18:26:11,2025-07-12 18:26:11,1,1.0,
PER_000072,Person,USES_IP,IP_000076,IP,2025-07-11 00:53:42,2025-07-11 13:34:02,2,2.0,
PER_000072,Person,USES_IP,IP_000077,IP,2025-07-12 01:30:58,2025-07-12 01:30:58,1,1.0,
PER_000072,Person,USES_IP,IP_000079,IP,2025-07-10 07:58:28,2025-07-10 07:58:28,1,1.0,
PER_000072,Person,USES_IP,IP_000083,IP,2025-07-11 10:16:54,2025-07-11 10:16:54,1,1.0,
PER_000072,Person,USES_IP,IP_000084,IP,2025-07-11 05:19:13,2025-07-11 05:19:13,1,1.0,
PER_000072,Person,USES_IP,IP_000086,IP,2025-07-11 17:00:34,2025-07-11 17:00:34,1,1.0,
PER_000072,Person,USES_IP,IP_000087,IP,2025-07-11 00:33:25,2025-07-12 21:53:26,3,3.0,
PER_000072,Person,USES_IP,IP_000088,IP,2025-07-10 11:07:09,2025-07-12 19:06:56,2,2.0,
PER_000072,Person,USES_IP,IP_000089,IP,2025-07-11 13:06:30,2025-07-11 15:23:28,2,2.0,
PER_000072,Person,USES_IP,IP_000090,IP,2025-07-10 16:36:03,2025-07-10 16:36:03,1,1.0,
PER_000072,Person,USES_IP,IP_000091,IP,2025-07-10 10:07:21,2025-07-10 10:07:21,1,1.0,
PER_000072,Person,USES_IP,IP_000094,IP,2025-07-10 15:27:27,2025-07-10 15:27:27,1,1.0,
PER_000072,Person,USES_IP,IP_000103,IP,2025-07-10 22:53:14,2025-07-12 17:46:11,2,2.0,
PER_000072,Person,USES_IP,IP_000104,IP,2025-07-10 06:03:02,2025-07-11 02:32:30,3,3.0,
PER_000072,Person,USES_IP,IP_000105,IP,2025-07-11 18:56:27,2025-07-11 18:56:27,1,1.0,
PER_000072,Person,USES_IP,IP_000106,IP,2025-07-11 12:05:50,2025-07-12 22:46:05,2,2.0,
PER_000072,Person,USES_IP,IP_000110,IP,2025-07-10 13:39:09,2025-07-11 10:42:25,2,2.0,
PER_000072,Person,USES_IP,IP_000111,IP,2025-07-12 09:04:42,2025-07-12 09:04:42,1,1.0,
PER_000072,Person,USES_IP,IP_000115,IP,2025-07-10 10:54:26,2025-07-10 10:54:26,1,1.0,
PER_000072,Person,USES_IP,IP_000119,IP,2025-07-10 13:13:57,2025-07-10 13:13:57,1,1.0,
PER_000073,Person,USES_IP,IP_000001,IP,2025-04-09 08:56:43,2025-04-09 08:56:43,1,1.0,
PER_000073,Person,USES_IP,IP_000002,IP,2025-01-24 08:03:20,2025-12-25 13:56:20,4,4.0,
PER_000073,Person,USES_IP,IP_000004,IP,2025-11-12 20:17:02,2025-11-12 20:17:02,1,1.0,
PER_000073,Person,USES_IP,IP_000005,IP,2025-12-22 03:14:13,2025-12-22 03:14:13,1,1.0,
PER_000073,Person,USES_IP,IP_000006,IP,2025-10-15 14:26:58,2025-10-15 14:26:58,1,1.0,
PER_000073,Person,USES_IP,IP_000007,IP,2025-09-27 05:39:44,2025-09-27 05:39:44,1,1.0,
PER_000073,Person,USES_IP,IP_000008,IP,2025-08-08 14:26:45,2025-08-08 14:26:45,1,1.0,
PER_000073,Person,USES_IP,IP_000009,IP,2025-02-03 12:00:13,2025-07-09 12:52:21,2,2.0,
PER_000073,Person,USES_IP,IP_000010,IP,2025-05-16 19:44:39,2025-10-03 06:21:09,2,2.0,
PER_000073,Person,USES_IP,IP_000011,IP,2025-02-12 08:24:55,2025-09-23 13:44:59,4,4.0,
PER_000073,Person,USES_IP,IP_000012,IP,2025-02-16 14:50:04,2025-08-11 18:19:18,2,2.0,
PER_000073,Person,USES_IP,IP_000015,IP,2025-03-08 18:48:24,2025-03-08 18:48:24,1,1.0,
PER_000073,Person,USES_IP,IP_000016,IP,2025-02-23 18:08:58,2025-02-23 18:08:58,1,1.0,
PER_000073,Person,USES_IP,IP_000017,IP,2025-02-19 17:37:55,2025-06-13 07:32:57,2,2.0,
PER_000073,Person,USES_IP,IP_000019,IP,2025-04-29 05:16:08,2025-04-29 05:16:08,1,1.0,
PER_000073,Person,USES_IP,IP_000021,IP,2025-03-04 17:02:08,2025-03-04 17:02:08,1,1.0,
PER_000073,Person,USES_IP,IP_000022,IP,2025-03-06 14:46:55,2025-10-23 17:25:37,2,2.0,
PER_000073,Person,USES_IP,IP_000024,IP,2025-01-19 01:54:16,2025-02-11 16:54:57,2,2.0,
PER_000073,Person,USES_IP,IP_000025,IP,2025-03-06 20:21:11,2025-03-06 20:21:11,1,1.0,
PER_000073,Person,USES_IP,IP_000027,IP,2025-08-05 11:07:26,2025-08-05 11:07:26,1,1.0,
PER_000073,Person,USES_IP,IP_000028,IP,2025-11-13 05:44:28,2025-11-13 05:44:28,1,1.0,
PER_000073,Person,USES_IP,IP_000029,IP,2025-02-17 16:57:59,2025-02-17 16:57:59,1,1.0,
PER_000073,Person,USES_IP,IP_000030,IP,2025-06-30 17:41:02,2025-10-28 17:53:27,2,2.0,
PER_000073,Person,USES_IP,IP_000031,IP,2025-10-27 19:36:12,2025-10-27 19:36:12,1,1.0,
PER_000073,Person,USES_IP,IP_000032,IP,2025-03-25 09:57:12,2025-10-29 16:10:46,2,2.0,
PER_000073,Person,USES_IP,IP_000033,IP,2025-01-03 01:53:50,2025-05-11 07:20:06,3,3.0,
PER_000073,Person,USES_IP,IP_000035,IP,2025-05-23 20:48:45,2025-05-23 20:48:45,1,1.0,
PER_000073,Person,USES_IP,IP_000037,IP,2025-01-04 16:46:35,2025-04-30 20:37:23,2,2.0,
PER_000073,Person,USES_IP,IP_000038,IP,2025-09-22 16:03:19,2025-10-13 16:48:59,2,2.0,
PER_000073,Person,USES_IP,IP_000039,IP,2025-09-01 09:27:03,2025-09-01 09:27:03,1,1.0,
PER_000073,Person,USES_IP,IP_000041,IP,2025-01-19 15:06:20,2025-11-01 21:06:30,4,4.0,
PER_000073,Person,USES_IP,IP_000043,IP,2025-09-18 12:21:04,2025-09-18 12:21:04,1,1.0,
PER_000073,Person,USES_IP,IP_000044,IP,2025-11-20 15:34:34,2025-11-20 15:34:34,1,1.0,
PER_000073,Person,USES_IP,IP_000045,IP,2025-02-06 07:40:01,2025-02-06 07:40:01,1,1.0,
PER_000073,Person,USES_IP,IP_000047,IP,2025-04-17 14:04:43,2025-06-25 06:35:20,2,2.0,
PER_000073,Person,USES_IP,IP_000049,IP,2025-09-03 14:53:39,2025-09-03 14:53:39,1,1.0,
PER_000073,Person,USES_IP,IP_000051,IP,2025-07-13 12:59:10,2025-07-13 12:59:10,1,1.0,
PER_000073,Person,USES_IP,IP_000053,IP,2025-02-04 13:33:25,2025-11-05 16:35:47,3,3.0,
PER_000073,Person,USES_IP,IP_000054,IP,2025-12-17 17:20:18,2025-12-17 17:20:18,1,1.0,
PER_000073,Person,USES_IP,IP_000056,IP,2025-02-17 16:01:53,2025-11-10 18:25:22,2,2.0,
PER_000073,Person,USES_IP,IP_000057,IP,2025-01-09 18:27:08,2025-01-09 18:27:08,1,1.0,
PER_000073,Person,USES_IP,IP_000059,IP,2025-03-11 07:05:08,2025-11-16 14:50:38,2,2.0,
PER_000073,Person,USES_IP,IP_000060,IP,2025-07-08 11:56:06,2025-07-08 11:56:06,1,1.0,
PER_000073,Person,USES_IP,IP_000061,IP,2025-02-06 15:08:20,2025-02-06 15:08:20,1,1.0,
PER_000073,Person,USES_IP,IP_000063,IP,2025-11-28 17:48:41,2025-11-28 17:48:41,1,1.0,
PER_000073,Person,USES_IP,IP_000064,IP,2025-03-18 04:17:21,2025-03-18 04:17:21,1,1.0,
PER_000073,Person,USES_IP,IP_000065,IP,2025-03-09 12:42:24,2025-03-09 12:42:24,1,1.0,
PER_000073,Person,USES_IP,IP_000066,IP,2025-09-14 23:15:20,2025-09-14 23:15:20,1,1.0,
PER_000073,Person,USES_IP,IP_000068,IP,2025-01-23 08:24:16,2025-01-23 08:24:16,1,1.0,
PER_000073,Person,USES_IP,IP_000069,IP,2025-12-14 09:29:05,2025-12-14 09:29:05,1,1.0,
PER_000073,Person,USES_IP,IP_000070,IP,2025-10-11 16:38:57,2025-10-11 16:38:57,1,1.0,
PER_000073,Person,USES_IP,IP_000071,IP,2025-01-18 10:11:23,2025-12-31 19:44:17,2,2.0,
PER_000073,Person,USES_IP,IP_000073,IP,2025-06-12 09:14:43,2025-06-12 09:14:43,1,1.0,
PER_000073,Person,USES_IP,IP_000075,IP,2025-01-21 04:28:49,2025-05-11 20:24:45,2,2.0,
PER_000073,Person,USES_IP,IP_000079,IP,2025-07-27 13:52:52,2025-07-27 13:52:52,1,1.0,
PER_000073,Person,USES_IP,IP_000082,IP,2025-11-07 19:42:43,2025-11-07 19:42:43,1,1.0,
PER_000073,Person,USES_IP,IP_000083,IP,2025-05-23 10:28:54,2025-05-23 10:28:54,1,1.0,
PER_000073,Person,USES_IP,IP_000085,IP,2025-01-30 09:50:35,2025-11-16 17:53:37,2,2.0,
PER_000073,Person,USES_IP,IP_000086,IP,2025-08-20 15:41:39,2025-08-20 15:41:39,1,1.0,
PER_000073,Person,USES_IP,IP_000087,IP,2025-08-05 04:11:25,2025-08-05 04:11:25,1,1.0,
PER_000073,Person,USES_IP,IP_000088,IP,2025-03-10 17:05:52,2025-03-25 10:43:48,2,2.0,
PER_000073,Person,USES_IP,IP_000089,IP,2025-02-19 04:27:33,2025-10-22 16:55:11,3,3.0,
PER_000073,Person,USES_IP,IP_000090,IP,2025-08-26 17:50:25,2025-08-26 17:50:25,1,1.0,
PER_000073,Person,USES_IP,IP_000091,IP,2025-04-02 14:22:50,2025-04-02 14:22:50,1,1.0,
PER_000073,Person,USES_IP,IP_000094,IP,2025-05-01 19:40:07,2025-05-01 19:40:07,1,1.0,
PER_000073,Person,USES_IP,IP_000095,IP,2025-06-06 14:41:23,2025-06-06 14:41:23,1,1.0,
PER_000073,Person,USES_IP,IP_000096,IP,2025-07-18 03:09:06,2025-07-23 21:22:46,2,2.0,
PER_000073,Person,USES_IP,IP_000097,IP,2025-01-07 15:29:42,2025-07-17 18:06:41,3,3.0,
PER_000073,Person,USES_IP,IP_000098,IP,2025-12-07 16:30:20,2025-12-07 16:30:20,1,1.0,
PER_000073,Person,USES_IP,IP_000100,IP,2025-03-30 07:39:32,2025-03-30 07:39:32,1,1.0,
PER_000073,Person,USES_IP,IP_000101,IP,2025-08-04 08:57:41,2025-08-04 08:57:41,1,1.0,
PER_000073,Person,USES_IP,IP_000103,IP,2025-05-07 21:39:52,2025-05-07 21:39:52,1,1.0,
PER_000073,Person,USES_IP,IP_000104,IP,2025-05-25 11:38:16,2025-08-31 14:02:22,2,2.0,
PER_000073,Person,USES_IP,IP_000105,IP,2025-06-22 13:18:22,2025-10-14 17:02:04,2,2.0,
PER_000073,Person,USES_IP,IP_000106,IP,2025-03-21 13:45:50,2025-11-24 03:53:50,2,2.0,
PER_000073,Person,USES_IP,IP_000107,IP,2025-04-22 06:32:01,2025-04-22 06:32:01,1,1.0,
PER_000073,Person,USES_IP,IP_000109,IP,2025-05-13 15:55:49,2025-05-13 15:55:49,1,1.0,
PER_000073,Person,USES_IP,IP_000111,IP,2025-10-04 17:02:32,2025-10-04 17:02:32,1,1.0,
PER_000073,Person,USES_IP,IP_000112,IP,2025-05-14 14:42:12,2025-05-14 14:42:12,1,1.0,
PER_000073,Person,USES_IP,IP_000113,IP,2025-08-25 15:23:23,2025-11-02 10:55:41,2,2.0,
PER_000073,Person,USES_IP,IP_000114,IP,2025-03-15 13:11:18,2025-10-29 15:18:11,3,3.0,
PER_000073,Person,USES_IP,IP_000115,IP,2025-04-25 08:52:40,2025-12-20 18:39:05,2,2.0,
PER_000073,Person,USES_IP,IP_000116,IP,2025-02-26 22:45:47,2025-09-30 18:43:12,3,3.0,
PER_000073,Person,USES_IP,IP_000118,IP,2025-08-01 09:11:35,2025-08-01 09:11:35,1,1.0,
PER_000073,Person,USES_IP,IP_000120,IP,2025-08-10 07:36:50,2025-08-10 07:36:50,1,1.0,
PER_000074,Person,USES_IP,IP_000008,IP,2025-09-01 12:35:54,2025-09-01 12:35:54,1,1.0,
PER_000074,Person,USES_IP,IP_000019,IP,2025-05-20 10:59:08,2025-05-20 10:59:08,1,1.0,
PER_000074,Person,USES_IP,IP_000025,IP,2025-04-02 12:25:56,2025-04-02 12:25:56,1,1.0,
PER_000074,Person,USES_IP,IP_000032,IP,2025-12-22 07:28:24,2025-12-22 07:28:24,1,1.0,
PER_000074,Person,USES_IP,IP_000050,IP,2025-05-05 16:36:17,2025-05-05 16:36:17,1,1.0,
PER_000074,Person,USES_IP,IP_000054,IP,2025-09-18 21:00:06,2025-09-18 21:00:06,1,1.0,
PER_000074,Person,USES_IP,IP_000061,IP,2025-12-25 09:48:13,2025-12-25 09:48:13,1,1.0,
PER_000074,Person,USES_IP,IP_000062,IP,2025-08-29 17:16:38,2025-08-29 17:16:38,1,1.0,
PER_000074,Person,USES_IP,IP_000070,IP,2025-04-06 04:09:33,2025-04-06 04:09:33,1,1.0,
PER_000074,Person,USES_IP,IP_000081,IP,2025-02-05 20:03:56,2025-02-05 20:03:56,1,1.0,
PER_000074,Person,USES_IP,IP_000092,IP,2025-02-17 01:33:17,2025-02-17 01:33:17,1,1.0,
PER_000074,Person,USES_IP,IP_000097,IP,2025-03-27 18:04:39,2025-03-27 18:04:39,1,1.0,
PER_000075,Person,USES_IP,IP_000004,IP,2025-09-15 16:31:41,2025-10-27 10:39:53,2,2.0,
PER_000075,Person,USES_IP,IP_000009,IP,2025-01-02 13:11:36,2025-12-04 10:46:04,3,3.0,
PER_000075,Person,USES_IP,IP_000015,IP,2025-04-29 09:05:34,2025-04-29 09:05:34,1,1.0,
PER_000075,Person,USES_IP,IP_000031,IP,2025-06-29 22:52:05,2025-06-29 22:52:05,1,1.0,
PER_000075,Person,USES_IP,IP_000052,IP,2025-05-16 18:13:47,2025-05-16 18:13:47,1,1.0,
PER_000075,Person,USES_IP,IP_000054,IP,2025-11-22 05:27:28,2025-11-22 05:27:28,1,1.0,
PER_000075,Person,USES_IP,IP_000089,IP,2025-11-10 12:54:57,2025-11-10 12:54:57,1,1.0,
PER_000075,Person,USES_IP,IP_000107,IP,2025-03-19 09:22:12,2025-10-24 18:45:56,2,2.0,
PER_000075,Person,USES_IP,IP_000118,IP,2025-09-20 21:11:17,2025-09-20 21:11:17,1,1.0,
PER_000076,Person,USES_IP,IP_000001,IP,2025-01-05 12:11:23,2025-12-15 14:00:00,12,12.0,
PER_000077,Person,USES_IP,IP_000020,IP,2025-02-01 15:05:21,2025-02-01 15:05:21,1,1.0,
PER_000077,Person,USES_IP,IP_000029,IP,2025-12-17 09:43:43,2025-12-17 09:43:43,1,1.0,
PER_000077,Person,USES_IP,IP_000045,IP,2025-01-16 09:53:14,2025-01-16 09:53:14,1,1.0,
PER_000077,Person,USES_IP,IP_000049,IP,2025-08-12 17:22:09,2025-08-12 17:22:09,1,1.0,
PER_000077,Person,USES_IP,IP_000066,IP,2025-06-07 14:42:03,2025-06-07 14:42:03,1,1.0,
PER_000077,Person,USES_IP,IP_000075,IP,2025-03-30 10:36:27,2025-03-30 10:36:27,1,1.0,
PER_000077,Person,USES_IP,IP_000076,IP,2025-02-02 18:49:23,2025-02-02 18:49:23,1,1.0,
PER_000077,Person,USES_IP,IP_000081,IP,2025-01-27 17:47:34,2025-01-27 17:47:34,1,1.0,
PER_000077,Person,USES_IP,IP_000087,IP,2025-03-15 08:08:35,2025-03-15 08:08:35,1,1.0,
PER_000077,Person,USES_IP,IP_000109,IP,2025-11-10 13:36:13,2025-11-10 13:36:13,1,1.0,
PER_000077,Person,USES_IP,IP_000110,IP,2025-04-23 18:00:54,2025-04-23 18:00:54,1,1.0,
PER_000078,Person,USES_IP,IP_000001,IP,2025-07-10 00:40:24,2025-07-12 00:27:28,3,3.0,
PER_000078,Person,USES_IP,IP_000002,IP,2025-07-10 15:03:52,2025-07-12 06:58:19,3,3.0,
PER_000078,Person,USES_IP,IP_000003,IP,2025-07-10 00:37:31,2025-07-10 00:37:31,1,1.0,
PER_000078,Person,USES_IP,IP_000006,IP,2025-07-10 00:36:38,2025-07-10 00:36:38,1,1.0,
PER_000078,Person,USES_IP,IP_000010,IP,2025-07-11 16:16:19,2025-07-11 16:16:19,1,1.0,
PER_000078,Person,USES_IP,IP_000011,IP,2025-07-10 20:00:04,2025-07-10 20:00:04,1,1.0,
PER_000078,Person,USES_IP,IP_000012,IP,2025-07-11 05:51:42,2025-07-11 08:13:51,2,2.0,
PER_000078,Person,USES_IP,IP_000013,IP,2025-07-11 23:20:54,2025-07-11 23:20:54,1,1.0,
PER_000078,Person,USES_IP,IP_000018,IP,2025-07-10 13:03:04,2025-07-10 13:03:04,1,1.0,
PER_000078,Person,USES_IP,IP_000019,IP,2025-07-12 09:20:18,2025-07-12 09:20:18,1,1.0,
PER_000078,Person,USES_IP,IP_000021,IP,2025-07-11 21:39:39,2025-07-11 21:39:39,1,1.0,
PER_000078,Person,USES_IP,IP_000022,IP,2025-07-11 14:37:33,2025-07-12 21:13:13,3,3.0,
PER_000078,Person,USES_IP,IP_000023,IP,2025-07-10 00:18:41,2025-07-11 07:57:33,3,3.0,
PER_000078,Person,USES_IP,IP_000024,IP,2025-07-11 20:24:11,2025-07-12 02:40:49,2,2.0,
PER_000078,Person,USES_IP,IP_000025,IP,2025-07-10 01:52:20,2025-07-11 02:24:53,2,2.0,
PER_000078,Person,USES_IP,IP_000026,IP,2025-07-12 16:25:48,2025-07-12 16:25:48,1,1.0,
PER_000078,Person,USES_IP,IP_000027,IP,2025-07-12 18:48:24,2025-07-12 18:53:36,2,2.0,
PER_000078,Person,USES_IP,IP_000030,IP,2025-07-10 12:22:40,2025-07-10 12:22:40,1,1.0,
PER_000078,Person,USES_IP,IP_000033,IP,2025-07-11 23:05:51,2025-07-11 23:05:51,1,1.0,
PER_000078,Person,USES_IP,IP_000035,IP,2025-07-12 18:27:32,2025-07-12 18:27:32,1,1.0,
PER_000078,Person,USES_IP,IP_000037,IP,2025-07-12 11:08:37,2025-07-12 11:08:37,1,1.0,
PER_000078,Person,USES_IP,IP_000038,IP,2025-07-12 03:24:51,2025-07-12 03:24:51,1,1.0,
PER_000078,Person,USES_IP,IP_000039,IP,2025-07-11 09:25:23,2025-07-11 09:25:23,1,1.0,
PER_000078,Person,USES_IP,IP_000041,IP,2025-07-10 08:20:04,2025-07-10 08:20:04,1,1.0,
PER_000078,Person,USES_IP,IP_000042,IP,2025-07-10 03:33:05,2025-07-10 20:38:06,2,2.0,
PER_000078,Person,USES_IP,IP_000043,IP,2025-07-12 05:27:28,2025-07-12 05:27:28,1,1.0,
PER_000078,Person,USES_IP,IP_000046,IP,2025-07-12 06:06:22,2025-07-12 06:06:22,1,1.0,
PER_000078,Person,USES_IP,IP_000047,IP,2025-07-10 02:54:04,2025-07-10 16:17:27,2,2.0,
PER_000078,Person,USES_IP,IP_000048,IP,2025-07-10 04:36:55,2025-07-10 04:36:55,1,1.0,
PER_000078,Person,USES_IP,IP_000049,IP,2025-07-12 14:10:29,2025-07-12 14:10:29,1,1.0,
PER_000078,Person,USES_IP,IP_000050,IP,2025-07-11 07:31:54,2025-07-11 07:31:54,1,1.0,
PER_000078,Person,USES_IP,IP_000052,IP,2025-07-10 19:31:59,2025-07-10 19:31:59,1,1.0,
PER_000078,Person,USES_IP,IP_000053,IP,2025-07-10 06:43:44,2025-07-10 06:43:44,1,1.0,
PER_000078,Person,USES_IP,IP_000054,IP,2025-07-11 09:49:50,2025-07-11 09:49:50,1,1.0,
PER_000078,Person,USES_IP,IP_000055,IP,2025-07-10 08:10:50,2025-07-11 01:52:21,2,2.0,
PER_000078,Person,USES_IP,IP_000056,IP,2025-07-12 18:24:26,2025-07-12 18:24:26,1,1.0,
PER_000078,Person,USES_IP,IP_000057,IP,2025-07-10 19:52:50,2025-07-10 19:52:50,1,1.0,
PER_000078,Person,USES_IP,IP_000059,IP,2025-07-11 16:09:28,2025-07-11 16:09:28,1,1.0,
PER_000078,Person,USES_IP,IP_000061,IP,2025-07-11 06:30:32,2025-07-11 06:30:32,1,1.0,
PER_000078,Person,USES_IP,IP_000063,IP,2025-07-12 22:51:52,2025-07-12 22:51:52,1,1.0,
PER_000078,Person,USES_IP,IP_000064,IP,2025-07-11 01:03:28,2025-07-11 01:03:28,1,1.0,
PER_000078,Person,USES_IP,IP_000065,IP,2025-07-12 06:23:07,2025-07-12 06:23:07,1,1.0,
PER_000078,Person,USES_IP,IP_000066,IP,2025-07-10 14:26:45,2025-07-10 14:26:45,1,1.0,
PER_000078,Person,USES_IP,IP_000069,IP,2025-07-10 18:43:20,2025-07-10 18:43:20,1,1.0,
PER_000078,Person,USES_IP,IP_000072,IP,2025-07-10 18:40:16,2025-07-10 18:40:16,1,1.0,
PER_000078,Person,USES_IP,IP_000074,IP,2025-07-10 04:49:38,2025-07-12 22:38:42,2,2.0,
PER_000078,Person,USES_IP,IP_000075,IP,2025-07-12 03:14:13,2025-07-12 13:57:40,2,2.0,
PER_000078,Person,USES_IP,IP_000076,IP,2025-07-10 04:54:11,2025-07-10 04:54:11,1,1.0,
PER_000078,Person,USES_IP,IP_000083,IP,2025-07-10 05:22:46,2025-07-10 23:20:09,3,3.0,
PER_000078,Person,USES_IP,IP_000084,IP,2025-07-10 05:43:00,2025-07-10 05:43:00,1,1.0,
PER_000078,Person,USES_IP,IP_000086,IP,2025-07-11 02:28:25,2025-07-12 19:22:27,2,2.0,
PER_000078,Person,USES_IP,IP_000087,IP,2025-07-11 04:16:55,2025-07-11 21:02:15,2,2.0,
PER_000078,Person,USES_IP,IP_000090,IP,2025-07-11 08:27:57,2025-07-11 08:27:57,1,1.0,
PER_000078,Person,USES_IP,IP_000092,IP,2025-07-11 02:15:23,2025-07-12 20:18:55,2,2.0,
PER_000078,Person,USES_IP,IP_000094,IP,2025-07-10 23:28:09,2025-07-10 23:28:09,1,1.0,
PER_000078,Person,USES_IP,IP_000099,IP,2025-07-11 20:18:11,2025-07-11 20:18:11,1,1.0,
PER_000078,Person,USES_IP,IP_000102,IP,2025-07-11 11:28:59,2025-07-11 11:28:59,1,1.0,
PER_000078,Person,USES_IP,IP_000105,IP,2025-07-11 10:02:28,2025-07-11 10:02:28,1,1.0,
PER_000078,Person,USES_IP,IP_000106,IP,2025-07-12 07:27:40,2025-07-12 07:27:40,1,1.0,
PER_000078,Person,USES_IP,IP_000109,IP,2025-07-11 19:25:36,2025-07-11 19:25:36,1,1.0,
PER_000078,Person,USES_IP,IP_000110,IP,2025-07-11 20:12:37,2025-07-11 20:12:37,1,1.0,
PER_000078,Person,USES_IP,IP_000111,IP,2025-07-10 03:46:21,2025-07-10 03:46:21,1,1.0,
PER_000078,Person,USES_IP,IP_000112,IP,2025-07-12 13:45:38,2025-07-12 13:45:38,1,1.0,
PER_000078,Person,USES_IP,IP_000113,IP,2025-07-12 13:00:54,2025-07-12 13:00:54,1,1.0,
PER_000078,Person,USES_IP,IP_000115,IP,2025-07-11 23:20:43,2025-07-11 23:20:43,1,1.0,
PER_000078,Person,USES_IP,IP_000117,IP,2025-07-12 05:06:11,2025-07-12 05:06:11,1,1.0,
PER_000078,Person,USES_IP,IP_000119,IP,2025-07-10 18:57:23,2025-07-10 18:57:23,1,1.0,
PER_000078,Person,USES_IP,IP_000120,IP,2025-07-12 16:46:15,2025-07-12 16:46:15,1,1.0,
PER_000079,Person,USES_IP,IP_000007,IP,2025-06-16 16:48:25,2025-06-16 16:48:25,1,1.0,
PER_000079,Person,USES_IP,IP_000010,IP,2025-02-15 10:11:52,2025-02-15 10:11:52,1,1.0,
PER_000079,Person,USES_IP,IP_000027,IP,2025-10-22 09:53:06,2025-10-22 09:53:06,1,1.0,
PER_000079,Person,USES_IP,IP_000042,IP,2025-04-30 09:19:35,2025-04-30 09:19:35,1,1.0,
PER_000079,Person,USES_IP,IP_000059,IP,2025-05-25 04:10:45,2025-05-25 04:10:45,1,1.0,
PER_000079,Person,USES_IP,IP_000067,IP,2025-07-15 16:21:01,2025-07-15 16:21:01,1,1.0,
PER_000079,Person,USES_IP,IP_000076,IP,2025-06-26 17:41:10,2025-06-26 17:41:10,1,1.0,
PER_000079,Person,USES_IP,IP_000082,IP,2025-10-04 04:34:46,2025-10-04 04:34:46,1,1.0,
PER_000079,Person,USES_IP,IP_000102,IP,2025-12-25 08:22:33,2025-12-25 08:22:33,1,1.0,
PER_000079,Person,USES_IP,IP_000103,IP,2025-05-22 10:20:29,2025-05-22 10:20:29,1,1.0,
PER_000079,Person,USES_IP,IP_000109,IP,2025-05-01 15:36:40,2025-05-01 15:36:40,1,1.0,
PER_000079,Person,USES_IP,IP_000119,IP,2025-02-16 19:42:54,2025-02-16 19:42:54,1,1.0,
PER_000080,Person,USES_IP,IP_000006,IP,2025-04-29 13:58:09,2025-04-29 13:58:09,1,1.0,
PER_000080,Person,USES_IP,IP_000019,IP,2025-11-10 13:16:38,2025-11-10 13:16:38,1,1.0,
PER_000080,Person,USES_IP,IP_000041,IP,2025-03-22 08:29:16,2025-03-22 08:29:16,1,1.0,
PER_000080,Person,USES_IP,IP_000047,IP,2025-05-04 13:46:04,2025-05-04 13:46:04,1,1.0,
PER_000080,Person,USES_IP,IP_000060,IP,2025-11-09 19:03:43,2025-11-09 19:03:43,1,1.0,
PER_000080,Person,USES_IP,IP_000065,IP,2025-09-03 15:10:49,2025-09-03 15:10:49,1,1.0,
PER_000080,Person,USES_IP,IP_000073,IP,2025-01-24 15:31:22,2025-05-27 19:03:29,2,2.0,
PER_000080,Person,USES_IP,IP_000093,IP,2025-01-21 18:22:17,2025-01-21 18:22:17,1,1.0,
PER_000080,Person,USES_IP,IP_000103,IP,2025-11-10 07:41:24,2025-11-19 12:53:22,2,2.0,
PER_000080,Person,USES_IP,IP_000104,IP,2025-03-08 20:39:36,2025-03-08 20:39:36,1,1.0,
PER_000081,Person,USES_IP,IP_000005,IP,2025-10-24 13:07:05,2025-10-24 13:07:05,1,1.0,
PER_000081,Person,USES_IP,IP_000014,IP,2025-07-07 13:37:22,2025-07-07 13:37:22,1,1.0,
PER_000081,Person,USES_IP,IP_000021,IP,2025-04-18 14:09:11,2025-04-18 14:09:11,1,1.0,
PER_000081,Person,USES_IP,IP_000029,IP,2025-11-21 14:07:00,2025-11-21 14:07:00,1,1.0,
PER_000081,Person,USES_IP,IP_000034,IP,2025-10-22 19:17:02,2025-10-22 19:17:02,1,1.0,
PER_000081,Person,USES_IP,IP_000048,IP,2025-07-13 04:58:23,2025-07-13 04:58:23,1,1.0,
PER_000081,Person,USES_IP,IP_000049,IP,2025-12-09 13:53:38,2025-12-09 13:53:38,1,1.0,
PER_000081,Person,USES_IP,IP_000055,IP,2025-07-27 10:46:02,2025-07-27 10:46:02,1,1.0,
PER_000081,Person,USES_IP,IP_000093,IP,2025-01-07 14:27:26,2025-01-07 14:27:26,1,1.0,
PER_000081,Person,USES_IP,IP_000109,IP,2025-09-06 14:32:40,2025-09-06 14:32:40,1,1.0,
PER_000081,Person,USES_IP,IP_000112,IP,2025-01-21 20:51:25,2025-01-21 20:51:25,1,1.0,
PER_000081,Person,USES_IP,IP_000119,IP,2025-02-15 08:35:56,2025-02-15 08:35:56,1,1.0,
PER_000082,Person,USES_IP,IP_000002,IP,2025-08-12 13:53:26,2025-09-26 13:21:55,2,2.0,
PER_000082,Person,USES_IP,IP_000004,IP,2025-01-27 11:31:03,2025-01-27 11:31:03,1,1.0,
PER_000082,Person,USES_IP,IP_000008,IP,2025-11-17 12:06:50,2025-11-17 12:06:50,1,1.0,
PER_000082,Person,USES_IP,IP_000040,IP,2025-12-14 14:19:19,2025-12-14 14:19:19,1,1.0,
PER_000082,Person,USES_IP,IP_000042,IP,2025-09-15 06:01:39,2025-09-15 06:01:39,1,1.0,
PER_000082,Person,USES_IP,IP_000046,IP,2025-11-11 17:19:21,2025-11-11 17:19:21,1,1.0,
PER_000082,Person,USES_IP,IP_000051,IP,2025-03-24 13:04:30,2025-03-24 13:04:30,1,1.0,
PER_000082,Person,USES_IP,IP_000054,IP,2025-08-02 17:27:05,2025-08-02 17:27:05,1,1.0,
PER_000082,Person,USES_IP,IP_000056,IP,2025-05-03 06:32:58,2025-05-03 06:32:58,1,1.0,
PER_000082,Person,USES_IP,IP_000057,IP,2025-03-08 12:24:42,2025-03-08 12:24:42,1,1.0,
PER_000082,Person,USES_IP,IP_000061,IP,2025-04-13 13:23:15,2025-04-13 13:23:15,1,1.0,
PER_000082,Person,USES_IP,IP_000063,IP,2025-12-31 02:09:53,2025-12-31 02:09:53,1,1.0,
PER_000082,Person,USES_IP,IP_000073,IP,2025-09-10 09:38:32,2025-09-10 09:38:32,1,1.0,
PER_000082,Person,USES_IP,IP_000075,IP,2025-12-30 18:07:48,2025-12-30 18:07:48,1,1.0,
PER_000082,Person,USES_IP,IP_000088,IP,2025-04-18 09:33:26,2025-04-18 09:33:26,1,1.0,
PER_000082,Person,USES_IP,IP_000108,IP,2025-12-26 08:39:59,2025-12-26 08:39:59,1,1.0,
PER_000082,Person,USES_IP,IP_000118,IP,2025-07-06 20:06:49,2025-07-06 20:06:49,1,1.0,
PER_000083,Person,USES_IP,IP_000026,IP,2025-06-27 06:17:48,2025-06-27 06:17:48,1,1.0,
PER_000083,Person,USES_IP,IP_000027,IP,2025-12-16 06:28:21,2025-12-16 06:28:21,1,1.0,
PER_000083,Person,USES_IP,IP_000028,IP,2025-12-23 13:15:39,2025-12-23 13:15:39,1,1.0,
PER_000083,Person,USES_IP,IP_000031,IP,2025-07-04 06:31:00,2025-07-04 06:31:00,1,1.0,
PER_000083,Person,USES_IP,IP_000032,IP,2025-06-11 12:38:47,2025-06-11 12:38:47,1,1.0,
PER_000083,Person,USES_IP,IP_000044,IP,2025-04-19 18:37:40,2025-04-19 18:37:40,1,1.0,
PER_000083,Person,USES_IP,IP_000047,IP,2025-04-10 13:17:06,2025-04-10 13:17:06,1,1.0,
PER_000083,Person,USES_IP,IP_000055,IP,2025-06-24 08:56:08,2025-06-24 08:56:08,1,1.0,
PER_000083,Person,USES_IP,IP_000057,IP,2025-03-10 09:17:17,2025-03-10 09:17:17,1,1.0,
PER_000083,Person,USES_IP,IP_000061,IP,2025-07-05 20:16:59,2025-07-05 20:16:59,1,1.0,
PER_000083,Person,USES_IP,IP_000083,IP,2025-10-31 11:18:26,2025-10-31 11:18:26,1,1.0,
PER_000083,Person,USES_IP,IP_000086,IP,2025-12-10 09:24:19,2025-12-10 09:24:19,1,1.0,
PER_000083,Person,USES_IP,IP_000087,IP,2025-05-05 18:30:25,2025-05-05 18:30:25,1,1.0,
PER_000084,Person,USES_IP,IP_000006,IP,2025-08-29 10:18:39,2025-08-29 10:18:39,1,1.0,
PER_000084,Person,USES_IP,IP_000010,IP,2025-04-15 16:17:55,2025-04-15 16:17:55,1,1.0,
PER_000084,Person,USES_IP,IP_000015,IP,2025-10-30 13:48:12,2025-10-30 13:48:12,1,1.0,
PER_000084,Person,USES_IP,IP_000021,IP,2025-02-04 19:34:26,2025-02-04 19:34:26,1,1.0,
PER_000084,Person,USES_IP,IP_000027,IP,2025-07-19 12:53:48,2025-07-19 12:53:48,1,1.0,
PER_000084,Person,USES_IP,IP_000036,IP,2025-12-30 12:45:57,2025-12-30 12:45:57,1,1.0,
PER_000084,Person,USES_IP,IP_000039,IP,2025-07-21 08:18:11,2025-07-21 08:18:11,1,1.0,
PER_000084,Person,USES_IP,IP_000045,IP,2025-11-12 11:39:57,2025-11-12 11:39:57,1,1.0,
PER_000084,Person,USES_IP,IP_000071,IP,2025-05-05 13:23:44,2025-05-05 13:23:44,1,1.0,
PER_000084,Person,USES_IP,IP_000072,IP,2025-11-20 14:03:06,2025-11-20 14:03:06,1,1.0,
PER_000084,Person,USES_IP,IP_000075,IP,2025-04-01 15:20:40,2025-04-01 15:20:40,1,1.0,
PER_000084,Person,USES_IP,IP_000089,IP,2025-06-03 17:15:55,2025-06-03 17:15:55,1,1.0,
PER_000084,Person,USES_IP,IP_000103,IP,2025-06-03 11:47:28,2025-06-03 11:47:28,1,1.0,
PER_000084,Person,USES_IP,IP_000104,IP,2025-01-27 18:02:29,2025-01-27 18:02:29,1,1.0,
PER_000084,Person,USES_IP,IP_000110,IP,2025-01-01 21:45:34,2025-01-01 21:45:34,1,1.0,
PER_000084,Person,USES_IP,IP_000117,IP,2025-10-10 06:32:55,2025-10-10 06:32:55,1,1.0,
PER_000085,Person,USES_IP,IP_000007,IP,2025-03-02 18:46:39,2025-03-02 18:46:39,1,1.0,
PER_000085,Person,USES_IP,IP_000014,IP,2025-02-13 13:38:24,2025-02-13 13:38:24,1,1.0,
PER_000085,Person,USES_IP,IP_000021,IP,2025-09-27 05:46:35,2025-09-27 05:46:35,1,1.0,
PER_000085,Person,USES_IP,IP_000023,IP,2025-07-10 03:39:26,2025-07-10 03:39:26,1,1.0,
PER_000085,Person,USES_IP,IP_000024,IP,2025-01-28 13:12:09,2025-01-28 13:12:09,1,1.0,
PER_000085,Person,USES_IP,IP_000025,IP,2025-08-31 18:43:41,2025-08-31 18:43:41,1,1.0,
PER_000085,Person,USES_IP,IP_000037,IP,2025-01-08 07:01:35,2025-01-08 07:01:35,1,1.0,
PER_000085,Person,USES_IP,IP_000040,IP,2025-07-24 02:09:53,2025-07-24 02:09:53,1,1.0,
PER_000085,Person,USES_IP,IP_000044,IP,2025-07-16 09:16:30,2025-07-16 09:16:30,1,1.0,
PER_000085,Person,USES_IP,IP_000045,IP,2025-08-17 10:20:43,2025-08-17 10:20:43,1,1.0,
PER_000085,Person,USES_IP,IP_000050,IP,2025-01-06 12:44:38,2025-01-06 12:44:38,1,1.0,
PER_000085,Person,USES_IP,IP_000078,IP,2025-04-04 06:18:40,2025-04-04 06:18:40,1,1.0,
PER_000085,Person,USES_IP,IP_000082,IP,2025-06-21 13:02:13,2025-06-21 13:02:13,1,1.0,
PER_000085,Person,USES_IP,IP_000089,IP,2025-09-22 08:27:11,2025-09-22 08:27:11,1,1.0,
PER_000085,Person,USES_IP,IP_000093,IP,2025-03-24 17:54:10,2025-03-24 17:54:10,1,1.0,
PER_000085,Person,USES_IP,IP_000114,IP,2025-10-10 14:41:38,2025-10-10 14:41:38,1,1.0,
PER_000085,Person,USES_IP,IP_000115,IP,2025-10-10 17:58:45,2025-10-10 17:58:45,1,1.0,
PER_000086,Person,USES_IP,IP_000004,IP,2025-09-01 20:25:32,2025-09-01 20:25:32,1,1.0,
PER_000086,Person,USES_IP,IP_000013,IP,2025-09-17 14:19:54,2025-09-17 14:19:54,1,1.0,
PER_000086,Person,USES_IP,IP_000017,IP,2025-06-15 22:04:25,2025-06-15 22:04:25,1,1.0,
PER_000086,Person,USES_IP,IP_000038,IP,2025-08-20 08:46:18,2025-08-20 08:46:18,1,1.0,
PER_000086,Person,USES_IP,IP_000044,IP,2025-05-06 15:47:41,2025-05-06 15:47:41,1,1.0,
PER_000086,Person,USES_IP,IP_000046,IP,2025-08-19 16:38:56,2025-08-19 16:38:56,1,1.0,
PER_000086,Person,USES_IP,IP_000050,IP,2025-12-02 15:35:19,2025-12-02 15:35:19,1,1.0,
PER_000086,Person,USES_IP,IP_000051,IP,2025-04-10 13:51:49,2025-04-10 13:51:49,1,1.0,
PER_000086,Person,USES_IP,IP_000060,IP,2025-04-01 14:50:11,2025-04-01 14:50:11,1,1.0,
PER_000086,Person,USES_IP,IP_000076,IP,2025-07-17 04:44:56,2025-07-17 04:44:56,1,1.0,
PER_000086,Person,USES_IP,IP_000085,IP,2025-09-23 13:33:44,2025-09-23 13:33:44,1,1.0,
PER_000086,Person,USES_IP,IP_000093,IP,2025-03-18 18:05:49,2025-08-10 09:28:36,2,2.0,
PER_000086,Person,USES_IP,IP_000099,IP,2025-03-29 05:09:38,2025-03-29 05:09:38,1,1.0,
PER_000086,Person,USES_IP,IP_000100,IP,2025-11-13 09:37:06,2025-11-13 09:37:06,1,1.0,
PER_000086,Person,USES_IP,IP_000116,IP,2025-08-05 11:17:05,2025-08-05 11:17:05,1,1.0,
PER_000087,Person,USES_IP,IP_000001,IP,2025-08-29 14:31:35,2025-08-29 14:31:35,1,1.0,
PER_000087,Person,USES_IP,IP_000004,IP,2025-04-12 21:46:53,2025-06-04 17:08:23,2,2.0,
PER_000087,Person,USES_IP,IP_000007,IP,2025-07-21 17:50:37,2025-07-21 17:50:37,1,1.0,
PER_000087,Person,USES_IP,IP_000008,IP,2025-01-12 12:40:36,2025-12-28 18:50:22,2,2.0,
PER_000087,Person,USES_IP,IP_000009,IP,2025-12-31 18:34:44,2025-12-31 18:34:44,1,1.0,
PER_000087,Person,USES_IP,IP_000011,IP,2025-01-09 18:58:31,2025-06-21 15:08:10,2,2.0,
PER_000087,Person,USES_IP,IP_000014,IP,2025-05-30 23:09:14,2025-05-30 23:09:14,1,1.0,
PER_000087,Person,USES_IP,IP_000015,IP,2025-08-27 08:53:07,2025-08-27 08:53:07,1,1.0,
PER_000087,Person,USES_IP,IP_000017,IP,2025-05-25 14:49:55,2025-05-25 14:49:55,1,1.0,
PER_000087,Person,USES_IP,IP_000018,IP,2025-06-29 17:37:51,2025-06-29 17:37:51,1,1.0,
PER_000087,Person,USES_IP,IP_000019,IP,2025-09-02 16:30:30,2025-09-02 16:30:30,1,1.0,
PER_000087,Person,USES_IP,IP_000020,IP,2025-08-31 14:51:02,2025-08-31 14:51:02,1,1.0,
PER_000087,Person,USES_IP,IP_000021,IP,2025-04-15 08:17:20,2025-04-15 08:17:20,1,1.0,
PER_000087,Person,USES_IP,IP_000022,IP,2025-04-12 13:20:25,2025-04-12 13:20:25,1,1.0,
PER_000087,Person,USES_IP,IP_000023,IP,2025-02-19 20:43:56,2025-12-14 05:06:07,2,2.0,
PER_000087,Person,USES_IP,IP_000027,IP,2025-06-25 19:36:04,2025-06-25 19:36:04,1,1.0,
PER_000087,Person,USES_IP,IP_000028,IP,2025-02-03 07:55:07,2025-02-03 07:55:07,1,1.0,
PER_000087,Person,USES_IP,IP_000029,IP,2025-11-26 21:43:24,2025-11-26 21:43:24,1,1.0,
PER_000087,Person,USES_IP,IP_000030,IP,2025-11-23 09:43:34,2025-11-23 09:43:34,1,1.0,
PER_000087,Person,USES_IP,IP_000031,IP,2025-11-20 21:47:48,2025-11-20 21:47:48,1,1.0,
PER_000087,Person,USES_IP,IP_000033,IP,2025-04-20 12:09:15,2025-04-20 12:09:15,1,1.0,
PER_000087,Person,USES_IP,IP_000035,IP,2025-04-17 15:01:44,2025-04-17 15:01:44,1,1.0,
PER_000087,Person,USES_IP,IP_000036,IP,2025-09-09 15:54:31,2025-09-09 15:54:31,1,1.0,
PER_000087,Person,USES_IP,IP_000038,IP,2025-07-09 13:06:03,2025-07-17 10:07:00,2,2.0,
PER_000087,Person,USES_IP,IP_000039,IP,2025-06-11 18:03:47,2025-06-11 18:03:47,1,1.0,
PER_000087,Person,USES_IP,IP_000040,IP,2025-04-25 14:58:05,2025-12-25 16:31:04,3,3.0,
PER_000087,Person,USES_IP,IP_000042,IP,2025-03-18 13:07:59,2025-03-18 13:07:59,1,1.0,
PER_000087,Person,USES_IP,IP_000046,IP,2025-06-04 09:14:31,2025-09-04 18:11:02,2,2.0,
PER_000087,Person,USES_IP,IP_000048,IP,2025-06-12 16:11:07,2025-06-12 16:11:07,1,1.0,
PER_000087,Person,USES_IP,IP_000050,IP,2025-07-03 10:40:40,2025-07-03 10:40:40,1,1.0,
PER_000087,Person,USES_IP,IP_000051,IP,2025-06-10 01:15:29,2025-06-10 01:15:29,1,1.0,
PER_000087,Person,USES_IP,IP_000056,IP,2025-12-04 23:51:11,2025-12-04 23:51:11,1,1.0,
PER_000087,Person,USES_IP,IP_000057,IP,2025-08-20 19:45:58,2025-08-20 19:45:58,1,1.0,
PER_000087,Person,USES_IP,IP_000058,IP,2025-01-24 18:17:26,2025-11-25 05:55:12,4,4.0,
PER_000087,Person,USES_IP,IP_000063,IP,2025-03-20 12:54:07,2025-03-22 18:04:34,2,2.0,
PER_000087,Person,USES_IP,IP_000066,IP,2025-05-29 08:43:47,2025-08-11 07:45:58,2,2.0,
PER_000087,Person,USES_IP,IP_000068,IP,2025-02-20 19:35:59,2025-02-20 19:35:59,1,1.0,
PER_000087,Person,USES_IP,IP_000069,IP,2025-04-08 16:44:17,2025-12-03 13:04:08,3,3.0,
PER_000087,Person,USES_IP,IP_000070,IP,2025-03-12 06:42:52,2025-09-19 09:21:39,3,3.0,
PER_000087,Person,USES_IP,IP_000073,IP,2025-02-10 02:07:56,2025-02-10 02:07:56,1,1.0,
PER_000087,Person,USES_IP,IP_000075,IP,2025-09-06 15:49:16,2025-10-11 17:32:13,2,2.0,
PER_000087,Person,USES_IP,IP_000076,IP,2025-09-03 16:32:07,2025-09-13 13:19:48,2,2.0,
PER_000087,Person,USES_IP,IP_000078,IP,2025-04-03 14:58:50,2025-04-03 14:58:50,1,1.0,
PER_000087,Person,USES_IP,IP_000084,IP,2025-05-06 19:32:26,2025-05-06 19:32:26,1,1.0,
PER_000087,Person,USES_IP,IP_000088,IP,2025-08-20 12:08:36,2025-08-20 12:08:36,1,1.0,
PER_000087,Person,USES_IP,IP_000092,IP,2025-03-27 21:15:01,2025-03-27 21:15:01,1,1.0,
PER_000087,Person,USES_IP,IP_000095,IP,2025-02-25 13:35:19,2025-02-25 13:35:19,1,1.0,
PER_000087,Person,USES_IP,IP_000096,IP,2025-07-17 15:39:16,2025-07-17 15:39:16,1,1.0,
PER_000087,Person,USES_IP,IP_000097,IP,2025-04-27 16:27:22,2025-05-30 15:42:25,2,2.0,
PER_000087,Person,USES_IP,IP_000100,IP,2025-02-11 04:00:26,2025-06-13 10:41:02,2,2.0,
PER_000087,Person,USES_IP,IP_000101,IP,2025-05-27 10:52:38,2025-05-27 10:52:38,1,1.0,
PER_000087,Person,USES_IP,IP_000104,IP,2025-01-11 20:22:48,2025-01-11 20:22:48,1,1.0,
PER_000087,Person,USES_IP,IP_000105,IP,2025-10-21 08:55:33,2025-10-21 08:55:33,1,1.0,
PER_000087,Person,USES_IP,IP_000106,IP,2025-02-22 11:43:51,2025-07-09 12:15:30,2,2.0,
PER_000087,Person,USES_IP,IP_000107,IP,2025-10-27 11:04:51,2025-10-27 11:04:51,1,1.0,
PER_000087,Person,USES_IP,IP_000109,IP,2025-07-22 13:37:13,2025-07-22 13:37:13,1,1.0,
PER_000087,Person,USES_IP,IP_000111,IP,2025-08-12 13:34:38,2025-08-12 13:34:38,1,1.0,
PER_000087,Person,USES_IP,IP_000113,IP,2025-07-29 02:28:05,2025-07-29 02:28:05,1,1.0,
PER_000087,Person,USES_IP,IP_000114,IP,2025-04-10 12:19:40,2025-04-10 12:19:40,1,1.0,
PER_000087,Person,USES_IP,IP_000119,IP,2025-02-08 14:29:19,2025-03-05 11:16:39,2,2.0,
PER_000087,Person,USES_IP,IP_000120,IP,2025-05-24 09:25:51,2025-05-24 09:25:51,1,1.0,
PER_000088,Person,USES_IP,IP_000007,IP,2025-10-13 07:39:27,2025-10-13 07:39:27,1,1.0,
PER_000088,Person,USES_IP,IP_000020,IP,2025-11-21 14:11:44,2025-11-21 14:11:44,1,1.0,
PER_000088,Person,USES_IP,IP_000034,IP,2025-09-11 03:42:52,2025-09-11 03:42:52,1,1.0,
PER_000088,Person,USES_IP,IP_000042,IP,2025-07-11 16:53:48,2025-07-11 16:53:48,1,1.0,
PER_000088,Person,USES_IP,IP_000049,IP,2025-07-05 15:57:52,2025-07-05 15:57:52,1,1.0,
PER_000088,Person,USES_IP,IP_000064,IP,2025-05-25 11:48:10,2025-05-25 11:48:10,1,1.0,
PER_000088,Person,USES_IP,IP_000069,IP,2025-11-04 19:40:10,2025-11-04 19:40:10,1,1.0,
PER_000088,Person,USES_IP,IP_000072,IP,2025-12-29 15:30:49,2025-12-29 15:30:49,1,1.0,
PER_000088,Person,USES_IP,IP_000093,IP,2025-09-12 04:28:13,2025-09-12 04:28:13,1,1.0,
PER_000088,Person,USES_IP,IP_000105,IP,2025-12-12 05:49:28,2025-12-12 05:49:28,1,1.0,
PER_000088,Person,USES_IP,IP_000120,IP,2025-12-22 18:30:50,2025-12-22 18:30:50,1,1.0,
PER_000089,Person,USES_IP,IP_000005,IP,2025-10-11 08:32:35,2025-10-11 08:32:35,1,1.0,
PER_000089,Person,USES_IP,IP_000012,IP,2025-12-19 15:38:09,2025-12-19 15:38:09,1,1.0,
PER_000089,Person,USES_IP,IP_000017,IP,2025-10-27 18:34:22,2025-10-27 18:34:22,1,1.0,
PER_000089,Person,USES_IP,IP_000022,IP,2025-11-20 06:56:01,2025-11-20 06:56:01,1,1.0,
PER_000089,Person,USES_IP,IP_000031,IP,2025-01-20 22:25:56,2025-01-20 22:25:56,1,1.0,
PER_000089,Person,USES_IP,IP_000036,IP,2025-04-02 17:05:21,2025-04-02 17:05:21,1,1.0,
PER_000089,Person,USES_IP,IP_000040,IP,2025-07-09 12:44:55,2025-07-09 12:44:55,1,1.0,
PER_000089,Person,USES_IP,IP_000042,IP,2025-10-16 22:47:02,2025-10-16 22:47:02,1,1.0,
PER_000089,Person,USES_IP,IP_000059,IP,2025-08-21 15:34:06,2025-08-21 15:34:06,1,1.0,
PER_000089,Person,USES_IP,IP_000074,IP,2025-09-13 21:35:01,2025-09-13 21:35:01,1,1.0,
PER_000089,Person,USES_IP,IP_000078,IP,2025-08-22 11:11:17,2025-08-22 11:11:17,1,1.0,
PER_000089,Person,USES_IP,IP_000081,IP,2025-04-12 17:07:16,2025-04-12 17:07:16,1,1.0,
PER_000089,Person,USES_IP,IP_000090,IP,2025-07-01 21:55:54,2025-07-01 21:55:54,1,1.0,
PER_000089,Person,USES_IP,IP_000094,IP,2025-05-30 17:14:33,2025-05-30 17:14:33,1,1.0,
PER_000089,Person,USES_IP,IP_000099,IP,2025-02-06 11:54:14,2025-02-06 11:54:14,1,1.0,
PER_000089,Person,USES_IP,IP_000111,IP,2025-11-03 14:04:54,2025-11-03 14:04:54,1,1.0,
PER_000089,Person,USES_IP,IP_000116,IP,2025-12-08 18:55:33,2025-12-08 18:55:33,1,1.0,
PER_000089,Person,USES_IP,IP_000119,IP,2025-01-27 09:05:42,2025-01-27 09:05:42,1,1.0,
PER_000090,Person,USES_IP,IP_000002,IP,2025-07-29 16:31:41,2025-07-29 16:31:41,1,1.0,
PER_000090,Person,USES_IP,IP_000003,IP,2025-11-21 14:22:43,2025-11-21 14:22:43,1,1.0,
PER_000090,Person,USES_IP,IP_000008,IP,2025-11-21 19:31:41,2025-11-21 19:31:41,1,1.0,
PER_000090,Person,USES_IP,IP_000009,IP,2025-01-17 21:42:52,2025-01-17 21:42:52,1,1.0,
PER_000090,Person,USES_IP,IP_000014,IP,2025-02-05 21:04:26,2025-07-19 15:34:19,2,2.0,
PER_000090,Person,USES_IP,IP_000032,IP,2025-03-07 11:48:40,2025-03-07 11:48:40,1,1.0,
PER_000090,Person,USES_IP,IP_000034,IP,2025-11-07 17:42:32,2025-11-07 17:42:32,1,1.0,
PER_000090,Person,USES_IP,IP_000042,IP,2025-11-04 10:31:19,2025-11-04 10:31:19,1,1.0,
PER_000090,Person,USES_IP,IP_000058,IP,2025-02-18 18:44:47,2025-02-18 18:44:47,1,1.0,
PER_000090,Person,USES_IP,IP_000077,IP,2025-04-20 17:29:13,2025-04-20 17:29:13,1,1.0,
PER_000090,Person,USES_IP,IP_000079,IP,2025-12-24 15:46:16,2025-12-24 15:46:16,1,1.0,
PER_000090,Person,USES_IP,IP_000083,IP,2025-01-18 15:17:26,2025-01-18 15:17:26,1,1.0,
PER_000090,Person,USES_IP,IP_000105,IP,2025-03-12 07:29:25,2025-03-12 07:29:25,1,1.0,
PER_000090,Person,USES_IP,IP_000107,IP,2025-08-23 15:54:00,2025-08-23 15:54:00,1,1.0,
PER_000091,Person,USES_IP,IP_000002,IP,2025-01-28 05:08:57,2025-12-18 11:43:07,12,12.0,
PER_000092,Person,USES_IP,IP_000017,IP,2025-10-03 10:05:14,2025-10-03 10:05:14,1,1.0,
PER_000092,Person,USES_IP,IP_000023,IP,2025-07-20 18:39:52,2025-07-20 18:39:52,1,1.0,
PER_000092,Person,USES_IP,IP_000036,IP,2025-04-05 15:10:58,2025-04-05 15:10:58,1,1.0,
PER_000092,Person,USES_IP,IP_000037,IP,2025-11-27 14:14:18,2025-11-27 14:14:18,1,1.0,
PER_000092,Person,USES_IP,IP_000049,IP,2025-03-03 15:43:37,2025-03-03 15:43:37,1,1.0,
PER_000092,Person,USES_IP,IP_000051,IP,2025-12-08 14:24:04,2025-12-08 14:24:04,1,1.0,
PER_000092,Person,USES_IP,IP_000052,IP,2025-04-23 16:14:07,2025-04-23 16:14:07,1,1.0,
PER_000092,Person,USES_IP,IP_000053,IP,2025-01-16 21:32:36,2025-01-16 21:32:36,1,1.0,
PER_000092,Person,USES_IP,IP_000060,IP,2025-04-25 19:47:01,2025-04-25 19:47:01,1,1.0,
PER_000092,Person,USES_IP,IP_000062,IP,2025-08-08 20:19:26,2025-08-08 20:19:26,1,1.0,
PER_000092,Person,USES_IP,IP_000065,IP,2025-09-02 02:16:02,2025-09-02 02:16:02,1,1.0,
PER_000092,Person,USES_IP,IP_000082,IP,2025-02-07 13:45:13,2025-02-07 13:45:13,1,1.0,
PER_000092,Person,USES_IP,IP_000093,IP,2025-05-09 17:59:58,2025-05-09 17:59:58,1,1.0,
PER_000092,Person,USES_IP,IP_000094,IP,2025-05-22 16:53:23,2025-05-22 16:53:23,1,1.0,
PER_000092,Person,USES_IP,IP_000097,IP,2025-10-04 08:35:49,2025-10-21 21:19:10,2,2.0,
PER_000092,Person,USES_IP,IP_000116,IP,2025-08-15 21:55:12,2025-08-15 21:55:12,1,1.0,
PER_000093,Person,USES_IP,IP_000001,IP,2025-03-13 20:07:54,2025-03-13 20:07:54,1,1.0,
PER_000093,Person,USES_IP,IP_000002,IP,2025-11-26 06:55:05,2025-11-26 06:55:05,1,1.0,
PER_000093,Person,USES_IP,IP_000004,IP,2025-10-13 20:20:24,2025-10-13 20:20:24,1,1.0,
PER_000093,Person,USES_IP,IP_000005,IP,2025-07-10 06:36:24,2025-07-10 06:36:24,1,1.0,
PER_000093,Person,USES_IP,IP_000006,IP,2025-06-23 16:44:07,2025-06-23 16:44:07,1,1.0,
PER_000093,Person,USES_IP,IP_000007,IP,2025-05-08 17:03:11,2025-05-08 17:03:11,1,1.0,
PER_000093,Person,USES_IP,IP_000008,IP,2025-09-09 16:25:47,2025-09-09 16:25:47,1,1.0,
PER_000093,Person,USES_IP,IP_000009,IP,2025-08-05 13:30:53,2025-08-05 13:30:53,1,1.0,
PER_000093,Person,USES_IP,IP_000010,IP,2025-05-19 14:02:26,2025-05-19 14:02:26,1,1.0,
PER_000093,Person,USES_IP,IP_000011,IP,2025-03-14 14:03:11,2025-09-18 17:43:39,4,4.0,
PER_000093,Person,USES_IP,IP_000012,IP,2025-06-18 11:58:50,2025-06-18 11:58:50,1,1.0,
PER_000093,Person,USES_IP,IP_000014,IP,2025-01-08 10:12:43,2025-01-08 10:12:43,1,1.0,
PER_000093,Person,USES_IP,IP_000016,IP,2025-11-20 12:55:21,2025-11-20 12:55:21,1,1.0,
PER_000093,Person,USES_IP,IP_000018,IP,2025-03-24 07:22:03,2025-08-24 09:13:31,3,3.0,
PER_000093,Person,USES_IP,IP_000020,IP,2025-12-05 15:29:25,2025-12-05 15:29:25,1,1.0,
PER_000093,Person,USES_IP,IP_000021,IP,2025-04-15 17:06:03,2025-05-07 15:12:53,2,2.0,
PER_000093,Person,USES_IP,IP_000022,IP,2025-06-11 10:55:08,2025-09-25 15:20:39,2,2.0,
PER_000093,Person,USES_IP,IP_000025,IP,2025-01-25 10:20:24,2025-01-25 10:20:24,1,1.0,
PER_000093,Person,USES_IP,IP_000026,IP,2025-10-28 11:12:32,2025-10-28 11:12:32,1,1.0,
PER_000093,Person,USES_IP,IP_000030,IP,2025-05-26 16:34:34,2025-05-26 16:34:34,1,1.0,
PER_000093,Person,USES_IP,IP_000031,IP,2025-04-17 15:44:59,2025-12-21 14:18:59,3,3.0,
PER_000093,Person,USES_IP,IP_000032,IP,2025-09-15 12:03:03,2025-09-15 12:03:03,1,1.0,
PER_000093,Person,USES_IP,IP_000033,IP,2025-11-07 16:29:41,2025-11-07 16:29:41,1,1.0,
PER_000093,Person,USES_IP,IP_000040,IP,2025-01-07 16:50:44,2025-01-07 16:50:44,1,1.0,
PER_000093,Person,USES_IP,IP_000043,IP,2025-10-31 15:29:13,2025-10-31 15:29:13,1,1.0,
PER_000093,Person,USES_IP,IP_000044,IP,2025-07-27 03:56:09,2025-11-27 18:00:14,2,2.0,
PER_000093,Person,USES_IP,IP_000045,IP,2025-07-25 18:15:28,2025-09-14 15:29:16,2,2.0,
PER_000093,Person,USES_IP,IP_000048,IP,2025-07-26 05:32:18,2025-07-26 05:32:18,1,1.0,
PER_000093,Person,USES_IP,IP_000049,IP,2025-10-07 17:25:30,2025-12-24 15:13:58,2,2.0,
PER_000093,Person,USES_IP,IP_000050,IP,2025-04-24 18:05:05,2025-04-24 18:05:05,1,1.0,
PER_000093,Person,USES_IP,IP_000051,IP,2025-03-20 18:32:49,2025-08-02 16:44:11,3,3.0,
PER_000093,Person,USES_IP,IP_000052,IP,2025-02-14 05:05:37,2025-07-31 03:51:55,2,2.0,
PER_000093,Person,USES_IP,IP_000053,IP,2025-06-04 19:31:35,2025-06-04 19:31:35,1,1.0,
PER_000093,Person,USES_IP,IP_000054,IP,2025-05-18 09:38:39,2025-05-18 09:38:39,1,1.0,
PER_000093,Person,USES_IP,IP_000055,IP,2025-02-11 04:41:07,2025-06-25 03:49:09,2,2.0,
PER_000093,Person,USES_IP,IP_000058,IP,2025-03-04 11:27:08,2025-03-04 11:27:08,1,1.0,
PER_000093,Person,USES_IP,IP_000059,IP,2025-03-13 07:43:59,2025-10-10 11:20:54,3,3.0,
PER_000093,Person,USES_IP,IP_000061,IP,2025-10-11 16:04:17,2025-10-11 16:04:17,1,1.0,
PER_000093,Person,USES_IP,IP_000062,IP,2025-07-26 13:43:59,2025-08-22 14:44:43,2,2.0,
PER_000093,Person,USES_IP,IP_000064,IP,2025-03-17 07:56:32,2025-09-18 15:39:15,2,2.0,
PER_000093,Person,USES_IP,IP_000065,IP,2025-03-13 16:20:08,2025-03-13 16:20:08,1,1.0,
PER_000093,Person,USES_IP,IP_000066,IP,2025-12-22 19:01:50,2025-12-22 19:01:50,1,1.0,
PER_000093,Person,USES_IP,IP_000067,IP,2025-08-10 01:12:02,2025-08-10 01:12:02,1,1.0,
PER_000093,Person,USES_IP,IP_000069,IP,2025-01-03 03:43:02,2025-01-03 03:43:02,1,1.0,
PER_000093,Person,USES_IP,IP_000070,IP,2025-02-24 16:31:40,2025-08-02 13:59:07,2,2.0,
PER_000093,Person,USES_IP,IP_000072,IP,2025-12-25 12:09:32,2025-12-28 11:33:31,2,2.0,
PER_000093,Person,USES_IP,IP_000073,IP,2025-03-11 04:49:54,2025-04-08 21:58:00,2,2.0,
PER_000093,Person,USES_IP,IP_000074,IP,2025-06-27 17:29:07,2025-06-27 17:29:07,1,1.0,
PER_000093,Person,USES_IP,IP_000075,IP,2025-08-20 12:08:01,2025-08-20 12:08:01,1,1.0,
PER_000093,Person,USES_IP,IP_000078,IP,2025-01-11 10:03:55,2025-09-14 21:10:59,2,2.0,
PER_000093,Person,USES_IP,IP_000082,IP,2025-01-21 12:07:28,2025-07-30 14:31:24,2,2.0,
PER_000093,Person,USES_IP,IP_000083,IP,2025-02-27 02:40:23,2025-02-27 02:40:23,1,1.0,
PER_000093,Person,USES_IP,IP_000084,IP,2025-03-06 14:41:05,2025-03-06 14:41:05,1,1.0,
PER_000093,Person,USES_IP,IP_000085,IP,2025-12-25 18:17:44,2025-12-25 18:17:44,1,1.0,
PER_000093,Person,USES_IP,IP_000086,IP,2025-11-04 15:11:43,2025-11-04 15:11:43,1,1.0,
PER_000093,Person,USES_IP,IP_000087,IP,2025-08-25 15:49:43,2025-08-25 15:49:43,1,1.0,
PER_000093,Person,USES_IP,IP_000088,IP,2025-11-29 18:33:39,2025-11-29 18:33:39,1,1.0,
PER_000093,Person,USES_IP,IP_000089,IP,2025-03-23 10:01:49,2025-03-23 10:01:49,1,1.0,
PER_000093,Person,USES_IP,IP_000090,IP,2025-01-30 17:31:24,2025-04-06 16:02:37,3,3.0,
PER_000093,Person,USES_IP,IP_000093,IP,2025-01-29 06:42:47,2025-12-21 13:10:22,3,3.0,
PER_000093,Person,USES_IP,IP_000094,IP,2025-03-01 11:39:28,2025-05-13 06:42:56,2,2.0,
PER_000093,Person,USES_IP,IP_000096,IP,2025-03-17 13:41:09,2025-03-17 13:41:09,1,1.0,
PER_000093,Person,USES_IP,IP_000101,IP,2025-06-18 11:08:17,2025-10-12 15:13:24,2,2.0,
PER_000093,Person,USES_IP,IP_000102,IP,2025-11-24 16:15:30,2025-11-24 16:15:30,1,1.0,
PER_000093,Person,USES_IP,IP_000103,IP,2025-10-05 16:38:04,2025-10-05 16:38:04,1,1.0,
PER_000093,Person,USES_IP,IP_000104,IP,2025-04-19 05:05:25,2025-04-19 05:05:25,1,1.0,
PER_000093,Person,USES_IP,IP_000105,IP,2025-02-19 12:51:59,2025-09-05 13:32:50,4,4.0,
PER_000093,Person,USES_IP,IP_000107,IP,2025-03-12 11:45:19,2025-03-12 11:45:19,1,1.0,
PER_000093,Person,USES_IP,IP_000108,IP,2025-01-02 15:30:26,2025-12-25 13:36:56,3,3.0,
PER_000093,Person,USES_IP,IP_000109,IP,2025-03-18 10:01:12,2025-03-18 10:01:12,1,1.0,
PER_000093,Person,USES_IP,IP_000110,IP,2025-10-10 09:41:26,2025-10-10 09:41:26,1,1.0,
PER_000093,Person,USES_IP,IP_000112,IP,2025-05-26 04:18:46,2025-05-26 04:18:46,1,1.0,
PER_000093,Person,USES_IP,IP_000113,IP,2025-04-07 12:35:43,2025-04-07 12:35:43,1,1.0,
PER_000093,Person,USES_IP,IP_000114,IP,2025-07-11 18:30:29,2025-07-11 18:30:29,1,1.0,
PER_000093,Person,USES_IP,IP_000115,IP,2025-06-12 14:10:13,2025-06-12 14:10:13,1,1.0,
PER_000093,Person,USES_IP,IP_000117,IP,2025-07-31 16:48:05,2025-07-31 16:48:05,1,1.0,
PER_000093,Person,USES_IP,IP_000118,IP,2025-01-11 05:00:47,2025-03-28 13:07:18,2,2.0,
PER_000093,Person,USES_IP,IP_000119,IP,2025-03-14 05:23:14,2025-03-14 05:23:14,1,1.0,
PER_000093,Person,USES_IP,IP_000120,IP,2025-03-19 15:47:24,2025-10-11 16:42:45,3,3.0,
PER_000094,Person,USES_IP,IP_000003,IP,2025-12-17 20:50:18,2025-12-17 20:50:18,1,1.0,
PER_000094,Person,USES_IP,IP_000009,IP,2025-08-17 09:00:16,2025-08-17 09:00:16,1,1.0,
PER_000094,Person,USES_IP,IP_000020,IP,2025-06-20 12:12:34,2025-06-20 12:12:34,1,1.0,
PER_000094,Person,USES_IP,IP_000042,IP,2025-07-14 00:04:35,2025-07-14 00:04:35,1,1.0,
PER_000094,Person,USES_IP,IP_000050,IP,2025-03-16 15:05:20,2025-03-16 15:05:20,1,1.0,
PER_000094,Person,USES_IP,IP_000055,IP,2025-05-26 13:16:30,2025-05-26 13:16:30,1,1.0,
PER_000094,Person,USES_IP,IP_000061,IP,2025-12-28 09:42:35,2025-12-28 09:42:35,1,1.0,
PER_000094,Person,USES_IP,IP_000064,IP,2025-12-17 07:32:26,2025-12-17 07:32:26,1,1.0,
PER_000094,Person,USES_IP,IP_000073,IP,2025-01-12 19:20:39,2025-01-12 19:20:39,1,1.0,
PER_000094,Person,USES_IP,IP_000075,IP,2025-09-08 17:59:38,2025-09-08 17:59:38,1,1.0,
PER_000094,Person,USES_IP,IP_000076,IP,2025-10-17 11:12:50,2025-10-17 11:12:50,1,1.0,
PER_000094,Person,USES_IP,IP_000091,IP,2025-11-04 04:41:32,2025-11-04 04:41:32,1,1.0,
PER_000094,Person,USES_IP,IP_000109,IP,2025-01-09 16:41:04,2025-01-09 16:41:04,1,1.0,
PER_000094,Person,USES_IP,IP_000119,IP,2025-01-28 21:23:15,2025-01-28 21:23:15,1,1.0,
PER_000095,Person,USES_IP,IP_000011,IP,2025-12-06 07:35:38,2025-12-06 07:35:38,1,1.0,
PER_000095,Person,USES_IP,IP_000055,IP,2025-12-18 08:38:28,2025-12-18 08:38:28,1,1.0,
PER_000095,Person,USES_IP,IP_000058,IP,2025-05-13 07:19:06,2025-05-13 07:19:06,1,1.0,
PER_000095,Person,USES_IP,IP_000061,IP,2025-12-23 13:44:22,2025-12-23 13:44:22,1,1.0,
PER_000095,Person,USES_IP,IP_000071,IP,2025-12-21 15:38:50,2025-12-21 15:38:50,1,1.0,
PER_000095,Person,USES_IP,IP_000075,IP,2025-02-01 21:05:13,2025-02-01 21:05:13,1,1.0,
PER_000095,Person,USES_IP,IP_000078,IP,2025-03-08 18:16:55,2025-03-08 18:16:55,1,1.0,
PER_000095,Person,USES_IP,IP_000082,IP,2025-04-09 22:02:32,2025-04-09 22:02:32,1,1.0,
PER_000095,Person,USES_IP,IP_000099,IP,2025-02-08 17:17:26,2025-02-08 17:17:26,1,1.0,
PER_000095,Person,USES_IP,IP_000101,IP,2025-07-09 13:28:41,2025-07-09 13:28:41,1,1.0,
PER_000095,Person,USES_IP,IP_000105,IP,2025-03-27 17:02:32,2025-03-27 17:02:32,1,1.0,
PER_000095,Person,USES_IP,IP_000114,IP,2025-06-10 10:05:05,2025-06-10 10:05:05,1,1.0,
PER_000096,Person,USES_IP,IP_000001,IP,2025-10-11 08:41:35,2025-10-11 08:41:35,1,1.0,
PER_000096,Person,USES_IP,IP_000010,IP,2025-07-03 14:00:00,2025-07-03 14:00:00,1,1.0,
PER_000096,Person,USES_IP,IP_000022,IP,2025-10-16 09:16:03,2025-10-16 09:16:03,1,1.0,
PER_000096,Person,USES_IP,IP_000028,IP,2025-03-06 14:55:00,2025-03-06 14:55:00,1,1.0,
PER_000096,Person,USES_IP,IP_000030,IP,2025-10-24 18:01:09,2025-10-24 18:01:09,1,1.0,
PER_000096,Person,USES_IP,IP_000033,IP,2025-08-01 19:12:13,2025-08-01 19:12:13,1,1.0,
PER_000096,Person,USES_IP,IP_000056,IP,2025-03-14 13:49:46,2025-03-14 13:49:46,1,1.0,
PER_000096,Person,USES_IP,IP_000058,IP,2025-10-08 14:44:48,2025-10-08 14:44:48,1,1.0,
PER_000096,Person,USES_IP,IP_000080,IP,2025-10-11 08:09:17,2025-10-11 08:09:17,1,1.0,
PER_000096,Person,USES_IP,IP_000084,IP,2025-03-11 17:24:40,2025-03-11 17:24:40,1,1.0,
PER_000096,Person,USES_IP,IP_000093,IP,2025-06-13 19:29:30,2025-06-13 19:29:30,1,1.0,
PER_000096,Person,USES_IP,IP_000102,IP,2025-11-14 11:28:58,2025-11-14 11:28:58,1,1.0,
PER_000096,Person,USES_IP,IP_000107,IP,2025-12-08 14:26:24,2025-12-08 14:26:24,1,1.0,
PER_000096,Person,USES_IP,IP_000112,IP,2025-12-26 16:15:57,2025-12-26 16:15:57,1,1.0,
PER_000096,Person,USES_IP,IP_000115,IP,2025-11-18 03:07:26,2025-11-18 03:07:26,1,1.0,
PER_000096,Person,USES_IP,IP_000117,IP,2025-06-29 12:15:50,2025-06-29 12:15:50,1,1.0,
PER_000097,Person,USES_IP,IP_000001,IP,2025-12-03 10:40:46,2025-12-03 10:40:46,1,1.0,
PER_000097,Person,USES_IP,IP_000012,IP,2025-09-08 04:43:57,2025-09-08 04:43:57,1,1.0,
PER_000097,Person,USES_IP,IP_000030,IP,2025-08-02 16:45:31,2025-08-02 16:45:31,1,1.0,
PER_000097,Person,USES_IP,IP_000041,IP,2025-04-03 13:01:56,2025-04-03 13:01:56,1,1.0,
PER_000097,Person,USES_IP,IP_000044,IP,2025-08-16 10:59:23,2025-08-16 10:59:23,1,1.0,
PER_000097,Person,USES_IP,IP_000052,IP,2025-07-18 03:39:24,2025-07-18 03:39:24,1,1.0,
PER_000097,Person,USES_IP,IP_000061,IP,2025-06-08 07:38:10,2025-06-08 07:38:10,1,1.0,
PER_000097,Person,USES_IP,IP_000064,IP,2025-03-23 09:39:08,2025-03-23 09:39:08,1,1.0,
PER_000097,Person,USES_IP,IP_000068,IP,2025-04-24 18:02:02,2025-04-24 18:02:02,1,1.0,
PER_000097,Person,USES_IP,IP_000075,IP,2025-11-26 11:24:57,2025-11-26 11:24:57,1,1.0,
PER_000097,Person,USES_IP,IP_000084,IP,2025-02-06 21:24:04,2025-11-06 10:48:24,2,2.0,
PER_000097,Person,USES_IP,IP_000087,IP,2025-07-26 15:52:04,2025-07-26 15:52:04,1,1.0,
PER_000097,Person,USES_IP,IP_000096,IP,2025-01-13 10:14:19,2025-01-13 10:14:19,1,1.0,
PER_000097,Person,USES_IP,IP_000100,IP,2025-10-25 15:50:20,2025-10-25 15:50:20,1,1.0,
PER_000098,Person,USES_IP,IP_000003,IP,2025-12-10 20:08:38,2025-12-10 20:08:38,1,1.0,
PER_000098,Person,USES_IP,IP_000007,IP,2025-07-08 07:33:44,2025-07-08 07:33:44,1,1.0,
PER_000098,Person,USES_IP,IP_000012,IP,2025-01-22 04:59:33,2025-01-22 04:59:33,1,1.0,
PER_000098,Person,USES_IP,IP_000025,IP,2025-09-15 12:12:04,2025-09-15 12:12:04,1,1.0,
PER_000098,Person,USES_IP,IP_000048,IP,2025-09-06 10:30:48,2025-09-06 10:30:48,1,1.0,
PER_000098,Person,USES_IP,IP_000051,IP,2025-03-03 15:52:46,2025-03-03 15:52:46,1,1.0,
PER_000098,Person,USES_IP,IP_000053,IP,2025-06-06 10:25:42,2025-12-10 14:45:07,2,2.0,
PER_000098,Person,USES_IP,IP_000102,IP,2025-06-22 17:15:12,2025-06-22 17:15:12,1,1.0,
PER_000098,Person,USES_IP,IP_000105,IP,2025-12-15 15:58:45,2025-12-15 15:58:45,1,1.0,
PER_000098,Person,USES_IP,IP_000108,IP,2025-11-03 02:23:45,2025-11-03 02:23:45,1,1.0,
PER_000099,Person,USES_IP,IP_000001,IP,2025-05-01 01:05:48,2025-05-01 10:58:40,2,2.0,
PER_000099,Person,USES_IP,IP_000003,IP,2025-05-01 14:57:14,2025-05-01 14:57:14,1,1.0,
PER_000099,Person,USES_IP,IP_000004,IP,2025-05-01 00:00:55,2025-05-01 18:24:08,3,3.0,
PER_000099,Person,USES_IP,IP_000007,IP,2025-05-01 14:17:09,2025-05-01 16:40:41,2,2.0,
PER_000099,Person,USES_IP,IP_000008,IP,2025-05-01 19:40:17,2025-05-01 19:40:17,1,1.0,
PER_000099,Person,USES_IP,IP_000009,IP,2025-05-01 13:07:24,2025-05-01 20:48:17,2,2.0,
PER_000099,Person,USES_IP,IP_000010,IP,2025-05-01 09:16:22,2025-05-01 13:15:08,2,2.0,
PER_000099,Person,USES_IP,IP_000013,IP,2025-05-01 01:47:11,2025-05-01 01:47:11,1,1.0,
PER_000099,Person,USES_IP,IP_000014,IP,2025-05-01 02:27:51,2025-05-01 02:27:51,1,1.0,
PER_000099,Person,USES_IP,IP_000017,IP,2025-05-01 07:06:11,2025-05-01 07:06:11,1,1.0,
PER_000099,Person,USES_IP,IP_000019,IP,2025-05-01 22:18:00,2025-05-01 22:18:00,1,1.0,
PER_000099,Person,USES_IP,IP_000022,IP,2025-05-01 04:38:24,2025-05-01 17:13:55,2,2.0,
PER_000099,Person,USES_IP,IP_000023,IP,2025-05-01 21:30:50,2025-05-01 21:30:50,1,1.0,
PER_000099,Person,USES_IP,IP_000024,IP,2025-05-01 20:15:18,2025-05-01 20:15:18,1,1.0,
PER_000099,Person,USES_IP,IP_000026,IP,2025-05-01 04:26:10,2025-05-01 04:26:10,1,1.0,
PER_000099,Person,USES_IP,IP_000027,IP,2025-05-01 16:59:48,2025-05-01 16:59:48,1,1.0,
PER_000099,Person,USES_IP,IP_000028,IP,2025-05-01 04:32:49,2025-05-01 04:32:49,1,1.0,
PER_000099,Person,USES_IP,IP_000029,IP,2025-05-01 23:44:05,2025-05-01 23:44:05,1,1.0,
PER_000099,Person,USES_IP,IP_000030,IP,2025-05-01 22:42:29,2025-05-01 22:42:29,1,1.0,
PER_000099,Person,USES_IP,IP_000031,IP,2025-05-01 16:39:49,2025-05-01 16:39:49,1,1.0,
PER_000099,Person,USES_IP,IP_000033,IP,2025-05-01 01:01:02,2025-05-01 19:41:40,2,2.0,
PER_000099,Person,USES_IP,IP_000034,IP,2025-05-01 06:04:51,2025-05-01 06:04:51,1,1.0,
PER_000099,Person,USES_IP,IP_000035,IP,2025-05-01 06:53:34,2025-05-01 06:53:34,1,1.0,
PER_000099,Person,USES_IP,IP_000037,IP,2025-05-01 02:22:07,2025-05-01 17:37:42,2,2.0,
PER_000099,Person,USES_IP,IP_000040,IP,2025-05-01 00:25:51,2025-05-01 00:25:51,1,1.0,
PER_000099,Person,USES_IP,IP_000042,IP,2025-05-01 00:49:39,2025-05-01 00:49:39,1,1.0,
PER_000099,Person,USES_IP,IP_000043,IP,2025-05-01 13:12:33,2025-05-01 22:32:50,3,3.0,
PER_000099,Person,USES_IP,IP_000044,IP,2025-05-01 05:26:31,2025-05-01 05:26:31,1,1.0,
PER_000099,Person,USES_IP,IP_000045,IP,2025-05-01 07:36:00,2025-05-01 07:36:00,1,1.0,
PER_000099,Person,USES_IP,IP_000047,IP,2025-05-01 14:35:51,2025-05-01 14:35:51,1,1.0,
PER_000099,Person,USES_IP,IP_000048,IP,2025-05-01 18:01:09,2025-05-01 18:01:09,1,1.0,
PER_000099,Person,USES_IP,IP_000050,IP,2025-05-01 05:16:22,2025-05-01 16:17:26,2,2.0,
PER_000099,Person,USES_IP,IP_000051,IP,2025-05-01 09:53:38,2025-05-01 19:53:31,2,2.0,
PER_000099,Person,USES_IP,IP_000053,IP,2025-05-01 09:51:21,2025-05-01 11:36:54,2,2.0,
PER_000099,Person,USES_IP,IP_000054,IP,2025-05-01 03:51:08,2025-05-01 19:39:32,5,5.0,
PER_000099,Person,USES_IP,IP_000057,IP,2025-05-01 06:24:20,2025-05-01 06:24:20,1,1.0,
PER_000099,Person,USES_IP,IP_000063,IP,2025-05-01 19:33:46,2025-05-01 19:33:46,1,1.0,
PER_000099,Person,USES_IP,IP_000064,IP,2025-05-01 16:47:32,2025-05-01 16:47:32,1,1.0,
PER_000099,Person,USES_IP,IP_000070,IP,2025-05-01 09:58:21,2025-05-01 23:51:55,3,3.0,
PER_000099,Person,USES_IP,IP_000072,IP,2025-05-01 02:49:56,2025-05-01 02:49:56,1,1.0,
PER_000099,Person,USES_IP,IP_000074,IP,2025-05-01 01:10:51,2025-05-01 11:08:50,3,3.0,
PER_000099,Person,USES_IP,IP_000075,IP,2025-05-01 05:03:17,2025-05-01 17:43:01,2,2.0,
PER_000099,Person,USES_IP,IP_000077,IP,2025-05-01 09:53:15,2025-05-01 09:53:15,1,1.0,
PER_000099,Person,USES_IP,IP_000078,IP,2025-05-01 15:44:32,2025-05-01 15:44:32,1,1.0,
PER_000099,Person,USES_IP,IP_000080,IP,2025-05-01 08:43:06,2025-05-01 08:43:06,1,1.0,
PER_000099,Person,USES_IP,IP_000081,IP,2025-05-01 10:39:05,2025-05-01 10:39:05,1,1.0,
PER_000099,Person,USES_IP,IP_000086,IP,2025-05-01 23:42:17,2025-05-01 23:42:17,1,1.0,
PER_000099,Person,USES_IP,IP_000088,IP,2025-05-01 12:40:20,2025-05-01 23:26:39,2,2.0,
PER_000099,Person,USES_IP,IP_000089,IP,2025-05-01 01:09:07,2025-05-01 02:06:46,2,2.0,
PER_000099,Person,USES_IP,IP_000090,IP,2025-05-01 00:58:02,2025-05-01 23:02:34,2,2.0,
PER_000099,Person,USES_IP,IP_000091,IP,2025-05-01 21:55:38,2025-05-01 21:55:38,1,1.0,
PER_000099,Person,USES_IP,IP_000092,IP,2025-05-01 12:55:14,2025-05-01 12:55:14,1,1.0,
PER_000099,Person,USES_IP,IP_000093,IP,2025-05-01 08:47:20,2025-05-01 16:36:58,2,2.0,
PER_000099,Person,USES_IP,IP_000094,IP,2025-05-01 05:22:21,2025-05-01 05:22:21,1,1.0,
PER_000099,Person,USES_IP,IP_000095,IP,2025-05-01 00:18:25,2025-05-01 00:18:25,1,1.0,
PER_000099,Person,USES_IP,IP_000097,IP,2025-05-01 06:56:27,2025-05-01 20:01:38,4,4.0,
PER_000099,Person,USES_IP,IP_000102,IP,2025-05-01 09:24:12,2025-05-01 11:04:16,2,2.0,
PER_000099,Person,USES_IP,IP_000104,IP,2025-05-01 00:56:25,2025-05-01 12:58:06,2,2.0,
PER_000099,Person,USES_IP,IP_000106,IP,2025-05-01 08:03:12,2025-05-01 08:03:12,1,1.0,
PER_000099,Person,USES_IP,IP_000107,IP,2025-05-01 13:15:34,2025-05-01 23:49:22,3,3.0,
PER_000099,Person,USES_IP,IP_000108,IP,2025-05-01 12:24:25,2025-05-01 12:24:25,1,1.0,
PER_000099,Person,USES_IP,IP_000109,IP,2025-05-01 01:49:01,2025-05-01 01:49:01,1,1.0,
PER_000099,Person,USES_IP,IP_000112,IP,2025-05-01 16:27:01,2025-05-01 16:27:01,1,1.0,
PER_000099,Person,USES_IP,IP_000113,IP,2025-05-01 01:41:47,2025-05-01 12:34:17,3,3.0,
PER_000099,Person,USES_IP,IP_000115,IP,2025-05-01 06:22:20,2025-05-01 06:22:20,1,1.0,
PER_000099,Person,USES_IP,IP_000116,IP,2025-05-01 05:09:29,2025-05-01 05:09:29,1,1.0,
PER_000099,Person,USES_IP,IP_000117,IP,2025-05-01 05:40:48,2025-05-01 05:40:48,1,1.0,
PER_000100,Person,USES_IP,IP_000005,IP,2025-01-30 12:21:22,2025-01-30 12:21:22,1,1.0,
PER_000100,Person,USES_IP,IP_000016,IP,2025-06-22 15:28:15,2025-06-22 15:28:15,1,1.0,
PER_000100,Person,USES_IP,IP_000022,IP,2025-09-06 19:55:57,2025-09-06 19:55:57,1,1.0,
PER_000100,Person,USES_IP,IP_000026,IP,2025-06-03 09:41:02,2025-06-03 09:41:02,1,1.0,
PER_000100,Person,USES_IP,IP_000031,IP,2025-05-01 21:53:57,2025-05-01 21:53:57,1,1.0,
PER_000100,Person,USES_IP,IP_000039,IP,2025-12-18 21:41:39,2025-12-18 21:41:39,1,1.0,
PER_000100,Person,USES_IP,IP_000048,IP,2025-07-22 19:20:04,2025-07-22 19:20:04,1,1.0,
PER_000100,Person,USES_IP,IP_000061,IP,2025-07-02 18:52:39,2025-07-02 18:52:39,1,1.0,
PER_000100,Person,USES_IP,IP_000062,IP,2025-01-18 12:56:14,2025-01-18 12:56:14,1,1.0,
PER_000100,Person,USES_IP,IP_000068,IP,2025-07-13 16:30:05,2025-07-13 16:30:05,1,1.0,
PER_000100,Person,USES_IP,IP_000070,IP,2025-11-24 10:58:32,2025-11-24 10:58:32,1,1.0,
PER_000100,Person,USES_IP,IP_000092,IP,2025-12-28 03:10:31,2025-12-28 03:10:31,1,1.0,
PER_000100,Person,USES_IP,IP_000101,IP,2025-05-24 06:37:14,2025-05-24 06:37:14,1,1.0,
PER_000100,Person,USES_IP,IP_000103,IP,2025-10-25 12:56:54,2025-10-25 12:56:54,1,1.0,
PER_000100,Person,USES_IP,IP_000109,IP,2025-01-19 19:03:44,2025-01-19 19:03:44,1,1.0,
PER_000100,Person,USES_IP,IP_000113,IP,2025-05-31 16:18:56,2025-05-31 16:18:56,1,1.0,
PER_000001,Person,OWNS_ACCOUNT,ACC_000001,Account,2025-07-07,2025-12-31,1,1.0,type:social
PER_000002,Person,OWNS_ACCOUNT,ACC_000002,Account,2025-04-11,2025-12-31,1,1.0,type:messaging
PER_000003,Person,OWNS_ACCOUNT,ACC_000003,Account,2025-02-28,2025-12-31,1,1.0,type:social
PER_000004,Person,OWNS_ACCOUNT,ACC_000004,Account,2025-12-10,2025-12-31,1,1.0,type:messaging
PER_000005,Person,OWNS_ACCOUNT,ACC_000005,Account,2025-09-28,2025-12-31,1,1.0,type:social
PER_000006,Person,OWNS_ACCOUNT,ACC_000006,Account,2025-11-02,2025-12-31,1,1.0,type:messaging
PER_000007,Person,OWNS_ACCOUNT,ACC_000007,Account,2025-11-09,2025-12-31,1,1.0,type:messaging
PER_000008,Person,OWNS_ACCOUNT,ACC_000008,Account,2025-10-28,2025-12-31,1,1.0,type:bank
PER_000009,Person,OWNS_ACCOUNT,ACC_000009,Account,2025-06-28,2025-12-31,1,1.0,type:social
PER_000010,Person,OWNS_ACCOUNT,ACC_000010,Account,2025-08-23,2025-12-31,1,1.0,type:wallet
PER_000011,Person,OWNS_ACCOUNT,ACC_000011,Account,2025-12-11,2025-12-31,1,1.0,type:social
PER_000012,Person,OWNS_ACCOUNT,ACC_000012,Account,2025-11-11,2025-12-31,1,1.0,type:bank
PER_000013,Person,OWNS_ACCOUNT,ACC_000013,Account,2025-12-11,2025-12-31,1,1.0,type:wallet
PER_000014,Person,OWNS_ACCOUNT,ACC_000014,Account,2025-06-10,2025-12-31,1,1.0,type:bank
PER_000015,Person,OWNS_ACCOUNT,ACC_000015,Account,2025-05-03,2025-12-31,1,1.0,type:social
PER_000016,Person,OWNS_ACCOUNT,ACC_000016,Account,2025-03-01,2025-12-31,1,1.0,type:wallet
PER_000017,Person,OWNS_ACCOUNT,ACC_000017,Account,2025-07-11,2025-12-31,1,1.0,type:wallet
PER_000018,Person,OWNS_ACCOUNT,ACC_000018,Account,2025-09-19,2025-12-31,1,1.0,type:messaging
PER_000019,Person,OWNS_ACCOUNT,ACC_000019,Account,2025-08-03,2025-12-31,1,1.0,type:wallet
PER_000020,Person,OWNS_ACCOUNT,ACC_000020,Account,2025-10-22,2025-12-31,1,1.0,type:messaging
PER_000021,Person,OWNS_ACCOUNT,ACC_000021,Account,2025-08-05,2025-12-31,1,1.0,type:wallet
PER_000022,Person,OWNS_ACCOUNT,ACC_000022,Account,2025-09-07,2025-12-31,1,1.0,type:wallet
PER_000023,Person,OWNS_ACCOUNT,ACC_000023,Account,2025-10-12,2025-12-31,1,1.0,type:wallet
PER_000024,Person,OWNS_ACCOUNT,ACC_000024,Account,2025-09-08,2025-12-31,1,1.0,type:social
PER_000025,Person,OWNS_ACCOUNT,ACC_000025,Account,2025-03-13,2025-12-31,1,1.0,type:wallet
PER_000026,Person,OWNS_ACCOUNT,ACC_000026,Account,2025-06-11,2025-12-31,1,1.0,type:messaging
PER_000027,Person,OWNS_ACCOUNT,ACC_000027,Account,2025-11-14,2025-12-31,1,1.0,type:bank
PER_000028,Person,OWNS_ACCOUNT,ACC_000028,Account,2025-07-03,2025-12-31,1,1.0,type:bank
PER_000029,Person,OWNS_ACCOUNT,ACC_000029,Account,2025-09-06,2025-12-31,1,1.0,type:wallet
PER_000030,Person,OWNS_ACCOUNT,ACC_000030,Account,2025-04-10,2025-12-31,1,1.0,type:messaging
PER_000031,Person,OWNS_ACCOUNT,ACC_000031,Account,2025-10-15,2025-12-31,1,1.0,type:messaging
PER_000032,Person,OWNS_ACCOUNT,ACC_000032,Account,2025-07-29,2025-12-31,1,1.0,type:messaging
PER_000033,Person,OWNS_ACCOUNT,ACC_000033,Account,2025-08-01,2025-12-31,1,1.0,type:messaging
PER_000034,Person,OWNS_ACCOUNT,ACC_000034,Account,2025-09-08,2025-12-31,1,1.0,type:wallet
PER_000035,Person,OWNS_ACCOUNT,ACC_000035,Account,2025-02-12,2025-12-31,1,1.0,type:bank
PER_000036,Person,OWNS_ACCOUNT,ACC_000036,Account,2025-04-23,2025-12-31,1,1.0,type:social
PER_000037,Person,OWNS_ACCOUNT,ACC_000037,Account,2025-01-17,2025-12-31,1,1.0,type:social
PER_000038,Person,OWNS_ACCOUNT,ACC_000038,Account,2025-04-26,2025-12-31,1,1.0,type:social
PER_000039,Person,OWNS_ACCOUNT,ACC_000039,Account,2025-03-28,2025-12-31,1,1.0,type:messaging
PER_000040,Person,OWNS_ACCOUNT,ACC_000040,Account,2025-10-17,2025-12-31,1,1.0,type:messaging
PER_000041,Person,OWNS_ACCOUNT,ACC_000041,Account,2025-10-09,2025-12-31,1,1.0,type:bank
PER_000042,Person,OWNS_ACCOUNT,ACC_000042,Account,2025-10-21,2025-12-31,1,1.0,type:bank
PER_000043,Person,OWNS_ACCOUNT,ACC_000043,Account,2025-05-18,2025-12-31,1,1.0,type:social
PER_000044,Person,OWNS_ACCOUNT,ACC_000044,Account,2025-10-05,2025-12-31,1,1.0,type:bank
PER_000045,Person,OWNS_ACCOUNT,ACC_000045,Account,2025-08-14,2025-12-31,1,1.0,type:wallet
PER_000046,Person,OWNS_ACCOUNT,ACC_000046,Account,2025-08-06,2025-12-31,1,1.0,type:bank
PER_000047,Person,OWNS_ACCOUNT,ACC_000047,Account,2025-12-01,2025-12-31,1,1.0,type:wallet
PER_000048,Person,OWNS_ACCOUNT,ACC_000048,Account,2025-06-02,2025-12-31,1,1.0,type:bank
PER_000049,Person,OWNS_ACCOUNT,ACC_000049,Account,2025-08-19,2025-12-31,1,1.0,type:social
PER_000050,Person,OWNS_ACCOUNT,ACC_000050,Account,2025-06-28,2025-12-31,1,1.0,type:bank
PER_000051,Person,OWNS_ACCOUNT,ACC_000051,Account,2025-08-13,2025-12-31,1,1.0,type:bank
PER_000052,Person,OWNS_ACCOUNT,ACC_000052,Account,2025-05-02,2025-12-31,1,1.0,type:wallet
PER_000053,Person,OWNS_ACCOUNT,ACC_000053,Account,2025-10-29,2025-12-31,1,1.0,type:social
PER_000054,Person,OWNS_ACCOUNT,ACC_000054,Account,2025-12-30,2025-12-31,1,1.0,type:messaging
PER_000055,Person,OWNS_ACCOUNT,ACC_000055,Account,2025-03-26,2025-12-31,1,1.0,type:wallet
PER_000056,Person,OWNS_ACCOUNT,ACC_000056,Account,2025-04-16,2025-12-31,1,1.0,type:wallet
PER_000057,Person,OWNS_ACCOUNT,ACC_000057,Account,2025-01-31,2025-12-31,1,1.0,type:social
PER_000058,Person,OWNS_ACCOUNT,ACC_000058,Account,2025-09-30,2025-12-31,1,1.0,type:social
PER_000059,Person,OWNS_ACCOUNT,ACC_000059,Account,2025-11-02,2025-12-31,1,1.0,type:wallet
PER_000060,Person,OWNS_ACCOUNT,ACC_000060,Account,2025-06-15,2025-12-31,1,1.0,type:social
PER_000061,Person,OWNS_ACCOUNT,ACC_000061,Account,2025-05-29,2025-12-31,1,1.0,type:social
PER_000062,Person,OWNS_ACCOUNT,ACC_000062,Account,2025-09-21,2025-12-31,1,1.0,type:bank
PER_000063,Person,OWNS_ACCOUNT,ACC_000063,Account,2025-03-11,2025-12-31,1,1.0,type:messaging
PER_000064,Person,OWNS_ACCOUNT,ACC_000064,Account,2025-01-31,2025-12-31,1,1.0,type:social
PER_000065,Person,OWNS_ACCOUNT,ACC_000065,Account,2025-12-02,2025-12-31,1,1.0,type:wallet
PER_000066,Person,OWNS_ACCOUNT,ACC_000066,Account,2025-12-26,2025-12-31,1,1.0,type:wallet
PER_000067,Person,OWNS_ACCOUNT,ACC_000067,Account,2025-05-08,2025-12-31,1,1.0,type:wallet
PER_000068,Person,OWNS_ACCOUNT,ACC_000068,Account,2025-12-31,2025-12-31,1,1.0,type:social
PER_000069,Person,OWNS_ACCOUNT,ACC_000069,Account,2025-05-07,2025-12-31,1,1.0,type:messaging
PER_000070,Person,OWNS_ACCOUNT,ACC_000070,Account,2025-09-08,2025-12-31,1,1.0,type:wallet
PER_000071,Person,OWNS_ACCOUNT,ACC_000071,Account,2025-10-23,2025-12-31,1,1.0,type:social
PER_000072,Person,OWNS_ACCOUNT,ACC_000072,Account,2025-11-18,2025-12-31,1,1.0,type:messaging
PER_000073,Person,OWNS_ACCOUNT,ACC_000073,Account,2025-07-12,2025-12-31,1,1.0,type:messaging
PER_000074,Person,OWNS_ACCOUNT,ACC_000074,Account,2025-02-08,2025-12-31,1,1.0,type:bank
PER_000075,Person,OWNS_ACCOUNT,ACC_000075,Account,2025-07-26,2025-12-31,1,1.0,type:social
PER_000076,Person,OWNS_ACCOUNT,ACC_000076,Account,2025-12-22,2025-12-31,1,1.0,type:social
PER_000077,Person,OWNS_ACCOUNT,ACC_000077,Account,2025-08-21,2025-12-31,1,1.0,type:messaging
PER_000078,Person,OWNS_ACCOUNT,ACC_000078,Account,2025-06-17,2025-12-31,1,1.0,type:bank
PER_000079,Person,OWNS_ACCOUNT,ACC_000079,Account,2025-02-17,2025-12-31,1,1.0,type:messaging
PER_000080,Person,OWNS_ACCOUNT,ACC_000080,Account,2025-11-22,2025-12-31,1,1.0,type:social
PER_000081,Person,OWNS_ACCOUNT,ACC_000081,Account,2025-02-02,2025-12-31,1,1.0,type:messaging
PER_000082,Person,OWNS_ACCOUNT,ACC_000082,Account,2025-04-22,2025-12-31,1,1.0,type:messaging
PER_000083,Person,OWNS_ACCOUNT,ACC_000083,Account,2025-04-19,2025-12-31,1,1.0,type:messaging
PER_000084,Person,OWNS_ACCOUNT,ACC_000084,Account,2025-05-18,2025-12-31,1,1.0,type:social
PER_000085,Person,OWNS_ACCOUNT,ACC_000085,Account,2025-05-26,2025-12-31,1,1.0,type:social
PER_000086,Person,OWNS_ACCOUNT,ACC_000086,Account,2025-10-08,2025-12-31,1,1.0,type:wallet
PER_000087,Person,OWNS_ACCOUNT,ACC_000087,Account,2025-10-17,2025-12-31,1,1.0,type:messaging
PER_000088,Person,OWNS_ACCOUNT,ACC_000088,Account,2025-06-25,2025-12-31,1,1.0,type:bank
PER_000089,Person,OWNS_ACCOUNT,ACC_000089,Account,2025-01-24,2025-12-31,1,1.0,type:bank
PER_000090,Person,OWNS_ACCOUNT,ACC_000090,Account,2025-11-17,2025-12-31,1,1.0,type:messaging
PER_000091,Person,OWNS_ACCOUNT,ACC_000091,Account,2025-01-09,2025-12-31,1,1.0,type:bank
PER_000092,Person,OWNS_ACCOUNT,ACC_000092,Account,2025-03-22,2025-12-31,1,1.0,type:messaging
PER_000093,Person,OWNS_ACCOUNT,ACC_000093,Account,2025-08-22,2025-12-31,1,1.0,type:bank
PER_000094,Person,OWNS_ACCOUNT,ACC_000094,Account,2025-08-08,2025-12-31,1,1.0,type:wallet
PER_000095,Person,OWNS_ACCOUNT,ACC_000095,Account,2025-12-19,2025-12-31,1,1.0,type:wallet
PER_000096,Person,OWNS_ACCOUNT,ACC_000096,Account,2025-11-29,2025-12-31,1,1.0,type:social
PER_000097,Person,OWNS_ACCOUNT,ACC_000097,Account,2025-03-23,2025-12-31,1,1.0,type:social
PER_000098,Person,OWNS_ACCOUNT,ACC_000098,Account,2025-02-17,2025-12-31,1,1.0,type:social
PER_000099,Person,OWNS_ACCOUNT,ACC_000099,Account,2025-05-09,2025-12-31,1,1.0,type:bank
PER_000100,Person,OWNS_ACCOUNT,ACC_000100,Account,2025-07-10,2025-12-31,1,1.0,type:wallet
PER_000001,Person,OWNS_ACCOUNT,ACC_000101,Account,2025-01-27,2025-12-31,1,1.0,type:messaging
PER_000002,Person,OWNS_ACCOUNT,ACC_000102,Account,2025-11-17,2025-12-31,1,1.0,type:social
PER_000003,Person,OWNS_ACCOUNT,ACC_000103,Account,2025-12-25,2025-12-31,1,1.0,type:wallet
PER_000004,Person,OWNS_ACCOUNT,ACC_000104,Account,2025-08-08,2025-12-31,1,1.0,type:bank
PER_000005,Person,OWNS_ACCOUNT,ACC_000105,Account,2025-12-27,2025-12-31,1,1.0,type:bank
PER_000006,Person,OWNS_ACCOUNT,ACC_000106,Account,2025-01-01,2025-12-31,1,1.0,type:wallet
PER_000007,Person,OWNS_ACCOUNT,ACC_000107,Account,2025-09-02,2025-12-31,1,1.0,type:bank
PER_000008,Person,OWNS_ACCOUNT,ACC_000108,Account,2025-03-09,2025-12-31,1,1.0,type:wallet
PER_000009,Person,OWNS_ACCOUNT,ACC_000109,Account,2025-09-23,2025-12-31,1,1.0,type:messaging
PER_000010,Person,OWNS_ACCOUNT,ACC_000110,Account,2025-01-05,2025-12-31,1,1.0,type:bank
PER_000011,Person,OWNS_ACCOUNT,ACC_000111,Account,2025-12-23,2025-12-31,1,1.0,type:social
PER_000012,Person,OWNS_ACCOUNT,ACC_000112,Account,2025-03-03,2025-12-31,1,1.0,type:messaging
PER_000013,Person,OWNS_ACCOUNT,ACC_000113,Account,2025-12-22,2025-12-31,1,1.0,type:wallet
PER_000014,Person,OWNS_ACCOUNT,ACC_000114,Account,2025-09-02,2025-12-31,1,1.0,type:bank
PER_000015,Person,OWNS_ACCOUNT,ACC_000115,Account,2025-04-28,2025-12-31,1,1.0,type:messaging
PER_000016,Person,OWNS_ACCOUNT,ACC_000116,Account,2025-02-15,2025-12-31,1,1.0,type:bank
PER_000017,Person,OWNS_ACCOUNT,ACC_000117,Account,2025-02-22,2025-12-31,1,1.0,type:social
PER_000018,Person,OWNS_ACCOUNT,ACC_000118,Account,2025-07-08,2025-12-31,1,1.0,type:social
PER_000019,Person,OWNS_ACCOUNT,ACC_000119,Account,2025-03-12,2025-12-31,1,1.0,type:messaging
PER_000020,Person,OWNS_ACCOUNT,ACC_000120,Account,2025-03-10,2025-12-31,1,1.0,type:wallet
PER_000021,Person,OWNS_ACCOUNT,ACC_000121,Account,2025-02-05,2025-12-31,1,1.0,type:bank
PER_000022,Person,OWNS_ACCOUNT,ACC_000122,Account,2025-11-09,2025-12-31,1,1.0,type:wallet
PER_000023,Person,OWNS_ACCOUNT,ACC_000123,Account,2025-08-14,2025-12-31,1,1.0,type:social
PER_000024,Person,OWNS_ACCOUNT,ACC_000124,Account,2025-04-20,2025-12-31,1,1.0,type:wallet
PER_000025,Person,OWNS_ACCOUNT,ACC_000125,Account,2025-07-30,2025-12-31,1,1.0,type:messaging
PER_000026,Person,OWNS_ACCOUNT,ACC_000126,Account,2025-04-22,2025-12-31,1,1.0,type:bank
PER_000027,Person,OWNS_ACCOUNT,ACC_000127,Account,2025-02-21,2025-12-31,1,1.0,type:wallet
PER_000028,Person,OWNS_ACCOUNT,ACC_000128,Account,2025-03-05,2025-12-31,1,1.0,type:messaging
PER_000029,Person,OWNS_ACCOUNT,ACC_000129,Account,2025-06-29,2025-12-31,1,1.0,type:messaging
PER_000030,Person,OWNS_ACCOUNT,ACC_000130,Account,2025-06-11,2025-12-31,1,1.0,type:wallet
PER_000031,Person,OWNS_ACCOUNT,ACC_000131,Account,2025-05-07,2025-12-31,1,1.0,type:social
PER_000032,Person,OWNS_ACCOUNT,ACC_000132,Account,2025-11-27,2025-12-31,1,1.0,type:bank
PER_000033,Person,OWNS_ACCOUNT,ACC_000133,Account,2025-05-08,2025-12-31,1,1.0,type:social
PER_000034,Person,OWNS_ACCOUNT,ACC_000134,Account,2025-12-20,2025-12-31,1,1.0,type:bank
PER_000035,Person,OWNS_ACCOUNT,ACC_000135,Account,2025-12-04,2025-12-31,1,1.0,type:social
PER_000036,Person,OWNS_ACCOUNT,ACC_000136,Account,2025-04-16,2025-12-31,1,1.0,type:wallet
PER_000037,Person,OWNS_ACCOUNT,ACC_000137,Account,2025-07-20,2025-12-31,1,1.0,type:social
PER_000038,Person,OWNS_ACCOUNT,ACC_000138,Account,2025-11-27,2025-12-31,1,1.0,type:bank
PER_000039,Person,OWNS_ACCOUNT,ACC_000139,Account,2025-05-03,2025-12-31,1,1.0,type:messaging
PER_000040,Person,OWNS_ACCOUNT,ACC_000140,Account,2025-07-17,2025-12-31,1,1.0,type:bank
PER_000041,Person,OWNS_ACCOUNT,ACC_000141,Account,2025-05-04,2025-12-31,1,1.0,type:messaging
PER_000042,Person,OWNS_ACCOUNT,ACC_000142,Account,2025-11-23,2025-12-31,1,1.0,type:bank
PER_000043,Person,OWNS_ACCOUNT,ACC_000143,Account,2025-09-28,2025-12-31,1,1.0,type:bank
PER_000044,Person,OWNS_ACCOUNT,ACC_000144,Account,2025-07-04,2025-12-31,1,1.0,type:social
PER_000045,Person,OWNS_ACCOUNT,ACC_000145,Account,2025-03-09,2025-12-31,1,1.0,type:messaging
PER_000046,Person,OWNS_ACCOUNT,ACC_000146,Account,2025-10-19,2025-12-31,1,1.0,type:messaging
PER_000047,Person,OWNS_ACCOUNT,ACC_000147,Account,2025-07-07,2025-12-31,1,1.0,type:wallet
PER_000048,Person,OWNS_ACCOUNT,ACC_000148,Account,2025-08-30,2025-12-31,1,1.0,type:bank
PER_000049,Person,OWNS_ACCOUNT,ACC_000149,Account,2025-01-09,2025-12-31,1,1.0,type:bank
PER_000050,Person,OWNS_ACCOUNT,ACC_000150,Account,2025-01-08,2025-12-31,1,1.0,type:social
PER_000001,Person,LOCATED_AT,LOC_000004,Location,2025-01-05 21:29:07,2025-01-05 21:29:07,1,1.0,
PER_000001,Person,LOCATED_AT,LOC_000009,Location,2025-01-13 19:34:05,2025-01-13 19:34:05,1,1.0,
PER_000001,Person,LOCATED_AT,LOC_000011,Location,2025-03-15 14:40:38,2025-03-15 14:40:38,1,1.0,
PER_000001,Person,LOCATED_AT,LOC_000017,Location,2025-07-21 15:43:01,2025-07-21 15:43:01,1,1.0,
PER_000001,Person,LOCATED_AT,LOC_000019,Location,2025-06-16 14:26:24,2025-09-25 03:27:54,2,2.0,
PER_000001,Person,LOCATED_AT,LOC_000024,Location,2025-06-11 04:29:35,2025-06-11 04:29:35,1,1.0,
PER_000001,Person,LOCATED_AT,LOC_000026,Location,2025-07-31 20:07:51,2025-07-31 20:07:51,1,1.0,
PER_000001,Person,LOCATED_AT,LOC_000027,Location,2025-12-20 06:48:28,2025-12-20 06:48:28,1,1.0,
PER_000001,Person,LOCATED_AT,LOC_000029,Location,2025-01-01 16:03:43,2025-12-31 21:38:34,251,251.0,
PER_000001,Person,LOCATED_AT,LOC_000033,Location,2025-12-21 20:03:58,2025-12-21 20:03:58,1,1.0,
PER_000001,Person,LOCATED_AT,LOC_000035,Location,2025-03-12 19:42:41,2025-03-12 19:42:41,1,1.0,
PER_000001,Person,LOCATED_AT,LOC_000036,Location,2025-04-28 16:37:21,2025-04-28 16:37:21,1,1.0,
PER_000001,Person,LOCATED_AT,LOC_000037,Location,2025-10-14 12:16:48,2025-10-14 12:16:48,1,1.0,
PER_000001,Person,LOCATED_AT,LOC_000040,Location,2025-01-18 18:49:32,2025-05-28 13:10:24,2,2.0,
PER_000001,Person,LOCATED_AT,LOC_000041,Location,2025-12-11 06:49:29,2025-12-11 06:49:29,1,1.0,
PER_000001,Person,LOCATED_AT,LOC_000048,Location,2025-04-11 22:47:25,2025-10-25 19:08:56,2,2.0,
PER_000001,Person,LOCATED_AT,LOC_000049,Location,2025-10-31 15:59:12,2025-10-31 15:59:12,1,1.0,
PER_000001,Person,LOCATED_AT,LOC_000050,Location,2025-08-23 19:30:04,2025-08-23 19:30:04,1,1.0,
PER_000001,Person,LOCATED_AT,LOC_000051,Location,2025-01-02 09:55:53,2025-01-02 09:55:53,1,1.0,
PER_000001,Person,LOCATED_AT,LOC_000058,Location,2025-01-22 19:35:40,2025-10-16 11:21:27,2,2.0,
PER_000001,Person,LOCATED_AT,LOC_000060,Location,2025-02-10 09:32:30,2025-02-10 09:32:30,1,1.0,
PER_000001,Person,LOCATED_AT,LOC_000061,Location,2025-03-28 15:38:47,2025-03-28 15:38:47,1,1.0,
PER_000001,Person,LOCATED_AT,LOC_000064,Location,2025-04-29 23:28:11,2025-04-29 23:28:11,1,1.0,
PER_000001,Person,LOCATED_AT,LOC_000067,Location,2025-11-04 10:26:41,2025-11-04 10:26:41,1,1.0,
PER_000001,Person,LOCATED_AT,LOC_000069,Location,2025-02-08 05:29:53,2025-02-08 05:29:53,1,1.0,
PER_000001,Person,LOCATED_AT,LOC_000078,Location,2025-07-09 09:39:52,2025-07-09 09:39:52,1,1.0,
PER_000001,Person,LOCATED_AT,LOC_000080,Location,2025-08-07 03:56:44,2025-09-11 13:16:40,2,2.0,
PER_000001,Person,LOCATED_AT,LOC_000089,Location,2025-09-18 10:58:19,2025-09-21 17:23:56,2,2.0,
PER_000001,Person,LOCATED_AT,LOC_000090,Location,2025-02-23 02:07:54,2025-02-23 02:07:54,1,1.0,
PER_000001,Person,LOCATED_AT,LOC_000091,Location,2025-09-04 18:31:43,2025-12-02 17:39:36,2,2.0,
PER_000001,Person,LOCATED_AT,LOC_000098,Location,2025-01-02 09:36:03,2025-01-02 09:36:03,1,1.0,
PER_000001,Person,LOCATED_AT,LOC_000099,Location,2025-01-05 07:23:37,2025-01-05 07:23:37,1,1.0,
PER_000001,Person,LOCATED_AT,LOC_000100,Location,2025-01-25 15:35:59,2025-01-25 15:35:59,1,1.0,
PER_000001,Person,LOCATED_AT,LOC_000101,Location,2025-03-03 11:40:08,2025-12-12 12:17:30,2,2.0,
PER_000001,Person,LOCATED_AT,LOC_000103,Location,2025-11-07 13:40:25,2025-11-07 13:40:25,1,1.0,
PER_000001,Person,LOCATED_AT,LOC_000104,Location,2025-07-03 17:43:04,2025-07-03 17:43:04,1,1.0,
PER_000001,Person,LOCATED_AT,LOC_000106,Location,2025-01-23 07:10:31,2025-01-23 07:10:31,1,1.0,
PER_000001,Person,LOCATED_AT,LOC_000107,Location,2025-03-06 17:51:03,2025-03-06 17:51:03,1,1.0,
PER_000001,Person,LOCATED_AT,LOC_000114,Location,2025-06-23 11:51:00,2025-06-23 11:51:00,1,1.0,
PER_000002,Person,LOCATED_AT,LOC_000003,Location,2025-06-08 21:53:41,2025-06-08 21:53:41,1,1.0,
PER_000002,Person,LOCATED_AT,LOC_000013,Location,2025-03-07 21:34:36,2025-09-18 17:33:54,2,2.0,
PER_000002,Person,LOCATED_AT,LOC_000014,Location,2025-11-12 17:37:06,2025-11-12 17:37:06,1,1.0,
PER_000002,Person,LOCATED_AT,LOC_000018,Location,2025-02-23 20:57:04,2025-02-23 20:57:04,1,1.0,
PER_000002,Person,LOCATED_AT,LOC_000019,Location,2025-04-25 10:50:37,2025-11-20 06:45:43,2,2.0,
PER_000002,Person,LOCATED_AT,LOC_000027,Location,2025-06-03 22:32:39,2025-06-03 22:32:39,1,1.0,
PER_000002,Person,LOCATED_AT,LOC_000032,Location,2025-01-02 12:42:42,2025-12-24 05:00:44,175,175.0,
PER_000002,Person,LOCATED_AT,LOC_000033,Location,2025-05-28 16:13:37,2025-10-07 06:57:12,2,2.0,
PER_000002,Person,LOCATED_AT,LOC_000037,Location,2025-07-05 09:43:54,2025-07-05 09:43:54,1,1.0,
PER_000002,Person,LOCATED_AT,LOC_000044,Location,2025-07-24 19:29:36,2025-07-24 19:29:36,1,1.0,
PER_000002,Person,LOCATED_AT,LOC_000045,Location,2025-05-28 04:02:56,2025-05-28 04:02:56,1,1.0,
PER_000002,Person,LOCATED_AT,LOC_000046,Location,2025-04-22 23:59:14,2025-04-22 23:59:14,1,1.0,
PER_000002,Person,LOCATED_AT,LOC_000051,Location,2025-01-14 06:04:40,2025-01-14 06:04:40,1,1.0,
PER_000002,Person,LOCATED_AT,LOC_000056,Location,2025-08-18 15:24:43,2025-10-08 19:49:05,2,2.0,
PER_000002,Person,LOCATED_AT,LOC_000072,Location,2025-01-16 18:04:11,2025-01-16 18:04:11,1,1.0,
PER_000002,Person,LOCATED_AT,LOC_000083,Location,2025-11-21 20:00:16,2025-11-21 20:00:16,1,1.0,
PER_000002,Person,LOCATED_AT,LOC_000096,Location,2025-12-14 19:48:14,2025-12-14 19:48:14,1,1.0,
PER_000002,Person,LOCATED_AT,LOC_000101,Location,2025-09-28 11:20:38,2025-09-28 11:20:38,1,1.0,
PER_000002,Person,LOCATED_AT,LOC_000107,Location,2025-08-12 20:31:19,2025-12-28 11:17:59,2,2.0,
PER_000002,Person,LOCATED_AT,LOC_000110,Location,2025-11-15 10:49:28,2025-11-15 10:49:28,1,1.0,
PER_000002,Person,LOCATED_AT,LOC_000112,Location,2025-02-23 14:41:54,2025-02-23 14:41:54,1,1.0,
PER_000002,Person,LOCATED_AT,LOC_000117,Location,2025-03-26 17:13:15,2025-08-18 14:49:12,2,2.0,
PER_000002,Person,LOCATED_AT,LOC_000120,Location,2025-05-01 16:35:49,2025-05-01 16:35:49,1,1.0,
PER_000003,Person,LOCATED_AT,LOC_000020,Location,2025-10-10 14:27:26,2025-10-10 14:27:26,1,1.0,
PER_000003,Person,LOCATED_AT,LOC_000048,Location,2025-02-14 11:16:16,2025-02-25 08:21:29,2,2.0,
PER_000003,Person,LOCATED_AT,LOC_000054,Location,2025-01-01 08:50:49,2025-12-30 15:10:50,30,30.0,
PER_000003,Person,LOCATED_AT,LOC_000066,Location,2025-12-21 07:33:24,2025-12-21 07:33:24,1,1.0,
PER_000003,Person,LOCATED_AT,LOC_000077,Location,2025-05-25 16:22:49,2025-05-25 16:22:49,1,1.0,
PER_000003,Person,LOCATED_AT,LOC_000095,Location,2025-09-25 10:17:06,2025-09-25 10:17:06,1,1.0,
PER_000003,Person,LOCATED_AT,LOC_000096,Location,2025-08-10 07:24:33,2025-08-10 07:24:33,1,1.0,
PER_000003,Person,LOCATED_AT,LOC_000110,Location,2025-11-11 09:43:56,2025-11-11 09:43:56,1,1.0,
PER_000004,Person,LOCATED_AT,LOC_000051,Location,2025-02-13 11:42:36,2025-02-13 11:42:36,1,1.0,
PER_000004,Person,LOCATED_AT,LOC_000052,Location,2025-01-20 18:51:47,2025-11-11 06:44:29,35,35.0,
PER_000004,Person,LOCATED_AT,LOC_000111,Location,2025-10-19 10:07:12,2025-10-19 10:07:12,1,1.0,
PER_000005,Person,LOCATED_AT,LOC_000017,Location,2025-01-15 22:39:57,2025-01-15 22:39:57,1,1.0,
PER_000005,Person,LOCATED_AT,LOC_000019,Location,2025-10-15 12:35:49,2025-10-15 12:35:49,1,1.0,
PER_000005,Person,LOCATED_AT,LOC_000035,Location,2025-02-09 05:05:45,2025-02-09 05:05:45,1,1.0,
PER_000005,Person,LOCATED_AT,LOC_000052,Location,2025-06-26 12:09:23,2025-06-26 12:09:23,1,1.0,
PER_000005,Person,LOCATED_AT,LOC_000100,Location,2025-01-06 08:19:35,2025-12-04 10:10:22,29,29.0,
PER_000006,Person,LOCATED_AT,LOC_000031,Location,2025-01-06 15:26:42,2025-01-06 15:26:42,1,1.0,
PER_000006,Person,LOCATED_AT,LOC_000044,Location,2025-04-07 06:49:13,2025-04-07 06:49:13,1,1.0,
PER_000006,Person,LOCATED_AT,LOC_000056,Location,2025-09-25 17:13:52,2025-09-25 17:13:52,1,1.0,
PER_000006,Person,LOCATED_AT,LOC_000060,Location,2025-02-01 21:30:55,2025-12-23 19:13:55,27,27.0,
PER_000006,Person,LOCATED_AT,LOC_000066,Location,2025-12-22 10:12:38,2025-12-22 10:12:38,1,1.0,
PER_000006,Person,LOCATED_AT,LOC_000067,Location,2025-10-18 21:24:58,2025-10-18 21:24:58,1,1.0,
PER_000006,Person,LOCATED_AT,LOC_000076,Location,2025-05-05 13:53:00,2025-05-05 13:53:00,1,1.0,
PER_000006,Person,LOCATED_AT,LOC_000093,Location,2025-03-30 05:36:57,2025-03-30 05:36:57,1,1.0,
PER_000007,Person,LOCATED_AT,LOC_000024,Location,2025-03-31 02:21:39,2025-03-31 02:21:39,1,1.0,
PER_000007,Person,LOCATED_AT,LOC_000034,Location,2025-07-17 10:40:32,2025-07-17 10:40:32,1,1.0,
PER_000007,Person,LOCATED_AT,LOC_000059,Location,2025-01-11 15:30:51,2025-12-29 15:55:26,30,30.0,
PER_000007,Person,LOCATED_AT,LOC_000077,Location,2025-05-08 16:43:50,2025-05-08 16:43:50,1,1.0,
PER_000007,Person,LOCATED_AT,LOC_000088,Location,2025-02-05 00:17:06,2025-02-05 00:17:06,1,1.0,
PER_000007,Person,LOCATED_AT,LOC_000092,Location,2025-03-12 09:22:56,2025-03-12 09:22:56,1,1.0,
PER_000007,Person,LOCATED_AT,LOC_000103,Location,2025-08-31 12:00:03,2025-08-31 12:00:03,1,1.0,
PER_000008,Person,LOCATED_AT,LOC_000002,Location,2025-06-01 12:26:25,2025-06-01 12:26:25,1,1.0,
PER_000008,Person,LOCATED_AT,LOC_000019,Location,2025-07-09 11:38:52,2025-07-09 11:38:52,1,1.0,
PER_000008,Person,LOCATED_AT,LOC_000030,Location,2025-01-15 12:42:26,2025-01-15 12:42:26,1,1.0,
PER_000008,Person,LOCATED_AT,LOC_000055,Location,2025-04-04 15:14:21,2025-06-18 20:43:02,2,2.0,
PER_000008,Person,LOCATED_AT,LOC_000077,Location,2025-01-05 07:42:02,2025-12-22 21:09:34,30,30.0,
PER_000008,Person,LOCATED_AT,LOC_000095,Location,2025-05-23 15:41:23,2025-05-23 15:41:23,1,1.0,
PER_000009,Person,LOCATED_AT,LOC_000050,Location,2025-05-14 11:05:18,2025-05-14 11:05:18,1,1.0,
PER_000009,Person,LOCATED_AT,LOC_000053,Location,2025-10-26 21:23:33,2025-10-26 21:23:33,1,1.0,
PER_000009,Person,LOCATED_AT,LOC_000065,Location,2025-10-06 14:36:24,2025-10-06 14:36:24,1,1.0,
PER_000009,Person,LOCATED_AT,LOC_000082,Location,2025-04-27 21:42:11,2025-04-27 21:42:11,1,1.0,
PER_000009,Person,LOCATED_AT,LOC_000107,Location,2025-01-02 20:38:21,2025-11-26 14:52:09,30,30.0,
PER_000009,Person,LOCATED_AT,LOC_000112,Location,2025-09-12 03:19:45,2025-09-12 03:19:45,1,1.0,
PER_000010,Person,LOCATED_AT,LOC_000006,Location,2025-02-21 13:08:05,2025-02-21 13:08:05,1,1.0,
PER_000010,Person,LOCATED_AT,LOC_000017,Location,2025-03-06 13:28:11,2025-03-06 13:28:11,1,1.0,
PER_000010,Person,LOCATED_AT,LOC_000034,Location,2025-02-02 06:07:06,2025-12-06 09:33:06,25,25.0,
PER_000010,Person,LOCATED_AT,LOC_000055,Location,2025-03-25 12:31:20,2025-03-25 12:31:20,1,1.0,
PER_000010,Person,LOCATED_AT,LOC_000062,Location,2025-05-12 03:04:40,2025-05-12 03:04:40,1,1.0,
PER_000011,Person,LOCATED_AT,LOC_000024,Location,2025-03-14 03:07:17,2025-03-14 03:07:17,1,1.0,
PER_000011,Person,LOCATED_AT,LOC_000037,Location,2025-01-20 15:56:39,2025-01-20 15:56:39,1,1.0,
PER_000011,Person,LOCATED_AT,LOC_000038,Location,2025-04-10 14:28:56,2025-04-10 14:28:56,1,1.0,
PER_000011,Person,LOCATED_AT,LOC_000063,Location,2025-02-08 21:20:10,2025-12-26 21:39:35,32,32.0,
PER_000011,Person,LOCATED_AT,LOC_000117,Location,2025-09-18 11:45:06,2025-09-18 11:45:06,1,1.0,
PER_000011,Person,LOCATED_AT,LOC_000120,Location,2025-12-04 08:00:13,2025-12-04 08:00:13,1,1.0,
PER_000012,Person,LOCATED_AT,LOC_000001,Location,2025-07-11 02:10:30,2025-07-11 02:10:30,1,1.0,
PER_000012,Person,LOCATED_AT,LOC_000009,Location,2025-07-12 08:04:40,2025-07-12 20:55:46,2,2.0,
PER_000012,Person,LOCATED_AT,LOC_000018,Location,2025-07-12 21:42:49,2025-07-12 21:42:49,1,1.0,
PER_000012,Person,LOCATED_AT,LOC_000021,Location,2025-07-10 16:38:41,2025-07-12 22:43:49,2,2.0,
PER_000012,Person,LOCATED_AT,LOC_000022,Location,2025-07-12 20:14:04,2025-07-12 20:14:04,1,1.0,
PER_000012,Person,LOCATED_AT,LOC_000028,Location,2025-07-11 03:50:52,2025-07-11 03:50:52,1,1.0,
PER_000012,Person,LOCATED_AT,LOC_000031,Location,2025-07-12 02:16:23,2025-07-12 02:16:23,1,1.0,
PER_000012,Person,LOCATED_AT,LOC_000036,Location,2025-07-11 02:22:34,2025-07-11 23:00:34,2,2.0,
PER_000012,Person,LOCATED_AT,LOC_000048,Location,2025-07-10 01:19:12,2025-07-10 01:19:12,1,1.0,
PER_000012,Person,LOCATED_AT,LOC_000050,Location,2025-07-12 17:54:30,2025-07-12 17:54:30,1,1.0,
PER_000012,Person,LOCATED_AT,LOC_000052,Location,2025-07-10 18:30:28,2025-07-10 18:30:28,1,1.0,
PER_000012,Person,LOCATED_AT,LOC_000053,Location,2025-07-11 06:53:00,2025-07-11 06:53:00,1,1.0,
PER_000012,Person,LOCATED_AT,LOC_000054,Location,2025-07-10 04:04:07,2025-07-11 05:03:34,2,2.0,
PER_000012,Person,LOCATED_AT,LOC_000057,Location,2025-07-11 15:45:36,2025-07-11 15:45:36,1,1.0,
PER_000012,Person,LOCATED_AT,LOC_000059,Location,2025-07-12 11:55:15,2025-07-12 11:55:15,1,1.0,
PER_000012,Person,LOCATED_AT,LOC_000062,Location,2025-07-11 02:50:22,2025-07-11 22:14:46,2,2.0,
PER_000012,Person,LOCATED_AT,LOC_000063,Location,2025-07-11 00:24:57,2025-07-11 00:24:57,1,1.0,
PER_000012,Person,LOCATED_AT,LOC_000068,Location,2025-07-10 12:56:31,2025-07-10 12:56:31,1,1.0,
PER_000012,Person,LOCATED_AT,LOC_000070,Location,2025-07-12 01:22:14,2025-07-12 12:00:08,2,2.0,
PER_000012,Person,LOCATED_AT,LOC_000075,Location,2025-07-12 16:53:34,2025-07-12 16:53:34,1,1.0,
PER_000012,Person,LOCATED_AT,LOC_000077,Location,2025-07-10 22:27:36,2025-07-10 22:27:36,1,1.0,
PER_000012,Person,LOCATED_AT,LOC_000079,Location,2025-07-10 12:01:51,2025-07-10 12:01:51,1,1.0,
PER_000012,Person,LOCATED_AT,LOC_000086,Location,2025-07-11 22:45:14,2025-07-11 22:45:14,1,1.0,
PER_000012,Person,LOCATED_AT,LOC_000087,Location,2025-07-11 19:53:08,2025-07-11 19:53:08,1,1.0,
PER_000012,Person,LOCATED_AT,LOC_000092,Location,2025-07-10 02:13:11,2025-07-12 23:57:37,182,182.0,
PER_000012,Person,LOCATED_AT,LOC_000093,Location,2025-07-11 08:11:59,2025-07-12 20:28:43,2,2.0,
PER_000012,Person,LOCATED_AT,LOC_000097,Location,2025-07-10 01:17:36,2025-07-10 01:17:36,1,1.0,
PER_000012,Person,LOCATED_AT,LOC_000098,Location,2025-07-11 07:04:31,2025-07-11 07:04:31,1,1.0,
PER_000012,Person,LOCATED_AT,LOC_000101,Location,2025-07-11 14:35:09,2025-07-11 14:35:09,1,1.0,
PER_000012,Person,LOCATED_AT,LOC_000102,Location,2025-07-11 03:11:56,2025-07-11 03:11:56,1,1.0,
PER_000012,Person,LOCATED_AT,LOC_000105,Location,2025-07-12 22:19:18,2025-07-12 22:19:18,1,1.0,
PER_000012,Person,LOCATED_AT,LOC_000106,Location,2025-07-12 15:42:53,2025-07-12 15:42:53,1,1.0,
PER_000012,Person,LOCATED_AT,LOC_000115,Location,2025-07-11 02:38:51,2025-07-11 02:38:51,1,1.0,
PER_000012,Person,LOCATED_AT,LOC_000116,Location,2025-07-11 09:14:00,2025-07-11 09:14:00,1,1.0,
PER_000012,Person,LOCATED_AT,LOC_000118,Location,2025-07-12 04:31:13,2025-07-12 04:31:13,1,1.0,
PER_000012,Person,LOCATED_AT,LOC_000120,Location,2025-07-11 23:53:32,2025-07-12 19:11:29,2,2.0,
PER_000013,Person,LOCATED_AT,LOC_000001,Location,2025-01-02 07:12:46,2025-01-02 07:12:46,1,1.0,
PER_000013,Person,LOCATED_AT,LOC_000012,Location,2025-10-25 19:45:20,2025-10-25 19:45:20,1,1.0,
PER_000013,Person,LOCATED_AT,LOC_000041,Location,2025-01-09 16:33:15,2025-12-02 20:06:31,22,22.0,
PER_000013,Person,LOCATED_AT,LOC_000082,Location,2025-06-04 16:37:17,2025-06-04 16:37:17,1,1.0,
PER_000013,Person,LOCATED_AT,LOC_000090,Location,2025-11-13 06:45:34,2025-11-13 06:45:34,1,1.0,
PER_000013,Person,LOCATED_AT,LOC_000091,Location,2025-12-27 22:12:54,2025-12-27 22:12:54,1,1.0,
PER_000014,Person,LOCATED_AT,LOC_000021,Location,2025-11-06 14:58:01,2025-11-06 14:58:01,1,1.0,
PER_000014,Person,LOCATED_AT,LOC_000027,Location,2025-05-25 05:16:57,2025-05-25 05:16:57,1,1.0,
PER_000014,Person,LOCATED_AT,LOC_000030,Location,2025-10-06 06:18:47,2025-10-06 06:18:47,1,1.0,
PER_000014,Person,LOCATED_AT,LOC_000050,Location,2025-01-02 18:40:52,2025-12-28 15:12:25,34,34.0,
PER_000014,Person,LOCATED_AT,LOC_000067,Location,2025-01-16 10:59:51,2025-01-16 10:59:51,1,1.0,
PER_000014,Person,LOCATED_AT,LOC_000095,Location,2025-01-12 09:45:59,2025-01-12 09:45:59,1,1.0,
PER_000014,Person,LOCATED_AT,LOC_000103,Location,2025-09-15 15:37:53,2025-09-15 15:37:53,1,1.0,
PER_000015,Person,LOCATED_AT,LOC_000002,Location,2025-08-21 10:48:53,2025-08-21 10:48:53,1,1.0,
PER_000015,Person,LOCATED_AT,LOC_000039,Location,2025-08-24 16:46:14,2025-08-24 16:46:14,1,1.0,
PER_000015,Person,LOCATED_AT,LOC_000054,Location,2025-01-16 13:20:08,2025-12-09 13:48:53,29,29.0,
PER_000015,Person,LOCATED_AT,LOC_000091,Location,2025-03-16 14:06:40,2025-03-16 14:06:40,1,1.0,
PER_000015,Person,LOCATED_AT,LOC_000095,Location,2025-04-30 19:08:15,2025-04-30 19:08:15,1,1.0,
PER_000016,Person,LOCATED_AT,LOC_000006,Location,2025-11-04 14:51:51,2025-11-04 14:51:51,1,1.0,
PER_000016,Person,LOCATED_AT,LOC_000008,Location,2025-11-11 20:55:13,2025-11-11 20:55:13,1,1.0,
PER_000016,Person,LOCATED_AT,LOC_000010,Location,2025-11-24 11:21:17,2025-11-24 11:21:17,1,1.0,
PER_000016,Person,LOCATED_AT,LOC_000012,Location,2025-10-03 06:14:08,2025-11-23 11:29:20,2,2.0,
PER_000016,Person,LOCATED_AT,LOC_000014,Location,2025-02-05 12:14:56,2025-02-05 12:14:56,1,1.0,
PER_000016,Person,LOCATED_AT,LOC_000020,Location,2025-09-07 07:27:48,2025-09-07 07:27:48,1,1.0,
PER_000016,Person,LOCATED_AT,LOC_000024,Location,2025-10-28 11:12:00,2025-10-28 11:12:00,1,1.0,
PER_000016,Person,LOCATED_AT,LOC_000028,Location,2025-11-04 08:07:49,2025-11-04 08:07:49,1,1.0,
PER_000016,Person,LOCATED_AT,LOC_000034,Location,2025-06-20 22:55:48,2025-06-20 22:55:48,1,1.0,
PER_000016,Person,LOCATED_AT,LOC_000044,Location,2025-03-28 17:05:51,2025-03-28 17:05:51,1,1.0,
PER_000016,Person,LOCATED_AT,LOC_000045,Location,2025-08-15 21:15:16,2025-08-15 21:15:16,1,1.0,
PER_000016,Person,LOCATED_AT,LOC_000052,Location,2025-05-04 11:53:08,2025-05-04 11:53:08,1,1.0,
PER_000016,Person,LOCATED_AT,LOC_000053,Location,2025-06-11 08:07:38,2025-06-11 08:07:38,1,1.0,
PER_000016,Person,LOCATED_AT,LOC_000054,Location,2025-01-01 14:12:56,2025-12-31 09:10:47,196,196.0,
PER_000016,Person,LOCATED_AT,LOC_000063,Location,2025-03-04 11:02:08,2025-08-10 01:12:25,2,2.0,
PER_000016,Person,LOCATED_AT,LOC_000065,Location,2025-10-17 10:17:14,2025-10-17 10:17:14,1,1.0,
PER_000016,Person,LOCATED_AT,LOC_000066,Location,2025-04-07 03:24:36,2025-04-07 03:24:36,1,1.0,
PER_000016,Person,LOCATED_AT,LOC_000068,Location,2025-06-29 11:06:22,2025-06-29 11:06:22,1,1.0,
PER_000016,Person,LOCATED_AT,LOC_000069,Location,2025-12-18 19:41:34,2025-12-18 19:41:34,1,1.0,
PER_000016,Person,LOCATED_AT,LOC_000070,Location,2025-11-25 17:43:18,2025-11-25 17:43:18,1,1.0,
PER_000016,Person,LOCATED_AT,LOC_000071,Location,2025-01-10 13:54:32,2025-03-08 10:38:09,2,2.0,
PER_000016,Person,LOCATED_AT,LOC_000094,Location,2025-12-21 08:19:26,2025-12-21 08:19:26,1,1.0,
PER_000016,Person,LOCATED_AT,LOC_000101,Location,2025-11-28 16:19:44,2025-11-28 16:19:44,1,1.0,
PER_000016,Person,LOCATED_AT,LOC_000102,Location,2025-02-17 03:23:39,2025-02-17 03:23:39,1,1.0,
PER_000016,Person,LOCATED_AT,LOC_000106,Location,2025-08-14 18:50:23,2025-08-14 18:50:23,1,1.0,
PER_000016,Person,LOCATED_AT,LOC_000116,Location,2025-10-29 11:21:11,2025-10-29 11:21:11,1,1.0,
PER_000016,Person,LOCATED_AT,LOC_000117,Location,2025-09-27 15:13:04,2025-09-27 15:13:04,1,1.0,
PER_000016,Person,LOCATED_AT,LOC_000120,Location,2025-06-12 14:57:10,2025-07-28 06:53:22,2,2.0,
PER_000017,Person,LOCATED_AT,LOC_000007,Location,2025-03-07 16:32:08,2025-03-07 16:32:08,1,1.0,
PER_000017,Person,LOCATED_AT,LOC_000029,Location,2025-04-07 07:20:38,2025-04-07 07:20:38,1,1.0,
PER_000017,Person,LOCATED_AT,LOC_000067,Location,2025-10-26 05:03:58,2025-10-26 05:03:58,1,1.0,
PER_000017,Person,LOCATED_AT,LOC_000074,Location,2025-03-22 11:24:51,2025-03-22 11:24:51,1,1.0,
PER_000017,Person,LOCATED_AT,LOC_000089,Location,2025-03-19 20:23:55,2025-03-19 20:23:55,1,1.0,
PER_000017,Person,LOCATED_AT,LOC_000116,Location,2025-01-16 18:32:08,2025-12-26 19:37:23,24,24.0,
PER_000018,Person,LOCATED_AT,LOC_000001,Location,2025-01-02 01:24:27,2025-12-31 11:59:06,201,201.0,
PER_000018,Person,LOCATED_AT,LOC_000002,Location,2025-04-07 03:46:08,2025-04-24 16:05:28,2,2.0,
PER_000018,Person,LOCATED_AT,LOC_000010,Location,2025-07-08 16:36:19,2025-07-08 16:36:19,1,1.0,
PER_000018,Person,LOCATED_AT,LOC_000011,Location,2025-04-06 14:29:38,2025-04-06 14:29:38,1,1.0,
PER_000018,Person,LOCATED_AT,LOC_000012,Location,2025-02-16 09:15:23,2025-04-06 10:45:28,2,2.0,
PER_000018,Person,LOCATED_AT,LOC_000013,Location,2025-02-09 17:32:42,2025-11-22 08:18:15,3,3.0,
PER_000018,Person,LOCATED_AT,LOC_000017,Location,2025-06-24 03:25:19,2025-06-24 03:25:19,1,1.0,
PER_000018,Person,LOCATED_AT,LOC_000023,Location,2025-12-08 09:20:53,2025-12-08 09:20:53,1,1.0,
PER_000018,Person,LOCATED_AT,LOC_000025,Location,2025-09-01 08:18:56,2025-09-01 08:18:56,1,1.0,
PER_000018,Person,LOCATED_AT,LOC_000030,Location,2025-04-02 10:39:06,2025-04-02 10:39:06,1,1.0,
PER_000018,Person,LOCATED_AT,LOC_000031,Location,2025-05-31 12:32:02,2025-05-31 12:32:02,1,1.0,
PER_000018,Person,LOCATED_AT,LOC_000041,Location,2025-06-17 08:00:13,2025-06-17 08:00:13,1,1.0,
PER_000018,Person,LOCATED_AT,LOC_000046,Location,2025-10-31 03:55:40,2025-10-31 03:55:40,1,1.0,
PER_000018,Person,LOCATED_AT,LOC_000051,Location,2025-04-17 06:58:24,2025-04-17 06:58:24,1,1.0,
PER_000018,Person,LOCATED_AT,LOC_000056,Location,2025-05-11 16:09:05,2025-05-11 16:09:05,1,1.0,
PER_000018,Person,LOCATED_AT,LOC_000057,Location,2025-01-13 18:49:13,2025-01-13 18:49:13,1,1.0,
PER_000018,Person,LOCATED_AT,LOC_000061,Location,2025-01-22 09:25:20,2025-01-22 09:25:20,1,1.0,
PER_000018,Person,LOCATED_AT,LOC_000064,Location,2025-08-10 13:47:11,2025-08-10 13:47:11,1,1.0,
PER_000018,Person,LOCATED_AT,LOC_000067,Location,2025-04-24 17:53:06,2025-04-24 17:53:06,1,1.0,
PER_000018,Person,LOCATED_AT,LOC_000068,Location,2025-08-10 18:30:46,2025-08-10 18:30:46,1,1.0,
PER_000018,Person,LOCATED_AT,LOC_000074,Location,2025-11-07 11:54:07,2025-11-07 11:54:07,1,1.0,
PER_000018,Person,LOCATED_AT,LOC_000077,Location,2025-06-11 20:05:22,2025-06-11 20:05:22,1,1.0,
PER_000018,Person,LOCATED_AT,LOC_000080,Location,2025-04-23 21:54:23,2025-04-23 21:54:23,1,1.0,
PER_000018,Person,LOCATED_AT,LOC_000081,Location,2025-08-30 06:09:30,2025-08-30 06:09:30,1,1.0,
PER_000018,Person,LOCATED_AT,LOC_000083,Location,2025-12-23 16:10:08,2025-12-23 16:10:08,1,1.0,
PER_000018,Person,LOCATED_AT,LOC_000085,Location,2025-03-18 06:52:19,2025-03-18 06:52:19,1,1.0,
PER_000018,Person,LOCATED_AT,LOC_000088,Location,2025-06-07 10:50:58,2025-06-07 10:50:58,1,1.0,
PER_000018,Person,LOCATED_AT,LOC_000096,Location,2025-09-12 20:32:43,2025-09-12 20:32:43,1,1.0,
PER_000018,Person,LOCATED_AT,LOC_000098,Location,2025-03-13 14:46:26,2025-03-13 14:46:26,1,1.0,
PER_000018,Person,LOCATED_AT,LOC_000099,Location,2025-11-14 15:28:26,2025-11-14 15:28:26,1,1.0,
PER_000018,Person,LOCATED_AT,LOC_000100,Location,2025-04-01 20:27:53,2025-04-01 20:27:53,1,1.0,
PER_000018,Person,LOCATED_AT,LOC_000106,Location,2025-10-22 13:42:17,2025-10-22 13:42:17,1,1.0,
PER_000018,Person,LOCATED_AT,LOC_000110,Location,2025-03-11 17:03:40,2025-03-11 17:03:40,1,1.0,
PER_000018,Person,LOCATED_AT,LOC_000111,Location,2025-02-27 17:13:16,2025-02-27 17:13:16,1,1.0,
PER_000018,Person,LOCATED_AT,LOC_000112,Location,2025-11-13 17:28:49,2025-11-13 17:28:49,1,1.0,
PER_000018,Person,LOCATED_AT,LOC_000120,Location,2025-04-17 21:13:19,2025-04-17 21:13:19,1,1.0,
PER_000019,Person,LOCATED_AT,LOC_000006,Location,2025-05-14 17:08:26,2025-05-14 17:08:26,1,1.0,
PER_000019,Person,LOCATED_AT,LOC_000022,Location,2025-01-03 09:27:04,2025-01-03 09:27:04,1,1.0,
PER_000019,Person,LOCATED_AT,LOC_000039,Location,2025-08-21 13:58:16,2025-08-21 13:58:16,1,1.0,
PER_000019,Person,LOCATED_AT,LOC_000045,Location,2025-02-01 21:03:33,2025-02-01 21:03:33,1,1.0,
PER_000019,Person,LOCATED_AT,LOC_000046,Location,2025-01-27 12:00:40,2025-01-27 12:00:40,1,1.0,
PER_000019,Person,LOCATED_AT,LOC_000069,Location,2025-01-13 16:29:51,2025-12-21 20:27:58,24,24.0,
PER_000019,Person,LOCATED_AT,LOC_000076,Location,2025-08-29 17:37:18,2025-08-29 17:37:18,1,1.0,
PER_000019,Person,LOCATED_AT,LOC_000103,Location,2025-02-17 18:13:31,2025-06-27 06:38:15,2,2.0,
PER_000019,Person,LOCATED_AT,LOC_000114,Location,2025-10-17 16:06:18,2025-10-17 16:06:18,1,1.0,
PER_000020,Person,LOCATED_AT,LOC_000009,Location,2025-01-29 10:24:48,2025-05-06 13:53:49,2,2.0,
PER_000020,Person,LOCATED_AT,LOC_000049,Location,2025-10-20 19:12:59,2025-10-20 19:12:59,1,1.0,
PER_000020,Person,LOCATED_AT,LOC_000056,Location,2025-01-02 09:30:08,2025-12-31 14:27:24,25,25.0,
PER_000020,Person,LOCATED_AT,LOC_000069,Location,2025-02-09 08:25:41,2025-02-09 08:25:41,1,1.0,
PER_000020,Person,LOCATED_AT,LOC_000086,Location,2025-11-17 15:54:34,2025-11-17 15:54:34,1,1.0,
PER_000020,Person,LOCATED_AT,LOC_000107,Location,2025-12-23 12:05:03,2025-12-23 12:05:03,1,1.0,
PER_000021,Person,LOCATED_AT,LOC_000022,Location,2025-10-08 13:57:05,2025-10-08 13:57:05,1,1.0,
PER_000021,Person,LOCATED_AT,LOC_000037,Location,2025-01-26 07:35:39,2025-08-05 10:44:16,2,2.0,
PER_000021,Person,LOCATED_AT,LOC_000058,Location,2025-12-14 03:47:24,2025-12-14 03:47:24,1,1.0,
PER_000021,Person,LOCATED_AT,LOC_000086,Location,2025-01-08 15:00:26,2025-12-23 22:49:35,26,26.0,
PER_000021,Person,LOCATED_AT,LOC_000106,Location,2025-01-22 13:36:55,2025-01-22 13:36:55,1,1.0,
PER_000021,Person,LOCATED_AT,LOC_000114,Location,2025-01-01 08:44:16,2025-01-01 08:44:16,1,1.0,
PER_000022,Person,LOCATED_AT,LOC_000001,Location,2025-02-13 14:39:02,2025-02-13 14:39:02,1,1.0,
PER_000022,Person,LOCATED_AT,LOC_000002,Location,2025-08-31 21:07:11,2025-08-31 21:07:11,1,1.0,
PER_000022,Person,LOCATED_AT,LOC_000006,Location,2025-02-05 14:51:31,2025-02-05 14:51:31,1,1.0,
PER_000022,Person,LOCATED_AT,LOC_000007,Location,2025-09-11 18:39:51,2025-09-11 18:39:51,1,1.0,
PER_000022,Person,LOCATED_AT,LOC_000009,Location,2025-04-25 18:00:00,2025-06-26 13:02:41,2,2.0,
PER_000022,Person,LOCATED_AT,LOC_000010,Location,2025-10-13 16:23:35,2025-10-13 16:23:35,1,1.0,
PER_000022,Person,LOCATED_AT,LOC_000013,Location,2025-04-21 08:10:56,2025-04-21 08:10:56,1,1.0,
PER_000022,Person,LOCATED_AT,LOC_000016,Location,2025-12-18 12:12:08,2025-12-18 12:12:08,1,1.0,
PER_000022,Person,LOCATED_AT,LOC_000022,Location,2025-04-15 19:55:45,2025-05-04 16:00:15,2,2.0,
PER_000022,Person,LOCATED_AT,LOC_000024,Location,2025-03-11 14:28:49,2025-03-11 14:28:49,1,1.0,
PER_000022,Person,LOCATED_AT,LOC_000027,Location,2025-08-24 13:43:57,2025-08-24 13:43:57,1,1.0,
PER_000022,Person,LOCATED_AT,LOC_000028,Location,2025-09-25 16:34:21,2025-09-25 16:34:21,1,1.0,
PER_000022,Person,LOCATED_AT,LOC_000030,Location,2025-08-29 12:49:51,2025-08-29 12:49:51,1,1.0,
PER_000022,Person,LOCATED_AT,LOC_000031,Location,2025-08-17 15:00:25,2025-08-17 15:00:25,1,1.0,
PER_000022,Person,LOCATED_AT,LOC_000033,Location,2025-10-05 09:11:49,2025-10-05 09:11:49,1,1.0,
PER_000022,Person,LOCATED_AT,LOC_000035,Location,2025-02-08 20:16:42,2025-02-08 20:16:42,1,1.0,
PER_000022,Person,LOCATED_AT,LOC_000037,Location,2025-10-05 21:41:15,2025-10-05 21:41:15,1,1.0,
PER_000022,Person,LOCATED_AT,LOC_000043,Location,2025-10-04 17:16:33,2025-10-04 17:16:33,1,1.0,
PER_000022,Person,LOCATED_AT,LOC_000047,Location,2025-01-03 10:46:06,2025-01-03 10:46:06,1,1.0,
PER_000022,Person,LOCATED_AT,LOC_000048,Location,2025-08-19 13:20:24,2025-08-19 13:20:24,1,1.0,
PER_000022,Person,LOCATED_AT,LOC_000050,Location,2025-07-18 04:33:28,2025-07-18 04:33:28,1,1.0,
PER_000022,Person,LOCATED_AT,LOC_000051,Location,2025-01-18 15:09:47,2025-01-18 15:09:47,1,1.0,
PER_000022,Person,LOCATED_AT,LOC_000052,Location,2025-03-25 08:47:19,2025-03-25 08:47:19,1,1.0,
PER_000022,Person,LOCATED_AT,LOC_000055,Location,2025-02-13 08:47:38,2025-02-13 08:47:38,1,1.0,
PER_000022,Person,LOCATED_AT,LOC_000057,Location,2025-01-26 08:53:33,2025-01-26 08:53:33,1,1.0,
PER_000022,Person,LOCATED_AT,LOC_000058,Location,2025-12-22 17:01:51,2025-12-22 17:01:51,1,1.0,
PER_000022,Person,LOCATED_AT,LOC_000062,Location,2025-08-07 20:10:22,2025-08-07 20:10:22,1,1.0,
PER_000022,Person,LOCATED_AT,LOC_000083,Location,2025-03-28 03:22:45,2025-03-28 03:22:45,1,1.0,
PER_000022,Person,LOCATED_AT,LOC_000084,Location,2025-01-30 16:30:52,2025-04-22 12:58:59,2,2.0,
PER_000022,Person,LOCATED_AT,LOC_000097,Location,2025-01-09 23:07:12,2025-01-09 23:07:12,1,1.0,
PER_000022,Person,LOCATED_AT,LOC_000099,Location,2025-08-19 18:52:11,2025-08-19 18:52:11,1,1.0,
PER_000022,Person,LOCATED_AT,LOC_000100,Location,2025-01-16 08:05:35,2025-01-16 08:05:35,1,1.0,
PER_000022,Person,LOCATED_AT,LOC_000104,Location,2025-05-11 17:07:34,2025-05-11 17:07:34,1,1.0,
PER_000022,Person,LOCATED_AT,LOC_000107,Location,2025-01-31 14:50:57,2025-09-24 07:45:35,2,2.0,
PER_000022,Person,LOCATED_AT,LOC_000112,Location,2025-10-14 09:28:35,2025-10-14 09:28:35,1,1.0,
PER_000023,Person,LOCATED_AT,LOC_000003,Location,2025-12-15 14:20:26,2025-12-15 14:20:26,1,1.0,
PER_000023,Person,LOCATED_AT,LOC_000033,Location,2025-01-09 10:34:42,2025-01-09 10:34:42,1,1.0,
PER_000023,Person,LOCATED_AT,LOC_000034,Location,2025-02-03 15:19:12,2025-02-03 15:19:12,1,1.0,
PER_000023,Person,LOCATED_AT,LOC_000068,Location,2025-10-23 15:26:22,2025-10-23 15:26:22,1,1.0,
PER_000023,Person,LOCATED_AT,LOC_000089,Location,2025-09-20 10:22:26,2025-09-20 10:22:26,1,1.0,
PER_000023,Person,LOCATED_AT,LOC_000092,Location,2025-02-25 11:09:34,2025-02-25 11:09:34,1,1.0,
PER_000023,Person,LOCATED_AT,LOC_000103,Location,2025-12-29 18:11:15,2025-12-29 18:11:15,1,1.0,
PER_000023,Person,LOCATED_AT,LOC_000117,Location,2025-01-10 17:50:05,2025-12-18 22:19:39,37,37.0,
PER_000024,Person,LOCATED_AT,LOC_000003,Location,2025-03-31 15:21:54,2025-07-19 19:04:50,3,3.0,
PER_000024,Person,LOCATED_AT,LOC_000009,Location,2025-08-22 09:15:23,2025-08-22 09:15:23,1,1.0,
PER_000024,Person,LOCATED_AT,LOC_000010,Location,2025-08-07 09:12:54,2025-08-07 09:12:54,1,1.0,
PER_000024,Person,LOCATED_AT,LOC_000016,Location,2025-10-22 08:15:24,2025-10-22 08:15:24,1,1.0,
PER_000024,Person,LOCATED_AT,LOC_000032,Location,2025-06-15 13:40:47,2025-07-01 16:25:03,2,2.0,
PER_000024,Person,LOCATED_AT,LOC_000038,Location,2025-02-13 07:09:08,2025-02-13 07:09:08,1,1.0,
PER_000024,Person,LOCATED_AT,LOC_000039,Location,2025-10-09 17:54:19,2025-10-09 17:54:19,1,1.0,
PER_000024,Person,LOCATED_AT,LOC_000040,Location,2025-07-13 18:13:53,2025-07-13 18:13:53,1,1.0,
PER_000024,Person,LOCATED_AT,LOC_000049,Location,2025-03-19 17:12:43,2025-03-19 17:12:43,1,1.0,
PER_000024,Person,LOCATED_AT,LOC_000056,Location,2025-07-26 09:10:52,2025-07-26 09:10:52,1,1.0,
PER_000024,Person,LOCATED_AT,LOC_000063,Location,2025-07-21 07:06:37,2025-07-21 07:06:37,1,1.0,
PER_000024,Person,LOCATED_AT,LOC_000064,Location,2025-11-03 08:41:26,2025-11-03 08:41:26,1,1.0,
PER_000024,Person,LOCATED_AT,LOC_000065,Location,2025-09-04 21:28:30,2025-09-04 21:28:30,1,1.0,
PER_000024,Person,LOCATED_AT,LOC_000067,Location,2025-09-09 20:03:09,2025-10-15 15:30:47,2,2.0,
PER_000024,Person,LOCATED_AT,LOC_000069,Location,2025-03-23 20:26:04,2025-03-23 20:26:04,1,1.0,
PER_000024,Person,LOCATED_AT,LOC_000070,Location,2025-12-18 18:49:03,2025-12-18 18:49:03,1,1.0,
PER_000024,Person,LOCATED_AT,LOC_000078,Location,2025-03-17 08:10:09,2025-03-17 08:10:09,1,1.0,
PER_000024,Person,LOCATED_AT,LOC_000079,Location,2025-07-16 10:09:42,2025-07-16 10:09:42,1,1.0,
PER_000024,Person,LOCATED_AT,LOC_000081,Location,2025-06-21 04:05:25,2025-06-21 04:05:25,1,1.0,
PER_000024,Person,LOCATED_AT,LOC_000083,Location,2025-01-01 01:58:22,2025-12-31 21:39:11,185,185.0,
PER_000024,Person,LOCATED_AT,LOC_000089,Location,2025-08-20 18:43:36,2025-08-20 18:43:36,1,1.0,
PER_000024,Person,LOCATED_AT,LOC_000090,Location,2025-02-20 03:20:11,2025-02-20 03:20:11,1,1.0,
PER_000024,Person,LOCATED_AT,LOC_000092,Location,2025-01-22 20:36:03,2025-01-22 20:36:03,1,1.0,
PER_000024,Person,LOCATED_AT,LOC_000094,Location,2025-07-13 05:32:32,2025-07-13 05:32:32,1,1.0,
PER_000024,Person,LOCATED_AT,LOC_000108,Location,2025-03-03 15:13:36,2025-03-03 15:13:36,1,1.0,
PER_000024,Person,LOCATED_AT,LOC_000110,Location,2025-06-26 07:28:14,2025-06-26 07:28:14,1,1.0,
PER_000024,Person,LOCATED_AT,LOC_000118,Location,2025-12-06 14:09:15,2025-12-06 14:09:15,1,1.0,
PER_000024,Person,LOCATED_AT,LOC_000119,Location,2025-03-07 20:25:08,2025-03-07 20:25:08,1,1.0,
PER_000025,Person,LOCATED_AT,LOC_000003,Location,2025-07-17 09:16:37,2025-07-17 09:16:37,1,1.0,
PER_000025,Person,LOCATED_AT,LOC_000006,Location,2025-09-29 06:01:07,2025-09-29 06:01:07,1,1.0,
PER_000025,Person,LOCATED_AT,LOC_000007,Location,2025-01-03 16:53:37,2025-12-06 19:37:16,29,29.0,
PER_000025,Person,LOCATED_AT,LOC_000024,Location,2025-10-30 16:44:54,2025-10-30 16:44:54,1,1.0,
PER_000025,Person,LOCATED_AT,LOC_000032,Location,2025-06-01 13:10:22,2025-06-01 13:10:22,1,1.0,
PER_000025,Person,LOCATED_AT,LOC_000045,Location,2025-12-27 06:23:05,2025-12-27 06:23:05,1,1.0,
PER_000025,Person,LOCATED_AT,LOC_000053,Location,2025-07-13 09:28:29,2025-07-13 09:28:29,1,1.0,
PER_000025,Person,LOCATED_AT,LOC_000071,Location,2025-12-23 13:20:25,2025-12-23 13:20:25,1,1.0,
PER_000025,Person,LOCATED_AT,LOC_000091,Location,2025-05-26 09:45:43,2025-05-26 09:45:43,1,1.0,
PER_000026,Person,LOCATED_AT,LOC_000053,Location,2025-09-14 15:24:30,2025-09-14 15:24:30,1,1.0,
PER_000026,Person,LOCATED_AT,LOC_000059,Location,2025-01-09 11:26:01,2025-12-28 09:50:51,36,36.0,
PER_000026,Person,LOCATED_AT,LOC_000061,Location,2025-12-20 20:26:35,2025-12-20 20:26:35,1,1.0,
PER_000026,Person,LOCATED_AT,LOC_000073,Location,2025-06-24 16:12:42,2025-06-24 16:12:42,1,1.0,
PER_000026,Person,LOCATED_AT,LOC_000091,Location,2025-08-10 11:31:05,2025-08-10 11:31:05,1,1.0,
PER_000026,Person,LOCATED_AT,LOC_000115,Location,2025-12-21 12:01:13,2025-12-21 12:01:13,1,1.0,
PER_000027,Person,LOCATED_AT,LOC_000001,Location,2025-11-14 16:12:06,2025-11-14 16:12:06,1,1.0,
PER_000027,Person,LOCATED_AT,LOC_000010,Location,2025-04-25 11:07:13,2025-04-25 11:07:13,1,1.0,
PER_000027,Person,LOCATED_AT,LOC_000012,Location,2025-02-01 10:04:55,2025-02-01 10:04:55,1,1.0,
PER_000027,Person,LOCATED_AT,LOC_000014,Location,2025-08-23 16:09:12,2025-08-23 16:09:12,1,1.0,
PER_000027,Person,LOCATED_AT,LOC_000015,Location,2025-02-24 10:59:44,2025-09-21 18:12:46,2,2.0,
PER_000027,Person,LOCATED_AT,LOC_000016,Location,2025-03-07 14:36:31,2025-04-25 18:28:22,2,2.0,
PER_000027,Person,LOCATED_AT,LOC_000018,Location,2025-11-02 13:55:53,2025-11-02 13:55:53,1,1.0,
PER_000027,Person,LOCATED_AT,LOC_000019,Location,2025-05-07 23:32:59,2025-05-07 23:32:59,1,1.0,
PER_000027,Person,LOCATED_AT,LOC_000020,Location,2025-03-16 19:25:57,2025-03-16 19:25:57,1,1.0,
PER_000027,Person,LOCATED_AT,LOC_000022,Location,2025-06-17 05:27:38,2025-06-17 05:27:38,1,1.0,
PER_000027,Person,LOCATED_AT,LOC_000023,Location,2025-04-04 09:29:23,2025-06-27 07:17:50,2,2.0,
PER_000027,Person,LOCATED_AT,LOC_000026,Location,2025-12-18 13:17:21,2025-12-18 13:17:21,1,1.0,
PER_000027,Person,LOCATED_AT,LOC_000027,Location,2025-06-27 09:12:51,2025-06-27 09:12:51,1,1.0,
PER_000027,Person,LOCATED_AT,LOC_000030,Location,2025-03-14 20:08:08,2025-03-14 20:08:08,1,1.0,
PER_000027,Person,LOCATED_AT,LOC_000031,Location,2025-10-14 13:59:47,2025-10-14 13:59:47,1,1.0,
PER_000027,Person,LOCATED_AT,LOC_000034,Location,2025-08-04 16:47:53,2025-08-04 16:47:53,1,1.0,
PER_000027,Person,LOCATED_AT,LOC_000035,Location,2025-01-09 19:34:03,2025-01-09 19:34:03,1,1.0,
PER_000027,Person,LOCATED_AT,LOC_000042,Location,2025-01-02 20:50:14,2025-11-17 16:08:08,2,2.0,
PER_000027,Person,LOCATED_AT,LOC_000044,Location,2025-10-09 13:36:21,2025-10-09 13:36:21,1,1.0,
PER_000027,Person,LOCATED_AT,LOC_000046,Location,2025-07-10 16:09:57,2025-07-10 16:09:57,1,1.0,
PER_000027,Person,LOCATED_AT,LOC_000058,Location,2025-06-10 10:06:02,2025-06-10 10:06:02,1,1.0,
PER_000027,Person,LOCATED_AT,LOC_000061,Location,2025-01-10 08:03:25,2025-01-10 08:03:25,1,1.0,
PER_000027,Person,LOCATED_AT,LOC_000064,Location,2025-12-16 13:04:47,2025-12-16 13:04:47,1,1.0,
PER_000027,Person,LOCATED_AT,LOC_000071,Location,2025-06-22 06:57:22,2025-06-22 06:57:22,1,1.0,
PER_000027,Person,LOCATED_AT,LOC_000072,Location,2025-03-29 16:13:08,2025-03-29 16:13:08,1,1.0,
PER_000027,Person,LOCATED_AT,LOC_000074,Location,2025-04-12 12:22:26,2025-12-01 11:38:17,3,3.0,
PER_000027,Person,LOCATED_AT,LOC_000075,Location,2025-10-17 20:05:13,2025-10-17 20:05:13,1,1.0,
PER_000027,Person,LOCATED_AT,LOC_000076,Location,2025-12-31 07:07:35,2025-12-31 07:07:35,1,1.0,
PER_000027,Person,LOCATED_AT,LOC_000079,Location,2025-04-30 15:36:51,2025-04-30 15:36:51,1,1.0,
PER_000027,Person,LOCATED_AT,LOC_000083,Location,2025-10-19 06:51:20,2025-10-19 06:51:20,1,1.0,
PER_000027,Person,LOCATED_AT,LOC_000085,Location,2025-01-24 15:23:20,2025-01-24 15:23:20,1,1.0,
PER_000027,Person,LOCATED_AT,LOC_000089,Location,2025-01-09 08:10:08,2025-03-10 16:51:48,2,2.0,
PER_000027,Person,LOCATED_AT,LOC_000090,Location,2025-09-11 04:09:16,2025-09-11 04:09:16,1,1.0,
PER_000027,Person,LOCATED_AT,LOC_000092,Location,2025-12-20 12:48:20,2025-12-20 12:48:20,1,1.0,
PER_000027,Person,LOCATED_AT,LOC_000096,Location,2025-08-28 16:17:41,2025-08-28 16:17:41,1,1.0,
PER_000027,Person,LOCATED_AT,LOC_000097,Location,2025-01-01 06:17:05,2025-12-31 16:48:51,196,196.0,
PER_000027,Person,LOCATED_AT,LOC_000101,Location,2025-02-04 11:45:18,2025-02-04 11:45:18,1,1.0,
PER_000027,Person,LOCATED_AT,LOC_000103,Location,2025-02-07 22:21:05,2025-02-07 22:21:05,1,1.0,
PER_000027,Person,LOCATED_AT,LOC_000113,Location,2025-11-18 12:50:28,2025-11-18 12:50:28,1,1.0,
PER_000028,Person,LOCATED_AT,LOC_000003,Location,2025-01-18 19:58:01,2025-12-17 21:02:59,23,23.0,
PER_000028,Person,LOCATED_AT,LOC_000036,Location,2025-12-07 07:26:53,2025-12-07 07:26:53,1,1.0,
PER_000028,Person,LOCATED_AT,LOC_000057,Location,2025-04-15 19:19:52,2025-04-15 19:19:52,1,1.0,
PER_000028,Person,LOCATED_AT,LOC_000104,Location,2025-07-05 10:04:38,2025-07-05 10:04:38,1,1.0,
PER_000029,Person,LOCATED_AT,LOC_000015,Location,2025-04-10 05:19:40,2025-04-10 05:19:40,1,1.0,
PER_000029,Person,LOCATED_AT,LOC_000048,Location,2025-06-12 05:04:40,2025-06-12 05:04:40,1,1.0,
PER_000029,Person,LOCATED_AT,LOC_000059,Location,2025-02-12 12:45:44,2025-02-12 12:45:44,1,1.0,
PER_000029,Person,LOCATED_AT,LOC_000061,Location,2025-03-14 10:49:27,2025-03-14 10:49:27,1,1.0,
PER_000029,Person,LOCATED_AT,LOC_000073,Location,2025-01-17 12:15:03,2025-01-17 12:15:03,1,1.0,
PER_000029,Person,LOCATED_AT,LOC_000081,Location,2025-01-08 03:06:11,2025-01-08 03:06:11,1,1.0,
PER_000029,Person,LOCATED_AT,LOC_000100,Location,2025-01-06 10:06:24,2025-11-16 07:52:51,31,31.0,
PER_000030,Person,LOCATED_AT,LOC_000078,Location,2025-03-16 15:16:33,2025-03-16 15:16:33,1,1.0,
PER_000030,Person,LOCATED_AT,LOC_000108,Location,2025-01-16 21:27:58,2025-12-12 14:53:03,33,33.0,
PER_000030,Person,LOCATED_AT,LOC_000118,Location,2025-03-16 01:37:44,2025-03-16 01:37:44,1,1.0,
PER_000031,Person,LOCATED_AT,LOC_000002,Location,2025-02-17 09:37:00,2025-02-17 09:37:00,1,1.0,
PER_000031,Person,LOCATED_AT,LOC_000017,Location,2025-01-08 23:17:51,2025-12-29 15:50:29,22,22.0,
PER_000031,Person,LOCATED_AT,LOC_000027,Location,2025-05-01 08:38:58,2025-05-01 08:38:58,1,1.0,
PER_000031,Person,LOCATED_AT,LOC_000038,Location,2025-11-16 16:40:36,2025-11-16 16:40:36,1,1.0,
PER_000031,Person,LOCATED_AT,LOC_000084,Location,2025-10-04 08:32:18,2025-10-04 08:32:18,1,1.0,
PER_000031,Person,LOCATED_AT,LOC_000099,Location,2025-10-13 18:15:56,2025-10-13 18:15:56,1,1.0,
PER_000032,Person,LOCATED_AT,LOC_000028,Location,2025-01-19 04:54:01,2025-12-21 06:02:57,39,39.0,
PER_000032,Person,LOCATED_AT,LOC_000055,Location,2025-10-17 09:24:46,2025-10-17 09:24:46,1,1.0,
PER_000032,Person,LOCATED_AT,LOC_000064,Location,2025-12-11 12:09:11,2025-12-11 12:09:11,1,1.0,
PER_000032,Person,LOCATED_AT,LOC_000090,Location,2025-03-20 20:46:32,2025-03-20 20:46:32,1,1.0,
PER_000032,Person,LOCATED_AT,LOC_000094,Location,2025-03-17 20:19:54,2025-03-17 20:19:54,1,1.0,
PER_000032,Person,LOCATED_AT,LOC_000100,Location,2025-08-31 18:15:21,2025-08-31 18:15:21,1,1.0,
PER_000032,Person,LOCATED_AT,LOC_000101,Location,2025-07-29 14:00:24,2025-07-29 14:00:24,1,1.0,
PER_000032,Person,LOCATED_AT,LOC_000104,Location,2025-08-31 09:51:46,2025-08-31 09:51:46,1,1.0,
PER_000033,Person,LOCATED_AT,LOC_000022,Location,2025-01-15 14:27:56,2025-12-23 18:44:25,26,26.0,
PER_000033,Person,LOCATED_AT,LOC_000053,Location,2025-03-22 18:22:24,2025-03-22 18:22:24,1,1.0,
PER_000033,Person,LOCATED_AT,LOC_000060,Location,2025-03-29 14:59:23,2025-03-29 14:59:23,1,1.0,
PER_000033,Person,LOCATED_AT,LOC_000072,Location,2025-11-04 08:38:02,2025-11-04 08:38:02,1,1.0,
PER_000033,Person,LOCATED_AT,LOC_000083,Location,2025-03-05 15:56:35,2025-03-05 15:56:35,1,1.0,
PER_000033,Person,LOCATED_AT,LOC_000089,Location,2025-11-20 15:18:08,2025-11-20 15:18:08,1,1.0,
PER_000034,Person,LOCATED_AT,LOC_000050,Location,2025-07-17 10:43:18,2025-07-17 10:43:18,1,1.0,
PER_000034,Person,LOCATED_AT,LOC_000067,Location,2025-09-02 18:52:02,2025-09-02 18:52:02,1,1.0,
PER_000034,Person,LOCATED_AT,LOC_000075,Location,2025-01-12 09:34:01,2025-12-21 12:30:42,25,25.0,
PER_000034,Person,LOCATED_AT,LOC_000112,Location,2025-12-08 07:39:41,2025-12-08 07:39:41,1,1.0,
PER_000035,Person,LOCATED_AT,LOC_000007,Location,2025-08-16 11:16:21,2025-08-16 11:16:21,1,1.0,
PER_000035,Person,LOCATED_AT,LOC_000012,Location,2025-06-21 21:46:20,2025-06-21 21:46:20,1,1.0,
PER_000035,Person,LOCATED_AT,LOC_000013,Location,2025-01-21 17:46:04,2025-09-08 09:24:16,2,2.0,
PER_000035,Person,LOCATED_AT,LOC_000014,Location,2025-09-15 20:04:55,2025-09-15 20:04:55,1,1.0,
PER_000035,Person,LOCATED_AT,LOC_000017,Location,2025-04-28 02:29:15,2025-04-28 02:29:15,1,1.0,
PER_000035,Person,LOCATED_AT,LOC_000018,Location,2025-12-31 03:47:04,2025-12-31 03:47:04,1,1.0,
PER_000035,Person,LOCATED_AT,LOC_000019,Location,2025-08-14 10:38:13,2025-08-14 10:38:13,1,1.0,
PER_000035,Person,LOCATED_AT,LOC_000026,Location,2025-10-07 08:31:37,2025-10-07 08:31:37,1,1.0,
PER_000035,Person,LOCATED_AT,LOC_000029,Location,2025-05-24 14:22:27,2025-05-24 14:22:27,1,1.0,
PER_000035,Person,LOCATED_AT,LOC_000042,Location,2025-11-18 10:11:50,2025-12-23 17:30:37,2,2.0,
PER_000035,Person,LOCATED_AT,LOC_000046,Location,2025-04-01 13:18:16,2025-04-01 13:18:16,1,1.0,
PER_000035,Person,LOCATED_AT,LOC_000053,Location,2025-12-19 20:39:33,2025-12-19 20:39:33,1,1.0,
PER_000035,Person,LOCATED_AT,LOC_000054,Location,2025-07-07 12:36:50,2025-07-07 12:36:50,1,1.0,
PER_000035,Person,LOCATED_AT,LOC_000057,Location,2025-11-24 01:23:45,2025-11-24 01:23:45,1,1.0,
PER_000035,Person,LOCATED_AT,LOC_000058,Location,2025-05-31 09:05:51,2025-05-31 09:05:51,1,1.0,
PER_000035,Person,LOCATED_AT,LOC_000062,Location,2025-07-04 00:19:12,2025-12-25 18:21:57,2,2.0,
PER_000035,Person,LOCATED_AT,LOC_000064,Location,2025-11-27 16:05:27,2025-11-27 16:05:27,1,1.0,
PER_000035,Person,LOCATED_AT,LOC_000066,Location,2025-08-05 05:13:12,2025-08-05 05:13:12,1,1.0,
PER_000035,Person,LOCATED_AT,LOC_000069,Location,2025-03-03 06:02:38,2025-03-03 06:02:38,1,1.0,
PER_000035,Person,LOCATED_AT,LOC_000075,Location,2025-11-04 09:42:27,2025-11-04 09:42:27,1,1.0,
PER_000035,Person,LOCATED_AT,LOC_000076,Location,2025-11-01 13:31:41,2025-11-28 22:54:12,2,2.0,
PER_000035,Person,LOCATED_AT,LOC_000079,Location,2025-09-25 10:47:55,2025-09-25 10:47:55,1,1.0,
PER_000035,Person,LOCATED_AT,LOC_000086,Location,2025-08-23 04:53:49,2025-08-23 04:53:49,1,1.0,
PER_000035,Person,LOCATED_AT,LOC_000091,Location,2025-10-07 04:36:23,2025-10-07 04:36:23,1,1.0,
PER_000035,Person,LOCATED_AT,LOC_000095,Location,2025-11-26 07:27:01,2025-11-26 07:27:01,1,1.0,
PER_000035,Person,LOCATED_AT,LOC_000099,Location,2025-08-24 12:36:35,2025-08-24 12:36:35,1,1.0,
PER_000035,Person,LOCATED_AT,LOC_000105,Location,2025-08-02 07:01:23,2025-08-02 07:01:23,1,1.0,
PER_000035,Person,LOCATED_AT,LOC_000111,Location,2025-09-04 17:08:42,2025-09-04 17:08:42,1,1.0,
PER_000035,Person,LOCATED_AT,LOC_000117,Location,2025-11-08 16:44:28,2025-11-08 16:44:28,1,1.0,
PER_000035,Person,LOCATED_AT,LOC_000119,Location,2025-09-29 17:57:15,2025-09-29 17:57:15,1,1.0,
PER_000036,Person,LOCATED_AT,LOC_000044,Location,2025-09-12 13:58:59,2025-09-12 13:58:59,1,1.0,
PER_000036,Person,LOCATED_AT,LOC_000066,Location,2025-08-07 14:04:19,2025-08-07 14:04:19,1,1.0,
PER_000036,Person,LOCATED_AT,LOC_000088,Location,2025-10-02 17:19:03,2025-10-02 17:19:03,1,1.0,
PER_000036,Person,LOCATED_AT,LOC_000090,Location,2025-01-03 05:53:55,2025-12-19 17:15:29,25,25.0,
PER_000036,Person,LOCATED_AT,LOC_000097,Location,2025-11-19 13:22:43,2025-11-19 13:22:43,1,1.0,
PER_000037,Person,LOCATED_AT,LOC_000004,Location,2025-09-15 06:08:19,2025-09-15 06:08:19,1,1.0,
PER_000037,Person,LOCATED_AT,LOC_000034,Location,2025-12-17 11:06:30,2025-12-17 11:06:30,1,1.0,
PER_000037,Person,LOCATED_AT,LOC_000101,Location,2025-01-29 15:47:04,2025-12-16 11:57:02,29,29.0,
PER_000038,Person,LOCATED_AT,LOC_000001,Location,2025-05-01 12:23:57,2025-05-01 14:43:56,2,2.0,
PER_000038,Person,LOCATED_AT,LOC_000004,Location,2025-05-01 02:47:50,2025-05-01 02:47:50,1,1.0,
PER_000038,Person,LOCATED_AT,LOC_000006,Location,2025-05-01 08:12:27,2025-05-01 12:09:49,2,2.0,
PER_000038,Person,LOCATED_AT,LOC_000014,Location,2025-05-01 16:55:20,2025-05-01 16:55:20,1,1.0,
PER_000038,Person,LOCATED_AT,LOC_000017,Location,2025-05-01 15:12:00,2025-05-01 15:12:00,1,1.0,
PER_000038,Person,LOCATED_AT,LOC_000018,Location,2025-05-01 05:55:44,2025-05-01 14:05:08,2,2.0,
PER_000038,Person,LOCATED_AT,LOC_000019,Location,2025-05-01 04:38:20,2025-05-01 04:38:20,1,1.0,
PER_000038,Person,LOCATED_AT,LOC_000020,Location,2025-05-01 01:31:29,2025-05-01 01:31:29,1,1.0,
PER_000038,Person,LOCATED_AT,LOC_000026,Location,2025-05-01 14:07:27,2025-05-01 22:21:01,2,2.0,
PER_000038,Person,LOCATED_AT,LOC_000032,Location,2025-05-01 18:28:11,2025-05-01 18:28:11,1,1.0,
PER_000038,Person,LOCATED_AT,LOC_000036,Location,2025-05-01 04:22:00,2025-05-01 04:22:00,1,1.0,
PER_000038,Person,LOCATED_AT,LOC_000041,Location,2025-05-01 07:13:29,2025-05-01 07:13:29,1,1.0,
PER_000038,Person,LOCATED_AT,LOC_000043,Location,2025-05-01 14:24:02,2025-05-01 14:24:02,1,1.0,
PER_000038,Person,LOCATED_AT,LOC_000044,Location,2025-05-01 16:48:04,2025-05-01 16:48:04,1,1.0,
PER_000038,Person,LOCATED_AT,LOC_000045,Location,2025-05-01 03:19:04,2025-05-01 03:19:04,1,1.0,
PER_000038,Person,LOCATED_AT,LOC_000047,Location,2025-05-01 05:06:51,2025-05-01 16:54:13,2,2.0,
PER_000038,Person,LOCATED_AT,LOC_000050,Location,2025-05-01 21:27:42,2025-05-01 21:27:42,1,1.0,
PER_000038,Person,LOCATED_AT,LOC_000057,Location,2025-05-01 15:36:46,2025-05-01 15:36:46,1,1.0,
PER_000038,Person,LOCATED_AT,LOC_000063,Location,2025-05-01 11:23:28,2025-05-01 11:23:28,1,1.0,
PER_000038,Person,LOCATED_AT,LOC_000065,Location,2025-05-01 17:44:28,2025-05-01 17:44:28,1,1.0,
PER_000038,Person,LOCATED_AT,LOC_000067,Location,2025-05-01 01:21:22,2025-05-01 01:21:22,1,1.0,
PER_000038,Person,LOCATED_AT,LOC_000069,Location,2025-05-01 06:16:46,2025-05-01 06:16:46,1,1.0,
PER_000038,Person,LOCATED_AT,LOC_000085,Location,2025-05-01 00:00:10,2025-05-01 23:49:31,205,205.0,
PER_000038,Person,LOCATED_AT,LOC_000090,Location,2025-05-01 03:45:34,2025-05-01 03:45:34,1,1.0,
PER_000038,Person,LOCATED_AT,LOC_000093,Location,2025-05-01 05:08:48,2025-05-01 16:48:05,2,2.0,
PER_000038,Person,LOCATED_AT,LOC_000095,Location,2025-05-01 17:05:21,2025-05-01 17:05:21,1,1.0,
PER_000038,Person,LOCATED_AT,LOC_000108,Location,2025-05-01 16:40:38,2025-05-01 16:40:38,1,1.0,
PER_000038,Person,LOCATED_AT,LOC_000111,Location,2025-05-01 04:59:30,2025-05-01 04:59:30,1,1.0,
PER_000038,Person,LOCATED_AT,LOC_000116,Location,2025-05-01 19:19:33,2025-05-01 19:19:33,1,1.0,
PER_000039,Person,LOCATED_AT,LOC_000002,Location,2025-01-03 07:10:09,2025-12-30 13:29:42,25,25.0,
PER_000039,Person,LOCATED_AT,LOC_000026,Location,2025-09-30 16:41:43,2025-09-30 16:41:43,1,1.0,
PER_000039,Person,LOCATED_AT,LOC_000049,Location,2025-05-11 09:14:46,2025-05-11 09:14:46,1,1.0,
PER_000040,Person,LOCATED_AT,LOC_000047,Location,2025-01-21 21:49:55,2025-12-02 12:55:58,22,22.0,
PER_000040,Person,LOCATED_AT,LOC_000084,Location,2025-08-25 13:10:05,2025-08-25 13:10:05,1,1.0,
PER_000041,Person,LOCATED_AT,LOC_000007,Location,2025-06-08 16:26:17,2025-06-08 16:26:17,1,1.0,
PER_000041,Person,LOCATED_AT,LOC_000008,Location,2025-01-12 16:36:38,2025-01-12 16:36:38,1,1.0,
PER_000041,Person,LOCATED_AT,LOC_000015,Location,2025-08-21 17:42:20,2025-08-21 17:42:20,1,1.0,
PER_000041,Person,LOCATED_AT,LOC_000019,Location,2025-06-01 19:53:14,2025-08-03 18:21:30,2,2.0,
PER_000041,Person,LOCATED_AT,LOC_000022,Location,2025-03-06 14:26:08,2025-03-06 14:26:08,1,1.0,
PER_000041,Person,LOCATED_AT,LOC_000025,Location,2025-04-22 11:49:02,2025-04-22 11:49:02,1,1.0,
PER_000041,Person,LOCATED_AT,LOC_000026,Location,2025-02-15 12:32:47,2025-02-15 12:32:47,1,1.0,
PER_000041,Person,LOCATED_AT,LOC_000028,Location,2025-02-24 11:03:38,2025-02-24 11:03:38,1,1.0,
PER_000041,Person,LOCATED_AT,LOC_000040,Location,2025-03-13 10:12:21,2025-03-13 10:12:21,1,1.0,
PER_000041,Person,LOCATED_AT,LOC_000041,Location,2025-11-01 20:05:03,2025-11-01 20:05:03,1,1.0,
PER_000041,Person,LOCATED_AT,LOC_000051,Location,2025-06-01 07:34:42,2025-11-23 11:40:57,2,2.0,
PER_000041,Person,LOCATED_AT,LOC_000057,Location,2025-06-08 10:38:12,2025-06-08 10:38:12,1,1.0,
PER_000041,Person,LOCATED_AT,LOC_000065,Location,2025-04-04 19:01:21,2025-04-04 19:01:21,1,1.0,
PER_000041,Person,LOCATED_AT,LOC_000066,Location,2025-09-12 10:07:57,2025-09-12 10:07:57,1,1.0,
PER_000041,Person,LOCATED_AT,LOC_000068,Location,2025-01-06 18:43:00,2025-01-06 18:43:00,1,1.0,
PER_000041,Person,LOCATED_AT,LOC_000073,Location,2025-06-05 23:08:27,2025-06-05 23:08:27,1,1.0,
PER_000041,Person,LOCATED_AT,LOC_000074,Location,2025-07-06 12:31:48,2025-07-06 12:31:48,1,1.0,
PER_000041,Person,LOCATED_AT,LOC_000079,Location,2025-06-22 14:56:40,2025-06-22 14:56:40,1,1.0,
PER_000041,Person,LOCATED_AT,LOC_000082,Location,2025-12-12 14:03:34,2025-12-12 14:03:34,1,1.0,
PER_000041,Person,LOCATED_AT,LOC_000085,Location,2025-08-02 09:45:22,2025-08-02 09:45:22,1,1.0,
PER_000041,Person,LOCATED_AT,LOC_000087,Location,2025-06-27 17:14:05,2025-06-27 17:14:05,1,1.0,
PER_000041,Person,LOCATED_AT,LOC_000090,Location,2025-08-25 06:05:15,2025-08-25 06:05:15,1,1.0,
PER_000041,Person,LOCATED_AT,LOC_000094,Location,2025-04-06 17:24:03,2025-04-06 17:24:03,1,1.0,
PER_000041,Person,LOCATED_AT,LOC_000096,Location,2025-06-17 09:04:55,2025-06-17 09:04:55,1,1.0,
PER_000041,Person,LOCATED_AT,LOC_000102,Location,2025-06-15 09:27:06,2025-06-15 09:27:06,1,1.0,
PER_000041,Person,LOCATED_AT,LOC_000104,Location,2025-11-16 08:40:17,2025-11-16 08:40:17,1,1.0,
PER_000042,Person,LOCATED_AT,LOC_000009,Location,2025-07-20 09:55:39,2025-07-20 09:55:39,1,1.0,
PER_000042,Person,LOCATED_AT,LOC_000012,Location,2025-01-19 16:16:00,2025-01-19 16:16:00,1,1.0,
PER_000042,Person,LOCATED_AT,LOC_000014,Location,2025-06-14 12:27:50,2025-06-14 12:27:50,1,1.0,
PER_000042,Person,LOCATED_AT,LOC_000017,Location,2025-05-27 06:40:45,2025-05-27 06:40:45,1,1.0,
PER_000042,Person,LOCATED_AT,LOC_000018,Location,2025-08-09 11:23:23,2025-08-09 11:23:23,1,1.0,
PER_000042,Person,LOCATED_AT,LOC_000019,Location,2025-08-27 15:47:13,2025-08-27 15:47:13,1,1.0,
PER_000042,Person,LOCATED_AT,LOC_000026,Location,2025-04-23 15:14:19,2025-04-23 15:14:19,1,1.0,
PER_000042,Person,LOCATED_AT,LOC_000028,Location,2025-05-31 05:31:01,2025-05-31 05:31:01,1,1.0,
PER_000042,Person,LOCATED_AT,LOC_000032,Location,2025-03-04 08:15:46,2025-03-04 08:15:46,1,1.0,
PER_000042,Person,LOCATED_AT,LOC_000033,Location,2025-01-27 12:15:23,2025-01-27 12:15:23,1,1.0,
PER_000042,Person,LOCATED_AT,LOC_000034,Location,2025-01-02 21:35:27,2025-01-02 21:35:27,1,1.0,
PER_000042,Person,LOCATED_AT,LOC_000039,Location,2025-03-08 16:29:37,2025-03-08 16:29:37,1,1.0,
PER_000042,Person,LOCATED_AT,LOC_000044,Location,2025-02-04 20:53:33,2025-02-04 20:53:33,1,1.0,
PER_000042,Person,LOCATED_AT,LOC_000047,Location,2025-06-24 08:13:32,2025-06-24 08:13:32,1,1.0,
PER_000042,Person,LOCATED_AT,LOC_000053,Location,2025-10-06 15:05:40,2025-10-06 15:05:40,1,1.0,
PER_000042,Person,LOCATED_AT,LOC_000055,Location,2025-12-14 14:08:24,2025-12-14 14:08:24,1,1.0,
PER_000042,Person,LOCATED_AT,LOC_000059,Location,2025-08-24 14:02:52,2025-08-24 14:02:52,1,1.0,
PER_000042,Person,LOCATED_AT,LOC_000060,Location,2025-01-03 16:48:35,2025-12-29 07:55:38,192,192.0,
PER_000042,Person,LOCATED_AT,LOC_000068,Location,2025-02-22 21:58:17,2025-02-22 21:58:17,1,1.0,
PER_000042,Person,LOCATED_AT,LOC_000074,Location,2025-05-23 17:20:48,2025-05-23 17:20:48,1,1.0,
PER_000042,Person,LOCATED_AT,LOC_000079,Location,2025-09-27 12:09:11,2025-09-27 12:09:11,1,1.0,
PER_000042,Person,LOCATED_AT,LOC_000082,Location,2025-12-16 11:25:36,2025-12-16 11:25:36,1,1.0,
PER_000042,Person,LOCATED_AT,LOC_000084,Location,2025-07-31 17:07:30,2025-12-21 15:15:28,3,3.0,
PER_000042,Person,LOCATED_AT,LOC_000089,Location,2025-07-09 18:36:30,2025-07-09 18:36:30,1,1.0,
PER_000042,Person,LOCATED_AT,LOC_000092,Location,2025-01-31 14:37:17,2025-01-31 14:37:17,1,1.0,
PER_000042,Person,LOCATED_AT,LOC_000099,Location,2025-02-10 17:14:52,2025-02-10 17:14:52,1,1.0,
PER_000042,Person,LOCATED_AT,LOC_000101,Location,2025-01-19 13:33:04,2025-01-19 13:33:04,1,1.0,
PER_000042,Person,LOCATED_AT,LOC_000107,Location,2025-01-08 14:58:12,2025-10-20 16:05:04,2,2.0,
PER_000042,Person,LOCATED_AT,LOC_000108,Location,2025-07-21 20:24:05,2025-07-21 20:24:05,1,1.0,
PER_000042,Person,LOCATED_AT,LOC_000109,Location,2025-03-12 16:44:12,2025-03-12 16:44:12,1,1.0,
PER_000042,Person,LOCATED_AT,LOC_000112,Location,2025-06-09 16:46:12,2025-06-09 16:46:12,1,1.0,
PER_000042,Person,LOCATED_AT,LOC_000117,Location,2025-07-11 20:55:32,2025-10-30 02:38:39,2,2.0,
PER_000043,Person,LOCATED_AT,LOC_000110,Location,2025-01-01 13:39:12,2025-12-23 16:05:14,34,34.0,
PER_000044,Person,LOCATED_AT,LOC_000032,Location,2025-01-06 09:56:52,2025-12-18 11:08:21,25,25.0,
PER_000044,Person,LOCATED_AT,LOC_000089,Location,2025-07-21 15:52:12,2025-07-21 15:52:12,1,1.0,
PER_000044,Person,LOCATED_AT,LOC_000111,Location,2025-06-09 20:53:54,2025-06-09 20:53:54,1,1.0,
PER_000044,Person,LOCATED_AT,LOC_000120,Location,2025-08-11 08:55:27,2025-08-11 08:55:27,1,1.0,
PER_000045,Person,LOCATED_AT,LOC_000004,Location,2025-01-01 10:27:40,2025-11-30 15:18:29,28,28.0,
PER_000045,Person,LOCATED_AT,LOC_000008,Location,2025-09-02 07:05:03,2025-09-02 07:05:03,1,1.0,
PER_000045,Person,LOCATED_AT,LOC_000025,Location,2025-03-13 12:33:44,2025-03-13 12:33:44,1,1.0,
PER_000045,Person,LOCATED_AT,LOC_000041,Location,2025-09-04 13:57:05,2025-09-04 13:57:05,1,1.0,
PER_000045,Person,LOCATED_AT,LOC_000082,Location,2025-01-30 07:04:19,2025-01-30 07:04:19,1,1.0,
PER_000046,Person,LOCATED_AT,LOC_000028,Location,2025-01-05 03:01:37,2025-12-14 16:28:50,34,34.0,
PER_000046,Person,LOCATED_AT,LOC_000032,Location,2025-02-24 13:44:07,2025-02-24 13:44:07,1,1.0,
PER_000046,Person,LOCATED_AT,LOC_000042,Location,2025-08-08 18:58:19,2025-08-08 18:58:19,1,1.0,
PER_000046,Person,LOCATED_AT,LOC_000057,Location,2025-04-01 17:53:49,2025-04-01 17:53:49,1,1.0,
PER_000046,Person,LOCATED_AT,LOC_000068,Location,2025-03-11 04:49:07,2025-03-11 04:49:07,1,1.0,
PER_000046,Person,LOCATED_AT,LOC_000120,Location,2025-08-11 14:43:22,2025-08-11 14:43:22,1,1.0,
PER_000047,Person,LOCATED_AT,LOC_000072,Location,2025-05-08 09:02:47,2025-05-08 09:02:47,1,1.0,
PER_000047,Person,LOCATED_AT,LOC_000092,Location,2025-08-16 08:10:17,2025-08-16 08:10:17,1,1.0,
PER_000047,Person,LOCATED_AT,LOC_000105,Location,2025-09-04 15:36:27,2025-09-04 15:36:27,1,1.0,
PER_000047,Person,LOCATED_AT,LOC_000108,Location,2025-08-25 13:53:35,2025-08-25 13:53:35,1,1.0,
PER_000047,Person,LOCATED_AT,LOC_000113,Location,2025-01-03 16:50:16,2025-12-31 09:19:52,35,35.0,
PER_000048,Person,LOCATED_AT,LOC_000025,Location,2025-01-06 14:34:11,2025-12-30 17:17:30,30,30.0,
PER_000048,Person,LOCATED_AT,LOC_000027,Location,2025-07-26 03:00:47,2025-07-26 03:00:47,1,1.0,
PER_000048,Person,LOCATED_AT,LOC_000034,Location,2025-01-28 22:57:32,2025-01-28 22:57:32,1,1.0,
PER_000048,Person,LOCATED_AT,LOC_000095,Location,2025-06-18 22:40:45,2025-06-18 22:40:45,1,1.0,
PER_000048,Person,LOCATED_AT,LOC_000109,Location,2025-11-13 18:12:27,2025-11-13 18:12:27,1,1.0,
PER_000049,Person,LOCATED_AT,LOC_000009,Location,2025-06-14 15:11:28,2025-06-14 15:11:28,1,1.0,
PER_000049,Person,LOCATED_AT,LOC_000019,Location,2025-06-24 16:37:05,2025-06-24 16:37:05,1,1.0,
PER_000049,Person,LOCATED_AT,LOC_000022,Location,2025-08-26 13:48:23,2025-08-26 13:48:23,1,1.0,
PER_000049,Person,LOCATED_AT,LOC_000033,Location,2025-07-12 06:01:12,2025-07-12 06:01:12,1,1.0,
PER_000049,Person,LOCATED_AT,LOC_000072,Location,2025-01-18 16:40:59,2025-12-10 16:37:55,40,40.0,
PER_000049,Person,LOCATED_AT,LOC_000100,Location,2025-12-01 11:59:06,2025-12-01 11:59:06,1,1.0,
PER_000049,Person,LOCATED_AT,LOC_000105,Location,2025-06-08 11:44:35,2025-06-08 11:44:35,1,1.0,
PER_000050,Person,LOCATED_AT,LOC_000002,Location,2025-06-11 06:14:13,2025-06-11 06:14:13,1,1.0,
PER_000050,Person,LOCATED_AT,LOC_000012,Location,2025-06-26 10:23:24,2025-06-26 10:23:24,1,1.0,
PER_000050,Person,LOCATED_AT,LOC_000017,Location,2025-12-06 04:08:24,2025-12-06 04:08:24,1,1.0,
PER_000050,Person,LOCATED_AT,LOC_000018,Location,2025-01-12 18:33:07,2025-08-04 15:33:57,3,3.0,
PER_000050,Person,LOCATED_AT,LOC_000026,Location,2025-10-06 03:49:07,2025-10-06 03:49:07,1,1.0,
PER_000050,Person,LOCATED_AT,LOC_000030,Location,2025-08-28 15:50:20,2025-12-20 19:07:12,2,2.0,
PER_000050,Person,LOCATED_AT,LOC_000031,Location,2025-06-14 10:08:52,2025-06-14 10:08:52,1,1.0,
PER_000050,Person,LOCATED_AT,LOC_000036,Location,2025-01-20 07:54:06,2025-01-20 07:54:06,1,1.0,
PER_000050,Person,LOCATED_AT,LOC_000040,Location,2025-07-03 19:42:41,2025-07-03 19:42:41,1,1.0,
PER_000050,Person,LOCATED_AT,LOC_000042,Location,2025-03-31 04:06:23,2025-04-16 12:36:11,2,2.0,
PER_000050,Person,LOCATED_AT,LOC_000051,Location,2025-11-29 14:02:13,2025-11-29 14:02:13,1,1.0,
PER_000050,Person,LOCATED_AT,LOC_000058,Location,2025-01-04 08:12:14,2025-12-31 13:04:14,190,190.0,
PER_000050,Person,LOCATED_AT,LOC_000061,Location,2025-08-12 20:45:44,2025-08-12 20:45:44,1,1.0,
PER_000050,Person,LOCATED_AT,LOC_000063,Location,2025-01-26 06:42:58,2025-01-26 06:42:58,1,1.0,
PER_000050,Person,LOCATED_AT,LOC_000065,Location,2025-07-15 11:57:08,2025-12-12 13:26:08,2,2.0,
PER_000050,Person,LOCATED_AT,LOC_000068,Location,2025-04-23 21:11:45,2025-04-23 21:11:45,1,1.0,
PER_000050,Person,LOCATED_AT,LOC_000070,Location,2025-02-22 16:18:27,2025-02-22 16:18:27,1,1.0,
PER_000050,Person,LOCATED_AT,LOC_000072,Location,2025-08-06 14:23:06,2025-08-06 14:23:06,1,1.0,
PER_000050,Person,LOCATED_AT,LOC_000075,Location,2025-06-24 13:37:48,2025-06-24 13:37:48,1,1.0,
PER_000050,Person,LOCATED_AT,LOC_000085,Location,2025-10-18 16:21:19,2025-10-18 16:21:19,1,1.0,
PER_000050,Person,LOCATED_AT,LOC_000089,Location,2025-12-09 05:20:38,2025-12-09 05:20:38,1,1.0,
PER_000050,Person,LOCATED_AT,LOC_000094,Location,2025-09-18 05:42:22,2025-09-18 05:42:22,1,1.0,
PER_000050,Person,LOCATED_AT,LOC_000095,Location,2025-08-30 20:01:41,2025-08-30 20:01:41,1,1.0,
PER_000050,Person,LOCATED_AT,LOC_000097,Location,2025-06-23 10:53:30,2025-06-23 10:53:30,1,1.0,
PER_000050,Person,LOCATED_AT,LOC_000101,Location,2025-07-06 15:55:03,2025-07-06 15:55:03,1,1.0,
PER_000050,Person,LOCATED_AT,LOC_000105,Location,2025-06-04 17:07:15,2025-06-04 17:07:15,1,1.0,
PER_000050,Person,LOCATED_AT,LOC_000109,Location,2025-11-25 09:48:27,2025-11-25 09:48:27,1,1.0,
PER_000050,Person,LOCATED_AT,LOC_000111,Location,2025-01-05 07:38:34,2025-04-04 13:16:58,2,2.0,
PER_000050,Person,LOCATED_AT,LOC_000112,Location,2025-10-17 21:21:02,2025-10-21 09:54:50,2,2.0,
PER_000050,Person,LOCATED_AT,LOC_000115,Location,2025-02-19 06:07:30,2025-08-19 10:35:30,2,2.0,
PER_000051,Person,LOCATED_AT,LOC_000002,Location,2025-06-06 07:53:23,2025-06-06 07:53:23,1,1.0,
PER_000051,Person,LOCATED_AT,LOC_000016,Location,2025-07-16 06:31:19,2025-07-16 06:31:19,1,1.0,
PER_000051,Person,LOCATED_AT,LOC_000023,Location,2025-11-12 18:41:25,2025-11-12 18:41:25,1,1.0,
PER_000051,Person,LOCATED_AT,LOC_000038,Location,2025-09-25 14:41:34,2025-09-25 14:41:34,1,1.0,
PER_000051,Person,LOCATED_AT,LOC_000052,Location,2025-01-29 10:45:31,2025-10-23 18:22:47,27,27.0,
PER_000051,Person,LOCATED_AT,LOC_000115,Location,2025-02-18 07:11:59,2025-02-18 07:11:59,1,1.0,
PER_000052,Person,LOCATED_AT,LOC_000029,Location,2025-10-20 12:41:05,2025-10-20 12:41:05,1,1.0,
PER_000052,Person,LOCATED_AT,LOC_000047,Location,2025-01-20 14:36:49,2025-01-20 14:36:49,1,1.0,
PER_000052,Person,LOCATED_AT,LOC_000071,Location,2025-01-24 19:44:01,2025-12-18 15:39:01,28,28.0,
PER_000052,Person,LOCATED_AT,LOC_000109,Location,2025-01-30 15:56:41,2025-01-30 15:56:41,1,1.0,
PER_000053,Person,LOCATED_AT,LOC_000019,Location,2025-05-05 17:02:08,2025-05-05 17:02:08,1,1.0,
PER_000053,Person,LOCATED_AT,LOC_000046,Location,2025-01-09 09:33:48,2025-12-27 17:17:22,24,24.0,
PER_000053,Person,LOCATED_AT,LOC_000077,Location,2025-09-30 07:36:56,2025-09-30 07:36:56,1,1.0,
PER_000053,Person,LOCATED_AT,LOC_000097,Location,2025-01-17 21:34:07,2025-01-17 21:34:07,1,1.0,
PER_000054,Person,LOCATED_AT,LOC_000002,Location,2025-05-04 10:09:36,2025-05-04 10:09:36,1,1.0,
PER_000054,Person,LOCATED_AT,LOC_000030,Location,2025-01-21 20:15:04,2025-12-20 10:21:38,25,25.0,
PER_000054,Person,LOCATED_AT,LOC_000110,Location,2025-01-13 19:52:22,2025-01-13 19:52:22,1,1.0,
PER_000055,Person,LOCATED_AT,LOC_000016,Location,2025-01-01 08:03:59,2025-12-29 13:21:08,36,36.0,
PER_000055,Person,LOCATED_AT,LOC_000033,Location,2025-10-21 18:40:03,2025-10-21 18:40:03,1,1.0,
PER_000055,Person,LOCATED_AT,LOC_000045,Location,2025-12-27 18:42:08,2025-12-27 18:42:08,1,1.0,
PER_000055,Person,LOCATED_AT,LOC_000066,Location,2025-02-25 12:38:06,2025-02-25 12:38:06,1,1.0,
PER_000056,Person,LOCATED_AT,LOC_000034,Location,2025-12-29 09:04:41,2025-12-29 09:04:41,1,1.0,
PER_000056,Person,LOCATED_AT,LOC_000036,Location,2025-01-01 10:09:53,2025-12-26 16:24:18,30,30.0,
PER_000056,Person,LOCATED_AT,LOC_000040,Location,2025-01-11 09:50:54,2025-01-11 09:50:54,1,1.0,
PER_000056,Person,LOCATED_AT,LOC_000052,Location,2025-02-02 14:16:14,2025-02-02 14:16:14,1,1.0,
PER_000056,Person,LOCATED_AT,LOC_000056,Location,2025-05-20 12:08:55,2025-05-20 12:08:55,1,1.0,
PER_000056,Person,LOCATED_AT,LOC_000073,Location,2025-12-31 10:49:43,2025-12-31 10:49:43,1,1.0,
PER_000056,Person,LOCATED_AT,LOC_000082,Location,2025-01-30 12:40:06,2025-01-30 12:40:06,1,1.0,
PER_000056,Person,LOCATED_AT,LOC_000105,Location,2025-12-11 13:31:07,2025-12-11 13:31:07,1,1.0,
PER_000057,Person,LOCATED_AT,LOC_000011,Location,2025-09-20 20:19:49,2025-09-20 20:19:49,1,1.0,
PER_000057,Person,LOCATED_AT,LOC_000030,Location,2025-01-02 22:23:16,2025-12-26 13:38:30,27,27.0,
PER_000057,Person,LOCATED_AT,LOC_000059,Location,2025-07-30 18:15:57,2025-07-30 18:15:57,1,1.0,
PER_000057,Person,LOCATED_AT,LOC_000071,Location,2025-01-24 10:02:02,2025-01-24 10:02:02,1,1.0,
PER_000058,Person,LOCATED_AT,LOC_000091,Location,2025-01-07 17:03:00,2025-12-12 11:05:20,30,30.0,
PER_000059,Person,LOCATED_AT,LOC_000002,Location,2025-05-02 13:39:28,2025-05-02 13:39:28,1,1.0,
PER_000059,Person,LOCATED_AT,LOC_000006,Location,2025-12-04 10:29:46,2025-12-04 10:29:46,1,1.0,
PER_000059,Person,LOCATED_AT,LOC_000010,Location,2025-06-16 09:54:38,2025-06-16 09:54:38,1,1.0,
PER_000059,Person,LOCATED_AT,LOC_000015,Location,2025-01-21 19:44:30,2025-01-21 19:44:30,1,1.0,
PER_000059,Person,LOCATED_AT,LOC_000019,Location,2025-12-13 14:54:55,2025-12-13 14:54:55,1,1.0,
PER_000059,Person,LOCATED_AT,LOC_000024,Location,2025-04-05 09:52:55,2025-04-05 09:52:55,1,1.0,
PER_000059,Person,LOCATED_AT,LOC_000026,Location,2025-08-06 08:11:38,2025-08-06 08:11:38,1,1.0,
PER_000059,Person,LOCATED_AT,LOC_000030,Location,2025-07-19 04:38:14,2025-07-19 04:38:14,1,1.0,
PER_000059,Person,LOCATED_AT,LOC_000031,Location,2025-07-27 11:31:16,2025-07-27 11:31:16,1,1.0,
PER_000059,Person,LOCATED_AT,LOC_000032,Location,2025-01-04 05:39:57,2025-08-25 12:16:23,2,2.0,
PER_000059,Person,LOCATED_AT,LOC_000035,Location,2025-09-15 11:12:50,2025-09-15 11:12:50,1,1.0,
PER_000059,Person,LOCATED_AT,LOC_000036,Location,2025-04-26 07:53:59,2025-04-26 07:53:59,1,1.0,
PER_000059,Person,LOCATED_AT,LOC_000040,Location,2025-05-11 23:06:31,2025-05-11 23:06:31,1,1.0,
PER_000059,Person,LOCATED_AT,LOC_000042,Location,2025-11-22 11:29:48,2025-11-22 11:29:48,1,1.0,
PER_000059,Person,LOCATED_AT,LOC_000047,Location,2025-08-09 17:46:09,2025-08-09 17:46:09,1,1.0,
PER_000059,Person,LOCATED_AT,LOC_000048,Location,2025-02-05 05:14:27,2025-02-05 05:14:27,1,1.0,
PER_000059,Person,LOCATED_AT,LOC_000058,Location,2025-07-22 15:38:25,2025-07-22 15:38:25,1,1.0,
PER_000059,Person,LOCATED_AT,LOC_000060,Location,2025-06-09 12:05:55,2025-06-09 12:05:55,1,1.0,
PER_000059,Person,LOCATED_AT,LOC_000061,Location,2025-06-12 08:08:58,2025-06-12 08:08:58,1,1.0,
PER_000059,Person,LOCATED_AT,LOC_000062,Location,2025-05-23 14:33:38,2025-12-06 14:51:22,2,2.0,
PER_000059,Person,LOCATED_AT,LOC_000065,Location,2025-07-12 13:42:51,2025-07-12 13:42:51,1,1.0,
PER_000059,Person,LOCATED_AT,LOC_000071,Location,2025-01-01 19:51:28,2025-12-31 19:03:26,269,269.0,
PER_000059,Person,LOCATED_AT,LOC_000072,Location,2025-04-21 13:50:26,2025-04-21 13:50:26,1,1.0,
PER_000059,Person,LOCATED_AT,LOC_000074,Location,2025-01-11 06:53:47,2025-04-30 07:12:17,2,2.0,
PER_000059,Person,LOCATED_AT,LOC_000076,Location,2025-02-17 15:30:31,2025-09-04 03:02:57,2,2.0,
PER_000059,Person,LOCATED_AT,LOC_000084,Location,2025-07-04 15:23:54,2025-07-04 15:23:54,1,1.0,
PER_000059,Person,LOCATED_AT,LOC_000088,Location,2025-04-07 17:52:14,2025-04-07 17:52:14,1,1.0,
PER_000059,Person,LOCATED_AT,LOC_000090,Location,2025-10-04 11:52:00,2025-10-04 11:52:00,1,1.0,
PER_000059,Person,LOCATED_AT,LOC_000091,Location,2025-09-22 07:35:32,2025-10-06 10:24:55,2,2.0,
PER_000059,Person,LOCATED_AT,LOC_000093,Location,2025-07-26 18:48:37,2025-07-26 18:48:37,1,1.0,
PER_000059,Person,LOCATED_AT,LOC_000094,Location,2025-12-08 13:46:29,2025-12-08 13:46:29,1,1.0,
PER_000059,Person,LOCATED_AT,LOC_000095,Location,2025-01-01 12:21:59,2025-01-01 12:21:59,1,1.0,
PER_000059,Person,LOCATED_AT,LOC_000100,Location,2025-10-16 12:50:19,2025-10-16 12:50:19,1,1.0,
PER_000059,Person,LOCATED_AT,LOC_000101,Location,2025-06-16 15:19:26,2025-06-16 15:19:26,1,1.0,
PER_000059,Person,LOCATED_AT,LOC_000103,Location,2025-05-03 18:15:52,2025-05-03 18:15:52,1,1.0,
PER_000059,Person,LOCATED_AT,LOC_000106,Location,2025-12-06 22:21:21,2025-12-06 22:21:21,1,1.0,
PER_000059,Person,LOCATED_AT,LOC_000112,Location,2025-07-02 19:43:16,2025-07-02 19:43:16,1,1.0,
PER_000059,Person,LOCATED_AT,LOC_000113,Location,2025-05-26 13:11:05,2025-05-26 13:11:05,1,1.0,
PER_000059,Person,LOCATED_AT,LOC_000116,Location,2025-07-08 15:29:38,2025-07-08 15:29:38,1,1.0,
PER_000059,Person,LOCATED_AT,LOC_000118,Location,2025-12-16 12:11:29,2025-12-16 12:11:29,1,1.0,
PER_000060,Person,LOCATED_AT,LOC_000002,Location,2025-08-06 02:13:39,2025-08-06 02:13:39,1,1.0,
PER_000060,Person,LOCATED_AT,LOC_000013,Location,2025-12-28 14:00:38,2025-12-28 14:00:38,1,1.0,
PER_000060,Person,LOCATED_AT,LOC_000014,Location,2025-01-17 19:16:01,2025-12-23 14:15:03,29,29.0,
PER_000060,Person,LOCATED_AT,LOC_000020,Location,2025-08-01 16:06:27,2025-08-01 16:06:27,1,1.0,
PER_000060,Person,LOCATED_AT,LOC_000022,Location,2025-10-20 12:53:32,2025-10-20 12:53:32,1,1.0,
PER_000060,Person,LOCATED_AT,LOC_000058,Location,2025-12-07 21:00:23,2025-12-07 21:00:23,1,1.0,
PER_000060,Person,LOCATED_AT,LOC_000091,Location,2025-01-07 13:20:13,2025-01-16 17:33:25,2,2.0,
PER_000060,Person,LOCATED_AT,LOC_000110,Location,2025-08-22 18:58:50,2025-08-22 18:58:50,1,1.0,
PER_000061,Person,LOCATED_AT,LOC_000049,Location,2025-06-06 05:39:58,2025-06-06 05:39:58,1,1.0,
PER_000061,Person,LOCATED_AT,LOC_000050,Location,2025-02-16 13:52:16,2025-02-16 13:52:16,1,1.0,
PER_000061,Person,LOCATED_AT,LOC_000062,Location,2025-01-07 22:21:21,2025-12-25 20:15:37,40,40.0,
PER_000061,Person,LOCATED_AT,LOC_000075,Location,2025-09-02 17:10:49,2025-09-02 17:10:49,1,1.0,
PER_000061,Person,LOCATED_AT,LOC_000082,Location,2025-03-16 09:36:02,2025-03-16 09:36:02,1,1.0,
PER_000061,Person,LOCATED_AT,LOC_000119,Location,2025-10-30 07:21:02,2025-10-30 07:21:02,1,1.0,
PER_000062,Person,LOCATED_AT,LOC_000003,Location,2025-08-30 04:48:15,2025-08-30 04:48:15,1,1.0,
PER_000062,Person,LOCATED_AT,LOC_000009,Location,2025-04-27 18:50:18,2025-04-27 18:50:18,1,1.0,
PER_000062,Person,LOCATED_AT,LOC_000014,Location,2025-07-08 14:02:04,2025-07-08 14:02:04,1,1.0,
PER_000062,Person,LOCATED_AT,LOC_000018,Location,2025-09-06 10:58:35,2025-09-06 10:58:35,1,1.0,
PER_000062,Person,LOCATED_AT,LOC_000021,Location,2025-07-09 05:16:42,2025-07-09 05:16:42,1,1.0,
PER_000062,Person,LOCATED_AT,LOC_000022,Location,2025-12-18 13:59:37,2025-12-18 13:59:37,1,1.0,
PER_000062,Person,LOCATED_AT,LOC_000026,Location,2025-03-28 09:40:01,2025-05-25 20:45:33,2,2.0,
PER_000062,Person,LOCATED_AT,LOC_000028,Location,2025-02-22 17:25:58,2025-02-22 17:25:58,1,1.0,
PER_000062,Person,LOCATED_AT,LOC_000031,Location,2025-03-14 07:39:43,2025-03-14 07:39:43,1,1.0,
PER_000062,Person,LOCATED_AT,LOC_000033,Location,2025-01-02 13:32:41,2025-12-31 15:59:30,254,254.0,
PER_000062,Person,LOCATED_AT,LOC_000039,Location,2025-02-19 16:03:14,2025-02-19 16:03:14,1,1.0,
PER_000062,Person,LOCATED_AT,LOC_000044,Location,2025-06-29 11:30:19,2025-09-21 15:22:03,3,3.0,
PER_000062,Person,LOCATED_AT,LOC_000045,Location,2025-03-07 15:01:53,2025-03-07 15:01:53,1,1.0,
PER_000062,Person,LOCATED_AT,LOC_000047,Location,2025-03-05 14:31:43,2025-03-05 14:31:43,1,1.0,
PER_000062,Person,LOCATED_AT,LOC_000051,Location,2025-08-19 05:56:33,2025-08-29 23:14:14,2,2.0,
PER_000062,Person,LOCATED_AT,LOC_000055,Location,2025-08-23 19:15:49,2025-10-26 17:06:30,2,2.0,
PER_000062,Person,LOCATED_AT,LOC_000058,Location,2025-12-14 22:25:17,2025-12-14 22:25:17,1,1.0,
PER_000062,Person,LOCATED_AT,LOC_000059,Location,2025-01-24 21:43:09,2025-01-24 21:43:09,1,1.0,
PER_000062,Person,LOCATED_AT,LOC_000060,Location,2025-11-27 14:41:57,2025-11-27 14:41:57,1,1.0,
PER_000062,Person,LOCATED_AT,LOC_000061,Location,2025-02-20 09:13:04,2025-02-20 09:13:04,1,1.0,
PER_000062,Person,LOCATED_AT,LOC_000063,Location,2025-09-15 03:54:38,2025-09-15 03:54:38,1,1.0,
PER_000062,Person,LOCATED_AT,LOC_000068,Location,2025-01-17 16:05:10,2025-09-18 11:30:36,2,2.0,
PER_000062,Person,LOCATED_AT,LOC_000070,Location,2025-01-25 11:54:35,2025-01-25 11:54:35,1,1.0,
PER_000062,Person,LOCATED_AT,LOC_000072,Location,2025-02-27 20:26:06,2025-04-04 12:53:56,2,2.0,
PER_000062,Person,LOCATED_AT,LOC_000074,Location,2025-10-13 22:43:25,2025-10-13 22:43:25,1,1.0,
PER_000062,Person,LOCATED_AT,LOC_000075,Location,2025-05-16 10:21:44,2025-05-16 10:21:44,1,1.0,
PER_000062,Person,LOCATED_AT,LOC_000076,Location,2025-02-11 13:58:46,2025-02-11 13:58:46,1,1.0,
PER_000062,Person,LOCATED_AT,LOC_000077,Location,2025-06-29 17:47:48,2025-10-20 13:45:13,2,2.0,
PER_000062,Person,LOCATED_AT,LOC_000080,Location,2025-06-03 15:03:08,2025-06-03 15:03:08,1,1.0,
PER_000062,Person,LOCATED_AT,LOC_000082,Location,2025-06-18 10:28:05,2025-06-18 10:28:05,1,1.0,
PER_000062,Person,LOCATED_AT,LOC_000086,Location,2025-02-02 10:17:45,2025-02-02 10:17:45,1,1.0,
PER_000062,Person,LOCATED_AT,LOC_000088,Location,2025-03-28 21:11:32,2025-05-04 22:57:41,2,2.0,
PER_000062,Person,LOCATED_AT,LOC_000089,Location,2025-07-18 13:07:03,2025-07-18 13:07:03,1,1.0,
PER_000062,Person,LOCATED_AT,LOC_000090,Location,2025-04-26 09:08:26,2025-04-26 09:08:26,1,1.0,
PER_000062,Person,LOCATED_AT,LOC_000091,Location,2025-06-15 22:05:13,2025-06-15 22:05:13,1,1.0,
PER_000062,Person,LOCATED_AT,LOC_000097,Location,2025-02-18 17:18:04,2025-02-22 08:10:04,2,2.0,
PER_000062,Person,LOCATED_AT,LOC_000106,Location,2025-01-10 18:11:56,2025-01-10 18:11:56,1,1.0,
PER_000062,Person,LOCATED_AT,LOC_000115,Location,2025-04-02 10:48:03,2025-04-02 10:48:03,1,1.0,
PER_000063,Person,LOCATED_AT,LOC_000007,Location,2025-07-12 12:22:52,2025-07-12 12:22:52,1,1.0,
PER_000063,Person,LOCATED_AT,LOC_000012,Location,2025-07-12 00:56:24,2025-07-12 00:56:24,1,1.0,
PER_000063,Person,LOCATED_AT,LOC_000016,Location,2025-07-10 05:04:46,2025-07-10 05:04:46,1,1.0,
PER_000063,Person,LOCATED_AT,LOC_000017,Location,2025-07-11 20:23:07,2025-07-11 20:23:07,1,1.0,
PER_000063,Person,LOCATED_AT,LOC_000018,Location,2025-07-10 15:00:02,2025-07-10 15:00:02,1,1.0,
PER_000063,Person,LOCATED_AT,LOC_000019,Location,2025-07-11 09:12:35,2025-07-11 09:12:35,1,1.0,
PER_000063,Person,LOCATED_AT,LOC_000021,Location,2025-07-12 14:37:26,2025-07-12 14:37:26,1,1.0,
PER_000063,Person,LOCATED_AT,LOC_000024,Location,2025-07-10 11:44:47,2025-07-10 11:44:47,1,1.0,
PER_000063,Person,LOCATED_AT,LOC_000028,Location,2025-07-12 18:46:44,2025-07-12 18:46:44,1,1.0,
PER_000063,Person,LOCATED_AT,LOC_000030,Location,2025-07-11 15:12:00,2025-07-11 15:12:00,1,1.0,
PER_000063,Person,LOCATED_AT,LOC_000035,Location,2025-07-11 10:56:12,2025-07-11 10:56:12,1,1.0,
PER_000063,Person,LOCATED_AT,LOC_000036,Location,2025-07-12 09:56:33,2025-07-12 09:56:33,1,1.0,
PER_000063,Person,LOCATED_AT,LOC_000042,Location,2025-07-11 04:52:36,2025-07-11 04:52:36,1,1.0,
PER_000063,Person,LOCATED_AT,LOC_000043,Location,2025-07-10 02:21:10,2025-07-10 02:21:10,1,1.0,
PER_000063,Person,LOCATED_AT,LOC_000045,Location,2025-07-11 14:40:32,2025-07-11 14:40:32,1,1.0,
PER_000063,Person,LOCATED_AT,LOC_000046,Location,2025-07-10 17:52:07,2025-07-10 17:52:07,1,1.0,
PER_000063,Person,LOCATED_AT,LOC_000047,Location,2025-07-11 18:23:16,2025-07-11 18:23:16,1,1.0,
PER_000063,Person,LOCATED_AT,LOC_000053,Location,2025-07-10 10:05:57,2025-07-10 10:05:57,1,1.0,
PER_000063,Person,LOCATED_AT,LOC_000057,Location,2025-07-12 07:55:36,2025-07-12 07:55:36,1,1.0,
PER_000063,Person,LOCATED_AT,LOC_000058,Location,2025-07-10 19:21:44,2025-07-10 19:21:44,1,1.0,
PER_000063,Person,LOCATED_AT,LOC_000059,Location,2025-07-10 09:06:14,2025-07-12 20:04:13,3,3.0,
PER_000063,Person,LOCATED_AT,LOC_000062,Location,2025-07-10 22:16:52,2025-07-10 22:16:52,1,1.0,
PER_000063,Person,LOCATED_AT,LOC_000063,Location,2025-07-10 00:26:26,2025-07-12 23:55:52,192,192.0,
PER_000063,Person,LOCATED_AT,LOC_000070,Location,2025-07-12 03:44:05,2025-07-12 03:44:05,1,1.0,
PER_000063,Person,LOCATED_AT,LOC_000072,Location,2025-07-10 19:29:49,2025-07-10 19:29:49,1,1.0,
PER_000063,Person,LOCATED_AT,LOC_000074,Location,2025-07-12 08:32:11,2025-07-12 08:32:11,1,1.0,
PER_000063,Person,LOCATED_AT,LOC_000075,Location,2025-07-11 02:51:04,2025-07-11 02:51:04,1,1.0,
PER_000063,Person,LOCATED_AT,LOC_000079,Location,2025-07-12 15:45:39,2025-07-12 15:45:39,1,1.0,
PER_000063,Person,LOCATED_AT,LOC_000080,Location,2025-07-11 14:56:19,2025-07-11 14:56:19,1,1.0,
PER_000063,Person,LOCATED_AT,LOC_000088,Location,2025-07-10 04:26:26,2025-07-12 17:25:23,2,2.0,
PER_000063,Person,LOCATED_AT,LOC_000097,Location,2025-07-11 13:49:08,2025-07-11 13:49:08,1,1.0,
PER_000063,Person,LOCATED_AT,LOC_000098,Location,2025-07-12 15:04:34,2025-07-12 15:04:34,1,1.0,
PER_000063,Person,LOCATED_AT,LOC_000116,Location,2025-07-11 20:46:03,2025-07-12 07:16:12,2,2.0,
PER_000063,Person,LOCATED_AT,LOC_000119,Location,2025-07-10 09:19:30,2025-07-10 09:19:30,1,1.0,
PER_000064,Person,LOCATED_AT,LOC_000020,Location,2025-01-09 19:30:01,2025-12-28 07:08:57,37,37.0,
PER_000064,Person,LOCATED_AT,LOC_000053,Location,2025-12-10 19:31:55,2025-12-10 19:31:55,1,1.0,
PER_000064,Person,LOCATED_AT,LOC_000055,Location,2025-10-07 09:35:05,2025-10-07 09:35:05,1,1.0,
PER_000064,Person,LOCATED_AT,LOC_000058,Location,2025-07-04 17:41:21,2025-07-04 17:41:21,1,1.0,
PER_000064,Person,LOCATED_AT,LOC_000065,Location,2025-11-16 18:38:40,2025-11-16 18:38:40,1,1.0,
PER_000064,Person,LOCATED_AT,LOC_000069,Location,2025-06-01 22:01:35,2025-06-01 22:01:35,1,1.0,
PER_000064,Person,LOCATED_AT,LOC_000103,Location,2025-11-26 22:17:18,2025-11-26 22:17:18,1,1.0,
PER_000064,Person,LOCATED_AT,LOC_000113,Location,2025-12-30 09:41:27,2025-12-30 09:41:27,1,1.0,
PER_000064,Person,LOCATED_AT,LOC_000119,Location,2025-11-09 08:04:29,2025-11-09 08:04:29,1,1.0,
PER_000065,Person,LOCATED_AT,LOC_000017,Location,2025-12-30 11:14:27,2025-12-30 11:14:27,1,1.0,
PER_000065,Person,LOCATED_AT,LOC_000069,Location,2025-03-18 14:38:06,2025-03-18 14:38:06,1,1.0,
PER_000065,Person,LOCATED_AT,LOC_000072,Location,2025-01-05 15:00:33,2025-12-08 10:30:00,28,28.0,
PER_000065,Person,LOCATED_AT,LOC_000085,Location,2025-03-20 22:18:30,2025-03-20 22:18:30,1,1.0,
PER_000065,Person,LOCATED_AT,LOC_000089,Location,2025-02-16 12:13:47,2025-02-16 12:13:47,1,1.0,
PER_000065,Person,LOCATED_AT,LOC_000101,Location,2025-01-20 13:53:00,2025-01-20 13:53:00,1,1.0,
PER_000065,Person,LOCATED_AT,LOC_000110,Location,2025-06-09 04:34:50,2025-06-09 04:34:50,1,1.0,
PER_000065,Person,LOCATED_AT,LOC_000111,Location,2025-07-23 19:20:35,2025-07-23 19:20:35,1,1.0,
PER_000065,Person,LOCATED_AT,LOC_000112,Location,2025-07-18 05:51:27,2025-07-18 05:51:27,1,1.0,
PER_000066,Person,LOCATED_AT,LOC_000026,Location,2025-04-23 21:31:07,2025-04-23 21:31:07,1,1.0,
PER_000066,Person,LOCATED_AT,LOC_000049,Location,2025-01-05 17:19:54,2025-12-25 17:24:38,32,32.0,
PER_000066,Person,LOCATED_AT,LOC_000079,Location,2025-03-28 20:32:52,2025-03-28 20:32:52,1,1.0,
PER_000066,Person,LOCATED_AT,LOC_000086,Location,2025-11-12 19:53:22,2025-11-12 19:53:22,1,1.0,
PER_000066,Person,LOCATED_AT,LOC_000092,Location,2025-12-15 05:35:37,2025-12-15 05:35:37,1,1.0,
PER_000066,Person,LOCATED_AT,LOC_000093,Location,2025-04-04 01:17:10,2025-04-04 01:17:10,1,1.0,
PER_000066,Person,LOCATED_AT,LOC_000104,Location,2025-10-23 15:43:10,2025-10-23 15:43:10,1,1.0,
PER_000066,Person,LOCATED_AT,LOC_000115,Location,2025-02-13 06:18:03,2025-02-13 06:18:03,1,1.0,
PER_000067,Person,LOCATED_AT,LOC_000028,Location,2025-11-03 17:36:40,2025-11-03 17:36:40,1,1.0,
PER_000067,Person,LOCATED_AT,LOC_000031,Location,2025-05-19 09:41:41,2025-05-19 09:41:41,1,1.0,
PER_000067,Person,LOCATED_AT,LOC_000040,Location,2025-01-08 15:23:48,2025-12-23 20:34:14,24,24.0,
PER_000067,Person,LOCATED_AT,LOC_000050,Location,2025-05-30 08:19:55,2025-05-30 08:19:55,1,1.0,
PER_000067,Person,LOCATED_AT,LOC_000054,Location,2025-05-12 08:15:39,2025-05-12 08:15:39,1,1.0,
PER_000067,Person,LOCATED_AT,LOC_000100,Location,2025-12-29 03:33:00,2025-12-29 03:33:00,1,1.0,
PER_000068,Person,LOCATED_AT,LOC_000043,Location,2025-11-08 15:00:51,2025-11-08 15:00:51,1,1.0,
PER_000068,Person,LOCATED_AT,LOC_000052,Location,2025-04-13 19:08:00,2025-04-13 19:08:00,1,1.0,
PER_000068,Person,LOCATED_AT,LOC_000055,Location,2025-09-29 09:13:02,2025-09-29 09:13:02,1,1.0,
PER_000068,Person,LOCATED_AT,LOC_000058,Location,2025-03-26 18:36:54,2025-03-26 18:36:54,1,1.0,
PER_000068,Person,LOCATED_AT,LOC_000064,Location,2025-03-12 19:38:39,2025-03-12 19:38:39,1,1.0,
PER_000068,Person,LOCATED_AT,LOC_000081,Location,2025-01-03 16:41:28,2025-12-25 21:50:28,31,31.0,
PER_000069,Person,LOCATED_AT,LOC_000001,Location,2025-05-07 06:09:35,2025-05-07 06:09:35,1,1.0,
PER_000069,Person,LOCATED_AT,LOC_000031,Location,2025-01-04 12:31:53,2025-12-30 10:10:13,25,25.0,
PER_000069,Person,LOCATED_AT,LOC_000033,Location,2025-06-02 21:24:20,2025-06-02 21:24:20,1,1.0,
PER_000069,Person,LOCATED_AT,LOC_000049,Location,2025-05-26 16:22:20,2025-05-26 16:22:20,1,1.0,
PER_000069,Person,LOCATED_AT,LOC_000060,Location,2025-09-11 08:33:08,2025-09-11 08:33:08,1,1.0,
PER_000069,Person,LOCATED_AT,LOC_000063,Location,2025-06-02 04:04:24,2025-06-02 04:04:24,1,1.0,
PER_000069,Person,LOCATED_AT,LOC_000064,Location,2025-06-09 07:59:18,2025-06-09 07:59:18,1,1.0,
PER_000069,Person,LOCATED_AT,LOC_000082,Location,2025-04-09 17:16:26,2025-04-09 17:16:26,1,1.0,
PER_000069,Person,LOCATED_AT,LOC_000084,Location,2025-07-07 10:19:11,2025-07-07 10:19:11,1,1.0,
PER_000069,Person,LOCATED_AT,LOC_000116,Location,2025-06-17 02:45:25,2025-06-17 02:45:25,1,1.0,
PER_000070,Person,LOCATED_AT,LOC_000001,Location,2025-01-02 11:55:37,2025-12-26 10:55:21,35,35.0,
PER_000070,Person,LOCATED_AT,LOC_000014,Location,2025-08-17 10:19:24,2025-08-17 10:19:24,1,1.0,
PER_000070,Person,LOCATED_AT,LOC_000033,Location,2025-01-20 14:47:27,2025-01-20 14:47:27,1,1.0,
PER_000070,Person,LOCATED_AT,LOC_000065,Location,2025-06-11 07:15:16,2025-06-11 07:15:16,1,1.0,
PER_000070,Person,LOCATED_AT,LOC_000079,Location,2025-07-04 15:02:00,2025-07-04 15:02:00,1,1.0,
PER_000070,Person,LOCATED_AT,LOC_000082,Location,2025-08-14 14:31:09,2025-08-14 14:31:09,1,1.0,
PER_000070,Person,LOCATED_AT,LOC_000102,Location,2025-11-21 19:36:14,2025-11-21 19:36:14,1,1.0,
PER_000071,Person,LOCATED_AT,LOC_000005,Location,2025-01-10 09:40:45,2025-12-30 08:51:45,36,36.0,
PER_000071,Person,LOCATED_AT,LOC_000065,Location,2025-12-11 21:46:45,2025-12-11 21:46:45,1,1.0,
PER_000071,Person,LOCATED_AT,LOC_000068,Location,2025-09-22 13:23:01,2025-09-22 13:23:01,1,1.0,
PER_000071,Person,LOCATED_AT,LOC_000082,Location,2025-08-28 16:50:27,2025-08-28 16:50:27,1,1.0,
PER_000071,Person,LOCATED_AT,LOC_000084,Location,2025-04-13 10:13:39,2025-04-13 10:13:39,1,1.0,
PER_000071,Person,LOCATED_AT,LOC_000099,Location,2025-01-04 12:25:47,2025-01-04 12:25:47,1,1.0,
PER_000071,Person,LOCATED_AT,LOC_000120,Location,2025-05-04 21:41:00,2025-05-04 21:41:00,1,1.0,
PER_000072,Person,LOCATED_AT,LOC_000002,Location,2025-07-10 02:11:49,2025-07-10 02:11:49,1,1.0,
PER_000072,Person,LOCATED_AT,LOC_000004,Location,2025-07-10 14:00:05,2025-07-11 09:30:29,2,2.0,
PER_000072,Person,LOCATED_AT,LOC_000008,Location,2025-07-10 02:21:00,2025-07-10 02:21:00,1,1.0,
PER_000072,Person,LOCATED_AT,LOC_000010,Location,2025-07-10 01:03:15,2025-07-12 23:14:51,174,174.0,
PER_000072,Person,LOCATED_AT,LOC_000011,Location,2025-07-10 19:52:11,2025-07-10 20:17:45,2,2.0,
PER_000072,Person,LOCATED_AT,LOC_000012,Location,2025-07-12 11:28:03,2025-07-12 11:28:03,1,1.0,
PER_000072,Person,LOCATED_AT,LOC_000014,Location,2025-07-10 09:18:57,2025-07-10 09:18:57,1,1.0,
PER_000072,Person,LOCATED_AT,LOC_000020,Location,2025-07-12 19:54:03,2025-07-12 19:54:03,1,1.0,
PER_000072,Person,LOCATED_AT,LOC_000022,Location,2025-07-10 05:25:45,2025-07-10 05:25:45,1,1.0,
PER_000072,Person,LOCATED_AT,LOC_000037,Location,2025-07-10 10:54:04,2025-07-10 10:54:04,1,1.0,
PER_000072,Person,LOCATED_AT,LOC_000038,Location,2025-07-12 10:35:06,2025-07-12 10:35:06,1,1.0,
PER_000072,Person,LOCATED_AT,LOC_000045,Location,2025-07-10 16:56:01,2025-07-10 16:56:01,1,1.0,
PER_000072,Person,LOCATED_AT,LOC_000049,Location,2025-07-12 22:12:16,2025-07-12 22:12:16,1,1.0,
PER_000072,Person,LOCATED_AT,LOC_000053,Location,2025-07-11 08:38:18,2025-07-11 08:38:18,1,1.0,
PER_000072,Person,LOCATED_AT,LOC_000056,Location,2025-07-11 06:39:18,2025-07-11 06:39:18,1,1.0,
PER_000072,Person,LOCATED_AT,LOC_000068,Location,2025-07-11 13:01:10,2025-07-11 13:01:10,1,1.0,
PER_000072,Person,LOCATED_AT,LOC_000069,Location,2025-07-10 06:30:46,2025-07-10 06:30:46,1,1.0,
PER_000072,Person,LOCATED_AT,LOC_000072,Location,2025-07-11 00:24:53,2025-07-11 00:24:53,1,1.0,
PER_000072,Person,LOCATED_AT,LOC_000073,Location,2025-07-11 07:51:50,2025-07-11 18:56:27,2,2.0,
PER_000072,Person,LOCATED_AT,LOC_000078,Location,2025-07-11 21:02:09,2025-07-11 21:02:09,1,1.0,
PER_000072,Person,LOCATED_AT,LOC_000086,Location,2025-07-10 22:56:48,2025-07-11 05:36:11,2,2.0,
PER_000072,Person,LOCATED_AT,LOC_000088,Location,2025-07-11 23:31:20,2025-07-11 23:31:20,1,1.0,
PER_000072,Person,LOCATED_AT,LOC_000089,Location,2025-07-11 09:47:08,2025-07-11 09:47:08,1,1.0,
PER_000072,Person,LOCATED_AT,LOC_000090,Location,2025-07-12 13:29:37,2025-07-12 13:29:37,1,1.0,
PER_000072,Person,LOCATED_AT,LOC_000105,Location,2025-07-11 18:38:27,2025-07-11 18:38:27,1,1.0,
PER_000072,Person,LOCATED_AT,LOC_000118,Location,2025-07-10 10:34:09,2025-07-10 11:07:09,2,2.0,
PER_000073,Person,LOCATED_AT,LOC_000001,Location,2025-11-16 17:53:37,2025-11-16 17:53:37,1,1.0,
PER_000073,Person,LOCATED_AT,LOC_000003,Location,2025-03-01 10:19:35,2025-03-01 10:19:35,1,1.0,
PER_000073,Person,LOCATED_AT,LOC_000009,Location,2025-06-13 07:32:57,2025-06-13 07:32:57,1,1.0,
PER_000073,Person,LOCATED_AT,LOC_000015,Location,2025-01-01 14:03:11,2025-12-31 19:44:17,267,267.0,
PER_000073,Person,LOCATED_AT,LOC_000020,Location,2025-11-05 16:35:47,2025-11-16 17:15:02,2,2.0,
PER_000073,Person,LOCATED_AT,LOC_000024,Location,2025-04-02 14:22:50,2025-04-02 14:22:50,1,1.0,
PER_000073,Person,LOCATED_AT,LOC_000026,Location,2025-07-19 13:02:47,2025-07-19 13:02:47,1,1.0,
PER_000073,Person,LOCATED_AT,LOC_000027,Location,2025-04-10 05:26:51,2025-04-22 06:32:01,2,2.0,
PER_000073,Person,LOCATED_AT,LOC_000029,Location,2025-07-13 12:59:10,2025-07-13 12:59:10,1,1.0,
PER_000073,Person,LOCATED_AT,LOC_000032,Location,2025-12-22 11:14:21,2025-12-22 11:14:21,1,1.0,
PER_000073,Person,LOCATED_AT,LOC_000033,Location,2025-08-15 12:49:41,2025-08-15 12:49:41,1,1.0,
PER_000073,Person,LOCATED_AT,LOC_000036,Location,2025-04-26 20:51:09,2025-04-26 20:51:09,1,1.0,
PER_000073,Person,LOCATED_AT,LOC_000042,Location,2025-11-24 03:53:50,2025-11-24 03:53:50,1,1.0,
PER_000073,Person,LOCATED_AT,LOC_000047,Location,2025-01-03 01:53:50,2025-01-03 01:53:50,1,1.0,
PER_000073,Person,LOCATED_AT,LOC_000048,Location,2025-03-04 21:01:46,2025-03-04 21:01:46,1,1.0,
PER_000073,Person,LOCATED_AT,LOC_000049,Location,2025-05-12 18:09:37,2025-05-12 18:09:37,1,1.0,
PER_000073,Person,LOCATED_AT,LOC_000055,Location,2025-10-14 17:02:04,2025-10-14 17:02:04,1,1.0,
PER_000073,Person,LOCATED_AT,LOC_000059,Location,2025-10-29 16:19:10,2025-10-29 16:19:10,1,1.0,
PER_000073,Person,LOCATED_AT,LOC_000061,Location,2025-08-31 07:27:01,2025-08-31 07:27:01,1,1.0,
PER_000073,Person,LOCATED_AT,LOC_000067,Location,2025-04-30 20:37:23,2025-08-09 20:36:40,3,3.0,
PER_000073,Person,LOCATED_AT,LOC_000071,Location,2025-02-26 22:45:47,2025-02-26 22:45:47,1,1.0,
PER_000073,Person,LOCATED_AT,LOC_000073,Location,2025-02-04 13:16:12,2025-06-30 17:20:44,3,3.0,
PER_000073,Person,LOCATED_AT,LOC_000086,Location,2025-02-03 12:00:13,2025-04-25 08:52:40,2,2.0,
PER_000073,Person,LOCATED_AT,LOC_000087,Location,2025-07-03 10:20:37,2025-07-03 10:20:37,1,1.0,
PER_000073,Person,LOCATED_AT,LOC_000090,Location,2025-10-23 17:25:37,2025-10-23 17:25:37,1,1.0,
PER_000073,Person,LOCATED_AT,LOC_000091,Location,2025-09-10 11:59:34,2025-09-10 11:59:34,1,1.0,
PER_000073,Person,LOCATED_AT,LOC_000095,Location,2025-08-04 08:57:41,2025-08-04 08:57:41,1,1.0,
PER_000073,Person,LOCATED_AT,LOC_000096,Location,2025-07-07 19:47:22,2025-07-07 19:47:22,1,1.0,
PER_000073,Person,LOCATED_AT,LOC_000098,Location,2025-08-17 13:21:52,2025-08-17 13:21:52,1,1.0,
PER_000073,Person,LOCATED_AT,LOC_000104,Location,2025-08-18 09:20:00,2025-08-18 09:20:00,1,1.0,
PER_000073,Person,LOCATED_AT,LOC_000105,Location,2025-02-17 16:57:59,2025-02-17 16:57:59,1,1.0,
PER_000073,Person,LOCATED_AT,LOC_000109,Location,2025-06-06 14:41:23,2025-06-06 14:41:23,1,1.0,
PER_000073,Person,LOCATED_AT,LOC_000112,Location,2025-08-11 17:13:45,2025-08-11 17:13:45,1,1.0,
PER_000073,Person,LOCATED_AT,LOC_000114,Location,2025-05-23 10:28:54,2025-05-23 10:28:54,1,1.0,
PER_000073,Person,LOCATED_AT,LOC_000115,Location,2025-03-16 18:36:25,2025-03-16 18:36:25,1,1.0,
PER_000073,Person,LOCATED_AT,LOC_000116,Location,2025-05-14 14:42:12,2025-05-14 14:42:12,1,1.0,
PER_000073,Person,LOCATED_AT,LOC_000118,Location,2025-02-06 15:08:20,2025-02-06 15:08:20,1,1.0,
PER_000073,Person,LOCATED_AT,LOC_000119,Location,2025-08-31 14:02:22,2025-08-31 14:02:22,1,1.0,
PER_000074,Person,LOCATED_AT,LOC_000003,Location,2025-05-04 12:14:15,2025-05-04 12:14:15,1,1.0,
PER_000074,Person,LOCATED_AT,LOC_000006,Location,2025-02-17 01:33:17,2025-02-17 01:33:17,1,1.0,
PER_000074,Person,LOCATED_AT,LOC_000007,Location,2025-12-25 09:48:13,2025-12-25 09:48:13,1,1.0,
PER_000074,Person,LOCATED_AT,LOC_000010,Location,2025-03-25 12:28:04,2025-03-25 12:28:04,1,1.0,
PER_000074,Person,LOCATED_AT,LOC_000013,Location,2025-12-14 19:50:54,2025-12-14 19:50:54,1,1.0,
PER_000074,Person,LOCATED_AT,LOC_000027,Location,2025-03-27 18:04:39,2025-03-27 18:04:39,1,1.0,
PER_000074,Person,LOCATED_AT,LOC_000049,Location,2025-03-05 04:42:13,2025-03-05 04:42:13,1,1.0,
PER_000074,Person,LOCATED_AT,LOC_000059,Location,2025-12-22 07:28:24,2025-12-22 07:28:24,1,1.0,
PER_000074,Person,LOCATED_AT,LOC_000070,Location,2025-04-16 13:52:44,2025-04-16 13:52:44,1,1.0,
PER_000074,Person,LOCATED_AT,LOC_000106,Location,2025-01-27 10:48:43,2025-12-10 03:24:29,29,29.0,
PER_000075,Person,LOCATED_AT,LOC_000006,Location,2025-08-07 13:18:20,2025-08-07 13:18:20,1,1.0,
PER_000075,Person,LOCATED_AT,LOC_000087,Location,2025-07-17 13:46:54,2025-07-17 13:46:54,1,1.0,
PER_000075,Person,LOCATED_AT,LOC_000102,Location,2025-01-02 13:11:36,2025-12-10 18:15:08,35,35.0,
PER_000075,Person,LOCATED_AT,LOC_000106,Location,2025-12-04 10:46:04,2025-12-04 10:46:04,1,1.0,
PER_000076,Person,LOCATED_AT,LOC_000005,Location,2025-10-08 16:04:20,2025-10-08 16:04:20,1,1.0,
PER_000076,Person,LOCATED_AT,LOC_000006,Location,2025-08-13 15:53:04,2025-08-13 15:53:04,1,1.0,
PER_000076,Person,LOCATED_AT,LOC_000015,Location,2025-01-06 10:13:25,2025-01-06 10:13:25,1,1.0,
PER_000076,Person,LOCATED_AT,LOC_000016,Location,2025-01-05 12:11:23,2025-12-16 11:17:51,22,22.0,
PER_000076,Person,LOCATED_AT,LOC_000074,Location,2025-12-15 14:00:00,2025-12-15 14:00:00,1,1.0,
PER_000077,Person,LOCATED_AT,LOC_000035,Location,2025-01-13 08:35:23,2025-12-17 09:43:43,28,28.0,
PER_000077,Person,LOCATED_AT,LOC_000038,Location,2025-12-14 21:48:43,2025-12-14 21:48:43,1,1.0,
PER_000077,Person,LOCATED_AT,LOC_000046,Location,2025-07-25 06:24:12,2025-07-25 06:24:12,1,1.0,
PER_000077,Person,LOCATED_AT,LOC_000081,Location,2025-02-01 15:05:21,2025-02-01 15:05:21,1,1.0,
PER_000077,Person,LOCATED_AT,LOC_000082,Location,2025-08-12 17:22:09,2025-08-12 17:22:09,1,1.0,
PER_000077,Person,LOCATED_AT,LOC_000083,Location,2025-10-06 16:53:27,2025-10-06 16:53:27,1,1.0,
PER_000077,Person,LOCATED_AT,LOC_000104,Location,2025-09-29 06:09:04,2025-09-29 06:09:04,1,1.0,
PER_000077,Person,LOCATED_AT,LOC_000119,Location,2025-02-02 18:49:23,2025-02-02 18:49:23,1,1.0,
PER_000078,Person,LOCATED_AT,LOC_000008,Location,2025-07-12 20:37:12,2025-07-12 20:37:12,1,1.0,
PER_000078,Person,LOCATED_AT,LOC_000010,Location,2025-07-10 02:59:18,2025-07-12 19:16:04,3,3.0,
PER_000078,Person,LOCATED_AT,LOC_000011,Location,2025-07-10 18:43:20,2025-07-10 18:43:20,1,1.0,
PER_000078,Person,LOCATED_AT,LOC_000018,Location,2025-07-11 23:00:44,2025-07-11 23:00:44,1,1.0,
PER_000078,Person,LOCATED_AT,LOC_000021,Location,2025-07-12 02:23:42,2025-07-12 18:15:23,2,2.0,
PER_000078,Person,LOCATED_AT,LOC_000024,Location,2025-07-11 04:37:15,2025-07-12 08:57:22,2,2.0,
PER_000078,Person,LOCATED_AT,LOC_000030,Location,2025-07-12 07:10:54,2025-07-12 07:10:54,1,1.0,
PER_000078,Person,LOCATED_AT,LOC_000033,Location,2025-07-10 01:52:20,2025-07-10 01:52:20,1,1.0,
PER_000078,Person,LOCATED_AT,LOC_000036,Location,2025-07-11 10:20:08,2025-07-11 10:20:08,1,1.0,
PER_000078,Person,LOCATED_AT,LOC_000039,Location,2025-07-10 14:22:32,2025-07-10 14:22:32,1,1.0,
PER_000078,Person,LOCATED_AT,LOC_000043,Location,2025-07-12 18:57:16,2025-07-12 18:57:16,1,1.0,
PER_000078,Person,LOCATED_AT,LOC_000046,Location,2025-07-12 14:10:29,2025-07-12 14:10:29,1,1.0,
PER_000078,Person,LOCATED_AT,LOC_000055,Location,2025-07-12 16:25:48,2025-07-12 16:25:48,1,1.0,
PER_000078,Person,LOCATED_AT,LOC_000056,Location,2025-07-11 20:12:56,2025-07-11 20:12:56,1,1.0,
PER_000078,Person,LOCATED_AT,LOC_000057,Location,2025-07-10 00:12:36,2025-07-10 00:12:36,1,1.0,
PER_000078,Person,LOCATED_AT,LOC_000061,Location,2025-07-11 04:20:04,2025-07-11 04:20:04,1,1.0,
PER_000078,Person,LOCATED_AT,LOC_000076,Location,2025-07-10 22:17:01,2025-07-10 22:17:01,1,1.0,
PER_000078,Person,LOCATED_AT,LOC_000085,Location,2025-07-10 18:00:53,2025-07-10 18:00:53,1,1.0,
PER_000078,Person,LOCATED_AT,LOC_000088,Location,2025-07-10 02:54:04,2025-07-12 08:10:20,3,3.0,
PER_000078,Person,LOCATED_AT,LOC_000089,Location,2025-07-10 19:53:14,2025-07-10 19:53:14,1,1.0,
PER_000078,Person,LOCATED_AT,LOC_000094,Location,2025-07-12 12:17:19,2025-07-12 16:40:38,2,2.0,
PER_000078,Person,LOCATED_AT,LOC_000096,Location,2025-07-10 19:21:57,2025-07-10 19:21:57,1,1.0,
PER_000078,Person,LOCATED_AT,LOC_000098,Location,2025-07-10 15:03:52,2025-07-10 15:03:52,1,1.0,
PER_000078,Person,LOCATED_AT,LOC_000099,Location,2025-07-10 17:29:55,2025-07-10 17:29:55,1,1.0,
PER_000078,Person,LOCATED_AT,LOC_000101,Location,2025-07-11 22:47:47,2025-07-11 22:47:47,1,1.0,
PER_000078,Person,LOCATED_AT,LOC_000104,Location,2025-07-10 10:27:26,2025-07-10 10:27:26,1,1.0,
PER_000078,Person,LOCATED_AT,LOC_000105,Location,2025-07-11 08:13:51,2025-07-11 08:13:51,1,1.0,
PER_000078,Person,LOCATED_AT,LOC_000112,Location,2025-07-12 08:11:39,2025-07-12 08:11:39,1,1.0,
PER_000078,Person,LOCATED_AT,LOC_000113,Location,2025-07-12 05:06:11,2025-07-12 05:06:11,1,1.0,
PER_000078,Person,LOCATED_AT,LOC_000114,Location,2025-07-10 00:18:41,2025-07-12 23:50:04,204,204.0,
PER_000078,Person,LOCATED_AT,LOC_000115,Location,2025-07-11 00:20:29,2025-07-11 00:20:29,1,1.0,
PER_000078,Person,LOCATED_AT,LOC_000117,Location,2025-07-10 16:49:10,2025-07-10 16:49:10,1,1.0,
PER_000079,Person,LOCATED_AT,LOC_000004,Location,2025-01-06 13:41:59,2025-12-25 08:22:33,32,32.0,
PER_000079,Person,LOCATED_AT,LOC_000021,Location,2025-10-15 10:02:32,2025-10-15 10:02:32,1,1.0,
PER_000079,Person,LOCATED_AT,LOC_000042,Location,2025-09-29 11:58:11,2025-09-29 11:58:11,1,1.0,
PER_000079,Person,LOCATED_AT,LOC_000067,Location,2025-04-20 22:32:01,2025-04-20 22:32:01,1,1.0,
PER_000079,Person,LOCATED_AT,LOC_000080,Location,2025-06-16 16:48:25,2025-06-16 16:48:25,1,1.0,
PER_000080,Person,LOCATED_AT,LOC_000030,Location,2025-03-08 20:39:36,2025-03-08 20:39:36,1,1.0,
PER_000080,Person,LOCATED_AT,LOC_000031,Location,2025-08-31 10:16:53,2025-08-31 10:16:53,1,1.0,
PER_000080,Person,LOCATED_AT,LOC_000074,Location,2025-01-06 11:17:59,2025-11-19 12:53:22,30,30.0,
PER_000080,Person,LOCATED_AT,LOC_000075,Location,2025-01-21 18:22:17,2025-01-21 18:22:17,1,1.0,
PER_000081,Person,LOCATED_AT,LOC_000020,Location,2025-07-07 13:37:22,2025-07-07 13:37:22,1,1.0,
PER_000081,Person,LOCATED_AT,LOC_000022,Location,2025-12-19 12:35:54,2025-12-19 12:35:54,1,1.0,
PER_000081,Person,LOCATED_AT,LOC_000061,Location,2025-10-22 19:17:02,2025-10-22 19:17:02,1,1.0,
PER_000081,Person,LOCATED_AT,LOC_000079,Location,2025-12-19 18:47:08,2025-12-19 18:47:08,1,1.0,
PER_000081,Person,LOCATED_AT,LOC_000084,Location,2025-01-07 14:27:26,2025-12-15 05:33:18,25,25.0,
PER_000081,Person,LOCATED_AT,LOC_000106,Location,2025-08-16 13:09:02,2025-08-16 13:09:02,1,1.0,
PER_000081,Person,LOCATED_AT,LOC_000108,Location,2025-05-01 19:40:22,2025-05-01 19:40:22,1,1.0,
PER_000082,Person,LOCATED_AT,LOC_000003,Location,2025-04-18 09:33:26,2025-04-18 09:33:26,1,1.0,
PER_000082,Person,LOCATED_AT,LOC_000008,Location,2025-06-23 13:28:48,2025-06-23 13:28:48,1,1.0,
PER_000082,Person,LOCATED_AT,LOC_000077,Location,2025-07-18 04:03:39,2025-07-18 04:03:39,1,1.0,
PER_000082,Person,LOCATED_AT,LOC_000082,Location,2025-01-18 15:17:00,2025-12-31 02:09:53,29,29.0,
PER_000082,Person,LOCATED_AT,LOC_000085,Location,2025-05-12 22:23:08,2025-08-06 07:27:28,2,2.0,
PER_000082,Person,LOCATED_AT,LOC_000110,Location,2025-08-28 05:11:28,2025-08-28 05:11:28,1,1.0,
PER_000082,Person,LOCATED_AT,LOC_000115,Location,2025-02-01 19:17:17,2025-02-01 19:17:17,1,1.0,
PER_000082,Person,LOCATED_AT,LOC_000117,Location,2025-05-03 06:32:58,2025-05-03 06:32:58,1,1.0,
PER_000083,Person,LOCATED_AT,LOC_000004,Location,2025-06-11 12:38:47,2025-06-11 12:38:47,1,1.0,
PER_000083,Person,LOCATED_AT,LOC_000053,Location,2025-01-02 13:25:12,2025-12-16 06:28:21,36,36.0,
PER_000083,Person,LOCATED_AT,LOC_000067,Location,2025-09-13 15:01:25,2025-11-17 18:19:39,2,2.0,
PER_000083,Person,LOCATED_AT,LOC_000080,Location,2025-04-29 15:42:48,2025-04-29 15:42:48,1,1.0,
PER_000083,Person,LOCATED_AT,LOC_000095,Location,2025-12-23 13:15:39,2025-12-23 13:15:39,1,1.0,
PER_000083,Person,LOCATED_AT,LOC_000113,Location,2025-06-02 20:35:06,2025-06-02 20:35:06,1,1.0,
PER_000084,Person,LOCATED_AT,LOC_000005,Location,2025-06-03 17:15:55,2025-06-03 17:15:55,1,1.0,
PER_000084,Person,LOCATED_AT,LOC_000043,Location,2025-01-14 16:17:16,2025-12-30 12:45:57,29,29.0,
PER_000084,Person,LOCATED_AT,LOC_000049,Location,2025-04-06 16:49:56,2025-04-06 16:49:56,1,1.0,
PER_000084,Person,LOCATED_AT,LOC_000050,Location,2025-01-01 21:45:34,2025-01-01 21:45:34,1,1.0,
PER_000084,Person,LOCATED_AT,LOC_000070,Location,2025-01-27 06:58:48,2025-01-27 06:58:48,1,1.0,
PER_000084,Person,LOCATED_AT,LOC_000088,Location,2025-11-12 11:39:57,2025-11-12 11:39:57,1,1.0,
PER_000084,Person,LOCATED_AT,LOC_000117,Location,2025-08-29 10:18:39,2025-08-29 10:18:39,1,1.0,
PER_000085,Person,LOCATED_AT,LOC_000032,Location,2025-02-26 15:07:39,2025-02-26 15:07:39,1,1.0,
PER_000085,Person,LOCATED_AT,LOC_000043,Location,2025-09-24 07:28:20,2025-09-24 07:28:20,1,1.0,
PER_000085,Person,LOCATED_AT,LOC_000050,Location,2025-09-12 10:37:13,2025-09-12 10:37:13,1,1.0,
PER_000085,Person,LOCATED_AT,LOC_000054,Location,2025-08-17 10:20:43,2025-08-17 10:20:43,1,1.0,
PER_000085,Person,LOCATED_AT,LOC_000085,Location,2025-01-05 12:27:04,2025-12-11 05:43:38,38,38.0,
PER_000085,Person,LOCATED_AT,LOC_000110,Location,2025-02-09 14:16:34,2025-02-09 14:16:34,1,1.0,
PER_000085,Person,LOCATED_AT,LOC_000112,Location,2025-07-24 02:09:53,2025-07-24 02:09:53,1,1.0,
PER_000086,Person,LOCATED_AT,LOC_000012,Location,2025-02-10 06:59:48,2025-12-22 16:30:51,25,25.0,
PER_000086,Person,LOCATED_AT,LOC_000032,Location,2025-06-22 14:19:40,2025-06-22 14:19:40,1,1.0,
PER_000086,Person,LOCATED_AT,LOC_000039,Location,2025-08-05 11:17:05,2025-08-05 11:17:05,1,1.0,
PER_000086,Person,LOCATED_AT,LOC_000064,Location,2025-05-06 15:47:41,2025-05-06 15:47:41,1,1.0,
PER_000086,Person,LOCATED_AT,LOC_000083,Location,2025-03-18 18:05:49,2025-03-18 18:05:49,1,1.0,
PER_000087,Person,LOCATED_AT,LOC_000005,Location,2025-05-27 10:52:38,2025-05-27 10:52:38,1,1.0,
PER_000087,Person,LOCATED_AT,LOC_000012,Location,2025-12-18 11:40:51,2025-12-18 11:40:51,1,1.0,
PER_000087,Person,LOCATED_AT,LOC_000014,Location,2025-12-06 17:10:37,2025-12-06 17:10:37,1,1.0,
PER_000087,Person,LOCATED_AT,LOC_000018,Location,2025-06-10 01:15:29,2025-11-13 12:45:39,2,2.0,
PER_000087,Person,LOCATED_AT,LOC_000022,Location,2025-10-08 21:59:09,2025-10-08 21:59:09,1,1.0,
PER_000087,Person,LOCATED_AT,LOC_000029,Location,2025-01-13 11:38:03,2025-01-13 11:38:03,1,1.0,
PER_000087,Person,LOCATED_AT,LOC_000032,Location,2025-02-11 04:00:26,2025-02-11 04:00:26,1,1.0,
PER_000087,Person,LOCATED_AT,LOC_000033,Location,2025-12-15 12:18:50,2025-12-15 12:18:50,1,1.0,
PER_000087,Person,LOCATED_AT,LOC_000035,Location,2025-02-09 15:18:52,2025-02-09 15:18:52,1,1.0,
PER_000087,Person,LOCATED_AT,LOC_000046,Location,2025-09-08 19:10:01,2025-09-08 19:10:01,1,1.0,
PER_000087,Person,LOCATED_AT,LOC_000059,Location,2025-02-25 13:35:19,2025-02-25 13:35:19,1,1.0,
PER_000087,Person,LOCATED_AT,LOC_000064,Location,2025-04-06 13:03:30,2025-04-06 13:03:30,1,1.0,
PER_000087,Person,LOCATED_AT,LOC_000065,Location,2025-02-06 05:05:19,2025-02-06 05:05:19,1,1.0,
PER_000087,Person,LOCATED_AT,LOC_000069,Location,2025-08-31 14:51:02,2025-08-31 14:51:02,1,1.0,
PER_000087,Person,LOCATED_AT,LOC_000070,Location,2025-08-17 11:20:43,2025-08-17 11:20:43,1,1.0,
PER_000087,Person,LOCATED_AT,LOC_000071,Location,2025-09-30 09:24:03,2025-09-30 09:24:03,1,1.0,
PER_000087,Person,LOCATED_AT,LOC_000072,Location,2025-06-28 05:05:00,2025-06-28 05:05:00,1,1.0,
PER_000087,Person,LOCATED_AT,LOC_000075,Location,2025-06-25 13:56:41,2025-06-25 13:56:41,1,1.0,
PER_000087,Person,LOCATED_AT,LOC_000083,Location,2025-05-30 23:09:14,2025-05-30 23:09:14,1,1.0,
PER_000087,Person,LOCATED_AT,LOC_000084,Location,2025-09-09 19:03:46,2025-09-09 19:03:46,1,1.0,
PER_000087,Person,LOCATED_AT,LOC_000089,Location,2025-02-16 05:52:14,2025-02-16 05:52:14,1,1.0,
PER_000087,Person,LOCATED_AT,LOC_000098,Location,2025-10-01 02:46:09,2025-10-01 02:46:09,1,1.0,
PER_000087,Person,LOCATED_AT,LOC_000099,Location,2025-01-01 12:58:02,2025-12-31 18:34:44,177,177.0,
PER_000087,Person,LOCATED_AT,LOC_000103,Location,2025-08-16 10:15:42,2025-08-16 10:15:42,1,1.0,
PER_000087,Person,LOCATED_AT,LOC_000113,Location,2025-04-17 15:01:44,2025-04-17 15:01:44,1,1.0,
PER_000087,Person,LOCATED_AT,LOC_000117,Location,2025-06-21 15:08:10,2025-12-16 19:01:16,2,2.0,
PER_000087,Person,LOCATED_AT,LOC_000119,Location,2025-02-18 11:41:09,2025-02-18 11:41:09,1,1.0,
PER_000088,Person,LOCATED_AT,LOC_000008,Location,2025-05-25 11:48:10,2025-05-25 11:48:10,1,1.0,
PER_000088,Person,LOCATED_AT,LOC_000012,Location,2025-11-04 19:40:10,2025-11-04 19:40:10,1,1.0,
PER_000088,Person,LOCATED_AT,LOC_000032,Location,2025-12-22 18:30:50,2025-12-22 18:30:50,1,1.0,
PER_000088,Person,LOCATED_AT,LOC_000060,Location,2025-01-15 03:58:14,2025-12-30 10:55:57,27,27.0,
PER_000088,Person,LOCATED_AT,LOC_000118,Location,2025-10-01 14:55:15,2025-10-01 14:55:15,1,1.0,
PER_000089,Person,LOCATED_AT,LOC_000013,Location,2025-04-12 17:07:16,2025-04-12 17:07:16,1,1.0,
PER_000089,Person,LOCATED_AT,LOC_000039,Location,2025-01-27 09:05:42,2025-01-27 09:05:42,1,1.0,
PER_000089,Person,LOCATED_AT,LOC_000044,Location,2025-11-28 08:27:56,2025-11-28 08:27:56,1,1.0,
PER_000089,Person,LOCATED_AT,LOC_000047,Location,2025-01-18 13:17:13,2025-12-19 15:38:09,35,35.0,
PER_000089,Person,LOCATED_AT,LOC_000054,Location,2025-11-04 12:12:20,2025-11-04 12:12:20,1,1.0,
PER_000089,Person,LOCATED_AT,LOC_000091,Location,2025-03-07 06:53:05,2025-03-07 06:53:05,1,1.0,
PER_000089,Person,LOCATED_AT,LOC_000097,Location,2025-11-06 08:42:06,2025-11-06 08:42:06,1,1.0,
PER_000090,Person,LOCATED_AT,LOC_000004,Location,2025-03-29 07:39:30,2025-03-29 07:39:30,1,1.0,
PER_000090,Person,LOCATED_AT,LOC_000025,Location,2025-12-21 12:57:34,2025-12-21 12:57:34,1,1.0,
PER_000090,Person,LOCATED_AT,LOC_000027,Location,2025-01-17 21:42:52,2025-12-24 15:46:16,28,28.0,
PER_000090,Person,LOCATED_AT,LOC_000035,Location,2025-11-21 19:31:41,2025-11-21 19:31:41,1,1.0,
PER_000090,Person,LOCATED_AT,LOC_000111,Location,2025-12-15 16:07:10,2025-12-15 16:07:10,1,1.0,
PER_000091,Person,LOCATED_AT,LOC_000039,Location,2025-05-03 15:19:57,2025-05-03 15:19:57,1,1.0,
PER_000091,Person,LOCATED_AT,LOC_000057,Location,2025-01-09 08:47:23,2025-12-18 11:43:07,28,28.0,
PER_000091,Person,LOCATED_AT,LOC_000090,Location,2025-02-14 15:54:38,2025-02-14 15:54:38,1,1.0,
PER_000091,Person,LOCATED_AT,LOC_000101,Location,2025-06-17 03:31:32,2025-06-17 03:31:32,1,1.0,
PER_000092,Person,LOCATED_AT,LOC_000023,Location,2025-11-22 08:39:02,2025-11-22 08:39:02,1,1.0,
PER_000092,Person,LOCATED_AT,LOC_000027,Location,2025-03-08 13:23:34,2025-03-08 13:23:34,1,1.0,
PER_000092,Person,LOCATED_AT,LOC_000030,Location,2025-05-29 13:19:04,2025-05-29 13:19:04,1,1.0,
PER_000092,Person,LOCATED_AT,LOC_000031,Location,2025-10-21 21:19:10,2025-10-21 21:19:10,1,1.0,
PER_000092,Person,LOCATED_AT,LOC_000060,Location,2025-05-22 16:53:23,2025-05-22 16:53:23,1,1.0,
PER_000092,Person,LOCATED_AT,LOC_000065,Location,2025-02-22 14:27:08,2025-02-22 14:27:08,1,1.0,
PER_000092,Person,LOCATED_AT,LOC_000089,Location,2025-08-15 21:55:12,2025-08-15 21:55:12,1,1.0,
PER_000092,Person,LOCATED_AT,LOC_000091,Location,2025-01-16 21:32:36,2025-12-08 14:24:04,26,26.0,
PER_000093,Person,LOCATED_AT,LOC_000004,Location,2025-12-21 13:10:22,2025-12-21 13:10:22,1,1.0,
PER_000093,Person,LOCATED_AT,LOC_000007,Location,2025-03-06 15:54:55,2025-03-06 15:54:55,1,1.0,
PER_000093,Person,LOCATED_AT,LOC_000013,Location,2025-12-25 18:17:44,2025-12-25 18:17:44,1,1.0,
PER_000093,Person,LOCATED_AT,LOC_000015,Location,2025-07-07 08:43:29,2025-12-16 10:32:07,2,2.0,
PER_000093,Person,LOCATED_AT,LOC_000016,Location,2025-12-15 20:16:35,2025-12-15 20:16:35,1,1.0,
PER_000093,Person,LOCATED_AT,LOC_000021,Location,2025-03-13 20:07:54,2025-03-13 20:07:54,1,1.0,
PER_000093,Person,LOCATED_AT,LOC_000023,Location,2025-01-03 19:20:24,2025-01-03 19:20:24,1,1.0,
PER_000093,Person,LOCATED_AT,LOC_000032,Location,2025-07-27 09:38:18,2025-07-27 09:38:18,1,1.0,
PER_000093,Person,LOCATED_AT,LOC_000039,Location,2025-07-12 19:40:54,2025-12-18 04:42:15,2,2.0,
PER_000093,Person,LOCATED_AT,LOC_000045,Location,2025-02-24 16:31:40,2025-02-24 16:31:40,1,1.0,
PER_000093,Person,LOCATED_AT,LOC_000053,Location,2025-12-19 20:18:13,2025-12-19 20:18:13,1,1.0,
PER_000093,Person,LOCATED_AT,LOC_000057,Location,2025-09-29 03:33:15,2025-09-29 03:33:15,1,1.0,
PER_000093,Person,LOCATED_AT,LOC_000058,Location,2025-10-28 11:12:32,2025-10-28 11:12:32,1,1.0,
PER_000093,Person,LOCATED_AT,LOC_000062,Location,2025-07-28 16:00:42,2025-07-28 16:00:42,1,1.0,
PER_000093,Person,LOCATED_AT,LOC_000063,Location,2025-04-06 16:02:37,2025-04-06 16:02:37,1,1.0,
PER_000093,Person,LOCATED_AT,LOC_000068,Location,2025-04-07 12:35:43,2025-04-07 12:35:43,1,1.0,
PER_000093,Person,LOCATED_AT,LOC_000071,Location,2025-01-01 18:56:55,2025-12-30 02:11:59,258,258.0,
PER_000093,Person,LOCATED_AT,LOC_000077,Location,2025-08-19 17:39:03,2025-08-19 17:39:03,1,1.0,
PER_000093,Person,LOCATED_AT,LOC_000078,Location,2025-06-25 03:49:09,2025-06-25 03:49:09,1,1.0,
PER_000093,Person,LOCATED_AT,LOC_000082,Location,2025-03-25 08:38:52,2025-03-25 08:38:52,1,1.0,
PER_000093,Person,LOCATED_AT,LOC_000085,Location,2025-08-09 21:02:08,2025-08-09 21:02:08,1,1.0,
PER_000093,Person,LOCATED_AT,LOC_000087,Location,2025-10-02 18:51:53,2025-10-02 18:51:53,1,1.0,
PER_000093,Person,LOCATED_AT,LOC_000095,Location,2025-05-04 08:41:38,2025-11-27 10:49:24,2,2.0,
PER_000093,Person,LOCATED_AT,LOC_000097,Location,2025-06-19 13:41:45,2025-09-29 18:20:16,2,2.0,
PER_000093,Person,LOCATED_AT,LOC_000105,Location,2025-10-10 09:41:26,2025-10-10 09:41:26,1,1.0,
PER_000093,Person,LOCATED_AT,LOC_000109,Location,2025-10-18 16:02:44,2025-10-18 16:02:44,1,1.0,
PER_000093,Person,LOCATED_AT,LOC_000112,Location,2025-02-27 02:40:23,2025-02-27 02:40:23,1,1.0,
PER_000093,Person,LOCATED_AT,LOC_000116,Location,2025-01-01 08:48:18,2025-01-11 10:03:55,2,2.0,
PER_000094,Person,LOCATED_AT,LOC_000047,Location,2025-07-10 14:25:00,2025-07-10 14:25:00,1,1.0,
PER_000094,Person,LOCATED_AT,LOC_000060,Location,2025-01-01 15:06:21,2025-12-28 09:42:35,39,39.0,
PER_000094,Person,LOCATED_AT,LOC_000073,Location,2025-11-10 17:10:24,2025-12-25 02:15:54,2,2.0,
PER_000094,Person,LOCATED_AT,LOC_000110,Location,2025-05-26 13:16:30,2025-05-26 13:16:30,1,1.0,
PER_000095,Person,LOCATED_AT,LOC_000006,Location,2025-02-09 12:15:31,2025-02-09 12:15:31,1,1.0,
PER_000095,Person,LOCATED_AT,LOC_000011,Location,2025-04-09 12:03:39,2025-04-09 12:03:39,1,1.0,
PER_000095,Person,LOCATED_AT,LOC_000015,Location,2025-07-04 17:45:31,2025-07-04 17:45:31,1,1.0,
PER_000095,Person,LOCATED_AT,LOC_000039,Location,2025-02-08 17:17:26,2025-02-08 17:17:26,1,1.0,
PER_000095,Person,LOCATED_AT,LOC_000040,Location,2025-11-14 17:32:28,2025-11-14 17:32:28,1,1.0,
PER_000095,Person,LOCATED_AT,LOC_000052,Location,2025-11-30 08:21:04,2025-11-30 08:21:04,1,1.0,
PER_000095,Person,LOCATED_AT,LOC_000054,Location,2025-04-09 22:02:32,2025-04-09 22:02:32,1,1.0,
PER_000095,Person,LOCATED_AT,LOC_000056,Location,2025-04-25 14:55:38,2025-04-25 14:55:38,1,1.0,
PER_000095,Person,LOCATED_AT,LOC_000070,Location,2025-12-18 08:38:28,2025-12-18 08:38:28,1,1.0,
PER_000095,Person,LOCATED_AT,LOC_000071,Location,2025-02-09 15:52:07,2025-02-09 15:52:07,1,1.0,
PER_000095,Person,LOCATED_AT,LOC_000106,Location,2025-07-21 21:32:51,2025-07-21 21:32:51,1,1.0,
PER_000095,Person,LOCATED_AT,LOC_000115,Location,2025-05-07 06:20:27,2025-05-07 06:20:27,1,1.0,
PER_000095,Person,LOCATED_AT,LOC_000120,Location,2025-01-05 16:55:39,2025-12-23 13:44:22,22,22.0,
PER_000096,Person,LOCATED_AT,LOC_000003,Location,2025-08-01 19:12:13,2025-08-01 19:12:13,1,1.0,
PER_000096,Person,LOCATED_AT,LOC_000012,Location,2025-10-11 08:41:35,2025-10-11 08:41:35,1,1.0,
PER_000096,Person,LOCATED_AT,LOC_000025,Location,2025-09-23 10:44:06,2025-09-23 10:44:06,1,1.0,
PER_000096,Person,LOCATED_AT,LOC_000043,Location,2025-12-26 16:15:57,2025-12-26 16:15:57,1,1.0,
PER_000096,Person,LOCATED_AT,LOC_000050,Location,2025-07-19 09:15:32,2025-07-19 09:15:32,1,1.0,
PER_000096,Person,LOCATED_AT,LOC_000066,Location,2025-09-22 11:20:03,2025-09-22 11:20:03,1,1.0,
PER_000096,Person,LOCATED_AT,LOC_000069,Location,2025-06-13 19:29:30,2025-06-13 19:29:30,1,1.0,
PER_000096,Person,LOCATED_AT,LOC_000081,Location,2025-04-16 18:58:25,2025-04-16 18:58:25,1,1.0,
PER_000096,Person,LOCATED_AT,LOC_000087,Location,2025-02-22 11:52:37,2025-02-22 11:52:37,1,1.0,
PER_000096,Person,LOCATED_AT,LOC_000107,Location,2025-02-10 14:52:46,2025-12-25 09:05:36,34,34.0,
PER_000097,Person,LOCATED_AT,LOC_000028,Location,2025-08-16 10:59:23,2025-08-16 10:59:23,1,1.0,
PER_000097,Person,LOCATED_AT,LOC_000035,Location,2025-11-06 10:48:24,2025-11-06 10:48:24,1,1.0,
PER_000097,Person,LOCATED_AT,LOC_000052,Location,2025-12-22 17:41:28,2025-12-22 17:41:28,1,1.0,
PER_000097,Person,LOCATED_AT,LOC_000059,Location,2025-02-06 21:24:04,2025-02-06 21:24:04,1,1.0,
PER_000097,Person,LOCATED_AT,LOC_000064,Location,2025-07-18 03:39:24,2025-07-18 03:39:24,1,1.0,
PER_000097,Person,LOCATED_AT,LOC_000071,Location,2025-01-13 10:14:19,2025-12-26 12:13:48,24,24.0,
PER_000097,Person,LOCATED_AT,LOC_000084,Location,2025-07-10 16:20:34,2025-07-10 16:20:34,1,1.0,
PER_000097,Person,LOCATED_AT,LOC_000086,Location,2025-04-28 16:54:46,2025-04-28 16:54:46,1,1.0,
PER_000097,Person,LOCATED_AT,LOC_000113,Location,2025-12-30 16:36:03,2025-12-30 16:36:03,1,1.0,
PER_000098,Person,LOCATED_AT,LOC_000007,Location,2025-01-27 13:34:36,2025-01-27 13:34:36,1,1.0,
PER_000098,Person,LOCATED_AT,LOC_000012,Location,2025-05-24 12:50:14,2025-05-24 12:50:14,1,1.0,
PER_000098,Person,LOCATED_AT,LOC_000025,Location,2025-03-03 15:52:46,2025-03-03 15:52:46,1,1.0,
PER_000098,Person,LOCATED_AT,LOC_000048,Location,2025-06-22 17:15:12,2025-06-22 17:15:12,1,1.0,
PER_000098,Person,LOCATED_AT,LOC_000053,Location,2025-12-10 14:45:07,2025-12-10 14:45:07,1,1.0,
PER_000098,Person,LOCATED_AT,LOC_000061,Location,2025-08-03 17:25:32,2025-08-03 17:25:32,1,1.0,
PER_000098,Person,LOCATED_AT,LOC_000089,Location,2025-12-09 04:54:32,2025-12-09 04:54:32,1,1.0,
PER_000098,Person,LOCATED_AT,LOC_000090,Location,2025-10-22 18:41:54,2025-10-22 18:41:54,1,1.0,
PER_000098,Person,LOCATED_AT,LOC_000096,Location,2025-01-24 12:53:22,2025-12-30 11:16:07,27,27.0,
PER_000098,Person,LOCATED_AT,LOC_000097,Location,2025-01-22 04:59:33,2025-01-22 04:59:33,1,1.0,
PER_000098,Person,LOCATED_AT,LOC_000105,Location,2025-09-06 10:30:48,2025-09-06 10:30:48,1,1.0,
PER_000099,Person,LOCATED_AT,LOC_000005,Location,2025-05-01 09:51:21,2025-05-01 09:51:21,1,1.0,
PER_000099,Person,LOCATED_AT,LOC_000010,Location,2025-05-01 00:18:25,2025-05-01 00:18:25,1,1.0,
PER_000099,Person,LOCATED_AT,LOC_000013,Location,2025-05-01 18:30:12,2025-05-01 23:26:39,3,3.0,
PER_000099,Person,LOCATED_AT,LOC_000016,Location,2025-05-01 11:07:59,2025-05-01 11:07:59,1,1.0,
PER_000099,Person,LOCATED_AT,LOC_000019,Location,2025-05-01 08:13:10,2025-05-01 08:13:10,1,1.0,
PER_000099,Person,LOCATED_AT,LOC_000022,Location,2025-05-01 13:01:58,2025-05-01 13:01:58,1,1.0,
PER_000099,Person,LOCATED_AT,LOC_000026,Location,2025-05-01 18:39:45,2025-05-01 18:39:45,1,1.0,
PER_000099,Person,LOCATED_AT,LOC_000028,Location,2025-05-01 05:03:17,2025-05-01 05:03:17,1,1.0,
PER_000099,Person,LOCATED_AT,LOC_000030,Location,2025-05-01 09:24:12,2025-05-01 09:24:12,1,1.0,
PER_000099,Person,LOCATED_AT,LOC_000033,Location,2025-05-01 16:27:01,2025-05-01 16:27:01,1,1.0,
PER_000099,Person,LOCATED_AT,LOC_000039,Location,2025-05-01 10:56:36,2025-05-01 10:56:36,1,1.0,
PER_000099,Person,LOCATED_AT,LOC_000040,Location,2025-05-01 19:53:31,2025-05-01 19:53:31,1,1.0,
PER_000099,Person,LOCATED_AT,LOC_000044,Location,2025-05-01 00:00:55,2025-05-01 23:51:55,217,217.0,
PER_000099,Person,LOCATED_AT,LOC_000045,Location,2025-05-01 02:27:51,2025-05-01 02:27:51,1,1.0,
PER_000099,Person,LOCATED_AT,LOC_000055,Location,2025-05-01 00:52:58,2025-05-01 00:52:58,1,1.0,
PER_000099,Person,LOCATED_AT,LOC_000060,Location,2025-05-01 23:02:34,2025-05-01 23:02:34,1,1.0,
PER_000099,Person,LOCATED_AT,LOC_000066,Location,2025-05-01 04:04:34,2025-05-01 04:04:34,1,1.0,
PER_000099,Person,LOCATED_AT,LOC_000067,Location,2025-05-01 05:03:16,2025-05-01 05:03:16,1,1.0,
PER_000099,Person,LOCATED_AT,LOC_000072,Location,2025-05-01 09:55:37,2025-05-01 09:55:37,1,1.0,
PER_000099,Person,LOCATED_AT,LOC_000073,Location,2025-05-01 15:05:21,2025-05-01 15:05:21,1,1.0,
PER_000099,Person,LOCATED_AT,LOC_000077,Location,2025-05-01 19:31:35,2025-05-01 19:31:35,1,1.0,
PER_000099,Person,LOCATED_AT,LOC_000078,Location,2025-05-01 06:08:18,2025-05-01 06:08:18,1,1.0,
PER_000099,Person,LOCATED_AT,LOC_000079,Location,2025-05-01 09:51:55,2025-05-01 09:51:55,1,1.0,
PER_000099,Person,LOCATED_AT,LOC_000080,Location,2025-05-01 16:26:50,2025-05-01 16:26:50,1,1.0,
PER_000099,Person,LOCATED_AT,LOC_000083,Location,2025-05-01 20:48:18,2025-05-01 20:48:18,1,1.0,
PER_000099,Person,LOCATED_AT,LOC_000085,Location,2025-05-01 12:55:14,2025-05-01 12:55:14,1,1.0,
PER_000099,Person,LOCATED_AT,LOC_000089,Location,2025-05-01 10:46:05,2025-05-01 10:46:05,1,1.0,
PER_000099,Person,LOCATED_AT,LOC_000095,Location,2025-05-01 18:36:25,2025-05-01 18:36:25,1,1.0,
PER_000099,Person,LOCATED_AT,LOC_000097,Location,2025-05-01 21:07:37,2025-05-01 21:07:37,1,1.0,
PER_000099,Person,LOCATED_AT,LOC_000101,Location,2025-05-01 03:43:39,2025-05-01 03:43:39,1,1.0,
PER_000099,Person,LOCATED_AT,LOC_000102,Location,2025-05-01 23:01:00,2025-05-01 23:01:00,1,1.0,
PER_000099,Person,LOCATED_AT,LOC_000103,Location,2025-05-01 10:39:05,2025-05-01 10:39:05,1,1.0,
PER_000099,Person,LOCATED_AT,LOC_000104,Location,2025-05-01 17:13:55,2025-05-01 17:13:55,1,1.0,
PER_000099,Person,LOCATED_AT,LOC_000115,Location,2025-05-01 18:53:33,2025-05-01 18:53:33,1,1.0,
PER_000099,Person,LOCATED_AT,LOC_000116,Location,2025-05-01 10:58:40,2025-05-01 10:58:40,1,1.0,
PER_000099,Person,LOCATED_AT,LOC_000117,Location,2025-05-01 12:58:06,2025-05-01 19:43:01,2,2.0,
PER_000099,Person,LOCATED_AT,LOC_000118,Location,2025-05-01 00:58:02,2025-05-01 17:36:08,2,2.0,
PER_000100,Person,LOCATED_AT,LOC_000029,Location,2025-08-05 19:00:34,2025-08-05 19:00:34,1,1.0,
PER_000100,Person,LOCATED_AT,LOC_000104,Location,2025-12-11 15:23:55,2025-12-11 15:23:55,1,1.0,
PER_000100,Person,LOCATED_AT,LOC_000108,Location,2025-01-18 12:56:14,2025-12-28 03:10:31,31,31.0,
PER_000001,Person,COMMUNICATES_WITH,PER_000002,Person,2025-05-31 08:53:25,2025-11-27 08:30:49,2,2.0,
PER_000001,Person,COMMUNICATES_WITH,PER_000005,Person,2025-03-04 15:54:05,2025-11-19 11:02:13,2,2.0,
PER_000001,Person,COMMUNICATES_WITH,PER_000007,Person,2025-11-12 09:26:26,2025-11-12 09:26:26,1,1.0,
PER_000001,Person,COMMUNICATES_WITH,PER_000008,Person,2025-02-26 15:14:07,2025-05-21 17:57:59,3,3.0,
PER_000001,Person,COMMUNICATES_WITH,PER_000011,Person,2025-08-01 08:51:13,2025-08-01 08:51:13,1,1.0,
PER_000001,Person,COMMUNICATES_WITH,PER_000012,Person,2025-04-29 19:03:12,2025-04-29 19:03:12,1,1.0,
PER_000001,Person,COMMUNICATES_WITH,PER_000013,Person,2025-10-14 12:16:48,2025-10-20 07:51:15,2,2.0,
PER_000001,Person,COMMUNICATES_WITH,PER_000014,Person,2025-08-17 09:05:59,2025-08-17 09:05:59,1,1.0,
PER_000001,Person,COMMUNICATES_WITH,PER_000015,Person,2025-05-19 09:33:44,2025-05-19 09:33:44,1,1.0,
PER_000001,Person,COMMUNICATES_WITH,PER_000016,Person,2025-11-29 06:56:02,2025-11-29 06:56:02,1,1.0,
PER_000001,Person,COMMUNICATES_WITH,PER_000018,Person,2025-01-14 08:06:12,2025-11-20 12:37:03,2,2.0,
PER_000001,Person,COMMUNICATES_WITH,PER_000019,Person,2025-08-23 19:30:04,2025-11-06 16:09:34,3,3.0,
PER_000001,Person,COMMUNICATES_WITH,PER_000020,Person,2025-05-22 18:45:11,2025-06-23 11:51:00,2,2.0,
PER_000001,Person,COMMUNICATES_WITH,PER_000021,Person,2025-10-10 09:42:43,2025-10-10 09:42:43,1,1.0,
PER_000001,Person,COMMUNICATES_WITH,PER_000023,Person,2025-03-12 19:42:41,2025-03-12 19:42:41,1,1.0,
PER_000001,Person,COMMUNICATES_WITH,PER_000024,Person,2025-10-01 18:56:44,2025-10-01 18:56:44,1,1.0,
PER_000001,Person,COMMUNICATES_WITH,PER_000025,Person,2025-02-25 19:29:08,2025-02-25 19:29:08,1,1.0,
PER_000001,Person,COMMUNICATES_WITH,PER_000026,Person,2025-02-15 12:53:23,2025-08-11 21:44:07,2,2.0,
PER_000001,Person,COMMUNICATES_WITH,PER_000027,Person,2025-06-09 07:44:12,2025-06-09 07:44:12,1,1.0,
PER_000001,Person,COMMUNICATES_WITH,PER_000028,Person,2025-08-12 08:33:38,2025-08-12 08:33:38,1,1.0,
PER_000001,Person,COMMUNICATES_WITH,PER_000029,Person,2025-12-26 12:25:35,2025-12-26 12:25:35,1,1.0,
PER_000001,Person,COMMUNICATES_WITH,PER_000030,Person,2025-02-18 11:04:05,2025-06-23 16:24:45,2,2.0,
PER_000001,Person,COMMUNICATES_WITH,PER_000031,Person,2025-08-05 11:39:12,2025-08-05 11:39:12,1,1.0,
PER_000001,Person,COMMUNICATES_WITH,PER_000032,Person,2025-08-31 18:06:30,2025-08-31 18:06:30,1,1.0,
PER_000001,Person,COMMUNICATES_WITH,PER_000033,Person,2025-12-23 17:30:50,2025-12-23 17:30:50,1,1.0,
PER_000001,Person,COMMUNICATES_WITH,PER_000034,Person,2025-04-07 19:51:59,2025-09-04 17:17:38,2,2.0,
PER_000001,Person,COMMUNICATES_WITH,PER_000035,Person,2025-08-05 12:58:32,2025-08-05 12:58:32,1,1.0,
PER_000001,Person,COMMUNICATES_WITH,PER_000036,Person,2025-11-27 09:42:29,2025-11-27 09:42:29,1,1.0,
PER_000001,Person,COMMUNICATES_WITH,PER_000037,Person,2025-11-25 19:02:23,2025-12-29 10:30:10,2,2.0,
PER_000001,Person,COMMUNICATES_WITH,PER_000041,Person,2025-03-15 15:30:08,2025-03-15 15:30:08,1,1.0,
PER_000001,Person,COMMUNICATES_WITH,PER_000042,Person,2025-07-06 14:10:18,2025-07-06 14:10:18,1,1.0,
PER_000001,Person,COMMUNICATES_WITH,PER_000043,Person,2025-09-16 09:54:28,2025-09-16 09:54:28,1,1.0,
PER_000001,Person,COMMUNICATES_WITH,PER_000044,Person,2025-09-06 08:14:47,2025-09-06 08:14:47,1,1.0,
PER_000001,Person,COMMUNICATES_WITH,PER_000045,Person,2025-07-16 15:50:43,2025-12-29 10:37:41,4,4.0,
PER_000001,Person,COMMUNICATES_WITH,PER_000046,Person,2025-03-05 17:40:03,2025-08-28 11:36:59,2,2.0,
PER_000001,Person,COMMUNICATES_WITH,PER_000049,Person,2025-02-19 20:19:29,2025-02-19 20:19:29,1,1.0,
PER_000001,Person,COMMUNICATES_WITH,PER_000051,Person,2025-07-03 17:43:04,2025-11-26 12:45:58,3,3.0,
PER_000001,Person,COMMUNICATES_WITH,PER_000052,Person,2025-08-04 08:35:29,2025-11-27 09:41:17,2,2.0,
PER_000001,Person,COMMUNICATES_WITH,PER_000053,Person,2025-01-14 07:34:38,2025-05-27 08:41:05,3,3.0,
PER_000001,Person,COMMUNICATES_WITH,PER_000054,Person,2025-01-02 09:55:53,2025-09-22 07:58:05,3,3.0,
PER_000001,Person,COMMUNICATES_WITH,PER_000056,Person,2025-07-16 16:03:05,2025-07-16 16:03:05,1,1.0,
PER_000001,Person,COMMUNICATES_WITH,PER_000057,Person,2025-01-14 09:36:31,2025-01-14 09:36:31,1,1.0,
PER_000001,Person,COMMUNICATES_WITH,PER_000058,Person,2025-03-08 05:58:53,2025-03-08 05:58:53,1,1.0,
PER_000001,Person,COMMUNICATES_WITH,PER_000059,Person,2025-05-24 21:06:43,2025-05-24 21:06:43,1,1.0,
PER_000001,Person,COMMUNICATES_WITH,PER_000060,Person,2025-03-10 14:42:00,2025-03-10 14:42:00,1,1.0,
PER_000001,Person,COMMUNICATES_WITH,PER_000061,Person,2025-01-19 18:02:22,2025-01-19 18:02:22,1,1.0,
PER_000001,Person,COMMUNICATES_WITH,PER_000064,Person,2025-08-28 00:13:14,2025-08-28 00:13:14,1,1.0,
PER_000001,Person,COMMUNICATES_WITH,PER_000065,Person,2025-03-28 18:54:33,2025-03-28 18:54:33,1,1.0,
PER_000001,Person,COMMUNICATES_WITH,PER_000067,Person,2025-09-23 13:26:25,2025-09-23 13:26:25,1,1.0,
PER_000001,Person,COMMUNICATES_WITH,PER_000069,Person,2025-01-23 07:10:31,2025-01-23 07:10:31,1,1.0,
PER_000001,Person,COMMUNICATES_WITH,PER_000070,Person,2025-05-27 09:30:55,2025-09-01 15:29:26,2,2.0,
PER_000001,Person,COMMUNICATES_WITH,PER_000071,Person,2025-01-04 04:34:32,2025-01-18 14:18:26,2,2.0,
PER_000001,Person,COMMUNICATES_WITH,PER_000074,Person,2025-11-08 11:38:19,2025-12-05 13:56:18,3,3.0,
PER_000001,Person,COMMUNICATES_WITH,PER_000075,Person,2025-10-13 07:11:34,2025-10-13 07:11:34,1,1.0,
PER_000001,Person,COMMUNICATES_WITH,PER_000076,Person,2025-09-04 18:31:43,2025-09-04 18:31:43,1,1.0,
PER_000001,Person,COMMUNICATES_WITH,PER_000077,Person,2025-04-26 18:53:30,2025-04-26 18:53:30,1,1.0,
PER_000001,Person,COMMUNICATES_WITH,PER_000079,Person,2025-10-17 08:27:31,2025-11-24 15:22:48,2,2.0,
PER_000001,Person,COMMUNICATES_WITH,PER_000082,Person,2025-03-20 12:21:36,2025-12-12 12:17:30,2,2.0,
PER_000001,Person,COMMUNICATES_WITH,PER_000083,Person,2025-09-11 13:16:40,2025-12-07 04:27:13,2,2.0,
PER_000001,Person,COMMUNICATES_WITH,PER_000084,Person,2025-07-04 06:16:52,2025-10-16 11:21:27,4,4.0,
PER_000001,Person,COMMUNICATES_WITH,PER_000085,Person,2025-01-14 09:13:30,2025-01-14 09:13:30,1,1.0,
PER_000001,Person,COMMUNICATES_WITH,PER_000090,Person,2025-02-05 07:42:32,2025-11-28 08:58:15,2,2.0,
PER_000001,Person,COMMUNICATES_WITH,PER_000091,Person,2025-02-28 19:45:05,2025-12-21 20:03:58,3,3.0,
PER_000001,Person,COMMUNICATES_WITH,PER_000092,Person,2025-10-11 10:06:15,2025-12-15 14:10:46,2,2.0,
PER_000001,Person,COMMUNICATES_WITH,PER_000093,Person,2025-10-20 15:15:48,2025-10-20 15:15:48,1,1.0,
PER_000001,Person,COMMUNICATES_WITH,PER_000096,Person,2025-01-01 16:03:43,2025-01-01 16:03:43,1,1.0,
PER_000001,Person,COMMUNICATES_WITH,PER_000097,Person,2025-01-08 10:12:43,2025-12-06 18:19:00,5,5.0,
PER_000001,Person,COMMUNICATES_WITH,PER_000098,Person,2025-09-05 07:45:14,2025-09-05 07:45:14,1,1.0,
PER_000001,Person,COMMUNICATES_WITH,PER_000099,Person,2025-08-09 18:56:44,2025-08-09 18:56:44,1,1.0,
PER_000001,Person,COMMUNICATES_WITH,PER_000100,Person,2025-06-30 08:01:58,2025-06-30 08:01:58,1,1.0,
PER_000002,Person,COMMUNICATES_WITH,PER_000012,Person,2025-03-28 10:41:58,2025-03-28 10:41:58,1,1.0,
PER_000002,Person,COMMUNICATES_WITH,PER_000014,Person,2025-04-07 16:27:44,2025-04-07 16:27:44,1,1.0,
PER_000002,Person,COMMUNICATES_WITH,PER_000016,Person,2025-01-16 20:28:38,2025-10-28 09:05:26,10,10.0,
PER_000002,Person,COMMUNICATES_WITH,PER_000018,Person,2025-03-07 21:34:36,2025-11-05 10:52:48,12,12.0,
PER_000002,Person,COMMUNICATES_WITH,PER_000019,Person,2025-04-18 09:26:00,2025-04-18 09:26:00,1,1.0,
PER_000002,Person,COMMUNICATES_WITH,PER_000024,Person,2025-03-04 04:51:02,2025-11-14 04:18:28,12,12.0,
PER_000002,Person,COMMUNICATES_WITH,PER_000027,Person,2025-01-12 15:14:12,2025-12-18 20:24:08,9,9.0,
PER_000002,Person,COMMUNICATES_WITH,PER_000030,Person,2025-05-20 07:36:34,2025-08-12 20:31:19,2,2.0,
PER_000002,Person,COMMUNICATES_WITH,PER_000033,Person,2025-04-22 23:59:14,2025-04-22 23:59:14,1,1.0,
PER_000002,Person,COMMUNICATES_WITH,PER_000042,Person,2025-03-01 18:33:20,2025-12-24 05:00:44,11,11.0,
PER_000002,Person,COMMUNICATES_WITH,PER_000047,Person,2025-01-16 18:04:11,2025-04-14 11:11:46,2,2.0,
PER_000002,Person,COMMUNICATES_WITH,PER_000050,Person,2025-01-10 04:18:01,2025-12-28 11:17:59,13,13.0,
PER_000002,Person,COMMUNICATES_WITH,PER_000057,Person,2025-04-16 14:11:10,2025-04-16 14:11:10,1,1.0,
PER_000002,Person,COMMUNICATES_WITH,PER_000058,Person,2025-05-09 12:12:39,2025-05-09 12:12:39,1,1.0,
PER_000002,Person,COMMUNICATES_WITH,PER_000061,Person,2025-05-10 07:24:11,2025-05-10 07:24:11,1,1.0,
PER_000002,Person,COMMUNICATES_WITH,PER_000071,Person,2025-01-02 12:42:42,2025-01-02 12:42:42,1,1.0,
PER_000002,Person,COMMUNICATES_WITH,PER_000072,Person,2025-04-17 18:46:28,2025-04-17 18:46:28,1,1.0,
PER_000002,Person,COMMUNICATES_WITH,PER_000087,Person,2025-01-15 14:25:50,2025-11-25 06:25:53,11,11.0,
PER_000002,Person,COMMUNICATES_WITH,PER_000096,Person,2025-06-08 17:24:13,2025-06-08 17:24:13,1,1.0,
PER_000002,Person,COMMUNICATES_WITH,PER_000098,Person,2025-05-22 11:53:49,2025-12-21 18:17:15,2,2.0,
PER_000002,Person,COMMUNICATES_WITH,PER_000099,Person,2025-04-09 20:06:50,2025-04-09 20:06:50,1,1.0,
PER_000003,Person,COMMUNICATES_WITH,PER_000004,Person,2025-10-13 06:40:42,2025-10-13 06:40:42,1,1.0,
PER_000003,Person,COMMUNICATES_WITH,PER_000011,Person,2025-08-16 05:53:33,2025-08-16 05:53:33,1,1.0,
PER_000003,Person,COMMUNICATES_WITH,PER_000019,Person,2025-05-11 18:55:42,2025-05-11 18:55:42,1,1.0,
PER_000003,Person,COMMUNICATES_WITH,PER_000029,Person,2025-04-10 15:54:48,2025-04-10 15:54:48,1,1.0,
PER_000003,Person,COMMUNICATES_WITH,PER_000049,Person,2025-01-06 09:13:40,2025-01-06 09:13:40,1,1.0,
PER_000003,Person,COMMUNICATES_WITH,PER_000057,Person,2025-08-10 07:24:33,2025-08-10 07:24:33,1,1.0,
PER_000003,Person,COMMUNICATES_WITH,PER_000061,Person,2025-12-21 07:33:24,2025-12-21 07:33:24,1,1.0,
PER_000003,Person,COMMUNICATES_WITH,PER_000065,Person,2025-01-01 08:50:49,2025-01-01 08:50:49,1,1.0,
PER_000003,Person,COMMUNICATES_WITH,PER_000073,Person,2025-11-02 11:36:28,2025-11-02 11:36:28,1,1.0,
PER_000003,Person,COMMUNICATES_WITH,PER_000074,Person,2025-05-25 16:22:49,2025-05-25 16:22:49,1,1.0,
PER_000003,Person,COMMUNICATES_WITH,PER_000078,Person,2025-03-14 17:04:42,2025-03-14 17:04:42,1,1.0,
PER_000003,Person,COMMUNICATES_WITH,PER_000081,Person,2025-05-31 04:05:10,2025-05-31 04:05:10,1,1.0,
PER_000003,Person,COMMUNICATES_WITH,PER_000087,Person,2025-01-23 17:34:00,2025-06-05 11:57:29,2,2.0,
PER_000003,Person,COMMUNICATES_WITH,PER_000096,Person,2025-11-11 08:04:03,2025-11-11 08:04:03,1,1.0,
PER_000003,Person,COMMUNICATES_WITH,PER_000100,Person,2025-01-26 13:51:26,2025-01-26 13:51:26,1,1.0,
PER_000004,Person,COMMUNICATES_WITH,PER_000001,Person,2025-04-30 08:23:15,2025-04-30 08:23:15,1,1.0,
PER_000004,Person,COMMUNICATES_WITH,PER_000012,Person,2025-06-05 14:21:03,2025-06-05 14:21:03,1,1.0,
PER_000004,Person,COMMUNICATES_WITH,PER_000016,Person,2025-03-16 18:55:06,2025-03-16 18:55:06,1,1.0,
PER_000004,Person,COMMUNICATES_WITH,PER_000028,Person,2025-07-03 17:53:53,2025-10-19 10:07:12,2,2.0,
PER_000004,Person,COMMUNICATES_WITH,PER_000032,Person,2025-11-08 11:11:49,2025-11-08 11:11:49,1,1.0,
PER_000004,Person,COMMUNICATES_WITH,PER_000036,Person,2025-06-17 15:43:44,2025-06-17 15:43:44,1,1.0,
PER_000004,Person,COMMUNICATES_WITH,PER_000044,Person,2025-09-05 14:55:33,2025-09-05 14:55:33,1,1.0,
PER_000004,Person,COMMUNICATES_WITH,PER_000046,Person,2025-08-06 09:54:40,2025-08-06 09:54:40,1,1.0,
PER_000004,Person,COMMUNICATES_WITH,PER_000050,Person,2025-07-03 06:02:09,2025-07-03 06:02:09,1,1.0,
PER_000004,Person,COMMUNICATES_WITH,PER_000071,Person,2025-08-16 17:32:40,2025-08-16 17:32:40,1,1.0,
PER_000004,Person,COMMUNICATES_WITH,PER_000078,Person,2025-02-27 09:03:34,2025-02-27 09:03:34,1,1.0,
PER_000004,Person,COMMUNICATES_WITH,PER_000098,Person,2025-11-11 06:44:29,2025-11-11 06:44:29,1,1.0,
PER_000004,Person,COMMUNICATES_WITH,PER_000100,Person,2025-08-26 08:35:37,2025-08-26 08:35:37,1,1.0,
PER_000005,Person,COMMUNICATES_WITH,PER_000003,Person,2025-07-23 08:07:00,2025-07-23 08:07:00,1,1.0,
PER_000005,Person,COMMUNICATES_WITH,PER_000011,Person,2025-10-12 09:27:00,2025-10-12 09:27:00,1,1.0,
PER_000005,Person,COMMUNICATES_WITH,PER_000028,Person,2025-02-27 14:40:48,2025-08-16 20:08:01,2,2.0,
PER_000005,Person,COMMUNICATES_WITH,PER_000042,Person,2025-09-18 16:43:30,2025-09-18 16:43:30,1,1.0,
PER_000005,Person,COMMUNICATES_WITH,PER_000045,Person,2025-05-29 16:05:23,2025-05-29 16:05:23,1,1.0,
PER_000005,Person,COMMUNICATES_WITH,PER_000048,Person,2025-02-09 05:05:45,2025-02-09 05:05:45,1,1.0,
PER_000005,Person,COMMUNICATES_WITH,PER_000062,Person,2025-09-27 20:54:47,2025-09-27 20:54:47,1,1.0,
PER_000005,Person,COMMUNICATES_WITH,PER_000065,Person,2025-06-10 12:36:12,2025-06-10 12:36:12,1,1.0,
PER_000005,Person,COMMUNICATES_WITH,PER_000072,Person,2025-11-29 14:17:47,2025-11-29 14:17:47,1,1.0,
PER_000005,Person,COMMUNICATES_WITH,PER_000088,Person,2025-08-22 04:49:08,2025-08-22 04:49:08,1,1.0,
PER_000006,Person,COMMUNICATES_WITH,PER_000008,Person,2025-11-11 02:58:36,2025-11-11 02:58:36,1,1.0,
PER_000006,Person,COMMUNICATES_WITH,PER_000020,Person,2025-10-24 18:06:49,2025-10-24 18:06:49,1,1.0,
PER_000006,Person,COMMUNICATES_WITH,PER_000022,Person,2025-09-25 17:13:52,2025-09-25 17:13:52,1,1.0,
PER_000006,Person,COMMUNICATES_WITH,PER_000026,Person,2025-05-22 14:53:16,2025-05-22 14:53:16,1,1.0,
PER_000006,Person,COMMUNICATES_WITH,PER_000027,Person,2025-05-05 13:53:00,2025-08-31 13:32:27,2,2.0,
PER_000006,Person,COMMUNICATES_WITH,PER_000031,Person,2025-06-07 15:23:40,2025-06-07 15:23:40,1,1.0,
PER_000006,Person,COMMUNICATES_WITH,PER_000038,Person,2025-07-13 11:08:00,2025-07-13 11:08:00,1,1.0,
PER_000006,Person,COMMUNICATES_WITH,PER_000055,Person,2025-10-23 13:55:11,2025-10-23 13:55:11,1,1.0,
PER_000006,Person,COMMUNICATES_WITH,PER_000059,Person,2025-04-15 13:05:15,2025-04-15 13:05:15,1,1.0,
PER_000006,Person,COMMUNICATES_WITH,PER_000063,Person,2025-06-23 11:58:15,2025-06-23 11:58:15,1,1.0,
PER_000006,Person,COMMUNICATES_WITH,PER_000082,Person,2025-03-22 16:17:56,2025-03-22 16:17:56,1,1.0,
PER_000006,Person,COMMUNICATES_WITH,PER_000089,Person,2025-09-12 12:01:48,2025-09-12 12:01:48,1,1.0,
PER_000006,Person,COMMUNICATES_WITH,PER_000091,Person,2025-05-11 20:28:49,2025-05-11 20:28:49,1,1.0,
PER_000007,Person,COMMUNICATES_WITH,PER_000004,Person,2025-05-06 14:36:32,2025-05-08 16:43:50,2,2.0,
PER_000007,Person,COMMUNICATES_WITH,PER_000008,Person,2025-12-01 19:53:01,2025-12-01 19:53:01,1,1.0,
PER_000007,Person,COMMUNICATES_WITH,PER_000009,Person,2025-04-04 09:11:20,2025-12-16 18:59:04,2,2.0,
PER_000007,Person,COMMUNICATES_WITH,PER_000018,Person,2025-05-27 11:24:02,2025-05-27 11:24:02,1,1.0,
PER_000007,Person,COMMUNICATES_WITH,PER_000026,Person,2025-01-16 13:30:21,2025-01-16 13:30:21,1,1.0,
PER_000007,Person,COMMUNICATES_WITH,PER_000033,Person,2025-03-31 02:21:39,2025-03-31 02:21:39,1,1.0,
PER_000007,Person,COMMUNICATES_WITH,PER_000036,Person,2025-01-26 22:12:02,2025-01-26 22:12:02,1,1.0,
PER_000007,Person,COMMUNICATES_WITH,PER_000038,Person,2025-10-23 17:52:34,2025-10-23 17:52:34,1,1.0,
PER_000007,Person,COMMUNICATES_WITH,PER_000060,Person,2025-07-17 10:40:32,2025-10-19 13:08:09,2,2.0,
PER_000007,Person,COMMUNICATES_WITH,PER_000062,Person,2025-05-14 18:20:23,2025-05-14 18:20:23,1,1.0,
PER_000007,Person,COMMUNICATES_WITH,PER_000072,Person,2025-02-05 00:17:06,2025-02-05 00:17:06,1,1.0,
PER_000007,Person,COMMUNICATES_WITH,PER_000098,Person,2025-12-29 15:55:26,2025-12-29 15:55:26,1,1.0,
PER_000008,Person,COMMUNICATES_WITH,PER_000006,Person,2025-10-27 14:31:06,2025-10-27 14:31:06,1,1.0,
PER_000008,Person,COMMUNICATES_WITH,PER_000010,Person,2025-12-19 14:57:19,2025-12-19 14:57:19,1,1.0,
PER_000008,Person,COMMUNICATES_WITH,PER_000012,Person,2025-02-11 13:47:00,2025-02-11 13:47:00,1,1.0,
PER_000008,Person,COMMUNICATES_WITH,PER_000015,Person,2025-01-05 16:11:22,2025-01-05 16:11:22,1,1.0,
PER_000008,Person,COMMUNICATES_WITH,PER_000028,Person,2025-05-23 15:41:23,2025-05-23 15:41:23,1,1.0,
PER_000008,Person,COMMUNICATES_WITH,PER_000029,Person,2025-01-05 07:42:02,2025-01-05 07:42:02,1,1.0,
PER_000008,Person,COMMUNICATES_WITH,PER_000033,Person,2025-07-09 11:38:52,2025-11-07 21:50:24,2,2.0,
PER_000008,Person,COMMUNICATES_WITH,PER_000065,Person,2025-07-04 17:25:23,2025-07-04 17:25:23,1,1.0,
PER_000008,Person,COMMUNICATES_WITH,PER_000066,Person,2025-12-08 12:09:27,2025-12-08 12:09:27,1,1.0,
PER_000008,Person,COMMUNICATES_WITH,PER_000070,Person,2025-07-23 19:31:43,2025-07-23 19:31:43,1,1.0,
PER_000008,Person,COMMUNICATES_WITH,PER_000080,Person,2025-08-12 17:11:25,2025-08-12 17:11:25,1,1.0,
PER_000008,Person,COMMUNICATES_WITH,PER_000084,Person,2025-09-15 16:06:48,2025-09-15 16:06:48,1,1.0,
PER_000008,Person,COMMUNICATES_WITH,PER_000089,Person,2025-05-18 18:30:29,2025-09-10 21:06:47,2,2.0,
PER_000008,Person,COMMUNICATES_WITH,PER_000091,Person,2025-12-22 21:09:34,2025-12-22 21:09:34,1,1.0,
PER_000008,Person,COMMUNICATES_WITH,PER_000092,Person,2025-06-18 20:43:02,2025-06-18 20:43:02,1,1.0,
PER_000009,Person,COMMUNICATES_WITH,PER_000015,Person,2025-03-30 19:18:25,2025-03-30 19:18:25,1,1.0,
PER_000009,Person,COMMUNICATES_WITH,PER_000031,Person,2025-01-02 20:38:21,2025-01-02 20:38:21,1,1.0,
PER_000009,Person,COMMUNICATES_WITH,PER_000041,Person,2025-11-02 05:00:48,2025-11-02 05:00:48,1,1.0,
PER_000009,Person,COMMUNICATES_WITH,PER_000048,Person,2025-10-29 14:01:19,2025-10-29 14:01:19,1,1.0,
PER_000009,Person,COMMUNICATES_WITH,PER_000061,Person,2025-10-26 21:23:33,2025-10-26 21:23:33,1,1.0,
PER_000009,Person,COMMUNICATES_WITH,PER_000068,Person,2025-09-17 14:55:48,2025-09-17 14:55:48,1,1.0,
PER_000009,Person,COMMUNICATES_WITH,PER_000072,Person,2025-05-14 11:05:18,2025-05-14 11:05:18,1,1.0,
PER_000009,Person,COMMUNICATES_WITH,PER_000073,Person,2025-11-05 12:33:18,2025-11-05 12:33:18,1,1.0,
PER_000009,Person,COMMUNICATES_WITH,PER_000074,Person,2025-04-20 21:45:42,2025-04-20 21:45:42,1,1.0,
PER_000009,Person,COMMUNICATES_WITH,PER_000084,Person,2025-10-16 11:39:30,2025-10-16 11:39:30,1,1.0,
PER_000009,Person,COMMUNICATES_WITH,PER_000091,Person,2025-07-09 18:57:42,2025-07-09 18:57:42,1,1.0,
PER_000010,Person,COMMUNICATES_WITH,PER_000013,Person,2025-02-21 13:08:05,2025-02-21 13:08:05,1,1.0,
PER_000010,Person,COMMUNICATES_WITH,PER_000023,Person,2025-06-30 12:34:41,2025-06-30 12:34:41,1,1.0,
PER_000010,Person,COMMUNICATES_WITH,PER_000028,Person,2025-06-03 20:07:01,2025-06-03 20:07:01,1,1.0,
PER_000010,Person,COMMUNICATES_WITH,PER_000034,Person,2025-09-29 15:39:15,2025-09-29 15:39:15,1,1.0,
PER_000010,Person,COMMUNICATES_WITH,PER_000038,Person,2025-03-06 13:28:11,2025-03-06 13:28:11,1,1.0,
PER_000010,Person,COMMUNICATES_WITH,PER_000047,Person,2025-02-12 19:34:22,2025-02-12 19:34:22,1,1.0,
PER_000010,Person,COMMUNICATES_WITH,PER_000053,Person,2025-09-22 12:38:10,2025-09-22 12:38:10,1,1.0,
PER_000010,Person,COMMUNICATES_WITH,PER_000062,Person,2025-11-29 05:52:58,2025-11-29 05:52:58,1,1.0,
PER_000010,Person,COMMUNICATES_WITH,PER_000064,Person,2025-03-01 10:10:57,2025-03-01 10:10:57,1,1.0,
PER_000010,Person,COMMUNICATES_WITH,PER_000068,Person,2025-12-06 09:33:06,2025-12-06 09:33:06,1,1.0,
PER_000010,Person,COMMUNICATES_WITH,PER_000077,Person,2025-03-23 08:43:00,2025-03-23 08:43:00,1,1.0,
PER_000010,Person,COMMUNICATES_WITH,PER_000092,Person,2025-06-08 11:12:16,2025-06-08 11:12:16,1,1.0,
PER_000011,Person,COMMUNICATES_WITH,PER_000008,Person,2025-11-05 17:39:59,2025-11-05 17:39:59,1,1.0,
PER_000011,Person,COMMUNICATES_WITH,PER_000033,Person,2025-12-23 20:43:05,2025-12-23 20:43:05,1,1.0,
PER_000011,Person,COMMUNICATES_WITH,PER_000035,Person,2025-04-21 18:51:33,2025-04-21 18:51:33,1,1.0,
PER_000011,Person,COMMUNICATES_WITH,PER_000037,Person,2025-12-17 12:16:43,2025-12-17 12:16:43,1,1.0,
PER_000011,Person,COMMUNICATES_WITH,PER_000040,Person,2025-09-20 07:07:39,2025-09-20 07:07:39,1,1.0,
PER_000011,Person,COMMUNICATES_WITH,PER_000057,Person,2025-02-25 16:02:16,2025-02-25 16:02:16,1,1.0,
PER_000011,Person,COMMUNICATES_WITH,PER_000059,Person,2025-06-14 13:57:53,2025-06-14 13:57:53,1,1.0,
PER_000011,Person,COMMUNICATES_WITH,PER_000065,Person,2025-03-14 03:07:17,2025-03-14 03:07:17,1,1.0,
PER_000011,Person,COMMUNICATES_WITH,PER_000066,Person,2025-02-08 21:20:10,2025-02-08 21:20:10,1,1.0,
PER_000011,Person,COMMUNICATES_WITH,PER_000068,Person,2025-06-22 18:00:27,2025-06-22 18:00:27,1,1.0,
PER_000011,Person,COMMUNICATES_WITH,PER_000072,Person,2025-07-04 02:41:31,2025-07-04 02:41:31,1,1.0,
PER_000011,Person,COMMUNICATES_WITH,PER_000076,Person,2025-02-11 11:42:10,2025-02-11 11:42:10,1,1.0,
PER_000011,Person,COMMUNICATES_WITH,PER_000079,Person,2025-08-16 06:02:17,2025-08-16 06:02:17,1,1.0,
PER_000011,Person,COMMUNICATES_WITH,PER_000084,Person,2025-08-01 07:32:13,2025-08-01 07:32:13,1,1.0,
PER_000011,Person,COMMUNICATES_WITH,PER_000094,Person,2025-03-16 11:09:28,2025-12-20 18:22:32,2,2.0,
PER_000011,Person,COMMUNICATES_WITH,PER_000100,Person,2025-09-18 11:45:06,2025-09-18 11:45:06,1,1.0,
PER_000012,Person,COMMUNICATES_WITH,PER_000001,Person,2025-07-10 18:30:28,2025-07-10 18:30:28,1,1.0,
PER_000012,Person,COMMUNICATES_WITH,PER_000002,Person,2025-07-11 03:45:26,2025-07-11 15:49:09,2,2.0,
PER_000012,Person,COMMUNICATES_WITH,PER_000004,Person,2025-07-11 21:00:53,2025-07-11 21:00:53,1,1.0,
PER_000012,Person,COMMUNICATES_WITH,PER_000005,Person,2025-07-10 01:19:12,2025-07-10 01:19:12,1,1.0,
PER_000012,Person,COMMUNICATES_WITH,PER_000006,Person,2025-07-10 02:40:33,2025-07-10 02:40:33,1,1.0,
PER_000012,Person,COMMUNICATES_WITH,PER_000007,Person,2025-07-11 06:22:25,2025-07-12 23:57:37,4,4.0,
PER_000012,Person,COMMUNICATES_WITH,PER_000008,Person,2025-07-11 14:35:09,2025-07-11 14:35:09,1,1.0,
PER_000012,Person,COMMUNICATES_WITH,PER_000011,Person,2025-07-11 07:01:21,2025-07-11 07:01:21,1,1.0,
PER_000012,Person,COMMUNICATES_WITH,PER_000013,Person,2025-07-11 22:14:46,2025-07-11 22:14:46,1,1.0,
PER_000012,Person,COMMUNICATES_WITH,PER_000017,Person,2025-07-12 11:52:09,2025-07-12 11:52:09,1,1.0,
PER_000012,Person,COMMUNICATES_WITH,PER_000019,Person,2025-07-11 02:13:06,2025-07-11 09:05:58,2,2.0,
PER_000012,Person,COMMUNICATES_WITH,PER_000020,Person,2025-07-11 05:30:36,2025-07-11 11:24:29,2,2.0,
PER_000012,Person,COMMUNICATES_WITH,PER_000021,Person,2025-07-12 15:00:18,2025-07-12 15:00:18,1,1.0,
PER_000012,Person,COMMUNICATES_WITH,PER_000022,Person,2025-07-10 17:38:08,2025-07-12 12:29:08,3,3.0,
PER_000012,Person,COMMUNICATES_WITH,PER_000023,Person,2025-07-11 22:22:00,2025-07-11 22:22:00,1,1.0,
PER_000012,Person,COMMUNICATES_WITH,PER_000024,Person,2025-07-11 22:44:41,2025-07-11 22:44:41,1,1.0,
PER_000012,Person,COMMUNICATES_WITH,PER_000027,Person,2025-07-11 07:26:50,2025-07-11 07:26:50,1,1.0,
PER_000012,Person,COMMUNICATES_WITH,PER_000029,Person,2025-07-12 15:40:48,2025-07-12 15:40:48,1,1.0,
PER_000012,Person,COMMUNICATES_WITH,PER_000033,Person,2025-07-12 06:26:45,2025-07-12 06:26:45,1,1.0,
PER_000012,Person,COMMUNICATES_WITH,PER_000034,Person,2025-07-10 22:47:01,2025-07-10 22:47:01,1,1.0,
PER_000012,Person,COMMUNICATES_WITH,PER_000035,Person,2025-07-11 08:11:59,2025-07-11 08:11:59,1,1.0,
PER_000012,Person,COMMUNICATES_WITH,PER_000036,Person,2025-07-10 11:36:14,2025-07-10 11:36:14,1,1.0,
PER_000012,Person,COMMUNICATES_WITH,PER_000040,Person,2025-07-11 11:17:12,2025-07-11 11:17:12,1,1.0,
PER_000012,Person,COMMUNICATES_WITH,PER_000041,Person,2025-07-10 12:01:51,2025-07-11 02:22:34,2,2.0,
PER_000012,Person,COMMUNICATES_WITH,PER_000042,Person,2025-07-11 05:03:34,2025-07-11 23:53:32,2,2.0,
PER_000012,Person,COMMUNICATES_WITH,PER_000044,Person,2025-07-10 16:14:35,2025-07-10 16:14:35,1,1.0,
PER_000012,Person,COMMUNICATES_WITH,PER_000046,Person,2025-07-12 15:03:57,2025-07-12 15:03:57,1,1.0,
PER_000012,Person,COMMUNICATES_WITH,PER_000048,Person,2025-07-12 22:24:42,2025-07-12 22:24:42,1,1.0,
PER_000012,Person,COMMUNICATES_WITH,PER_000049,Person,2025-07-10 19:00:50,2025-07-11 04:49:25,2,2.0,
PER_000012,Person,COMMUNICATES_WITH,PER_000050,Person,2025-07-12 01:30:22,2025-07-12 14:02:14,2,2.0,
PER_000012,Person,COMMUNICATES_WITH,PER_000053,Person,2025-07-12 21:42:49,2025-07-12 21:42:49,1,1.0,
PER_000012,Person,COMMUNICATES_WITH,PER_000054,Person,2025-07-11 10:00:42,2025-07-11 10:00:42,1,1.0,
PER_000012,Person,COMMUNICATES_WITH,PER_000055,Person,2025-07-12 17:54:30,2025-07-12 17:54:30,1,1.0,
PER_000012,Person,COMMUNICATES_WITH,PER_000057,Person,2025-07-12 10:29:15,2025-07-12 10:29:15,1,1.0,
PER_000012,Person,COMMUNICATES_WITH,PER_000058,Person,2025-07-12 05:00:02,2025-07-12 05:00:02,1,1.0,
PER_000012,Person,COMMUNICATES_WITH,PER_000059,Person,2025-07-11 04:03:43,2025-07-11 04:03:43,1,1.0,
PER_000012,Person,COMMUNICATES_WITH,PER_000061,Person,2025-07-11 11:55:35,2025-07-12 08:30:10,2,2.0,
PER_000012,Person,COMMUNICATES_WITH,PER_000063,Person,2025-07-11 22:45:14,2025-07-12 15:42:53,3,3.0,
PER_000012,Person,COMMUNICATES_WITH,PER_000064,Person,2025-07-11 05:40:38,2025-07-11 05:40:38,1,1.0,
PER_000012,Person,COMMUNICATES_WITH,PER_000067,Person,2025-07-11 22:48:56,2025-07-11 22:48:56,1,1.0,
PER_000012,Person,COMMUNICATES_WITH,PER_000068,Person,2025-07-12 22:23:04,2025-07-12 22:23:04,1,1.0,
PER_000012,Person,COMMUNICATES_WITH,PER_000070,Person,2025-07-12 19:11:29,2025-07-12 19:11:29,1,1.0,
PER_000012,Person,COMMUNICATES_WITH,PER_000072,Person,2025-07-11 10:18:49,2025-07-11 10:18:49,1,1.0,
PER_000012,Person,COMMUNICATES_WITH,PER_000075,Person,2025-07-10 20:41:36,2025-07-12 13:39:29,2,2.0,
PER_000012,Person,COMMUNICATES_WITH,PER_000076,Person,2025-07-11 12:53:49,2025-07-11 19:53:23,2,2.0,
PER_000012,Person,COMMUNICATES_WITH,PER_000077,Person,2025-07-12 03:19:32,2025-07-12 03:19:32,1,1.0,
PER_000012,Person,COMMUNICATES_WITH,PER_000078,Person,2025-07-10 22:27:36,2025-07-11 09:14:00,2,2.0,
PER_000012,Person,COMMUNICATES_WITH,PER_000080,Person,2025-07-11 09:46:53,2025-07-11 09:46:53,1,1.0,
PER_000012,Person,COMMUNICATES_WITH,PER_000082,Person,2025-07-12 22:19:18,2025-07-12 22:19:18,1,1.0,
PER_000012,Person,COMMUNICATES_WITH,PER_000083,Person,2025-07-10 02:13:11,2025-07-12 02:05:20,3,3.0,
PER_000012,Person,COMMUNICATES_WITH,PER_000087,Person,2025-07-10 03:29:19,2025-07-12 04:26:17,3,3.0,
PER_000012,Person,COMMUNICATES_WITH,PER_000088,Person,2025-07-11 19:55:52,2025-07-12 13:44:26,2,2.0,
PER_000012,Person,COMMUNICATES_WITH,PER_000089,Person,2025-07-10 11:28:37,2025-07-12 18:20:59,3,3.0,
PER_000012,Person,COMMUNICATES_WITH,PER_000090,Person,2025-07-11 04:01:33,2025-07-11 04:01:33,1,1.0,
PER_000012,Person,COMMUNICATES_WITH,PER_000093,Person,2025-07-11 09:04:30,2025-07-11 09:04:30,1,1.0,
PER_000012,Person,COMMUNICATES_WITH,PER_000095,Person,2025-07-10 22:00:15,2025-07-11 21:29:22,2,2.0,
PER_000012,Person,COMMUNICATES_WITH,PER_000096,Person,2025-07-12 00:39:52,2025-07-12 00:39:52,1,1.0,
PER_000012,Person,COMMUNICATES_WITH,PER_000098,Person,2025-07-12 06:07:01,2025-07-12 15:26:58,3,3.0,
PER_000012,Person,COMMUNICATES_WITH,PER_000099,Person,2025-07-12 02:16:31,2025-07-12 02:16:31,1,1.0,
PER_000013,Person,COMMUNICATES_WITH,PER_000018,Person,2025-07-01 11:56:44,2025-07-01 11:56:44,1,1.0,
PER_000013,Person,COMMUNICATES_WITH,PER_000030,Person,2025-10-30 21:20:08,2025-10-30 21:20:08,1,1.0,
PER_000013,Person,COMMUNICATES_WITH,PER_000047,Person,2025-03-14 14:15:42,2025-03-14 14:15:42,1,1.0,
PER_000013,Person,COMMUNICATES_WITH,PER_000055,Person,2025-01-19 04:45:44,2025-01-19 04:45:44,1,1.0,
PER_000013,Person,COMMUNICATES_WITH,PER_000057,Person,2025-08-06 20:19:22,2025-08-06 20:19:22,1,1.0,
PER_000013,Person,COMMUNICATES_WITH,PER_000071,Person,2025-09-10 11:13:35,2025-09-10 11:13:35,1,1.0,
PER_000013,Person,COMMUNICATES_WITH,PER_000078,Person,2025-06-12 09:21:57,2025-06-12 09:21:57,1,1.0,
PER_000013,Person,COMMUNICATES_WITH,PER_000080,Person,2025-02-09 11:29:22,2025-02-09 11:29:22,1,1.0,
PER_000013,Person,COMMUNICATES_WITH,PER_000084,Person,2025-10-09 13:08:17,2025-10-09 13:08:17,1,1.0,
PER_000013,Person,COMMUNICATES_WITH,PER_000092,Person,2025-11-13 06:45:34,2025-11-13 06:45:34,1,1.0,
PER_000013,Person,COMMUNICATES_WITH,PER_000100,Person,2025-01-02 07:12:46,2025-01-02 07:12:46,1,1.0,
PER_000014,Person,COMMUNICATES_WITH,PER_000001,Person,2025-01-12 09:45:59,2025-01-12 09:45:59,1,1.0,
PER_000014,Person,COMMUNICATES_WITH,PER_000005,Person,2025-12-28 15:12:25,2025-12-28 15:12:25,1,1.0,
PER_000014,Person,COMMUNICATES_WITH,PER_000025,Person,2025-05-25 05:16:57,2025-05-25 05:16:57,1,1.0,
PER_000014,Person,COMMUNICATES_WITH,PER_000028,Person,2025-10-06 06:18:47,2025-10-06 06:18:47,1,1.0,
PER_000014,Person,COMMUNICATES_WITH,PER_000054,Person,2025-01-02 18:40:52,2025-01-02 18:40:52,1,1.0,
PER_000014,Person,COMMUNICATES_WITH,PER_000072,Person,2025-03-15 17:13:10,2025-03-15 17:13:10,1,1.0,
PER_000014,Person,COMMUNICATES_WITH,PER_000085,Person,2025-03-06 17:04:48,2025-03-06 17:04:48,1,1.0,
PER_000014,Person,COMMUNICATES_WITH,PER_000091,Person,2025-02-05 18:06:26,2025-02-05 18:06:26,1,1.0,
PER_000015,Person,COMMUNICATES_WITH,PER_000006,Person,2025-09-25 08:42:04,2025-09-25 08:42:04,1,1.0,
PER_000015,Person,COMMUNICATES_WITH,PER_000007,Person,2025-09-03 17:49:56,2025-09-03 17:49:56,1,1.0,
PER_000015,Person,COMMUNICATES_WITH,PER_000008,Person,2025-08-09 20:13:29,2025-08-09 20:13:29,1,1.0,
PER_000015,Person,COMMUNICATES_WITH,PER_000013,Person,2025-08-23 14:26:49,2025-08-23 14:26:49,1,1.0,
PER_000015,Person,COMMUNICATES_WITH,PER_000019,Person,2025-05-29 12:11:17,2025-05-29 12:11:17,1,1.0,
PER_000015,Person,COMMUNICATES_WITH,PER_000030,Person,2025-01-16 13:20:08,2025-01-16 13:20:08,1,1.0,
PER_000015,Person,COMMUNICATES_WITH,PER_000039,Person,2025-08-24 16:46:14,2025-08-24 16:46:14,1,1.0,
PER_000015,Person,COMMUNICATES_WITH,PER_000054,Person,2025-07-26 19:33:16,2025-07-26 19:33:16,1,1.0,
PER_000015,Person,COMMUNICATES_WITH,PER_000059,Person,2025-08-16 14:16:12,2025-08-16 14:16:12,1,1.0,
PER_000015,Person,COMMUNICATES_WITH,PER_000063,Person,2025-06-22 13:14:01,2025-06-22 13:14:01,1,1.0,
PER_000015,Person,COMMUNICATES_WITH,PER_000067,Person,2025-07-03 14:08:36,2025-09-07 13:00:20,2,2.0,
PER_000015,Person,COMMUNICATES_WITH,PER_000075,Person,2025-11-30 06:18:10,2025-11-30 06:18:10,1,1.0,
PER_000015,Person,COMMUNICATES_WITH,PER_000083,Person,2025-02-14 19:21:50,2025-02-14 19:21:50,1,1.0,
PER_000015,Person,COMMUNICATES_WITH,PER_000086,Person,2025-08-10 12:59:55,2025-08-10 12:59:55,1,1.0,
PER_000015,Person,COMMUNICATES_WITH,PER_000096,Person,2025-03-26 11:08:08,2025-03-26 11:08:08,1,1.0,
PER_000016,Person,COMMUNICATES_WITH,PER_000002,Person,2025-01-08 16:47:50,2025-12-22 21:36:39,13,13.0,
PER_000016,Person,COMMUNICATES_WITH,PER_000018,Person,2025-07-01 17:24:27,2025-12-10 19:26:27,8,8.0,
PER_000016,Person,COMMUNICATES_WITH,PER_000024,Person,2025-02-27 18:43:58,2025-11-15 13:51:49,9,9.0,
PER_000016,Person,COMMUNICATES_WITH,PER_000027,Person,2025-01-16 16:06:10,2025-12-29 09:08:44,15,15.0,
PER_000016,Person,COMMUNICATES_WITH,PER_000029,Person,2025-05-23 17:22:08,2025-05-23 17:22:08,1,1.0,
PER_000016,Person,COMMUNICATES_WITH,PER_000042,Person,2025-01-01 14:12:56,2025-12-18 22:41:54,12,12.0,
PER_000016,Person,COMMUNICATES_WITH,PER_000044,Person,2025-02-09 19:30:39,2025-11-04 08:07:49,2,2.0,
PER_000016,Person,COMMUNICATES_WITH,PER_000050,Person,2025-01-06 17:22:36,2025-11-25 17:43:18,9,9.0,
PER_000016,Person,COMMUNICATES_WITH,PER_000057,Person,2025-10-20 04:47:07,2025-10-20 04:47:07,1,1.0,
PER_000016,Person,COMMUNICATES_WITH,PER_000059,Person,2025-09-27 15:13:04,2025-11-02 20:29:23,2,2.0,
PER_000016,Person,COMMUNICATES_WITH,PER_000064,Person,2025-10-15 08:10:13,2025-10-15 08:10:13,1,1.0,
PER_000016,Person,COMMUNICATES_WITH,PER_000065,Person,2025-10-07 08:49:04,2025-10-07 08:49:04,1,1.0,
PER_000016,Person,COMMUNICATES_WITH,PER_000066,Person,2025-08-23 18:21:14,2025-08-23 18:21:14,1,1.0,
PER_000016,Person,COMMUNICATES_WITH,PER_000067,Person,2025-11-21 19:35:05,2025-11-21 19:35:05,1,1.0,
PER_000016,Person,COMMUNICATES_WITH,PER_000083,Person,2025-12-01 05:54:38,2025-12-01 05:54:38,1,1.0,
PER_000016,Person,COMMUNICATES_WITH,PER_000087,Person,2025-01-10 13:54:32,2025-12-20 17:30:55,6,6.0,
PER_000016,Person,COMMUNICATES_WITH,PER_000090,Person,2025-08-27 03:40:03,2025-08-27 03:40:03,1,1.0,
PER_000016,Person,COMMUNICATES_WITH,PER_000094,Person,2025-07-16 18:53:53,2025-07-16 18:53:53,1,1.0,
PER_000017,Person,COMMUNICATES_WITH,PER_000021,Person,2025-07-07 13:36:37,2025-07-07 13:36:37,1,1.0,
PER_000017,Person,COMMUNICATES_WITH,PER_000024,Person,2025-09-03 06:46:47,2025-09-03 06:46:47,1,1.0,
PER_000017,Person,COMMUNICATES_WITH,PER_000026,Person,2025-05-05 04:23:45,2025-05-05 04:23:45,1,1.0,
PER_000017,Person,COMMUNICATES_WITH,PER_000027,Person,2025-10-26 05:03:58,2025-10-26 05:03:58,1,1.0,
PER_000017,Person,COMMUNICATES_WITH,PER_000035,Person,2025-04-07 07:20:38,2025-07-23 13:16:37,2,2.0,
PER_000017,Person,COMMUNICATES_WITH,PER_000044,Person,2025-02-07 17:18:49,2025-02-07 17:18:49,1,1.0,
PER_000017,Person,COMMUNICATES_WITH,PER_000055,Person,2025-06-20 06:09:59,2025-06-20 06:09:59,1,1.0,
PER_000017,Person,COMMUNICATES_WITH,PER_000056,Person,2025-03-07 16:32:08,2025-03-07 16:32:08,1,1.0,
PER_000017,Person,COMMUNICATES_WITH,PER_000057,Person,2025-08-05 05:05:43,2025-08-05 05:05:43,1,1.0,
PER_000017,Person,COMMUNICATES_WITH,PER_000076,Person,2025-05-11 11:55:58,2025-05-11 11:55:58,1,1.0,
PER_000017,Person,COMMUNICATES_WITH,PER_000079,Person,2025-10-29 09:39:07,2025-10-29 09:39:07,1,1.0,
PER_000017,Person,COMMUNICATES_WITH,PER_000093,Person,2025-01-19 18:29:24,2025-01-19 18:29:24,1,1.0,
PER_000017,Person,COMMUNICATES_WITH,PER_000094,Person,2025-12-23 07:15:56,2025-12-23 07:15:56,1,1.0,
PER_000018,Person,COMMUNICATES_WITH,PER_000002,Person,2025-01-22 18:43:34,2025-12-19 11:09:34,12,12.0,
PER_000018,Person,COMMUNICATES_WITH,PER_000005,Person,2025-07-08 07:36:48,2025-07-08 07:36:48,1,1.0,
PER_000018,Person,COMMUNICATES_WITH,PER_000014,Person,2025-10-31 03:55:40,2025-10-31 03:55:40,1,1.0,
PER_000018,Person,COMMUNICATES_WITH,PER_000016,Person,2025-01-30 17:46:40,2025-12-04 22:27:21,14,14.0,
PER_000018,Person,COMMUNICATES_WITH,PER_000017,Person,2025-11-28 10:20:11,2025-11-28 10:20:11,1,1.0,
PER_000018,Person,COMMUNICATES_WITH,PER_000020,Person,2025-11-09 14:09:45,2025-11-09 14:09:45,1,1.0,
PER_000018,Person,COMMUNICATES_WITH,PER_000024,Person,2025-01-12 08:37:32,2025-12-12 05:48:06,10,10.0,
PER_000018,Person,COMMUNICATES_WITH,PER_000027,Person,2025-03-01 17:13:09,2025-12-28 13:01:30,10,10.0,
PER_000018,Person,COMMUNICATES_WITH,PER_000032,Person,2025-04-09 14:17:54,2025-04-09 14:17:54,1,1.0,
PER_000018,Person,COMMUNICATES_WITH,PER_000035,Person,2025-05-29 08:45:17,2025-05-29 08:45:17,1,1.0,
PER_000018,Person,COMMUNICATES_WITH,PER_000038,Person,2025-06-18 04:55:30,2025-06-18 04:55:30,1,1.0,
PER_000018,Person,COMMUNICATES_WITH,PER_000042,Person,2025-01-12 13:30:59,2025-12-23 16:10:08,13,13.0,
PER_000018,Person,COMMUNICATES_WITH,PER_000050,Person,2025-01-31 11:04:02,2025-10-29 02:33:48,13,13.0,
PER_000018,Person,COMMUNICATES_WITH,PER_000057,Person,2025-09-10 10:42:50,2025-09-10 10:42:50,1,1.0,
PER_000018,Person,COMMUNICATES_WITH,PER_000062,Person,2025-01-12 05:57:13,2025-01-12 05:57:13,1,1.0,
PER_000018,Person,COMMUNICATES_WITH,PER_000065,Person,2025-02-20 14:47:03,2025-02-20 14:47:03,1,1.0,
PER_000018,Person,COMMUNICATES_WITH,PER_000066,Person,2025-09-26 08:43:21,2025-09-26 08:43:21,1,1.0,
PER_000018,Person,COMMUNICATES_WITH,PER_000070,Person,2025-02-22 22:22:25,2025-02-22 22:22:25,1,1.0,
PER_000018,Person,COMMUNICATES_WITH,PER_000079,Person,2025-03-02 10:09:55,2025-03-02 10:09:55,1,1.0,
PER_000018,Person,COMMUNICATES_WITH,PER_000083,Person,2025-12-22 07:21:17,2025-12-22 07:21:17,1,1.0,
PER_000018,Person,COMMUNICATES_WITH,PER_000087,Person,2025-01-02 14:36:32,2025-12-31 11:59:06,12,12.0,
PER_000018,Person,COMMUNICATES_WITH,PER_000090,Person,2025-03-16 21:10:51,2025-03-16 21:10:51,1,1.0,
PER_000018,Person,COMMUNICATES_WITH,PER_000092,Person,2025-11-16 12:17:32,2025-11-16 12:17:32,1,1.0,
PER_000018,Person,COMMUNICATES_WITH,PER_000093,Person,2025-12-02 05:57:16,2025-12-02 05:57:16,1,1.0,
PER_000018,Person,COMMUNICATES_WITH,PER_000095,Person,2025-04-18 12:28:18,2025-04-18 12:28:18,1,1.0,
PER_000018,Person,COMMUNICATES_WITH,PER_000097,Person,2025-07-05 15:10:28,2025-07-05 15:10:28,1,1.0,
PER_000018,Person,COMMUNICATES_WITH,PER_000098,Person,2025-03-13 11:20:15,2025-03-13 11:20:15,1,1.0,
PER_000019,Person,COMMUNICATES_WITH,PER_000006,Person,2025-05-01 15:17:21,2025-05-01 15:17:21,1,1.0,
PER_000019,Person,COMMUNICATES_WITH,PER_000010,Person,2025-01-27 12:00:40,2025-01-27 12:00:40,1,1.0,
PER_000019,Person,COMMUNICATES_WITH,PER_000013,Person,2025-12-04 10:05:47,2025-12-04 10:05:47,1,1.0,
PER_000019,Person,COMMUNICATES_WITH,PER_000023,Person,2025-12-21 20:27:58,2025-12-21 20:27:58,1,1.0,
PER_000019,Person,COMMUNICATES_WITH,PER_000028,Person,2025-12-20 17:50:18,2025-12-20 17:50:18,1,1.0,
PER_000019,Person,COMMUNICATES_WITH,PER_000036,Person,2025-04-20 07:41:45,2025-04-20 07:41:45,1,1.0,
PER_000019,Person,COMMUNICATES_WITH,PER_000071,Person,2025-01-17 12:25:59,2025-01-17 12:25:59,1,1.0,
PER_000019,Person,COMMUNICATES_WITH,PER_000077,Person,2025-03-06 05:05:11,2025-03-06 05:05:11,1,1.0,
PER_000019,Person,COMMUNICATES_WITH,PER_000081,Person,2025-02-17 18:13:31,2025-02-17 18:13:31,1,1.0,
PER_000019,Person,COMMUNICATES_WITH,PER_000089,Person,2025-01-03 09:27:04,2025-01-18 11:57:44,2,2.0,
PER_000019,Person,COMMUNICATES_WITH,PER_000091,Person,2025-05-14 17:08:26,2025-05-14 17:08:26,1,1.0,
PER_000019,Person,COMMUNICATES_WITH,PER_000092,Person,2025-12-20 04:44:06,2025-12-20 04:44:06,1,1.0,
PER_000019,Person,COMMUNICATES_WITH,PER_000095,Person,2025-04-09 04:28:41,2025-04-09 04:28:41,1,1.0,
PER_000020,Person,COMMUNICATES_WITH,PER_000001,Person,2025-01-02 09:30:08,2025-01-02 09:30:08,1,1.0,
PER_000020,Person,COMMUNICATES_WITH,PER_000006,Person,2025-06-24 11:56:17,2025-06-24 11:56:17,1,1.0,
PER_000020,Person,COMMUNICATES_WITH,PER_000012,Person,2025-05-26 16:49:50,2025-05-26 16:49:50,1,1.0,
PER_000020,Person,COMMUNICATES_WITH,PER_000022,Person,2025-11-17 15:54:34,2025-11-17 15:54:34,1,1.0,
PER_000020,Person,COMMUNICATES_WITH,PER_000031,Person,2025-11-12 09:10:35,2025-11-12 09:10:35,1,1.0,
PER_000020,Person,COMMUNICATES_WITH,PER_000034,Person,2025-03-17 16:17:15,2025-03-17 16:17:15,1,1.0,
PER_000020,Person,COMMUNICATES_WITH,PER_000037,Person,2025-05-10 16:05:17,2025-05-10 16:05:17,1,1.0,
PER_000020,Person,COMMUNICATES_WITH,PER_000050,Person,2025-09-27 09:50:48,2025-09-27 09:50:48,1,1.0,
PER_000020,Person,COMMUNICATES_WITH,PER_000051,Person,2025-09-14 12:20:20,2025-09-14 12:20:20,1,1.0,
PER_000020,Person,COMMUNICATES_WITH,PER_000058,Person,2025-12-31 14:27:24,2025-12-31 14:27:24,1,1.0,
PER_000020,Person,COMMUNICATES_WITH,PER_000060,Person,2025-10-25 13:28:43,2025-10-25 13:28:43,1,1.0,
PER_000020,Person,COMMUNICATES_WITH,PER_000080,Person,2025-04-24 11:53:44,2025-04-24 11:53:44,1,1.0,
PER_000020,Person,COMMUNICATES_WITH,PER_000088,Person,2025-12-23 12:05:03,2025-12-23 12:05:03,1,1.0,
PER_000020,Person,COMMUNICATES_WITH,PER_000090,Person,2025-04-17 11:05:31,2025-04-17 11:05:31,1,1.0,
PER_000020,Person,COMMUNICATES_WITH,PER_000091,Person,2025-03-26 10:39:05,2025-03-26 10:39:05,1,1.0,
PER_000020,Person,COMMUNICATES_WITH,PER_000095,Person,2025-06-24 06:59:30,2025-06-24 06:59:30,1,1.0,
PER_000021,Person,COMMUNICATES_WITH,PER_000002,Person,2025-05-23 17:29:57,2025-05-23 17:29:57,1,1.0,
PER_000021,Person,COMMUNICATES_WITH,PER_000006,Person,2025-02-25 13:28:19,2025-02-25 13:28:19,1,1.0,
PER_000021,Person,COMMUNICATES_WITH,PER_000033,Person,2025-05-19 18:37:27,2025-05-19 18:37:27,1,1.0,
PER_000021,Person,COMMUNICATES_WITH,PER_000034,Person,2025-10-09 18:33:07,2025-10-09 18:33:07,1,1.0,
PER_000021,Person,COMMUNICATES_WITH,PER_000045,Person,2025-10-08 13:57:05,2025-10-08 13:57:05,1,1.0,
PER_000021,Person,COMMUNICATES_WITH,PER_000052,Person,2025-01-26 07:35:39,2025-01-26 07:35:39,1,1.0,
PER_000021,Person,COMMUNICATES_WITH,PER_000063,Person,2025-08-02 19:58:37,2025-08-02 19:58:37,1,1.0,
PER_000021,Person,COMMUNICATES_WITH,PER_000064,Person,2025-11-05 03:23:27,2025-11-05 03:23:27,1,1.0,
PER_000021,Person,COMMUNICATES_WITH,PER_000084,Person,2025-10-30 10:07:59,2025-10-30 10:07:59,1,1.0,
PER_000021,Person,COMMUNICATES_WITH,PER_000085,Person,2025-10-01 14:55:21,2025-10-01 14:55:21,1,1.0,
PER_000021,Person,COMMUNICATES_WITH,PER_000090,Person,2025-12-12 18:08:38,2025-12-12 18:08:38,1,1.0,
PER_000021,Person,COMMUNICATES_WITH,PER_000097,Person,2025-08-05 10:44:16,2025-08-05 10:44:16,1,1.0,
PER_000021,Person,COMMUNICATES_WITH,PER_000100,Person,2025-01-22 13:36:55,2025-01-22 13:36:55,1,1.0,
PER_000022,Person,COMMUNICATES_WITH,PER_000008,Person,2025-06-26 13:02:41,2025-06-26 13:02:41,1,1.0,
PER_000022,Person,COMMUNICATES_WITH,PER_000016,Person,2025-05-11 17:07:34,2025-05-11 17:07:34,1,1.0,
PER_000022,Person,COMMUNICATES_WITH,PER_000024,Person,2025-12-18 12:12:08,2025-12-18 12:12:08,1,1.0,
PER_000022,Person,COMMUNICATES_WITH,PER_000044,Person,2025-08-24 13:43:57,2025-08-24 13:43:57,1,1.0,
PER_000022,Person,COMMUNICATES_WITH,PER_000046,Person,2025-10-13 16:23:35,2025-10-13 16:23:35,1,1.0,
PER_000022,Person,COMMUNICATES_WITH,PER_000047,Person,2025-12-22 17:01:51,2025-12-22 17:01:51,1,1.0,
PER_000022,Person,COMMUNICATES_WITH,PER_000062,Person,2025-01-30 16:30:52,2025-01-30 16:30:52,1,1.0,
PER_000022,Person,COMMUNICATES_WITH,PER_000068,Person,2025-02-08 20:16:42,2025-02-08 20:16:42,1,1.0,
PER_000022,Person,COMMUNICATES_WITH,PER_000072,Person,2025-03-28 03:22:45,2025-03-28 03:22:45,1,1.0,
PER_000022,Person,COMMUNICATES_WITH,PER_000077,Person,2025-04-15 19:55:45,2025-04-15 19:55:45,1,1.0,
PER_000022,Person,COMMUNICATES_WITH,PER_000085,Person,2025-10-05 21:41:15,2025-10-14 09:28:35,2,2.0,
PER_000022,Person,COMMUNICATES_WITH,PER_000088,Person,2025-08-17 15:00:25,2025-08-17 15:00:25,1,1.0,
PER_000022,Person,COMMUNICATES_WITH,PER_000094,Person,2025-02-13 14:39:02,2025-02-13 14:39:02,1,1.0,
PER_000022,Person,COMMUNICATES_WITH,PER_000098,Person,2025-08-19 18:52:11,2025-08-19 18:52:11,1,1.0,
PER_000023,Person,COMMUNICATES_WITH,PER_000017,Person,2025-10-23 15:26:22,2025-10-23 15:26:22,1,1.0,
PER_000023,Person,COMMUNICATES_WITH,PER_000025,Person,2025-03-27 06:31:02,2025-03-27 06:31:02,1,1.0,
PER_000023,Person,COMMUNICATES_WITH,PER_000028,Person,2025-11-02 18:50:52,2025-11-02 18:50:52,1,1.0,
PER_000023,Person,COMMUNICATES_WITH,PER_000031,Person,2025-01-25 16:37:17,2025-01-25 16:37:17,1,1.0,
PER_000023,Person,COMMUNICATES_WITH,PER_000040,Person,2025-12-18 22:19:39,2025-12-18 22:19:39,1,1.0,
PER_000023,Person,COMMUNICATES_WITH,PER_000049,Person,2025-01-26 14:12:08,2025-01-26 14:12:08,1,1.0,
PER_000023,Person,COMMUNICATES_WITH,PER_000054,Person,2025-04-14 18:25:05,2025-12-05 09:50:02,2,2.0,
PER_000023,Person,COMMUNICATES_WITH,PER_000068,Person,2025-05-21 20:00:45,2025-05-21 20:00:45,1,1.0,
PER_000023,Person,COMMUNICATES_WITH,PER_000074,Person,2025-07-05 10:38:04,2025-07-05 10:38:04,1,1.0,
PER_000023,Person,COMMUNICATES_WITH,PER_000080,Person,2025-06-15 21:31:19,2025-06-15 21:31:19,1,1.0,
PER_000023,Person,COMMUNICATES_WITH,PER_000087,Person,2025-03-27 14:07:24,2025-03-27 14:07:24,1,1.0,
PER_000023,Person,COMMUNICATES_WITH,PER_000094,Person,2025-09-13 09:01:17,2025-09-13 09:01:17,1,1.0,
PER_000023,Person,COMMUNICATES_WITH,PER_000100,Person,2025-06-04 03:32:00,2025-06-04 03:32:00,1,1.0,
PER_000024,Person,COMMUNICATES_WITH,PER_000002,Person,2025-03-23 20:26:04,2025-12-24 12:09:43,11,11.0,
PER_000024,Person,COMMUNICATES_WITH,PER_000015,Person,2025-05-07 19:36:20,2025-12-11 16:31:58,2,2.0,
PER_000024,Person,COMMUNICATES_WITH,PER_000016,Person,2025-01-29 21:01:49,2025-07-29 10:37:37,6,6.0,
PER_000024,Person,COMMUNICATES_WITH,PER_000018,Person,2025-01-05 04:35:38,2025-12-18 08:10:05,14,14.0,
PER_000024,Person,COMMUNICATES_WITH,PER_000020,Person,2025-06-03 16:42:07,2025-06-03 16:42:07,1,1.0,
PER_000024,Person,COMMUNICATES_WITH,PER_000027,Person,2025-02-26 06:51:48,2025-11-25 15:29:02,9,9.0,
PER_000024,Person,COMMUNICATES_WITH,PER_000042,Person,2025-01-30 05:47:48,2025-09-27 07:30:00,7,7.0,
PER_000024,Person,COMMUNICATES_WITH,PER_000050,Person,2025-01-06 12:22:27,2025-12-20 17:48:36,14,14.0,
PER_000024,Person,COMMUNICATES_WITH,PER_000051,Person,2025-08-14 16:13:54,2025-08-14 16:13:54,1,1.0,
PER_000024,Person,COMMUNICATES_WITH,PER_000055,Person,2025-04-25 09:02:52,2025-04-25 09:02:52,1,1.0,
PER_000024,Person,COMMUNICATES_WITH,PER_000059,Person,2025-01-26 21:43:46,2025-01-26 21:43:46,1,1.0,
PER_000024,Person,COMMUNICATES_WITH,PER_000061,Person,2025-07-16 10:09:42,2025-07-23 10:20:43,2,2.0,
PER_000024,Person,COMMUNICATES_WITH,PER_000066,Person,2025-07-20 20:24:09,2025-07-20 20:24:09,1,1.0,
PER_000024,Person,COMMUNICATES_WITH,PER_000074,Person,2025-01-07 19:55:49,2025-01-07 19:55:49,1,1.0,
PER_000024,Person,COMMUNICATES_WITH,PER_000075,Person,2025-08-04 10:26:56,2025-08-04 10:26:56,1,1.0,
PER_000024,Person,COMMUNICATES_WITH,PER_000077,Person,2025-02-18 08:10:46,2025-02-18 08:10:46,1,1.0,
PER_000024,Person,COMMUNICATES_WITH,PER_000083,Person,2025-04-05 19:32:03,2025-04-05 19:32:03,1,1.0,
PER_000024,Person,COMMUNICATES_WITH,PER_000087,Person,2025-01-18 17:17:47,2025-12-31 21:39:11,12,12.0,
PER_000025,Person,COMMUNICATES_WITH,PER_000002,Person,2025-04-28 16:32:54,2025-05-27 09:44:12,2,2.0,
PER_000025,Person,COMMUNICATES_WITH,PER_000004,Person,2025-10-12 13:29:14,2025-10-12 13:29:14,1,1.0,
PER_000025,Person,COMMUNICATES_WITH,PER_000016,Person,2025-01-09 11:01:18,2025-01-09 11:01:18,1,1.0,
PER_000025,Person,COMMUNICATES_WITH,PER_000022,Person,2025-04-25 05:26:55,2025-04-25 05:26:55,1,1.0,
PER_000025,Person,COMMUNICATES_WITH,PER_000029,Person,2025-02-14 18:05:55,2025-02-14 18:05:55,1,1.0,
PER_000025,Person,COMMUNICATES_WITH,PER_000065,Person,2025-01-05 05:56:56,2025-01-05 05:56:56,1,1.0,
PER_000025,Person,COMMUNICATES_WITH,PER_000079,Person,2025-02-02 02:18:36,2025-02-02 02:18:36,1,1.0,
PER_000025,Person,COMMUNICATES_WITH,PER_000080,Person,2025-08-23 06:59:49,2025-08-23 06:59:49,1,1.0,
PER_000025,Person,COMMUNICATES_WITH,PER_000085,Person,2025-05-26 09:45:43,2025-05-26 09:45:43,1,1.0,
PER_000025,Person,COMMUNICATES_WITH,PER_000087,Person,2025-09-29 06:01:07,2025-09-29 06:01:07,1,1.0,
PER_000025,Person,COMMUNICATES_WITH,PER_000091,Person,2025-02-04 06:26:21,2025-02-04 06:26:21,1,1.0,
PER_000025,Person,COMMUNICATES_WITH,PER_000092,Person,2025-06-08 18:03:24,2025-06-08 18:03:24,1,1.0,
PER_000025,Person,COMMUNICATES_WITH,PER_000095,Person,2025-12-06 19:37:16,2025-12-06 19:37:16,1,1.0,
PER_000026,Person,COMMUNICATES_WITH,PER_000002,Person,2025-01-09 11:26:01,2025-11-15 08:48:16,2,2.0,
PER_000026,Person,COMMUNICATES_WITH,PER_000015,Person,2025-03-09 18:13:14,2025-03-09 18:13:14,1,1.0,
PER_000026,Person,COMMUNICATES_WITH,PER_000024,Person,2025-11-09 17:09:09,2025-11-09 17:09:09,1,1.0,
PER_000026,Person,COMMUNICATES_WITH,PER_000031,Person,2025-03-28 15:36:28,2025-03-28 15:36:28,1,1.0,
PER_000026,Person,COMMUNICATES_WITH,PER_000036,Person,2025-10-20 16:09:52,2025-10-20 16:09:52,1,1.0,
PER_000026,Person,COMMUNICATES_WITH,PER_000045,Person,2025-03-19 19:50:32,2025-03-19 19:50:32,1,1.0,
PER_000026,Person,COMMUNICATES_WITH,PER_000046,Person,2025-03-13 17:56:05,2025-03-13 17:56:05,1,1.0,
PER_000026,Person,COMMUNICATES_WITH,PER_000049,Person,2025-02-25 13:26:25,2025-02-25 13:26:25,1,1.0,
PER_000026,Person,COMMUNICATES_WITH,PER_000053,Person,2025-12-21 12:01:13,2025-12-21 12:01:13,1,1.0,
PER_000026,Person,COMMUNICATES_WITH,PER_000062,Person,2025-06-24 16:12:42,2025-06-24 16:12:42,1,1.0,
PER_000026,Person,COMMUNICATES_WITH,PER_000067,Person,2025-04-22 15:31:16,2025-04-22 15:31:16,1,1.0,
PER_000026,Person,COMMUNICATES_WITH,PER_000080,Person,2025-12-19 16:42:48,2025-12-19 16:42:48,1,1.0,
PER_000026,Person,COMMUNICATES_WITH,PER_000086,Person,2025-02-16 09:45:38,2025-02-16 09:45:38,1,1.0,
PER_000026,Person,COMMUNICATES_WITH,PER_000088,Person,2025-10-18 15:59:09,2025-10-18 15:59:09,1,1.0,
PER_000026,Person,COMMUNICATES_WITH,PER_000093,Person,2025-08-09 15:54:50,2025-08-09 15:54:50,1,1.0,
PER_000027,Person,COMMUNICATES_WITH,PER_000002,Person,2025-01-09 19:34:03,2025-11-14 17:56:21,8,8.0,
PER_000027,Person,COMMUNICATES_WITH,PER_000009,Person,2025-08-26 05:50:34,2025-08-26 05:50:34,1,1.0,
PER_000027,Person,COMMUNICATES_WITH,PER_000011,Person,2025-11-22 19:45:53,2025-11-22 19:45:53,1,1.0,
PER_000027,Person,COMMUNICATES_WITH,PER_000012,Person,2025-01-02 20:50:14,2025-01-02 20:50:14,1,1.0,
PER_000027,Person,COMMUNICATES_WITH,PER_000016,Person,2025-01-09 21:39:45,2025-12-31 16:48:51,9,9.0,
PER_000027,Person,COMMUNICATES_WITH,PER_000017,Person,2025-03-29 16:13:08,2025-03-29 16:13:08,1,1.0,
PER_000027,Person,COMMUNICATES_WITH,PER_000018,Person,2025-04-12 04:44:31,2025-11-18 12:50:28,8,8.0,
PER_000027,Person,COMMUNICATES_WITH,PER_000019,Person,2025-06-10 10:06:02,2025-06-10 10:06:02,1,1.0,
PER_000027,Person,COMMUNICATES_WITH,PER_000024,Person,2025-06-29 16:56:30,2025-12-10 11:29:52,8,8.0,
PER_000027,Person,COMMUNICATES_WITH,PER_000025,Person,2025-09-21 18:12:46,2025-09-21 18:12:46,1,1.0,
PER_000027,Person,COMMUNICATES_WITH,PER_000032,Person,2025-02-25 17:18:46,2025-09-15 18:56:53,2,2.0,
PER_000027,Person,COMMUNICATES_WITH,PER_000033,Person,2025-08-12 18:37:07,2025-10-04 13:17:01,2,2.0,
PER_000027,Person,COMMUNICATES_WITH,PER_000034,Person,2025-04-15 15:28:10,2025-09-25 07:40:44,3,3.0,
PER_000027,Person,COMMUNICATES_WITH,PER_000041,Person,2025-03-22 15:18:44,2025-03-22 15:18:44,1,1.0,
PER_000027,Person,COMMUNICATES_WITH,PER_000042,Person,2025-01-01 22:04:12,2025-12-12 04:40:38,18,18.0,
PER_000027,Person,COMMUNICATES_WITH,PER_000050,Person,2025-01-02 18:10:36,2025-10-19 02:47:47,14,14.0,
PER_000027,Person,COMMUNICATES_WITH,PER_000051,Person,2025-02-07 22:21:05,2025-02-07 22:21:05,1,1.0,
PER_000027,Person,COMMUNICATES_WITH,PER_000052,Person,2025-09-10 16:42:33,2025-09-10 16:42:33,1,1.0,
PER_000027,Person,COMMUNICATES_WITH,PER_000060,Person,2025-04-28 11:52:40,2025-04-28 11:52:40,1,1.0,
PER_000027,Person,COMMUNICATES_WITH,PER_000075,Person,2025-04-01 12:46:00,2025-04-01 12:46:00,1,1.0,
PER_000027,Person,COMMUNICATES_WITH,PER_000081,Person,2025-02-18 20:11:32,2025-02-18 20:11:32,1,1.0,
PER_000027,Person,COMMUNICATES_WITH,PER_000082,Person,2025-09-08 16:32:23,2025-09-08 16:32:23,1,1.0,
PER_000027,Person,COMMUNICATES_WITH,PER_000083,Person,2025-12-20 14:46:46,2025-12-20 14:46:46,1,1.0,
PER_000027,Person,COMMUNICATES_WITH,PER_000085,Person,2025-01-02 04:55:59,2025-10-19 06:51:20,2,2.0,
PER_000027,Person,COMMUNICATES_WITH,PER_000087,Person,2025-01-01 06:17:05,2025-06-11 19:49:27,6,6.0,
PER_000027,Person,COMMUNICATES_WITH,PER_000091,Person,2025-07-08 15:43:15,2025-07-08 15:43:15,1,1.0,
PER_000027,Person,COMMUNICATES_WITH,PER_000096,Person,2025-05-29 10:26:08,2025-05-29 10:26:08,1,1.0,
PER_000027,Person,COMMUNICATES_WITH,PER_000098,Person,2025-06-21 17:34:56,2025-06-21 17:34:56,1,1.0,
PER_000028,Person,COMMUNICATES_WITH,PER_000016,Person,2025-10-19 17:44:53,2025-10-19 17:44:53,1,1.0,
PER_000028,Person,COMMUNICATES_WITH,PER_000041,Person,2025-10-19 08:54:18,2025-10-19 08:54:18,1,1.0,
PER_000028,Person,COMMUNICATES_WITH,PER_000060,Person,2025-12-17 21:02:59,2025-12-17 21:02:59,1,1.0,
PER_000028,Person,COMMUNICATES_WITH,PER_000061,Person,2025-09-24 18:58:54,2025-09-24 18:58:54,1,1.0,
PER_000028,Person,COMMUNICATES_WITH,PER_000063,Person,2025-11-01 10:50:39,2025-11-01 10:50:39,1,1.0,
PER_000028,Person,COMMUNICATES_WITH,PER_000065,Person,2025-03-18 15:14:10,2025-03-18 15:14:10,1,1.0,
PER_000028,Person,COMMUNICATES_WITH,PER_000066,Person,2025-04-29 19:37:10,2025-04-29 19:37:10,1,1.0,
PER_000028,Person,COMMUNICATES_WITH,PER_000068,Person,2025-01-24 09:38:59,2025-01-24 09:38:59,1,1.0,
PER_000028,Person,COMMUNICATES_WITH,PER_000075,Person,2025-07-05 10:04:38,2025-07-05 10:04:38,1,1.0,
PER_000028,Person,COMMUNICATES_WITH,PER_000083,Person,2025-04-15 19:19:52,2025-04-15 19:19:52,1,1.0,
PER_000028,Person,COMMUNICATES_WITH,PER_000098,Person,2025-05-16 04:14:31,2025-05-16 04:14:31,1,1.0,
PER_000029,Person,COMMUNICATES_WITH,PER_000004,Person,2025-09-17 09:51:38,2025-09-17 09:51:38,1,1.0,
PER_000029,Person,COMMUNICATES_WITH,PER_000009,Person,2025-04-15 05:13:16,2025-04-15 05:13:16,1,1.0,
PER_000029,Person,COMMUNICATES_WITH,PER_000015,Person,2025-06-18 20:14:38,2025-06-18 20:14:38,1,1.0,
PER_000029,Person,COMMUNICATES_WITH,PER_000021,Person,2025-10-19 21:03:27,2025-10-19 21:03:27,1,1.0,
PER_000029,Person,COMMUNICATES_WITH,PER_000030,Person,2025-04-10 12:09:22,2025-04-10 12:09:22,1,1.0,
PER_000029,Person,COMMUNICATES_WITH,PER_000037,Person,2025-02-14 12:33:38,2025-02-14 12:33:38,1,1.0,
PER_000029,Person,COMMUNICATES_WITH,PER_000049,Person,2025-02-15 22:12:46,2025-02-15 22:12:46,1,1.0,
PER_000029,Person,COMMUNICATES_WITH,PER_000054,Person,2025-08-28 17:02:23,2025-08-28 17:02:23,1,1.0,
PER_000029,Person,COMMUNICATES_WITH,PER_000064,Person,2025-05-16 10:30:09,2025-05-16 10:30:09,1,1.0,
PER_000029,Person,COMMUNICATES_WITH,PER_000066,Person,2025-11-16 07:52:51,2025-11-16 07:52:51,1,1.0,
PER_000029,Person,COMMUNICATES_WITH,PER_000068,Person,2025-07-24 14:38:28,2025-07-24 14:38:28,1,1.0,
PER_000029,Person,COMMUNICATES_WITH,PER_000076,Person,2025-03-04 06:26:29,2025-03-04 06:26:29,1,1.0,
PER_000029,Person,COMMUNICATES_WITH,PER_000081,Person,2025-04-10 05:19:40,2025-04-10 05:19:40,1,1.0,
PER_000029,Person,COMMUNICATES_WITH,PER_000083,Person,2025-06-24 05:22:53,2025-06-24 05:22:53,1,1.0,
PER_000029,Person,COMMUNICATES_WITH,PER_000093,Person,2025-10-15 09:12:48,2025-10-15 09:12:48,1,1.0,
PER_000029,Person,COMMUNICATES_WITH,PER_000094,Person,2025-05-22 22:53:55,2025-07-28 03:54:02,2,2.0,
PER_000029,Person,COMMUNICATES_WITH,PER_000097,Person,2025-09-24 13:43:31,2025-09-24 13:43:31,1,1.0,
PER_000030,Person,COMMUNICATES_WITH,PER_000010,Person,2025-10-16 17:43:36,2025-10-16 17:43:36,1,1.0,
PER_000030,Person,COMMUNICATES_WITH,PER_000012,Person,2025-09-16 12:49:18,2025-09-16 12:49:18,1,1.0,
PER_000030,Person,COMMUNICATES_WITH,PER_000027,Person,2025-04-02 12:12:52,2025-04-02 12:12:52,1,1.0,
PER_000030,Person,COMMUNICATES_WITH,PER_000028,Person,2025-09-04 14:55:25,2025-09-04 14:55:25,1,1.0,
PER_000030,Person,COMMUNICATES_WITH,PER_000032,Person,2025-03-16 15:16:33,2025-03-16 15:16:33,1,1.0,
PER_000030,Person,COMMUNICATES_WITH,PER_000037,Person,2025-03-09 19:25:02,2025-03-09 19:25:02,1,1.0,
PER_000030,Person,COMMUNICATES_WITH,PER_000041,Person,2025-03-16 01:37:44,2025-03-16 01:37:44,1,1.0,
PER_000030,Person,COMMUNICATES_WITH,PER_000043,Person,2025-10-01 11:40:06,2025-10-01 11:40:06,1,1.0,
PER_000030,Person,COMMUNICATES_WITH,PER_000057,Person,2025-02-07 13:13:33,2025-02-07 13:13:33,1,1.0,
PER_000030,Person,COMMUNICATES_WITH,PER_000058,Person,2025-10-23 20:49:32,2025-10-23 20:49:32,1,1.0,
PER_000030,Person,COMMUNICATES_WITH,PER_000062,Person,2025-12-12 14:53:03,2025-12-12 14:53:03,1,1.0,
PER_000030,Person,COMMUNICATES_WITH,PER_000066,Person,2025-10-12 20:56:13,2025-10-12 20:56:13,1,1.0,
PER_000030,Person,COMMUNICATES_WITH,PER_000073,Person,2025-10-23 12:57:21,2025-10-23 12:57:21,1,1.0,
PER_000030,Person,COMMUNICATES_WITH,PER_000084,Person,2025-09-25 23:28:32,2025-09-25 23:28:32,1,1.0,
PER_000030,Person,COMMUNICATES_WITH,PER_000092,Person,2025-05-07 05:35:34,2025-05-07 05:35:34,1,1.0,
PER_000031,Person,COMMUNICATES_WITH,PER_000011,Person,2025-02-20 15:49:57,2025-02-20 15:49:57,1,1.0,
PER_000031,Person,COMMUNICATES_WITH,PER_000024,Person,2025-11-08 13:53:48,2025-11-08 13:53:48,1,1.0,
PER_000031,Person,COMMUNICATES_WITH,PER_000030,Person,2025-02-17 09:37:00,2025-02-17 09:37:00,1,1.0,
PER_000031,Person,COMMUNICATES_WITH,PER_000044,Person,2025-11-16 16:40:36,2025-11-16 16:40:36,1,1.0,
PER_000031,Person,COMMUNICATES_WITH,PER_000056,Person,2025-12-14 19:53:21,2025-12-14 19:53:21,1,1.0,
PER_000031,Person,COMMUNICATES_WITH,PER_000062,Person,2025-05-07 06:16:08,2025-05-07 06:16:08,1,1.0,
PER_000031,Person,COMMUNICATES_WITH,PER_000073,Person,2025-10-04 08:32:18,2025-10-04 08:32:18,1,1.0,
PER_000031,Person,COMMUNICATES_WITH,PER_000079,Person,2025-05-01 08:38:58,2025-05-01 08:38:58,1,1.0,
PER_000031,Person,COMMUNICATES_WITH,PER_000089,Person,2025-01-08 23:17:51,2025-01-08 23:17:51,1,1.0,
PER_000032,Person,COMMUNICATES_WITH,PER_000007,Person,2025-08-31 18:15:21,2025-08-31 18:15:21,1,1.0,
PER_000032,Person,COMMUNICATES_WITH,PER_000009,Person,2025-09-07 17:42:02,2025-09-07 17:42:02,1,1.0,
PER_000032,Person,COMMUNICATES_WITH,PER_000017,Person,2025-05-15 13:30:00,2025-05-15 13:30:00,1,1.0,
PER_000032,Person,COMMUNICATES_WITH,PER_000035,Person,2025-08-11 09:38:26,2025-08-11 09:38:26,1,1.0,
PER_000032,Person,COMMUNICATES_WITH,PER_000042,Person,2025-11-11 07:24:08,2025-11-11 07:24:08,1,1.0,
PER_000032,Person,COMMUNICATES_WITH,PER_000043,Person,2025-02-18 10:09:27,2025-05-12 16:23:23,2,2.0,
PER_000032,Person,COMMUNICATES_WITH,PER_000055,Person,2025-03-17 20:19:54,2025-03-17 20:19:54,1,1.0,
PER_000032,Person,COMMUNICATES_WITH,PER_000085,Person,2025-10-01 15:07:00,2025-10-01 15:07:00,1,1.0,
PER_000032,Person,COMMUNICATES_WITH,PER_000088,Person,2025-03-14 03:08:54,2025-03-14 03:08:54,1,1.0,
PER_000032,Person,COMMUNICATES_WITH,PER_000093,Person,2025-07-13 15:19:51,2025-07-13 15:19:51,1,1.0,
PER_000032,Person,COMMUNICATES_WITH,PER_000094,Person,2025-06-17 19:42:32,2025-06-17 19:42:32,1,1.0,
PER_000032,Person,COMMUNICATES_WITH,PER_000098,Person,2025-01-19 04:54:01,2025-04-22 17:09:22,2,2.0,
PER_000032,Person,COMMUNICATES_WITH,PER_000099,Person,2025-12-11 12:09:11,2025-12-11 12:09:11,1,1.0,
PER_000032,Person,COMMUNICATES_WITH,PER_000100,Person,2025-05-15 15:18:04,2025-05-15 15:18:04,1,1.0,
PER_000033,Person,COMMUNICATES_WITH,PER_000008,Person,2025-03-22 18:22:24,2025-03-22 18:22:24,1,1.0,
PER_000033,Person,COMMUNICATES_WITH,PER_000040,Person,2025-03-25 13:05:35,2025-03-25 13:05:35,1,1.0,
PER_000033,Person,COMMUNICATES_WITH,PER_000052,Person,2025-11-04 08:38:02,2025-11-04 08:38:02,1,1.0,
PER_000033,Person,COMMUNICATES_WITH,PER_000077,Person,2025-08-18 09:44:08,2025-08-18 09:44:08,1,1.0,
PER_000033,Person,COMMUNICATES_WITH,PER_000080,Person,2025-12-19 21:49:07,2025-12-19 21:49:07,1,1.0,
PER_000033,Person,COMMUNICATES_WITH,PER_000081,Person,2025-04-28 14:31:31,2025-04-28 14:31:31,1,1.0,
PER_000033,Person,COMMUNICATES_WITH,PER_000095,Person,2025-12-05 13:09:48,2025-12-05 13:09:48,1,1.0,
PER_000033,Person,COMMUNICATES_WITH,PER_000100,Person,2025-05-07 05:38:37,2025-11-14 22:51:50,2,2.0,
PER_000034,Person,COMMUNICATES_WITH,PER_000010,Person,2025-12-21 12:30:42,2025-12-21 12:30:42,1,1.0,
PER_000034,Person,COMMUNICATES_WITH,PER_000023,Person,2025-04-08 10:17:50,2025-04-08 10:17:50,1,1.0,
PER_000034,Person,COMMUNICATES_WITH,PER_000039,Person,2025-01-12 09:34:01,2025-01-12 09:34:01,1,1.0,
PER_000034,Person,COMMUNICATES_WITH,PER_000050,Person,2025-07-23 13:32:15,2025-07-23 13:32:15,1,1.0,
PER_000034,Person,COMMUNICATES_WITH,PER_000056,Person,2025-12-03 12:25:07,2025-12-03 12:25:07,1,1.0,
PER_000034,Person,COMMUNICATES_WITH,PER_000063,Person,2025-03-21 13:01:09,2025-03-21 13:01:09,1,1.0,
PER_000034,Person,COMMUNICATES_WITH,PER_000066,Person,2025-06-18 06:07:05,2025-06-18 06:07:05,1,1.0,
PER_000034,Person,COMMUNICATES_WITH,PER_000069,Person,2025-10-13 22:39:35,2025-10-13 22:39:35,1,1.0,
PER_000034,Person,COMMUNICATES_WITH,PER_000076,Person,2025-06-09 08:24:31,2025-06-09 08:24:31,1,1.0,
PER_000034,Person,COMMUNICATES_WITH,PER_000083,Person,2025-05-05 16:59:40,2025-05-05 16:59:40,1,1.0,
PER_000034,Person,COMMUNICATES_WITH,PER_000088,Person,2025-05-28 07:05:25,2025-05-28 07:05:25,1,1.0,
PER_000034,Person,COMMUNICATES_WITH,PER_000096,Person,2025-05-01 22:48:25,2025-05-01 22:48:25,1,1.0,
PER_000035,Person,COMMUNICATES_WITH,PER_000003,Person,2025-12-23 17:30:37,2025-12-23 17:30:37,1,1.0,
PER_000035,Person,COMMUNICATES_WITH,PER_000009,Person,2025-03-03 06:02:38,2025-03-03 06:02:38,1,1.0,
PER_000035,Person,COMMUNICATES_WITH,PER_000015,Person,2025-11-08 16:44:28,2025-11-08 16:44:28,1,1.0,
PER_000035,Person,COMMUNICATES_WITH,PER_000025,Person,2025-08-02 07:01:23,2025-08-02 07:01:23,1,1.0,
PER_000035,Person,COMMUNICATES_WITH,PER_000032,Person,2025-11-24 01:23:45,2025-11-24 01:23:45,1,1.0,
PER_000035,Person,COMMUNICATES_WITH,PER_000036,Person,2025-06-21 21:46:20,2025-09-25 10:47:55,2,2.0,
PER_000035,Person,COMMUNICATES_WITH,PER_000045,Person,2025-04-28 02:29:15,2025-04-28 02:29:15,1,1.0,
PER_000035,Person,COMMUNICATES_WITH,PER_000052,Person,2025-12-25 18:21:57,2025-12-25 18:21:57,1,1.0,
PER_000035,Person,COMMUNICATES_WITH,PER_000065,Person,2025-12-31 03:47:04,2025-12-31 03:47:04,1,1.0,
PER_000035,Person,COMMUNICATES_WITH,PER_000072,Person,2025-09-29 17:57:15,2025-09-29 17:57:15,1,1.0,
PER_000035,Person,COMMUNICATES_WITH,PER_000073,Person,2025-11-04 09:42:27,2025-11-04 09:42:27,1,1.0,
PER_000035,Person,COMMUNICATES_WITH,PER_000078,Person,2025-07-04 00:19:12,2025-07-04 00:19:12,1,1.0,
PER_000035,Person,COMMUNICATES_WITH,PER_000086,Person,2025-08-23 04:53:49,2025-08-23 04:53:49,1,1.0,
PER_000035,Person,COMMUNICATES_WITH,PER_000091,Person,2025-04-01 13:18:16,2025-04-01 13:18:16,1,1.0,
PER_000035,Person,COMMUNICATES_WITH,PER_000094,Person,2025-12-19 20:39:33,2025-12-19 20:39:33,1,1.0,
PER_000036,Person,COMMUNICATES_WITH,PER_000007,Person,2025-01-03 05:53:55,2025-01-03 05:53:55,1,1.0,
PER_000036,Person,COMMUNICATES_WITH,PER_000008,Person,2025-12-19 17:15:29,2025-12-19 17:15:29,1,1.0,
PER_000036,Person,COMMUNICATES_WITH,PER_000015,Person,2025-03-04 19:01:00,2025-03-04 19:01:00,1,1.0,
PER_000036,Person,COMMUNICATES_WITH,PER_000019,Person,2025-11-25 15:15:58,2025-11-25 15:15:58,1,1.0,
PER_000036,Person,COMMUNICATES_WITH,PER_000023,Person,2025-05-27 20:52:30,2025-05-27 20:52:30,1,1.0,
PER_000036,Person,COMMUNICATES_WITH,PER_000027,Person,2025-06-08 13:05:32,2025-10-22 14:00:41,2,2.0,
PER_000036,Person,COMMUNICATES_WITH,PER_000032,Person,2025-01-11 10:58:42,2025-01-11 10:58:42,1,1.0,
PER_000036,Person,COMMUNICATES_WITH,PER_000033,Person,2025-12-05 14:27:38,2025-12-05 14:27:38,1,1.0,
PER_000036,Person,COMMUNICATES_WITH,PER_000035,Person,2025-07-12 21:33:46,2025-07-12 21:33:46,1,1.0,
PER_000036,Person,COMMUNICATES_WITH,PER_000039,Person,2025-07-17 18:29:06,2025-07-17 18:29:06,1,1.0,
PER_000036,Person,COMMUNICATES_WITH,PER_000052,Person,2025-02-11 15:42:14,2025-02-11 15:42:14,1,1.0,
PER_000036,Person,COMMUNICATES_WITH,PER_000066,Person,2025-11-19 13:22:43,2025-11-19 13:22:43,1,1.0,
PER_000036,Person,COMMUNICATES_WITH,PER_000079,Person,2025-03-06 12:46:44,2025-03-06 12:46:44,1,1.0,
PER_000036,Person,COMMUNICATES_WITH,PER_000080,Person,2025-08-22 13:20:05,2025-08-22 13:20:05,1,1.0,
PER_000036,Person,COMMUNICATES_WITH,PER_000083,Person,2025-09-12 13:58:59,2025-09-12 13:58:59,1,1.0,
PER_000036,Person,COMMUNICATES_WITH,PER_000093,Person,2025-10-20 08:52:01,2025-10-20 08:52:01,1,1.0,
PER_000037,Person,COMMUNICATES_WITH,PER_000011,Person,2025-07-04 22:31:30,2025-07-04 22:31:30,1,1.0,
PER_000037,Person,COMMUNICATES_WITH,PER_000015,Person,2025-06-25 16:44:51,2025-06-25 16:44:51,1,1.0,
PER_000037,Person,COMMUNICATES_WITH,PER_000016,Person,2025-05-08 12:41:09,2025-05-08 12:41:09,1,1.0,
PER_000037,Person,COMMUNICATES_WITH,PER_000025,Person,2025-05-29 14:40:01,2025-05-29 14:40:01,1,1.0,
PER_000037,Person,COMMUNICATES_WITH,PER_000030,Person,2025-07-25 18:48:36,2025-07-25 18:48:36,1,1.0,
PER_000037,Person,COMMUNICATES_WITH,PER_000055,Person,2025-03-26 18:55:27,2025-03-26 18:55:27,1,1.0,
PER_000037,Person,COMMUNICATES_WITH,PER_000062,Person,2025-06-01 21:54:57,2025-06-01 21:54:57,1,1.0,
PER_000037,Person,COMMUNICATES_WITH,PER_000066,Person,2025-10-14 14:34:35,2025-10-28 22:38:56,2,2.0,
PER_000037,Person,COMMUNICATES_WITH,PER_000080,Person,2025-09-15 06:08:19,2025-09-15 06:08:19,1,1.0,
PER_000037,Person,COMMUNICATES_WITH,PER_000097,Person,2025-07-25 05:23:18,2025-07-25 05:23:18,1,1.0,
PER_000038,Person,COMMUNICATES_WITH,PER_000001,Person,2025-05-01 13:50:51,2025-05-01 13:50:51,1,1.0,
PER_000038,Person,COMMUNICATES_WITH,PER_000002,Person,2025-05-01 01:21:22,2025-05-01 20:50:43,2,2.0,
PER_000038,Person,COMMUNICATES_WITH,PER_000003,Person,2025-05-01 03:04:46,2025-05-01 03:04:46,1,1.0,
PER_000038,Person,COMMUNICATES_WITH,PER_000005,Person,2025-05-01 00:33:03,2025-05-01 00:33:03,1,1.0,
PER_000038,Person,COMMUNICATES_WITH,PER_000006,Person,2025-05-01 01:40:49,2025-05-01 01:40:49,1,1.0,
PER_000038,Person,COMMUNICATES_WITH,PER_000007,Person,2025-05-01 09:51:18,2025-05-01 09:51:18,1,1.0,
PER_000038,Person,COMMUNICATES_WITH,PER_000008,Person,2025-05-01 13:04:03,2025-05-01 13:04:03,1,1.0,
PER_000038,Person,COMMUNICATES_WITH,PER_000010,Person,2025-05-01 18:56:40,2025-05-01 18:56:40,1,1.0,
PER_000038,Person,COMMUNICATES_WITH,PER_000015,Person,2025-05-01 16:48:04,2025-05-01 16:48:04,1,1.0,
PER_000038,Person,COMMUNICATES_WITH,PER_000016,Person,2025-05-01 07:06:29,2025-05-01 07:06:29,1,1.0,
PER_000038,Person,COMMUNICATES_WITH,PER_000017,Person,2025-05-01 08:03:23,2025-05-01 09:23:19,2,2.0,
PER_000038,Person,COMMUNICATES_WITH,PER_000019,Person,2025-05-01 06:34:11,2025-05-01 06:34:11,1,1.0,
PER_000038,Person,COMMUNICATES_WITH,PER_000021,Person,2025-05-01 11:23:28,2025-05-01 11:23:28,1,1.0,
PER_000038,Person,COMMUNICATES_WITH,PER_000022,Person,2025-05-01 19:08:03,2025-05-01 19:08:03,1,1.0,
PER_000038,Person,COMMUNICATES_WITH,PER_000025,Person,2025-05-01 06:52:28,2025-05-01 06:52:28,1,1.0,
PER_000038,Person,COMMUNICATES_WITH,PER_000026,Person,2025-05-01 07:13:29,2025-05-01 07:13:29,1,1.0,
PER_000038,Person,COMMUNICATES_WITH,PER_000028,Person,2025-05-01 15:05:30,2025-05-01 15:05:30,1,1.0,
PER_000038,Person,COMMUNICATES_WITH,PER_000031,Person,2025-05-01 20:14:55,2025-05-01 23:38:38,3,3.0,
PER_000038,Person,COMMUNICATES_WITH,PER_000032,Person,2025-05-01 01:22:16,2025-05-01 14:25:46,2,2.0,
PER_000038,Person,COMMUNICATES_WITH,PER_000034,Person,2025-05-01 05:08:48,2025-05-01 13:55:40,2,2.0,
PER_000038,Person,COMMUNICATES_WITH,PER_000035,Person,2025-05-01 02:13:22,2025-05-01 02:13:22,1,1.0,
PER_000038,Person,COMMUNICATES_WITH,PER_000037,Person,2025-05-01 10:14:30,2025-05-01 17:44:58,3,3.0,
PER_000038,Person,COMMUNICATES_WITH,PER_000039,Person,2025-05-01 03:10:58,2025-05-01 03:10:58,1,1.0,
PER_000038,Person,COMMUNICATES_WITH,PER_000040,Person,2025-05-01 15:12:00,2025-05-01 15:12:00,1,1.0,
PER_000038,Person,COMMUNICATES_WITH,PER_000041,Person,2025-05-01 07:36:17,2025-05-01 07:59:02,2,2.0,
PER_000038,Person,COMMUNICATES_WITH,PER_000044,Person,2025-05-01 22:37:14,2025-05-01 22:37:14,1,1.0,
PER_000038,Person,COMMUNICATES_WITH,PER_000046,Person,2025-05-01 20:23:40,2025-05-01 23:27:23,2,2.0,
PER_000038,Person,COMMUNICATES_WITH,PER_000047,Person,2025-05-01 12:04:17,2025-05-01 12:04:17,1,1.0,
PER_000038,Person,COMMUNICATES_WITH,PER_000049,Person,2025-05-01 01:06:54,2025-05-01 23:30:36,5,5.0,
PER_000038,Person,COMMUNICATES_WITH,PER_000051,Person,2025-05-01 20:45:10,2025-05-01 20:45:10,1,1.0,
PER_000038,Person,COMMUNICATES_WITH,PER_000052,Person,2025-05-01 00:25:31,2025-05-01 00:25:31,1,1.0,
PER_000038,Person,COMMUNICATES_WITH,PER_000053,Person,2025-05-01 21:50:47,2025-05-01 23:20:51,2,2.0,
PER_000038,Person,COMMUNICATES_WITH,PER_000054,Person,2025-05-01 15:36:46,2025-05-01 21:08:14,2,2.0,
PER_000038,Person,COMMUNICATES_WITH,PER_000058,Person,2025-05-01 04:22:00,2025-05-01 04:22:00,1,1.0,
PER_000038,Person,COMMUNICATES_WITH,PER_000059,Person,2025-05-01 22:21:01,2025-05-01 22:21:01,1,1.0,
PER_000038,Person,COMMUNICATES_WITH,PER_000060,Person,2025-05-01 18:16:02,2025-05-01 18:16:02,1,1.0,
PER_000038,Person,COMMUNICATES_WITH,PER_000061,Person,2025-05-01 21:47:43,2025-05-01 21:47:43,1,1.0,
PER_000038,Person,COMMUNICATES_WITH,PER_000062,Person,2025-05-01 01:10:12,2025-05-01 23:01:55,2,2.0,
PER_000038,Person,COMMUNICATES_WITH,PER_000064,Person,2025-05-01 02:48:04,2025-05-01 02:48:04,1,1.0,
PER_000038,Person,COMMUNICATES_WITH,PER_000065,Person,2025-05-01 05:10:25,2025-05-01 05:10:25,1,1.0,
PER_000038,Person,COMMUNICATES_WITH,PER_000067,Person,2025-05-01 16:40:24,2025-05-01 16:40:24,1,1.0,
PER_000038,Person,COMMUNICATES_WITH,PER_000068,Person,2025-05-01 00:01:55,2025-05-01 14:07:27,3,3.0,
PER_000038,Person,COMMUNICATES_WITH,PER_000070,Person,2025-05-01 06:32:30,2025-05-01 06:32:30,1,1.0,
PER_000038,Person,COMMUNICATES_WITH,PER_000071,Person,2025-05-01 15:39:03,2025-05-01 15:39:03,1,1.0,
PER_000038,Person,COMMUNICATES_WITH,PER_000073,Person,2025-05-01 17:00:57,2025-05-01 17:00:57,1,1.0,
PER_000038,Person,COMMUNICATES_WITH,PER_000075,Person,2025-05-01 12:58:24,2025-05-01 12:58:24,1,1.0,
PER_000038,Person,COMMUNICATES_WITH,PER_000076,Person,2025-05-01 00:06:30,2025-05-01 14:59:25,2,2.0,
PER_000038,Person,COMMUNICATES_WITH,PER_000077,Person,2025-05-01 07:50:31,2025-05-01 19:12:19,3,3.0,
PER_000038,Person,COMMUNICATES_WITH,PER_000078,Person,2025-05-01 03:51:47,2025-05-01 03:51:47,1,1.0,
PER_000038,Person,COMMUNICATES_WITH,PER_000081,Person,2025-05-01 21:48:40,2025-05-01 21:48:40,1,1.0,
PER_000038,Person,COMMUNICATES_WITH,PER_000082,Person,2025-05-01 02:58:28,2025-05-01 17:59:08,2,2.0,
PER_000038,Person,COMMUNICATES_WITH,PER_000083,Person,2025-05-01 11:16:30,2025-05-01 16:11:52,2,2.0,
PER_000038,Person,COMMUNICATES_WITH,PER_000086,Person,2025-05-01 17:15:09,2025-05-01 19:09:29,2,2.0,
PER_000038,Person,COMMUNICATES_WITH,PER_000088,Person,2025-05-01 04:59:30,2025-05-01 17:44:28,4,4.0,
PER_000038,Person,COMMUNICATES_WITH,PER_000091,Person,2025-05-01 00:00:10,2025-05-01 05:07:15,2,2.0,
PER_000038,Person,COMMUNICATES_WITH,PER_000093,Person,2025-05-01 22:01:34,2025-05-01 22:01:34,1,1.0,
PER_000038,Person,COMMUNICATES_WITH,PER_000095,Person,2025-05-01 13:55:54,2025-05-01 13:55:54,1,1.0,
PER_000038,Person,COMMUNICATES_WITH,PER_000096,Person,2025-05-01 12:32:14,2025-05-01 12:32:14,1,1.0,
PER_000038,Person,COMMUNICATES_WITH,PER_000098,Person,2025-05-01 05:28:04,2025-05-01 05:28:04,1,1.0,
PER_000038,Person,COMMUNICATES_WITH,PER_000100,Person,2025-05-01 05:06:51,2025-05-01 17:46:34,2,2.0,
PER_000039,Person,COMMUNICATES_WITH,PER_000007,Person,2025-01-03 07:10:09,2025-01-03 07:10:09,1,1.0,
PER_000039,Person,COMMUNICATES_WITH,PER_000017,Person,2025-08-10 14:50:31,2025-10-02 14:05:36,2,2.0,
PER_000039,Person,COMMUNICATES_WITH,PER_000019,Person,2025-10-02 18:45:46,2025-10-02 18:45:46,1,1.0,
PER_000039,Person,COMMUNICATES_WITH,PER_000031,Person,2025-06-02 08:48:37,2025-06-02 08:48:37,1,1.0,
PER_000039,Person,COMMUNICATES_WITH,PER_000033,Person,2025-08-30 16:29:07,2025-08-30 16:29:07,1,1.0,
PER_000039,Person,COMMUNICATES_WITH,PER_000035,Person,2025-03-06 12:15:20,2025-03-06 12:15:20,1,1.0,
PER_000039,Person,COMMUNICATES_WITH,PER_000045,Person,2025-01-12 13:35:25,2025-03-21 21:16:00,2,2.0,
PER_000039,Person,COMMUNICATES_WITH,PER_000056,Person,2025-05-15 09:21:35,2025-05-15 09:21:35,1,1.0,
PER_000039,Person,COMMUNICATES_WITH,PER_000059,Person,2025-09-28 05:28:19,2025-09-28 05:28:19,1,1.0,
PER_000039,Person,COMMUNICATES_WITH,PER_000066,Person,2025-06-16 18:16:23,2025-06-16 18:16:23,1,1.0,
PER_000039,Person,COMMUNICATES_WITH,PER_000099,Person,2025-12-16 12:48:13,2025-12-16 12:48:13,1,1.0,
PER_000040,Person,COMMUNICATES_WITH,PER_000002,Person,2025-02-02 20:13:22,2025-02-02 20:13:22,1,1.0,
PER_000040,Person,COMMUNICATES_WITH,PER_000004,Person,2025-04-14 16:27:59,2025-04-14 16:27:59,1,1.0,
PER_000040,Person,COMMUNICATES_WITH,PER_000005,Person,2025-07-14 16:49:11,2025-07-14 16:49:11,1,1.0,
PER_000040,Person,COMMUNICATES_WITH,PER_000023,Person,2025-10-10 07:56:47,2025-10-10 07:56:47,1,1.0,
PER_000040,Person,COMMUNICATES_WITH,PER_000029,Person,2025-04-02 17:38:57,2025-04-02 17:38:57,1,1.0,
PER_000040,Person,COMMUNICATES_WITH,PER_000047,Person,2025-09-07 12:27:44,2025-09-07 12:27:44,1,1.0,
PER_000040,Person,COMMUNICATES_WITH,PER_000085,Person,2025-07-21 17:34:21,2025-07-21 17:34:21,1,1.0,
PER_000040,Person,COMMUNICATES_WITH,PER_000086,Person,2025-08-10 04:34:30,2025-08-10 04:34:30,1,1.0,
PER_000040,Person,COMMUNICATES_WITH,PER_000097,Person,2025-08-21 07:59:13,2025-08-21 07:59:13,1,1.0,
PER_000041,Person,COMMUNICATES_WITH,PER_000007,Person,2025-06-01 07:34:42,2025-06-01 07:34:42,1,1.0,
PER_000041,Person,COMMUNICATES_WITH,PER_000008,Person,2025-08-03 18:21:30,2025-08-03 18:21:30,1,1.0,
PER_000041,Person,COMMUNICATES_WITH,PER_000017,Person,2025-06-27 17:14:05,2025-06-27 17:14:05,1,1.0,
PER_000041,Person,COMMUNICATES_WITH,PER_000021,Person,2025-06-22 14:56:40,2025-06-22 14:56:40,1,1.0,
PER_000041,Person,COMMUNICATES_WITH,PER_000034,Person,2025-04-04 19:01:21,2025-04-04 19:01:21,1,1.0,
PER_000041,Person,COMMUNICATES_WITH,PER_000035,Person,2025-06-17 09:04:55,2025-06-17 09:04:55,1,1.0,
PER_000041,Person,COMMUNICATES_WITH,PER_000040,Person,2025-03-06 14:26:08,2025-03-06 14:26:08,1,1.0,
PER_000041,Person,COMMUNICATES_WITH,PER_000057,Person,2025-02-15 12:32:47,2025-02-15 12:32:47,1,1.0,
PER_000041,Person,COMMUNICATES_WITH,PER_000065,Person,2025-06-01 19:53:14,2025-06-01 19:53:14,1,1.0,
PER_000041,Person,COMMUNICATES_WITH,PER_000070,Person,2025-04-22 11:49:02,2025-04-22 11:49:02,1,1.0,
PER_000041,Person,COMMUNICATES_WITH,PER_000076,Person,2025-08-21 17:42:20,2025-08-21 17:42:20,1,1.0,
PER_000041,Person,COMMUNICATES_WITH,PER_000079,Person,2025-06-05 23:08:27,2025-06-05 23:08:27,1,1.0,
PER_000042,Person,COMMUNICATES_WITH,PER_000002,Person,2025-03-05 12:57:58,2025-11-19 11:57:53,12,12.0,
PER_000042,Person,COMMUNICATES_WITH,PER_000007,Person,2025-02-03 11:11:55,2025-02-03 11:11:55,1,1.0,
PER_000042,Person,COMMUNICATES_WITH,PER_000012,Person,2025-06-24 18:29:36,2025-06-24 18:29:36,1,1.0,
PER_000042,Person,COMMUNICATES_WITH,PER_000016,Person,2025-02-27 11:15:46,2025-12-18 17:33:53,11,11.0,
PER_000042,Person,COMMUNICATES_WITH,PER_000018,Person,2025-01-14 07:56:10,2025-10-21 12:12:07,14,14.0,
PER_000042,Person,COMMUNICATES_WITH,PER_000023,Person,2025-05-05 12:00:52,2025-05-05 12:00:52,1,1.0,
PER_000042,Person,COMMUNICATES_WITH,PER_000024,Person,2025-02-10 17:14:52,2025-12-21 15:15:28,11,11.0,
PER_000042,Person,COMMUNICATES_WITH,PER_000027,Person,2025-05-02 19:24:51,2025-10-09 11:20:55,8,8.0,
PER_000042,Person,COMMUNICATES_WITH,PER_000045,Person,2025-08-08 19:13:25,2025-08-08 19:13:25,1,1.0,
PER_000042,Person,COMMUNICATES_WITH,PER_000048,Person,2025-03-19 14:13:19,2025-03-19 14:13:19,1,1.0,
PER_000042,Person,COMMUNICATES_WITH,PER_000050,Person,2025-02-19 22:43:52,2025-08-30 20:15:34,10,10.0,
PER_000042,Person,COMMUNICATES_WITH,PER_000054,Person,2025-01-19 16:16:00,2025-01-19 16:16:00,1,1.0,
PER_000042,Person,COMMUNICATES_WITH,PER_000058,Person,2025-04-23 15:14:19,2025-04-23 15:14:19,1,1.0,
PER_000042,Person,COMMUNICATES_WITH,PER_000067,Person,2025-07-20 09:55:39,2025-07-20 09:55:39,1,1.0,
PER_000042,Person,COMMUNICATES_WITH,PER_000070,Person,2025-02-19 19:54:52,2025-02-19 19:54:52,1,1.0,
PER_000042,Person,COMMUNICATES_WITH,PER_000072,Person,2025-12-08 12:35:50,2025-12-08 12:35:50,1,1.0,
PER_000042,Person,COMMUNICATES_WITH,PER_000077,Person,2025-10-26 12:34:03,2025-10-26 12:34:03,1,1.0,
PER_000042,Person,COMMUNICATES_WITH,PER_000078,Person,2025-02-22 10:10:44,2025-02-22 10:10:44,1,1.0,
PER_000042,Person,COMMUNICATES_WITH,PER_000084,Person,2025-05-23 17:20:48,2025-05-23 17:20:48,1,1.0,
PER_000042,Person,COMMUNICATES_WITH,PER_000085,Person,2025-02-28 03:24:18,2025-02-28 03:24:18,1,1.0,
PER_000042,Person,COMMUNICATES_WITH,PER_000087,Person,2025-02-04 20:53:33,2025-12-14 14:08:24,9,9.0,
PER_000042,Person,COMMUNICATES_WITH,PER_000088,Person,2025-02-04 11:57:29,2025-02-04 11:57:29,1,1.0,
PER_000042,Person,COMMUNICATES_WITH,PER_000092,Person,2025-09-06 12:40:46,2025-09-06 12:40:46,1,1.0,
PER_000042,Person,COMMUNICATES_WITH,PER_000099,Person,2025-12-07 16:56:43,2025-12-07 16:56:43,1,1.0,
PER_000043,Person,COMMUNICATES_WITH,PER_000018,Person,2025-12-12 16:20:58,2025-12-12 16:20:58,1,1.0,
PER_000043,Person,COMMUNICATES_WITH,PER_000024,Person,2025-11-04 18:04:40,2025-11-04 18:04:40,1,1.0,
PER_000043,Person,COMMUNICATES_WITH,PER_000033,Person,2025-04-25 09:52:18,2025-04-25 09:52:18,1,1.0,
PER_000043,Person,COMMUNICATES_WITH,PER_000045,Person,2025-09-18 13:33:01,2025-09-18 13:33:01,1,1.0,
PER_000043,Person,COMMUNICATES_WITH,PER_000064,Person,2025-11-25 06:37:53,2025-11-25 06:37:53,1,1.0,
PER_000043,Person,COMMUNICATES_WITH,PER_000074,Person,2025-05-01 17:31:04,2025-12-02 07:30:50,2,2.0,
PER_000043,Person,COMMUNICATES_WITH,PER_000076,Person,2025-09-08 09:56:06,2025-09-08 09:56:06,1,1.0,
PER_000043,Person,COMMUNICATES_WITH,PER_000077,Person,2025-08-01 17:54:56,2025-08-01 17:54:56,1,1.0,
PER_000043,Person,COMMUNICATES_WITH,PER_000098,Person,2025-03-03 12:17:09,2025-03-15 08:18:46,2,2.0,
PER_000044,Person,COMMUNICATES_WITH,PER_000004,Person,2025-01-17 05:48:00,2025-01-17 05:48:00,1,1.0,
PER_000044,Person,COMMUNICATES_WITH,PER_000005,Person,2025-10-21 13:37:06,2025-10-21 13:37:06,1,1.0,
PER_000044,Person,COMMUNICATES_WITH,PER_000017,Person,2025-07-21 15:52:12,2025-12-16 15:34:11,2,2.0,
PER_000044,Person,COMMUNICATES_WITH,PER_000018,Person,2025-07-25 20:50:00,2025-07-25 20:50:00,1,1.0,
PER_000044,Person,COMMUNICATES_WITH,PER_000042,Person,2025-07-23 08:38:06,2025-07-23 08:38:06,1,1.0,
PER_000044,Person,COMMUNICATES_WITH,PER_000043,Person,2025-10-28 10:27:19,2025-10-28 10:27:19,1,1.0,
PER_000044,Person,COMMUNICATES_WITH,PER_000047,Person,2025-09-12 17:04:23,2025-09-12 17:04:23,1,1.0,
PER_000044,Person,COMMUNICATES_WITH,PER_000057,Person,2025-03-28 16:49:28,2025-03-28 16:49:28,1,1.0,
PER_000044,Person,COMMUNICATES_WITH,PER_000064,Person,2025-05-11 08:21:51,2025-05-11 08:21:51,1,1.0,
PER_000044,Person,COMMUNICATES_WITH,PER_000071,Person,2025-06-09 20:53:54,2025-06-09 20:53:54,1,1.0,
PER_000044,Person,COMMUNICATES_WITH,PER_000095,Person,2025-12-16 04:46:58,2025-12-16 04:46:58,1,1.0,
PER_000044,Person,COMMUNICATES_WITH,PER_000098,Person,2025-10-28 17:21:36,2025-10-28 17:21:36,1,1.0,
PER_000045,Person,COMMUNICATES_WITH,PER_000002,Person,2025-01-26 10:32:51,2025-01-26 10:32:51,1,1.0,
PER_000045,Person,COMMUNICATES_WITH,PER_000005,Person,2025-03-04 21:54:44,2025-03-04 21:54:44,1,1.0,
PER_000045,Person,COMMUNICATES_WITH,PER_000013,Person,2025-06-09 04:37:22,2025-06-09 04:37:22,1,1.0,
PER_000045,Person,COMMUNICATES_WITH,PER_000017,Person,2025-03-11 09:45:55,2025-03-11 09:45:55,1,1.0,
PER_000045,Person,COMMUNICATES_WITH,PER_000048,Person,2025-01-11 16:06:52,2025-01-11 16:06:52,1,1.0,
PER_000045,Person,COMMUNICATES_WITH,PER_000058,Person,2025-06-10 07:12:20,2025-06-10 07:12:20,1,1.0,
PER_000045,Person,COMMUNICATES_WITH,PER_000073,Person,2025-02-03 05:44:41,2025-02-03 05:44:41,1,1.0,
PER_000045,Person,COMMUNICATES_WITH,PER_000077,Person,2025-09-04 13:57:05,2025-09-04 13:57:05,1,1.0,
PER_000045,Person,COMMUNICATES_WITH,PER_000079,Person,2025-01-30 07:04:19,2025-01-30 07:04:19,1,1.0,
PER_000045,Person,COMMUNICATES_WITH,PER_000090,Person,2025-01-01 10:27:40,2025-01-01 10:27:40,1,1.0,
PER_000046,Person,COMMUNICATES_WITH,PER_000013,Person,2025-04-22 16:52:30,2025-04-22 16:52:30,1,1.0,
PER_000046,Person,COMMUNICATES_WITH,PER_000016,Person,2025-01-25 02:48:41,2025-01-25 02:48:41,1,1.0,
PER_000046,Person,COMMUNICATES_WITH,PER_000019,Person,2025-10-14 12:03:03,2025-10-14 12:03:03,1,1.0,
PER_000046,Person,COMMUNICATES_WITH,PER_000027,Person,2025-03-11 04:49:07,2025-03-11 04:49:07,1,1.0,
PER_000046,Person,COMMUNICATES_WITH,PER_000030,Person,2025-01-08 17:36:20,2025-01-08 17:36:20,1,1.0,
PER_000046,Person,COMMUNICATES_WITH,PER_000031,Person,2025-02-24 13:44:07,2025-02-24 13:44:07,1,1.0,
PER_000046,Person,COMMUNICATES_WITH,PER_000032,Person,2025-09-30 13:47:25,2025-09-30 13:47:25,1,1.0,
PER_000046,Person,COMMUNICATES_WITH,PER_000037,Person,2025-07-17 19:20:01,2025-07-17 19:20:01,1,1.0,
PER_000046,Person,COMMUNICATES_WITH,PER_000045,Person,2025-07-29 08:50:25,2025-07-29 08:50:25,1,1.0,
PER_000046,Person,COMMUNICATES_WITH,PER_000050,Person,2025-06-28 21:31:51,2025-09-25 10:38:51,2,2.0,
PER_000046,Person,COMMUNICATES_WITH,PER_000051,Person,2025-01-09 14:58:22,2025-01-09 14:58:22,1,1.0,
PER_000046,Person,COMMUNICATES_WITH,PER_000058,Person,2025-11-24 12:31:06,2025-11-24 12:31:06,1,1.0,
PER_000046,Person,COMMUNICATES_WITH,PER_000068,Person,2025-05-17 08:07:16,2025-05-17 08:07:16,1,1.0,
PER_000046,Person,COMMUNICATES_WITH,PER_000078,Person,2025-10-30 16:50:55,2025-10-30 16:50:55,1,1.0,
PER_000046,Person,COMMUNICATES_WITH,PER_000084,Person,2025-12-14 16:28:50,2025-12-14 16:28:50,1,1.0,
PER_000046,Person,COMMUNICATES_WITH,PER_000088,Person,2025-08-11 14:43:22,2025-08-11 14:43:22,1,1.0,
PER_000046,Person,COMMUNICATES_WITH,PER_000100,Person,2025-01-16 11:02:49,2025-01-16 11:02:49,1,1.0,
PER_000047,Person,COMMUNICATES_WITH,PER_000021,Person,2025-09-05 15:59:40,2025-09-05 15:59:40,1,1.0,
PER_000047,Person,COMMUNICATES_WITH,PER_000024,Person,2025-02-27 21:25:45,2025-07-24 20:22:09,2,2.0,
PER_000047,Person,COMMUNICATES_WITH,PER_000050,Person,2025-10-18 06:55:43,2025-10-18 06:55:43,1,1.0,
PER_000047,Person,COMMUNICATES_WITH,PER_000072,Person,2025-12-23 17:45:36,2025-12-23 17:45:36,1,1.0,
PER_000047,Person,COMMUNICATES_WITH,PER_000091,Person,2025-01-10 10:02:41,2025-01-10 10:02:41,1,1.0,
PER_000047,Person,COMMUNICATES_WITH,PER_000097,Person,2025-11-09 17:15:40,2025-11-09 17:15:40,1,1.0,
PER_000047,Person,COMMUNICATES_WITH,PER_000098,Person,2025-07-25 12:22:57,2025-07-25 12:22:57,1,1.0,
PER_000047,Person,COMMUNICATES_WITH,PER_000099,Person,2025-11-27 15:31:50,2025-11-27 15:31:50,1,1.0,
PER_000047,Person,COMMUNICATES_WITH,PER_000100,Person,2025-08-16 08:10:17,2025-08-16 08:10:17,1,1.0,
PER_000048,Person,COMMUNICATES_WITH,PER_000008,Person,2025-11-13 18:12:27,2025-11-13 18:12:27,1,1.0,
PER_000048,Person,COMMUNICATES_WITH,PER_000014,Person,2025-11-20 20:00:39,2025-11-20 20:00:39,1,1.0,
PER_000048,Person,COMMUNICATES_WITH,PER_000041,Person,2025-06-10 15:07:00,2025-06-10 15:07:00,1,1.0,
PER_000048,Person,COMMUNICATES_WITH,PER_000043,Person,2025-05-01 12:21:53,2025-05-01 12:21:53,1,1.0,
PER_000048,Person,COMMUNICATES_WITH,PER_000050,Person,2025-06-11 09:53:46,2025-06-11 09:53:46,1,1.0,
PER_000048,Person,COMMUNICATES_WITH,PER_000060,Person,2025-08-16 07:52:24,2025-08-16 07:52:24,1,1.0,
PER_000048,Person,COMMUNICATES_WITH,PER_000091,Person,2025-12-27 10:04:38,2025-12-27 10:04:38,1,1.0,
PER_000048,Person,COMMUNICATES_WITH,PER_000095,Person,2025-04-22 20:05:23,2025-04-22 20:05:23,1,1.0,
PER_000049,Person,COMMUNICATES_WITH,PER_000006,Person,2025-03-11 13:42:22,2025-12-10 16:37:55,2,2.0,
PER_000049,Person,COMMUNICATES_WITH,PER_000008,Person,2025-09-21 16:30:56,2025-09-21 16:30:56,1,1.0,
PER_000049,Person,COMMUNICATES_WITH,PER_000018,Person,2025-07-06 16:14:00,2025-08-02 05:05:20,2,2.0,
PER_000049,Person,COMMUNICATES_WITH,PER_000019,Person,2025-07-12 06:01:12,2025-07-12 06:01:12,1,1.0,
PER_000049,Person,COMMUNICATES_WITH,PER_000054,Person,2025-08-08 11:22:22,2025-08-08 11:22:22,1,1.0,
PER_000049,Person,COMMUNICATES_WITH,PER_000057,Person,2025-07-24 10:23:00,2025-07-24 10:23:00,1,1.0,
PER_000049,Person,COMMUNICATES_WITH,PER_000058,Person,2025-06-27 10:11:22,2025-06-27 10:11:22,1,1.0,
PER_000049,Person,COMMUNICATES_WITH,PER_000064,Person,2025-04-28 18:04:58,2025-11-05 21:36:16,2,2.0,
PER_000049,Person,COMMUNICATES_WITH,PER_000070,Person,2025-12-01 11:59:06,2025-12-01 11:59:06,1,1.0,
PER_000049,Person,COMMUNICATES_WITH,PER_000076,Person,2025-05-21 09:08:55,2025-08-13 05:03:36,2,2.0,
PER_000049,Person,COMMUNICATES_WITH,PER_000078,Person,2025-08-09 20:54:13,2025-08-09 20:54:13,1,1.0,
PER_000049,Person,COMMUNICATES_WITH,PER_000085,Person,2025-08-10 22:36:37,2025-08-10 22:36:37,1,1.0,
PER_000049,Person,COMMUNICATES_WITH,PER_000089,Person,2025-03-14 10:12:57,2025-03-14 10:12:57,1,1.0,
PER_000049,Person,COMMUNICATES_WITH,PER_000091,Person,2025-08-04 02:04:41,2025-08-04 02:04:41,1,1.0,
PER_000049,Person,COMMUNICATES_WITH,PER_000092,Person,2025-03-15 05:30:04,2025-03-15 05:30:04,1,1.0,
PER_000049,Person,COMMUNICATES_WITH,PER_000093,Person,2025-06-20 20:09:52,2025-09-28 09:39:12,2,2.0,
PER_000049,Person,COMMUNICATES_WITH,PER_000099,Person,2025-06-24 16:37:05,2025-06-24 16:37:05,1,1.0,
PER_000050,Person,COMMUNICATES_WITH,PER_000001,Person,2025-06-11 10:08:00,2025-06-11 10:08:00,1,1.0,
PER_000050,Person,COMMUNICATES_WITH,PER_000002,Person,2025-04-16 12:36:11,2025-11-25 15:20:24,11,11.0,
PER_000050,Person,COMMUNICATES_WITH,PER_000010,Person,2025-09-26 09:36:20,2025-09-26 09:36:20,1,1.0,
PER_000050,Person,COMMUNICATES_WITH,PER_000013,Person,2025-12-23 15:30:36,2025-12-23 15:30:36,1,1.0,
PER_000050,Person,COMMUNICATES_WITH,PER_000015,Person,2025-01-30 15:15:05,2025-01-30 15:15:05,1,1.0,
PER_000050,Person,COMMUNICATES_WITH,PER_000016,Person,2025-03-25 05:54:36,2025-12-10 10:47:08,11,11.0,
PER_000050,Person,COMMUNICATES_WITH,PER_000018,Person,2025-03-16 07:52:14,2025-09-21 10:54:05,8,8.0,
PER_000050,Person,COMMUNICATES_WITH,PER_000022,Person,2025-10-10 16:12:47,2025-10-10 16:12:47,1,1.0,
PER_000050,Person,COMMUNICATES_WITH,PER_000023,Person,2025-02-13 17:29:40,2025-02-13 17:29:40,1,1.0,
PER_000050,Person,COMMUNICATES_WITH,PER_000024,Person,2025-02-02 16:38:55,2025-12-27 09:00:10,11,11.0,
PER_000050,Person,COMMUNICATES_WITH,PER_000027,Person,2025-03-01 20:38:39,2025-11-20 10:33:09,7,7.0,
PER_000050,Person,COMMUNICATES_WITH,PER_000031,Person,2025-11-11 21:30:41,2025-11-11 21:30:41,1,1.0,
PER_000050,Person,COMMUNICATES_WITH,PER_000035,Person,2025-07-11 08:14:07,2025-07-11 08:14:07,1,1.0,
PER_000050,Person,COMMUNICATES_WITH,PER_000037,Person,2025-05-19 13:34:32,2025-05-19 13:34:32,1,1.0,
PER_000050,Person,COMMUNICATES_WITH,PER_000042,Person,2025-01-12 21:08:27,2025-12-06 04:08:24,12,12.0,
PER_000050,Person,COMMUNICATES_WITH,PER_000057,Person,2025-07-08 15:46:46,2025-07-08 15:46:46,1,1.0,
PER_000050,Person,COMMUNICATES_WITH,PER_000064,Person,2025-02-22 16:18:27,2025-05-22 17:18:12,2,2.0,
PER_000050,Person,COMMUNICATES_WITH,PER_000086,Person,2025-08-19 10:35:30,2025-08-19 10:35:30,1,1.0,
PER_000050,Person,COMMUNICATES_WITH,PER_000087,Person,2025-01-23 18:47:23,2025-10-06 14:30:11,11,11.0,
PER_000051,Person,COMMUNICATES_WITH,PER_000007,Person,2025-11-12 18:41:25,2025-11-12 18:41:25,1,1.0,
PER_000051,Person,COMMUNICATES_WITH,PER_000018,Person,2025-06-12 22:37:14,2025-06-12 22:37:14,1,1.0,
PER_000051,Person,COMMUNICATES_WITH,PER_000035,Person,2025-06-22 07:22:50,2025-06-22 07:22:50,1,1.0,
PER_000051,Person,COMMUNICATES_WITH,PER_000041,Person,2025-06-06 07:53:23,2025-06-06 07:53:23,1,1.0,
PER_000051,Person,COMMUNICATES_WITH,PER_000045,Person,2025-09-25 14:41:34,2025-09-25 14:41:34,1,1.0,
PER_000051,Person,COMMUNICATES_WITH,PER_000052,Person,2025-05-21 16:00:36,2025-05-21 16:00:36,1,1.0,
PER_000051,Person,COMMUNICATES_WITH,PER_000054,Person,2025-10-23 18:22:47,2025-10-23 18:22:47,1,1.0,
PER_000051,Person,COMMUNICATES_WITH,PER_000061,Person,2025-09-01 16:24:06,2025-09-01 16:24:06,1,1.0,
PER_000051,Person,COMMUNICATES_WITH,PER_000062,Person,2025-02-08 13:48:30,2025-02-08 13:48:30,1,1.0,
PER_000051,Person,COMMUNICATES_WITH,PER_000064,Person,2025-06-13 06:05:20,2025-06-13 06:05:20,1,1.0,
PER_000051,Person,COMMUNICATES_WITH,PER_000065,Person,2025-02-24 15:40:38,2025-08-17 11:12:55,2,2.0,
PER_000051,Person,COMMUNICATES_WITH,PER_000066,Person,2025-07-11 17:50:14,2025-07-11 17:50:14,1,1.0,
PER_000051,Person,COMMUNICATES_WITH,PER_000072,Person,2025-01-29 10:45:31,2025-01-29 10:45:31,1,1.0,
PER_000051,Person,COMMUNICATES_WITH,PER_000075,Person,2025-04-10 16:34:57,2025-04-10 16:34:57,1,1.0,
PER_000051,Person,COMMUNICATES_WITH,PER_000096,Person,2025-07-16 10:45:27,2025-07-16 10:45:27,1,1.0,
PER_000052,Person,COMMUNICATES_WITH,PER_000005,Person,2025-08-01 09:27:32,2025-08-01 09:27:32,1,1.0,
PER_000052,Person,COMMUNICATES_WITH,PER_000009,Person,2025-03-09 10:12:22,2025-03-09 10:12:22,1,1.0,
PER_000052,Person,COMMUNICATES_WITH,PER_000042,Person,2025-03-22 15:58:11,2025-03-22 15:58:11,1,1.0,
PER_000052,Person,COMMUNICATES_WITH,PER_000071,Person,2025-08-09 11:01:57,2025-08-09 11:01:57,1,1.0,
PER_000052,Person,COMMUNICATES_WITH,PER_000081,Person,2025-03-08 11:17:04,2025-11-29 13:50:24,2,2.0,
PER_000052,Person,COMMUNICATES_WITH,PER_000085,Person,2025-04-10 14:28:02,2025-04-10 14:28:02,1,1.0,
PER_000052,Person,COMMUNICATES_WITH,PER_000088,Person,2025-01-25 11:30:42,2025-01-25 11:30:42,1,1.0,
PER_000052,Person,COMMUNICATES_WITH,PER_000089,Person,2025-06-15 10:45:57,2025-06-15 10:45:57,1,1.0,
PER_000052,Person,COMMUNICATES_WITH,PER_000091,Person,2025-01-30 15:56:41,2025-01-30 15:56:41,1,1.0,
PER_000053,Person,COMMUNICATES_WITH,PER_000011,Person,2025-12-04 11:21:12,2025-12-04 11:21:12,1,1.0,
PER_000053,Person,COMMUNICATES_WITH,PER_000042,Person,2025-08-10 08:02:55,2025-08-10 08:02:55,1,1.0,
PER_000053,Person,COMMUNICATES_WITH,PER_000052,Person,2025-12-27 17:17:22,2025-12-27 17:17:22,1,1.0,
PER_000053,Person,COMMUNICATES_WITH,PER_000056,Person,2025-02-15 12:01:24,2025-02-15 12:01:24,1,1.0,
PER_000053,Person,COMMUNICATES_WITH,PER_000075,Person,2025-05-05 17:02:08,2025-05-05 17:02:08,1,1.0,
PER_000053,Person,COMMUNICATES_WITH,PER_000082,Person,2025-03-07 20:59:53,2025-03-07 20:59:53,1,1.0,
PER_000053,Person,COMMUNICATES_WITH,PER_000094,Person,2025-09-24 18:19:36,2025-09-24 18:19:36,1,1.0,
PER_000054,Person,COMMUNICATES_WITH,PER_000005,Person,2025-07-08 09:11:14,2025-07-08 09:11:14,1,1.0,
PER_000054,Person,COMMUNICATES_WITH,PER_000019,Person,2025-10-28 21:38:05,2025-10-28 21:38:05,1,1.0,
PER_000054,Person,COMMUNICATES_WITH,PER_000026,Person,2025-05-04 10:09:36,2025-05-04 10:09:36,1,1.0,
PER_000054,Person,COMMUNICATES_WITH,PER_000030,Person,2025-05-06 21:23:11,2025-05-06 21:23:11,1,1.0,
PER_000054,Person,COMMUNICATES_WITH,PER_000039,Person,2025-03-13 19:39:58,2025-06-13 14:44:56,2,2.0,
PER_000054,Person,COMMUNICATES_WITH,PER_000050,Person,2025-07-31 17:44:12,2025-07-31 17:44:12,1,1.0,
PER_000054,Person,COMMUNICATES_WITH,PER_000057,Person,2025-12-20 10:21:38,2025-12-20 10:21:38,1,1.0,
PER_000054,Person,COMMUNICATES_WITH,PER_000066,Person,2025-06-17 06:16:58,2025-06-17 06:16:58,1,1.0,
PER_000054,Person,COMMUNICATES_WITH,PER_000075,Person,2025-03-06 16:01:50,2025-10-24 07:12:03,2,2.0,
PER_000054,Person,COMMUNICATES_WITH,PER_000096,Person,2025-01-13 19:52:22,2025-01-13 19:52:22,1,1.0,
PER_000055,Person,COMMUNICATES_WITH,PER_000009,Person,2025-10-24 19:20:32,2025-10-24 19:20:32,1,1.0,
PER_000055,Person,COMMUNICATES_WITH,PER_000011,Person,2025-03-07 08:37:09,2025-03-07 08:37:09,1,1.0,
PER_000055,Person,COMMUNICATES_WITH,PER_000013,Person,2025-05-03 17:31:09,2025-05-03 17:31:09,1,1.0,
PER_000055,Person,COMMUNICATES_WITH,PER_000020,Person,2025-06-03 12:38:34,2025-06-03 12:38:34,1,1.0,
PER_000055,Person,COMMUNICATES_WITH,PER_000030,Person,2025-10-06 19:08:06,2025-10-06 19:08:06,1,1.0,
PER_000055,Person,COMMUNICATES_WITH,PER_000039,Person,2025-11-17 11:51:13,2025-11-17 11:51:13,1,1.0,
PER_000055,Person,COMMUNICATES_WITH,PER_000056,Person,2025-08-11 20:37:37,2025-12-15 19:25:36,2,2.0,
PER_000055,Person,COMMUNICATES_WITH,PER_000061,Person,2025-05-01 11:38:13,2025-05-01 11:38:13,1,1.0,
PER_000055,Person,COMMUNICATES_WITH,PER_000064,Person,2025-03-02 06:19:44,2025-03-02 06:19:44,1,1.0,
PER_000055,Person,COMMUNICATES_WITH,PER_000068,Person,2025-05-08 07:19:02,2025-05-08 07:19:02,1,1.0,
PER_000055,Person,COMMUNICATES_WITH,PER_000072,Person,2025-11-26 07:23:46,2025-11-26 07:23:46,1,1.0,
PER_000055,Person,COMMUNICATES_WITH,PER_000076,Person,2025-08-01 16:04:54,2025-08-01 16:04:54,1,1.0,
PER_000055,Person,COMMUNICATES_WITH,PER_000078,Person,2025-07-20 06:46:34,2025-07-20 06:46:34,1,1.0,
PER_000055,Person,COMMUNICATES_WITH,PER_000086,Person,2025-01-31 09:08:44,2025-01-31 09:08:44,1,1.0,
PER_000055,Person,COMMUNICATES_WITH,PER_000089,Person,2025-01-01 08:03:59,2025-01-01 08:03:59,1,1.0,
PER_000056,Person,COMMUNICATES_WITH,PER_000023,Person,2025-05-24 04:08:05,2025-05-24 04:08:05,1,1.0,
PER_000056,Person,COMMUNICATES_WITH,PER_000031,Person,2025-01-11 09:50:54,2025-01-11 09:50:54,1,1.0,
PER_000056,Person,COMMUNICATES_WITH,PER_000039,Person,2025-06-06 17:20:56,2025-06-06 17:20:56,1,1.0,
PER_000056,Person,COMMUNICATES_WITH,PER_000041,Person,2025-03-27 18:00:50,2025-03-27 18:00:50,1,1.0,
PER_000056,Person,COMMUNICATES_WITH,PER_000048,Person,2025-02-02 14:16:14,2025-02-02 14:16:14,1,1.0,
PER_000056,Person,COMMUNICATES_WITH,PER_000050,Person,2025-12-31 10:49:43,2025-12-31 10:49:43,1,1.0,
PER_000056,Person,COMMUNICATES_WITH,PER_000081,Person,2025-06-25 13:09:27,2025-06-25 13:09:27,1,1.0,
PER_000056,Person,COMMUNICATES_WITH,PER_000090,Person,2025-04-25 19:26:29,2025-04-25 19:26:29,1,1.0,
PER_000057,Person,COMMUNICATES_WITH,PER_000010,Person,2025-12-26 13:38:30,2025-12-26 13:38:30,1,1.0,
PER_000057,Person,COMMUNICATES_WITH,PER_000015,Person,2025-02-22 12:14:53,2025-02-22 12:14:53,1,1.0,
PER_000057,Person,COMMUNICATES_WITH,PER_000026,Person,2025-02-09 05:13:32,2025-02-09 05:13:32,1,1.0,
PER_000057,Person,COMMUNICATES_WITH,PER_000036,Person,2025-07-25 09:13:56,2025-07-25 09:13:56,1,1.0,
PER_000057,Person,COMMUNICATES_WITH,PER_000039,Person,2025-01-31 06:29:18,2025-01-31 06:29:18,1,1.0,
PER_000057,Person,COMMUNICATES_WITH,PER_000046,Person,2025-01-11 09:44:24,2025-01-11 09:44:24,1,1.0,
PER_000057,Person,COMMUNICATES_WITH,PER_000048,Person,2025-04-30 09:12:43,2025-04-30 09:12:43,1,1.0,
PER_000057,Person,COMMUNICATES_WITH,PER_000058,Person,2025-01-09 11:12:41,2025-01-09 11:12:41,1,1.0,
PER_000057,Person,COMMUNICATES_WITH,PER_000063,Person,2025-05-13 17:31:19,2025-05-13 17:31:19,1,1.0,
PER_000057,Person,COMMUNICATES_WITH,PER_000069,Person,2025-07-11 17:50:56,2025-07-11 17:50:56,1,1.0,
PER_000057,Person,COMMUNICATES_WITH,PER_000075,Person,2025-07-31 18:33:06,2025-07-31 18:33:06,1,1.0,
PER_000057,Person,COMMUNICATES_WITH,PER_000079,Person,2025-01-02 22:23:16,2025-01-02 22:23:16,1,1.0,
PER_000057,Person,COMMUNICATES_WITH,PER_000090,Person,2025-06-24 17:39:09,2025-06-24 17:39:09,1,1.0,
PER_000057,Person,COMMUNICATES_WITH,PER_000096,Person,2025-01-18 15:12:29,2025-01-18 15:12:29,1,1.0,
PER_000058,Person,COMMUNICATES_WITH,PER_000006,Person,2025-05-06 16:26:12,2025-05-06 16:26:12,1,1.0,
PER_000058,Person,COMMUNICATES_WITH,PER_000022,Person,2025-06-20 13:13:12,2025-06-20 13:13:12,1,1.0,
PER_000058,Person,COMMUNICATES_WITH,PER_000023,Person,2025-04-03 12:19:00,2025-04-03 12:19:00,1,1.0,
PER_000058,Person,COMMUNICATES_WITH,PER_000032,Person,2025-06-14 11:51:12,2025-06-14 11:51:12,1,1.0,
PER_000058,Person,COMMUNICATES_WITH,PER_000041,Person,2025-09-30 16:10:32,2025-09-30 16:10:32,1,1.0,
PER_000058,Person,COMMUNICATES_WITH,PER_000054,Person,2025-08-12 16:04:30,2025-08-12 16:04:30,1,1.0,
PER_000058,Person,COMMUNICATES_WITH,PER_000055,Person,2025-06-07 14:44:17,2025-06-07 14:44:17,1,1.0,
PER_000058,Person,COMMUNICATES_WITH,PER_000066,Person,2025-06-21 16:58:44,2025-06-21 16:58:44,1,1.0,
PER_000058,Person,COMMUNICATES_WITH,PER_000072,Person,2025-05-24 11:29:41,2025-05-24 11:29:41,1,1.0,
PER_000058,Person,COMMUNICATES_WITH,PER_000077,Person,2025-12-12 11:05:20,2025-12-12 11:05:20,1,1.0,
PER_000058,Person,COMMUNICATES_WITH,PER_000083,Person,2025-12-03 07:14:09,2025-12-03 07:14:09,1,1.0,
PER_000058,Person,COMMUNICATES_WITH,PER_000100,Person,2025-10-23 01:01:25,2025-10-23 01:01:25,1,1.0,
PER_000059,Person,COMMUNICATES_WITH,PER_000002,Person,2025-06-16 15:19:26,2025-06-16 15:19:26,1,1.0,
PER_000059,Person,COMMUNICATES_WITH,PER_000003,Person,2025-05-26 13:11:05,2025-05-26 13:11:05,1,1.0,
PER_000059,Person,COMMUNICATES_WITH,PER_000004,Person,2025-04-07 20:52:24,2025-08-20 06:29:26,4,4.0,
PER_000059,Person,COMMUNICATES_WITH,PER_000005,Person,2025-09-18 06:29:51,2025-09-18 06:29:51,1,1.0,
PER_000059,Person,COMMUNICATES_WITH,PER_000007,Person,2025-01-13 16:11:08,2025-01-13 16:11:08,1,1.0,
PER_000059,Person,COMMUNICATES_WITH,PER_000009,Person,2025-10-06 10:24:55,2025-12-30 10:20:14,3,3.0,
PER_000059,Person,COMMUNICATES_WITH,PER_000010,Person,2025-09-12 16:25:12,2025-09-27 15:55:23,2,2.0,
PER_000059,Person,COMMUNICATES_WITH,PER_000011,Person,2025-01-24 09:01:59,2025-03-26 08:36:03,3,3.0,
PER_000059,Person,COMMUNICATES_WITH,PER_000012,Person,2025-07-08 15:29:38,2025-09-04 03:02:57,3,3.0,
PER_000059,Person,COMMUNICATES_WITH,PER_000013,Person,2025-08-05 07:31:51,2025-08-05 07:31:51,1,1.0,
PER_000059,Person,COMMUNICATES_WITH,PER_000014,Person,2025-10-26 13:21:23,2025-10-26 13:21:23,1,1.0,
PER_000059,Person,COMMUNICATES_WITH,PER_000015,Person,2025-02-14 18:17:04,2025-02-14 18:17:04,1,1.0,
PER_000059,Person,COMMUNICATES_WITH,PER_000016,Person,2025-01-31 13:41:27,2025-01-31 13:41:27,1,1.0,
PER_000059,Person,COMMUNICATES_WITH,PER_000018,Person,2025-04-15 09:57:32,2025-10-25 06:06:32,3,3.0,
PER_000059,Person,COMMUNICATES_WITH,PER_000019,Person,2025-11-07 11:38:32,2025-12-01 19:22:02,2,2.0,
PER_000059,Person,COMMUNICATES_WITH,PER_000020,Person,2025-06-15 12:17:02,2025-06-15 12:17:02,1,1.0,
PER_000059,Person,COMMUNICATES_WITH,PER_000021,Person,2025-06-21 10:59:06,2025-11-22 17:53:22,2,2.0,
PER_000059,Person,COMMUNICATES_WITH,PER_000022,Person,2025-08-27 09:29:26,2025-08-27 09:29:26,1,1.0,
PER_000059,Person,COMMUNICATES_WITH,PER_000023,Person,2025-11-27 09:50:05,2025-11-27 09:50:05,1,1.0,
PER_000059,Person,COMMUNICATES_WITH,PER_000025,Person,2025-01-01 12:21:59,2025-09-15 16:14:53,5,5.0,
PER_000059,Person,COMMUNICATES_WITH,PER_000026,Person,2025-04-30 06:56:48,2025-04-30 06:56:48,1,1.0,
PER_000059,Person,COMMUNICATES_WITH,PER_000029,Person,2025-03-29 19:18:07,2025-11-14 03:34:55,4,4.0,
PER_000059,Person,COMMUNICATES_WITH,PER_000030,Person,2025-09-21 09:41:57,2025-11-12 11:37:59,2,2.0,
PER_000059,Person,COMMUNICATES_WITH,PER_000031,Person,2025-01-03 17:32:09,2025-09-25 10:10:45,3,3.0,
PER_000059,Person,COMMUNICATES_WITH,PER_000032,Person,2025-02-07 12:59:12,2025-12-23 16:39:05,3,3.0,
PER_000059,Person,COMMUNICATES_WITH,PER_000033,Person,2025-07-12 13:42:51,2025-07-12 13:42:51,1,1.0,
PER_000059,Person,COMMUNICATES_WITH,PER_000035,Person,2025-07-20 14:11:53,2025-07-29 07:48:00,2,2.0,
PER_000059,Person,COMMUNICATES_WITH,PER_000036,Person,2025-09-09 19:07:07,2025-09-20 18:38:31,2,2.0,
PER_000059,Person,COMMUNICATES_WITH,PER_000037,Person,2025-07-19 20:22:17,2025-11-09 11:08:28,2,2.0,
PER_000059,Person,COMMUNICATES_WITH,PER_000040,Person,2025-11-19 11:23:24,2025-12-31 19:03:26,2,2.0,
PER_000059,Person,COMMUNICATES_WITH,PER_000043,Person,2025-03-19 10:27:43,2025-12-17 05:27:05,2,2.0,
PER_000059,Person,COMMUNICATES_WITH,PER_000044,Person,2025-04-04 19:48:04,2025-12-13 14:54:55,2,2.0,
PER_000059,Person,COMMUNICATES_WITH,PER_000045,Person,2025-01-10 05:49:24,2025-01-10 05:49:24,1,1.0,
PER_000059,Person,COMMUNICATES_WITH,PER_000046,Person,2025-05-11 15:57:21,2025-07-01 05:59:31,2,2.0,
PER_000059,Person,COMMUNICATES_WITH,PER_000047,Person,2025-10-08 09:41:11,2025-12-06 22:21:21,2,2.0,
PER_000059,Person,COMMUNICATES_WITH,PER_000051,Person,2025-02-21 14:23:55,2025-02-21 14:23:55,1,1.0,
PER_000059,Person,COMMUNICATES_WITH,PER_000052,Person,2025-09-12 15:13:19,2025-09-12 15:13:19,1,1.0,
PER_000059,Person,COMMUNICATES_WITH,PER_000053,Person,2025-04-23 19:52:07,2025-04-23 19:52:07,1,1.0,
PER_000059,Person,COMMUNICATES_WITH,PER_000055,Person,2025-04-09 14:16:01,2025-11-28 07:28:36,2,2.0,
PER_000059,Person,COMMUNICATES_WITH,PER_000057,Person,2025-05-05 13:35:04,2025-05-06 11:56:14,2,2.0,
PER_000059,Person,COMMUNICATES_WITH,PER_000060,Person,2025-01-12 11:29:06,2025-12-18 15:59:44,3,3.0,
PER_000059,Person,COMMUNICATES_WITH,PER_000061,Person,2025-08-14 09:47:37,2025-08-14 09:47:37,1,1.0,
PER_000059,Person,COMMUNICATES_WITH,PER_000062,Person,2025-05-15 12:06:09,2025-05-15 12:06:09,1,1.0,
PER_000059,Person,COMMUNICATES_WITH,PER_000063,Person,2025-06-04 06:49:34,2025-06-04 06:49:34,1,1.0,
PER_000059,Person,COMMUNICATES_WITH,PER_000066,Person,2025-06-11 08:30:42,2025-08-31 15:01:53,2,2.0,
PER_000059,Person,COMMUNICATES_WITH,PER_000067,Person,2025-07-11 11:55:18,2025-07-16 17:22:21,2,2.0,
PER_000059,Person,COMMUNICATES_WITH,PER_000068,Person,2025-03-13 13:44:22,2025-03-26 09:55:47,2,2.0,
PER_000059,Person,COMMUNICATES_WITH,PER_000069,Person,2025-07-04 15:23:54,2025-07-04 15:23:54,1,1.0,
PER_000059,Person,COMMUNICATES_WITH,PER_000070,Person,2025-01-04 05:39:57,2025-10-15 15:25:13,3,3.0,
PER_000059,Person,COMMUNICATES_WITH,PER_000073,Person,2025-07-13 10:31:44,2025-07-13 10:31:44,1,1.0,
PER_000059,Person,COMMUNICATES_WITH,PER_000074,Person,2025-04-07 17:52:14,2025-10-20 13:08:20,3,3.0,
PER_000059,Person,COMMUNICATES_WITH,PER_000075,Person,2025-07-07 05:40:04,2025-11-06 13:36:01,2,2.0,
PER_000059,Person,COMMUNICATES_WITH,PER_000076,Person,2025-09-22 21:32:42,2025-12-22 20:50:54,2,2.0,
PER_000059,Person,COMMUNICATES_WITH,PER_000077,Person,2025-09-09 13:57:52,2025-09-09 13:57:52,1,1.0,
PER_000059,Person,COMMUNICATES_WITH,PER_000079,Person,2025-07-05 16:03:59,2025-12-14 03:39:54,2,2.0,
PER_000059,Person,COMMUNICATES_WITH,PER_000080,Person,2025-09-06 05:08:05,2025-09-06 05:08:05,1,1.0,
PER_000059,Person,COMMUNICATES_WITH,PER_000081,Person,2025-01-19 14:46:54,2025-07-01 12:07:49,2,2.0,
PER_000059,Person,COMMUNICATES_WITH,PER_000084,Person,2025-11-27 18:37:11,2025-11-27 18:37:11,1,1.0,
PER_000059,Person,COMMUNICATES_WITH,PER_000086,Person,2025-02-08 11:16:40,2025-02-08 11:16:40,1,1.0,
PER_000059,Person,COMMUNICATES_WITH,PER_000087,Person,2025-07-02 19:43:16,2025-12-06 13:50:09,4,4.0,
PER_000059,Person,COMMUNICATES_WITH,PER_000088,Person,2025-03-01 09:15:52,2025-12-09 03:14:53,2,2.0,
PER_000059,Person,COMMUNICATES_WITH,PER_000089,Person,2025-11-09 17:21:50,2025-11-09 17:21:50,1,1.0,
PER_000059,Person,COMMUNICATES_WITH,PER_000090,Person,2025-12-04 10:29:46,2025-12-04 10:29:46,1,1.0,
PER_000059,Person,COMMUNICATES_WITH,PER_000091,Person,2025-03-13 11:32:48,2025-05-26 14:12:50,3,3.0,
PER_000059,Person,COMMUNICATES_WITH,PER_000092,Person,2025-09-03 10:42:14,2025-10-12 16:00:16,2,2.0,
PER_000059,Person,COMMUNICATES_WITH,PER_000094,Person,2025-07-02 21:16:19,2025-09-04 08:23:14,2,2.0,
PER_000059,Person,COMMUNICATES_WITH,PER_000095,Person,2025-08-27 11:44:38,2025-12-21 18:34:55,2,2.0,
PER_000059,Person,COMMUNICATES_WITH,PER_000096,Person,2025-01-27 09:21:54,2025-01-27 09:21:54,1,1.0,
PER_000059,Person,COMMUNICATES_WITH,PER_000097,Person,2025-11-14 10:56:51,2025-11-14 10:56:51,1,1.0,
PER_000059,Person,COMMUNICATES_WITH,PER_000100,Person,2025-01-02 21:15:04,2025-02-17 19:32:27,2,2.0,
PER_000060,Person,COMMUNICATES_WITH,PER_000004,Person,2025-08-01 16:06:27,2025-08-01 16:06:27,1,1.0,
PER_000060,Person,COMMUNICATES_WITH,PER_000006,Person,2025-04-04 16:53:25,2025-04-04 16:53:25,1,1.0,
PER_000060,Person,COMMUNICATES_WITH,PER_000012,Person,2025-11-14 15:47:37,2025-11-14 15:47:37,1,1.0,
PER_000060,Person,COMMUNICATES_WITH,PER_000013,Person,2025-06-27 17:43:46,2025-06-27 17:43:46,1,1.0,
PER_000060,Person,COMMUNICATES_WITH,PER_000014,Person,2025-02-04 20:21:43,2025-02-11 10:33:00,2,2.0,
PER_000060,Person,COMMUNICATES_WITH,PER_000016,Person,2025-08-25 18:17:11,2025-08-25 18:17:11,1,1.0,
PER_000060,Person,COMMUNICATES_WITH,PER_000037,Person,2025-11-27 09:42:20,2025-11-27 09:42:20,1,1.0,
PER_000060,Person,COMMUNICATES_WITH,PER_000038,Person,2025-01-07 13:20:13,2025-01-07 13:20:13,1,1.0,
PER_000060,Person,COMMUNICATES_WITH,PER_000046,Person,2025-08-30 14:32:53,2025-08-30 14:32:53,1,1.0,
PER_000060,Person,COMMUNICATES_WITH,PER_000051,Person,2025-01-16 17:33:25,2025-01-16 17:33:25,1,1.0,
PER_000060,Person,COMMUNICATES_WITH,PER_000061,Person,2025-04-13 16:23:16,2025-04-13 16:23:16,1,1.0,
PER_000060,Person,COMMUNICATES_WITH,PER_000069,Person,2025-06-18 13:48:37,2025-07-13 14:07:42,2,2.0,
PER_000060,Person,COMMUNICATES_WITH,PER_000075,Person,2025-08-22 18:58:50,2025-08-22 18:58:50,1,1.0,
PER_000060,Person,COMMUNICATES_WITH,PER_000083,Person,2025-12-17 16:07:38,2025-12-17 16:07:38,1,1.0,
PER_000060,Person,COMMUNICATES_WITH,PER_000088,Person,2025-01-17 19:16:01,2025-01-17 19:16:01,1,1.0,
PER_000060,Person,COMMUNICATES_WITH,PER_000092,Person,2025-01-30 06:54:51,2025-01-30 06:54:51,1,1.0,
PER_000060,Person,COMMUNICATES_WITH,PER_000094,Person,2025-03-01 14:26:11,2025-03-01 14:26:11,1,1.0,
PER_000060,Person,COMMUNICATES_WITH,PER_000096,Person,2025-05-19 16:12:01,2025-05-19 16:12:01,1,1.0,
PER_000061,Person,COMMUNICATES_WITH,PER_000014,Person,2025-09-01 19:13:40,2025-09-01 19:13:40,1,1.0,
PER_000061,Person,COMMUNICATES_WITH,PER_000019,Person,2025-05-23 16:56:50,2025-09-12 17:03:09,2,2.0,
PER_000061,Person,COMMUNICATES_WITH,PER_000020,Person,2025-10-16 17:04:57,2025-10-16 17:04:57,1,1.0,
PER_000061,Person,COMMUNICATES_WITH,PER_000027,Person,2025-07-12 08:39:01,2025-07-12 08:39:01,1,1.0,
PER_000061,Person,COMMUNICATES_WITH,PER_000034,Person,2025-12-05 15:50:54,2025-12-05 15:50:54,1,1.0,
PER_000061,Person,COMMUNICATES_WITH,PER_000037,Person,2025-07-10 14:59:20,2025-12-01 14:42:57,2,2.0,
PER_000061,Person,COMMUNICATES_WITH,PER_000047,Person,2025-04-07 20:35:24,2025-04-07 20:35:24,1,1.0,
PER_000061,Person,COMMUNICATES_WITH,PER_000051,Person,2025-01-20 11:24:03,2025-01-20 11:24:03,1,1.0,
PER_000061,Person,COMMUNICATES_WITH,PER_000059,Person,2025-01-28 17:33:43,2025-01-28 17:33:43,1,1.0,
PER_000061,Person,COMMUNICATES_WITH,PER_000064,Person,2025-03-16 09:36:02,2025-03-16 09:36:02,1,1.0,
PER_000061,Person,COMMUNICATES_WITH,PER_000072,Person,2025-09-22 21:37:50,2025-09-22 21:37:50,1,1.0,
PER_000061,Person,COMMUNICATES_WITH,PER_000076,Person,2025-01-31 10:16:19,2025-01-31 10:16:19,1,1.0,
PER_000061,Person,COMMUNICATES_WITH,PER_000078,Person,2025-05-10 12:46:23,2025-05-10 12:46:23,1,1.0,
PER_000061,Person,COMMUNICATES_WITH,PER_000081,Person,2025-11-21 17:37:37,2025-11-21 17:37:37,1,1.0,
PER_000061,Person,COMMUNICATES_WITH,PER_000084,Person,2025-12-07 07:54:48,2025-12-07 07:54:48,1,1.0,
PER_000061,Person,COMMUNICATES_WITH,PER_000090,Person,2025-09-26 07:01:55,2025-09-26 07:01:55,1,1.0,
PER_000061,Person,COMMUNICATES_WITH,PER_000099,Person,2025-01-14 22:32:47,2025-01-14 22:32:47,1,1.0,
PER_000062,Person,COMMUNICATES_WITH,PER_000001,Person,2025-10-26 17:06:30,2025-10-26 17:06:30,1,1.0,
PER_000062,Person,COMMUNICATES_WITH,PER_000002,Person,2025-02-10 11:15:04,2025-03-03 06:09:17,2,2.0,
PER_000062,Person,COMMUNICATES_WITH,PER_000003,Person,2025-08-23 13:44:11,2025-08-23 13:44:11,1,1.0,
PER_000062,Person,COMMUNICATES_WITH,PER_000007,Person,2025-03-08 17:41:40,2025-08-29 16:25:05,2,2.0,
PER_000062,Person,COMMUNICATES_WITH,PER_000008,Person,2025-12-17 18:40:39,2025-12-17 18:40:39,1,1.0,
PER_000062,Person,COMMUNICATES_WITH,PER_000009,Person,2025-12-26 14:06:02,2025-12-26 14:06:02,1,1.0,
PER_000062,Person,COMMUNICATES_WITH,PER_000010,Person,2025-06-29 17:47:48,2025-06-29 17:47:48,1,1.0,
PER_000062,Person,COMMUNICATES_WITH,PER_000013,Person,2025-12-31 12:54:20,2025-12-31 12:54:20,1,1.0,
PER_000062,Person,COMMUNICATES_WITH,PER_000014,Person,2025-04-05 12:57:09,2025-05-19 20:46:02,2,2.0,
PER_000062,Person,COMMUNICATES_WITH,PER_000015,Person,2025-05-25 20:45:33,2025-08-21 04:20:27,3,3.0,
PER_000062,Person,COMMUNICATES_WITH,PER_000017,Person,2025-01-18 07:58:37,2025-01-18 07:58:37,1,1.0,
PER_000062,Person,COMMUNICATES_WITH,PER_000018,Person,2025-02-09 16:48:17,2025-08-05 20:50:51,3,3.0,
PER_000062,Person,COMMUNICATES_WITH,PER_000019,Person,2025-06-15 15:13:45,2025-06-15 15:13:45,1,1.0,
PER_000062,Person,COMMUNICATES_WITH,PER_000020,Person,2025-06-19 20:29:45,2025-12-18 13:59:37,2,2.0,
PER_000062,Person,COMMUNICATES_WITH,PER_000021,Person,2025-01-24 21:43:09,2025-01-24 21:43:09,1,1.0,
PER_000062,Person,COMMUNICATES_WITH,PER_000022,Person,2025-02-19 14:01:13,2025-07-18 07:42:21,2,2.0,
PER_000062,Person,COMMUNICATES_WITH,PER_000025,Person,2025-11-25 14:45:14,2025-11-25 14:45:14,1,1.0,
PER_000062,Person,COMMUNICATES_WITH,PER_000027,Person,2025-04-15 19:58:13,2025-09-01 11:14:29,2,2.0,
PER_000062,Person,COMMUNICATES_WITH,PER_000028,Person,2025-01-05 15:47:47,2025-12-13 22:47:16,3,3.0,
PER_000062,Person,COMMUNICATES_WITH,PER_000029,Person,2025-05-12 13:50:16,2025-05-12 13:50:16,1,1.0,
PER_000062,Person,COMMUNICATES_WITH,PER_000030,Person,2025-06-16 05:43:28,2025-06-16 05:43:28,1,1.0,
PER_000062,Person,COMMUNICATES_WITH,PER_000031,Person,2025-10-11 19:35:09,2025-10-11 19:35:09,1,1.0,
PER_000062,Person,COMMUNICATES_WITH,PER_000033,Person,2025-04-03 08:41:13,2025-12-29 07:27:56,3,3.0,
PER_000062,Person,COMMUNICATES_WITH,PER_000034,Person,2025-10-06 10:29:08,2025-10-06 10:29:08,1,1.0,
PER_000062,Person,COMMUNICATES_WITH,PER_000036,Person,2025-08-17 09:52:28,2025-12-27 03:33:40,2,2.0,
PER_000062,Person,COMMUNICATES_WITH,PER_000038,Person,2025-08-30 13:57:12,2025-10-12 12:07:09,2,2.0,
PER_000062,Person,COMMUNICATES_WITH,PER_000041,Person,2025-04-02 10:48:03,2025-08-16 15:10:22,3,3.0,
PER_000062,Person,COMMUNICATES_WITH,PER_000044,Person,2025-01-10 18:11:56,2025-01-10 18:11:56,1,1.0,
PER_000062,Person,COMMUNICATES_WITH,PER_000045,Person,2025-07-27 09:18:07,2025-07-27 09:18:07,1,1.0,
PER_000062,Person,COMMUNICATES_WITH,PER_000046,Person,2025-01-04 08:00:56,2025-01-04 08:00:56,1,1.0,
PER_000062,Person,COMMUNICATES_WITH,PER_000047,Person,2025-12-06 19:57:55,2025-12-06 19:57:55,1,1.0,
PER_000062,Person,COMMUNICATES_WITH,PER_000048,Person,2025-12-23 14:05:23,2025-12-23 14:05:23,1,1.0,
PER_000062,Person,COMMUNICATES_WITH,PER_000049,Person,2025-06-05 18:07:16,2025-06-05 18:07:16,1,1.0,
PER_000062,Person,COMMUNICATES_WITH,PER_000052,Person,2025-12-24 13:16:39,2025-12-24 13:16:39,1,1.0,
PER_000062,Person,COMMUNICATES_WITH,PER_000053,Person,2025-03-10 20:44:59,2025-06-13 21:58:54,2,2.0,
PER_000062,Person,COMMUNICATES_WITH,PER_000055,Person,2025-09-21 15:22:03,2025-09-28 12:34:00,2,2.0,
PER_000062,Person,COMMUNICATES_WITH,PER_000057,Person,2025-02-22 08:10:04,2025-02-22 08:10:04,1,1.0,
PER_000062,Person,COMMUNICATES_WITH,PER_000058,Person,2025-07-24 10:33:57,2025-07-24 10:33:57,1,1.0,
PER_000062,Person,COMMUNICATES_WITH,PER_000059,Person,2025-03-08 14:04:03,2025-03-08 14:04:03,1,1.0,
PER_000062,Person,COMMUNICATES_WITH,PER_000061,Person,2025-09-15 03:54:38,2025-09-15 03:54:38,1,1.0,
PER_000062,Person,COMMUNICATES_WITH,PER_000063,Person,2025-01-09 07:51:09,2025-11-25 14:58:38,3,3.0,
PER_000062,Person,COMMUNICATES_WITH,PER_000064,Person,2025-02-19 16:03:14,2025-03-27 13:14:42,2,2.0,
PER_000062,Person,COMMUNICATES_WITH,PER_000065,Person,2025-08-21 10:02:00,2025-12-14 22:25:17,2,2.0,
PER_000062,Person,COMMUNICATES_WITH,PER_000067,Person,2025-04-06 17:08:41,2025-04-06 17:08:41,1,1.0,
PER_000062,Person,COMMUNICATES_WITH,PER_000069,Person,2025-04-11 15:17:43,2025-07-29 09:02:45,2,2.0,
PER_000062,Person,COMMUNICATES_WITH,PER_000070,Person,2025-05-24 10:55:01,2025-09-18 11:30:36,3,3.0,
PER_000062,Person,COMMUNICATES_WITH,PER_000071,Person,2025-05-19 09:15:21,2025-09-26 11:26:11,2,2.0,
PER_000062,Person,COMMUNICATES_WITH,PER_000072,Person,2025-04-08 08:26:44,2025-08-06 11:59:22,2,2.0,
PER_000062,Person,COMMUNICATES_WITH,PER_000073,Person,2025-03-18 09:46:07,2025-08-04 17:43:10,3,3.0,
PER_000062,Person,COMMUNICATES_WITH,PER_000074,Person,2025-06-18 17:23:08,2025-06-18 17:23:08,1,1.0,
PER_000062,Person,COMMUNICATES_WITH,PER_000075,Person,2025-03-28 08:34:36,2025-11-03 11:22:30,3,3.0,
PER_000062,Person,COMMUNICATES_WITH,PER_000077,Person,2025-11-24 11:16:06,2025-11-24 11:16:06,1,1.0,
PER_000062,Person,COMMUNICATES_WITH,PER_000078,Person,2025-02-20 16:18:55,2025-04-23 16:53:26,2,2.0,
PER_000062,Person,COMMUNICATES_WITH,PER_000080,Person,2025-05-16 10:21:44,2025-05-16 10:21:44,1,1.0,
PER_000062,Person,COMMUNICATES_WITH,PER_000082,Person,2025-08-23 10:46:12,2025-10-24 14:32:52,3,3.0,
PER_000062,Person,COMMUNICATES_WITH,PER_000084,Person,2025-07-10 11:36:42,2025-11-07 12:02:38,3,3.0,
PER_000062,Person,COMMUNICATES_WITH,PER_000085,Person,2025-05-20 08:10:50,2025-05-20 08:10:50,1,1.0,
PER_000062,Person,COMMUNICATES_WITH,PER_000086,Person,2025-11-27 14:41:57,2025-12-30 17:36:53,2,2.0,
PER_000062,Person,COMMUNICATES_WITH,PER_000087,Person,2025-03-12 13:06:08,2025-07-09 16:59:44,3,3.0,
PER_000062,Person,COMMUNICATES_WITH,PER_000088,Person,2025-02-09 19:36:49,2025-11-04 12:57:30,3,3.0,
PER_000062,Person,COMMUNICATES_WITH,PER_000089,Person,2025-05-03 05:03:41,2025-06-23 07:40:19,2,2.0,
PER_000062,Person,COMMUNICATES_WITH,PER_000090,Person,2025-09-05 06:32:19,2025-09-05 06:32:19,1,1.0,
PER_000062,Person,COMMUNICATES_WITH,PER_000091,Person,2025-02-09 15:42:51,2025-05-25 09:09:08,2,2.0,
PER_000062,Person,COMMUNICATES_WITH,PER_000092,Person,2025-07-18 13:07:03,2025-07-18 13:07:03,1,1.0,
PER_000062,Person,COMMUNICATES_WITH,PER_000093,Person,2025-08-14 18:33:17,2025-08-14 18:33:17,1,1.0,
PER_000062,Person,COMMUNICATES_WITH,PER_000094,Person,2025-06-09 19:23:33,2025-06-09 19:23:33,1,1.0,
PER_000062,Person,COMMUNICATES_WITH,PER_000096,Person,2025-01-26 13:25:36,2025-01-26 13:25:36,1,1.0,
PER_000062,Person,COMMUNICATES_WITH,PER_000097,Person,2025-04-17 17:55:39,2025-04-17 17:55:39,1,1.0,
PER_000062,Person,COMMUNICATES_WITH,PER_000099,Person,2025-02-01 03:27:54,2025-11-27 22:52:02,5,5.0,
PER_000062,Person,COMMUNICATES_WITH,PER_000100,Person,2025-06-29 11:30:19,2025-06-29 11:30:19,1,1.0,
PER_000063,Person,COMMUNICATES_WITH,PER_000001,Person,2025-07-11 16:57:19,2025-07-11 16:57:19,1,1.0,
PER_000063,Person,COMMUNICATES_WITH,PER_000002,Person,2025-07-12 15:04:34,2025-07-12 15:04:34,1,1.0,
PER_000063,Person,COMMUNICATES_WITH,PER_000004,Person,2025-07-10 17:06:40,2025-07-11 18:23:16,2,2.0,
PER_000063,Person,COMMUNICATES_WITH,PER_000006,Person,2025-07-11 09:04:52,2025-07-11 21:34:21,4,4.0,
PER_000063,Person,COMMUNICATES_WITH,PER_000007,Person,2025-07-11 04:34:50,2025-07-11 04:34:50,1,1.0,
PER_000063,Person,COMMUNICATES_WITH,PER_000008,Person,2025-07-10 06:30:38,2025-07-10 18:27:01,2,2.0,
PER_000063,Person,COMMUNICATES_WITH,PER_000009,Person,2025-07-10 11:14:24,2025-07-12 13:08:01,3,3.0,
PER_000063,Person,COMMUNICATES_WITH,PER_000010,Person,2025-07-12 23:55:52,2025-07-12 23:55:52,1,1.0,
PER_000063,Person,COMMUNICATES_WITH,PER_000011,Person,2025-07-12 22:01:25,2025-07-12 22:01:25,1,1.0,
PER_000063,Person,COMMUNICATES_WITH,PER_000014,Person,2025-07-11 16:55:36,2025-07-12 10:41:14,2,2.0,
PER_000063,Person,COMMUNICATES_WITH,PER_000016,Person,2025-07-10 20:39:42,2025-07-10 20:39:42,1,1.0,
PER_000063,Person,COMMUNICATES_WITH,PER_000019,Person,2025-07-12 20:33:37,2025-07-12 20:33:37,1,1.0,
PER_000063,Person,COMMUNICATES_WITH,PER_000020,Person,2025-07-11 16:54:46,2025-07-12 20:01:48,2,2.0,
PER_000063,Person,COMMUNICATES_WITH,PER_000021,Person,2025-07-11 01:18:16,2025-07-12 03:48:48,2,2.0,
PER_000063,Person,COMMUNICATES_WITH,PER_000023,Person,2025-07-10 03:15:16,2025-07-10 07:40:38,2,2.0,
PER_000063,Person,COMMUNICATES_WITH,PER_000027,Person,2025-07-10 03:19:42,2025-07-10 03:19:42,1,1.0,
PER_000063,Person,COMMUNICATES_WITH,PER_000028,Person,2025-07-11 18:52:11,2025-07-12 07:56:59,2,2.0,
PER_000063,Person,COMMUNICATES_WITH,PER_000031,Person,2025-07-12 08:52:16,2025-07-12 08:52:16,1,1.0,
PER_000063,Person,COMMUNICATES_WITH,PER_000032,Person,2025-07-12 11:57:14,2025-07-12 11:57:14,1,1.0,
PER_000063,Person,COMMUNICATES_WITH,PER_000034,Person,2025-07-10 05:35:29,2025-07-10 05:35:29,1,1.0,
PER_000063,Person,COMMUNICATES_WITH,PER_000036,Person,2025-07-12 07:55:36,2025-07-12 08:51:06,2,2.0,
PER_000063,Person,COMMUNICATES_WITH,PER_000037,Person,2025-07-12 00:56:24,2025-07-12 14:37:26,2,2.0,
PER_000063,Person,COMMUNICATES_WITH,PER_000043,Person,2025-07-10 11:44:47,2025-07-12 02:27:06,3,3.0,
PER_000063,Person,COMMUNICATES_WITH,PER_000044,Person,2025-07-11 22:38:44,2025-07-11 22:38:44,1,1.0,
PER_000063,Person,COMMUNICATES_WITH,PER_000045,Person,2025-07-12 07:14:24,2025-07-12 07:14:24,1,1.0,
PER_000063,Person,COMMUNICATES_WITH,PER_000047,Person,2025-07-10 02:35:04,2025-07-11 09:05:55,3,3.0,
PER_000063,Person,COMMUNICATES_WITH,PER_000048,Person,2025-07-11 10:42:34,2025-07-12 13:10:16,2,2.0,
PER_000063,Person,COMMUNICATES_WITH,PER_000050,Person,2025-07-10 15:00:02,2025-07-10 22:16:52,2,2.0,
PER_000063,Person,COMMUNICATES_WITH,PER_000051,Person,2025-07-12 15:26:55,2025-07-12 15:26:55,1,1.0,
PER_000063,Person,COMMUNICATES_WITH,PER_000053,Person,2025-07-12 09:56:33,2025-07-12 15:57:47,2,2.0,
PER_000063,Person,COMMUNICATES_WITH,PER_000054,Person,2025-07-10 10:33:53,2025-07-10 10:33:53,1,1.0,
PER_000063,Person,COMMUNICATES_WITH,PER_000055,Person,2025-07-11 11:58:35,2025-07-11 11:58:35,1,1.0,
PER_000063,Person,COMMUNICATES_WITH,PER_000056,Person,2025-07-11 13:14:31,2025-07-11 13:14:31,1,1.0,
PER_000063,Person,COMMUNICATES_WITH,PER_000057,Person,2025-07-10 05:07:43,2025-07-11 23:59:17,2,2.0,
PER_000063,Person,COMMUNICATES_WITH,PER_000058,Person,2025-07-12 16:30:35,2025-07-12 16:30:35,1,1.0,
PER_000063,Person,COMMUNICATES_WITH,PER_000059,Person,2025-07-11 02:32:15,2025-07-11 15:19:02,2,2.0,
PER_000063,Person,COMMUNICATES_WITH,PER_000061,Person,2025-07-10 02:51:46,2025-07-10 02:54:45,2,2.0,
PER_000063,Person,COMMUNICATES_WITH,PER_000064,Person,2025-07-10 04:34:52,2025-07-10 04:34:52,1,1.0,
PER_000063,Person,COMMUNICATES_WITH,PER_000069,Person,2025-07-10 17:12:55,2025-07-11 01:00:00,2,2.0,
PER_000063,Person,COMMUNICATES_WITH,PER_000073,Person,2025-07-11 20:46:03,2025-07-12 06:19:45,2,2.0,
PER_000063,Person,COMMUNICATES_WITH,PER_000074,Person,2025-07-10 04:44:33,2025-07-10 04:44:33,1,1.0,
PER_000063,Person,COMMUNICATES_WITH,PER_000076,Person,2025-07-11 13:28:37,2025-07-11 22:45:34,2,2.0,
PER_000063,Person,COMMUNICATES_WITH,PER_000077,Person,2025-07-10 19:27:59,2025-07-10 19:27:59,1,1.0,
PER_000063,Person,COMMUNICATES_WITH,PER_000080,Person,2025-07-10 04:19:19,2025-07-10 04:19:19,1,1.0,
PER_000063,Person,COMMUNICATES_WITH,PER_000082,Person,2025-07-12 04:17:25,2025-07-12 04:17:25,1,1.0,
PER_000063,Person,COMMUNICATES_WITH,PER_000084,Person,2025-07-12 14:15:55,2025-07-12 14:15:55,1,1.0,
PER_000063,Person,COMMUNICATES_WITH,PER_000085,Person,2025-07-11 19:01:10,2025-07-11 19:01:10,1,1.0,
PER_000063,Person,COMMUNICATES_WITH,PER_000086,Person,2025-07-11 20:55:43,2025-07-12 22:47:16,3,3.0,
PER_000063,Person,COMMUNICATES_WITH,PER_000087,Person,2025-07-11 19:26:54,2025-07-11 19:26:54,1,1.0,
PER_000063,Person,COMMUNICATES_WITH,PER_000089,Person,2025-07-10 11:05:37,2025-07-10 11:05:37,1,1.0,
PER_000063,Person,COMMUNICATES_WITH,PER_000092,Person,2025-07-12 17:42:17,2025-07-12 17:42:17,1,1.0,
PER_000063,Person,COMMUNICATES_WITH,PER_000093,Person,2025-07-11 20:23:07,2025-07-11 20:23:07,1,1.0,
PER_000063,Person,COMMUNICATES_WITH,PER_000094,Person,2025-07-11 06:09:31,2025-07-11 23:40:16,2,2.0,
PER_000063,Person,COMMUNICATES_WITH,PER_000095,Person,2025-07-12 21:52:38,2025-07-12 21:52:38,1,1.0,
PER_000063,Person,COMMUNICATES_WITH,PER_000096,Person,2025-07-12 06:00:22,2025-07-12 06:00:22,1,1.0,
PER_000063,Person,COMMUNICATES_WITH,PER_000098,Person,2025-07-12 09:16:50,2025-07-12 09:16:50,1,1.0,
PER_000063,Person,COMMUNICATES_WITH,PER_000099,Person,2025-07-11 04:55:39,2025-07-11 04:55:39,1,1.0,
PER_000064,Person,COMMUNICATES_WITH,PER_000002,Person,2025-09-05 06:00:34,2025-09-05 06:00:34,1,1.0,
PER_000064,Person,COMMUNICATES_WITH,PER_000004,Person,2025-04-29 21:32:00,2025-04-29 21:32:00,1,1.0,
PER_000064,Person,COMMUNICATES_WITH,PER_000005,Person,2025-11-14 14:19:12,2025-11-14 14:19:12,1,1.0,
PER_000064,Person,COMMUNICATES_WITH,PER_000008,Person,2025-09-23 12:06:10,2025-09-23 12:06:10,1,1.0,
PER_000064,Person,COMMUNICATES_WITH,PER_000011,Person,2025-10-01 06:50:53,2025-10-01 06:50:53,1,1.0,
PER_000064,Person,COMMUNICATES_WITH,PER_000013,Person,2025-03-29 11:21:09,2025-03-29 11:21:09,1,1.0,
PER_000064,Person,COMMUNICATES_WITH,PER_000016,Person,2025-11-12 10:19:21,2025-11-12 10:19:21,1,1.0,
PER_000064,Person,COMMUNICATES_WITH,PER_000026,Person,2025-01-18 17:12:07,2025-01-18 17:12:07,1,1.0,
PER_000064,Person,COMMUNICATES_WITH,PER_000030,Person,2025-06-21 16:56:34,2025-06-21 16:56:34,1,1.0,
PER_000064,Person,COMMUNICATES_WITH,PER_000034,Person,2025-01-11 07:08:51,2025-01-11 07:08:51,1,1.0,
PER_000064,Person,COMMUNICATES_WITH,PER_000039,Person,2025-11-11 11:03:02,2025-11-11 11:03:02,1,1.0,
PER_000064,Person,COMMUNICATES_WITH,PER_000043,Person,2025-03-20 09:41:23,2025-03-20 09:41:23,1,1.0,
PER_000064,Person,COMMUNICATES_WITH,PER_000046,Person,2025-12-05 04:03:48,2025-12-05 04:03:48,1,1.0,
PER_000064,Person,COMMUNICATES_WITH,PER_000054,Person,2025-11-15 08:57:37,2025-11-15 08:57:37,1,1.0,
PER_000064,Person,COMMUNICATES_WITH,PER_000061,Person,2025-12-06 09:58:11,2025-12-06 09:58:11,1,1.0,
PER_000064,Person,COMMUNICATES_WITH,PER_000062,Person,2025-04-10 10:54:33,2025-04-10 10:54:33,1,1.0,
PER_000064,Person,COMMUNICATES_WITH,PER_000067,Person,2025-05-14 08:00:43,2025-05-14 08:00:43,1,1.0,
PER_000064,Person,COMMUNICATES_WITH,PER_000068,Person,2025-08-27 11:43:09,2025-10-23 09:28:25,2,2.0,
PER_000064,Person,COMMUNICATES_WITH,PER_000069,Person,2025-10-07 09:35:05,2025-10-07 09:35:05,1,1.0,
PER_000064,Person,COMMUNICATES_WITH,PER_000072,Person,2025-05-12 20:02:51,2025-12-23 00:16:36,2,2.0,
PER_000064,Person,COMMUNICATES_WITH,PER_000084,Person,2025-02-27 17:31:12,2025-02-27 17:31:12,1,1.0,
PER_000064,Person,COMMUNICATES_WITH,PER_000088,Person,2025-11-07 21:48:03,2025-11-07 21:48:03,1,1.0,
PER_000064,Person,COMMUNICATES_WITH,PER_000093,Person,2025-09-22 10:12:24,2025-09-22 10:12:24,1,1.0,
PER_000064,Person,COMMUNICATES_WITH,PER_000096,Person,2025-07-04 17:41:21,2025-07-04 17:41:21,1,1.0,
PER_000065,Person,COMMUNICATES_WITH,PER_000001,Person,2025-05-31 16:09:55,2025-05-31 16:09:55,1,1.0,
PER_000065,Person,COMMUNICATES_WITH,PER_000007,Person,2025-09-04 18:04:03,2025-09-04 18:04:03,1,1.0,
PER_000065,Person,COMMUNICATES_WITH,PER_000010,Person,2025-09-11 06:09:58,2025-09-11 06:09:58,1,1.0,
PER_000065,Person,COMMUNICATES_WITH,PER_000030,Person,2025-05-17 12:39:57,2025-05-17 12:39:57,1,1.0,
PER_000065,Person,COMMUNICATES_WITH,PER_000033,Person,2025-12-06 13:50:24,2025-12-06 13:50:24,1,1.0,
PER_000065,Person,COMMUNICATES_WITH,PER_000035,Person,2025-06-08 10:12:24,2025-06-08 10:12:24,1,1.0,
PER_000065,Person,COMMUNICATES_WITH,PER_000036,Person,2025-08-07 14:06:10,2025-08-07 14:06:10,1,1.0,
PER_000065,Person,COMMUNICATES_WITH,PER_000042,Person,2025-08-30 16:00:01,2025-08-30 16:00:01,1,1.0,
PER_000065,Person,COMMUNICATES_WITH,PER_000048,Person,2025-06-09 04:34:50,2025-06-09 04:34:50,1,1.0,
PER_000065,Person,COMMUNICATES_WITH,PER_000063,Person,2025-10-23 14:28:27,2025-10-23 14:28:27,1,1.0,
PER_000065,Person,COMMUNICATES_WITH,PER_000067,Person,2025-02-21 10:25:57,2025-02-21 10:25:57,1,1.0,
PER_000065,Person,COMMUNICATES_WITH,PER_000080,Person,2025-05-16 09:23:20,2025-05-16 09:23:20,1,1.0,
PER_000065,Person,COMMUNICATES_WITH,PER_000081,Person,2025-03-20 22:18:30,2025-09-04 20:50:08,2,2.0,
PER_000065,Person,COMMUNICATES_WITH,PER_000085,Person,2025-02-16 12:13:47,2025-02-16 12:13:47,1,1.0,
PER_000065,Person,COMMUNICATES_WITH,PER_000087,Person,2025-04-07 17:02:50,2025-04-07 17:02:50,1,1.0,
PER_000065,Person,COMMUNICATES_WITH,PER_000094,Person,2025-01-07 08:46:21,2025-10-14 22:39:20,2,2.0,
PER_000065,Person,COMMUNICATES_WITH,PER_000095,Person,2025-06-30 18:26:38,2025-06-30 18:26:38,1,1.0,
PER_000066,Person,COMMUNICATES_WITH,PER_000001,Person,2025-02-26 18:10:53,2025-02-26 18:10:53,1,1.0,
PER_000066,Person,COMMUNICATES_WITH,PER_000004,Person,2025-04-23 21:31:07,2025-04-23 21:31:07,1,1.0,
PER_000066,Person,COMMUNICATES_WITH,PER_000006,Person,2025-12-19 21:52:30,2025-12-19 21:52:30,1,1.0,
PER_000066,Person,COMMUNICATES_WITH,PER_000010,Person,2025-02-04 15:30:32,2025-02-04 15:30:32,1,1.0,
PER_000066,Person,COMMUNICATES_WITH,PER_000013,Person,2025-04-17 20:44:43,2025-09-14 21:36:03,2,2.0,
PER_000066,Person,COMMUNICATES_WITH,PER_000014,Person,2025-02-21 11:32:36,2025-02-21 11:32:36,1,1.0,
PER_000066,Person,COMMUNICATES_WITH,PER_000019,Person,2025-03-16 07:49:12,2025-03-16 07:49:12,1,1.0,
PER_000066,Person,COMMUNICATES_WITH,PER_000027,Person,2025-12-01 11:02:43,2025-12-01 11:02:43,1,1.0,
PER_000066,Person,COMMUNICATES_WITH,PER_000046,Person,2025-12-25 17:24:38,2025-12-25 17:24:38,1,1.0,
PER_000066,Person,COMMUNICATES_WITH,PER_000050,Person,2025-09-08 15:28:56,2025-09-08 15:28:56,1,1.0,
PER_000066,Person,COMMUNICATES_WITH,PER_000054,Person,2025-06-25 18:11:42,2025-06-25 18:11:42,1,1.0,
PER_000066,Person,COMMUNICATES_WITH,PER_000056,Person,2025-10-29 07:11:00,2025-10-29 07:11:00,1,1.0,
PER_000066,Person,COMMUNICATES_WITH,PER_000065,Person,2025-07-22 11:28:30,2025-07-22 11:28:30,1,1.0,
PER_000066,Person,COMMUNICATES_WITH,PER_000075,Person,2025-01-12 19:37:36,2025-01-12 19:37:36,1,1.0,
PER_000066,Person,COMMUNICATES_WITH,PER_000080,Person,2025-11-12 19:53:22,2025-11-12 19:53:22,1,1.0,
PER_000066,Person,COMMUNICATES_WITH,PER_000084,Person,2025-01-05 17:19:54,2025-01-05 17:19:54,1,1.0,
PER_000066,Person,COMMUNICATES_WITH,PER_000097,Person,2025-12-01 13:29:28,2025-12-01 13:29:28,1,1.0,
PER_000067,Person,COMMUNICATES_WITH,PER_000001,Person,2025-01-08 15:23:48,2025-01-08 15:23:48,1,1.0,
PER_000067,Person,COMMUNICATES_WITH,PER_000006,Person,2025-09-02 13:56:47,2025-09-02 13:56:47,1,1.0,
PER_000067,Person,COMMUNICATES_WITH,PER_000011,Person,2025-05-30 08:19:55,2025-05-30 08:19:55,1,1.0,
PER_000067,Person,COMMUNICATES_WITH,PER_000018,Person,2025-10-15 16:47:31,2025-10-15 16:47:31,1,1.0,
PER_000067,Person,COMMUNICATES_WITH,PER_000028,Person,2025-05-12 08:15:39,2025-05-12 08:15:39,1,1.0,
PER_000067,Person,COMMUNICATES_WITH,PER_000032,Person,2025-08-21 18:10:01,2025-08-21 18:10:01,1,1.0,
PER_000067,Person,COMMUNICATES_WITH,PER_000035,Person,2025-05-19 09:41:41,2025-05-19 09:41:41,1,1.0,
PER_000067,Person,COMMUNICATES_WITH,PER_000039,Person,2025-09-17 18:27:35,2025-09-17 18:27:35,1,1.0,
PER_000067,Person,COMMUNICATES_WITH,PER_000045,Person,2025-12-23 20:34:14,2025-12-23 20:34:14,1,1.0,
PER_000067,Person,COMMUNICATES_WITH,PER_000046,Person,2025-07-28 12:32:53,2025-07-28 12:32:53,1,1.0,
PER_000067,Person,COMMUNICATES_WITH,PER_000047,Person,2025-05-06 02:06:18,2025-05-06 02:06:18,1,1.0,
PER_000067,Person,COMMUNICATES_WITH,PER_000052,Person,2025-02-13 07:21:20,2025-02-13 07:21:20,1,1.0,
PER_000067,Person,COMMUNICATES_WITH,PER_000055,Person,2025-11-16 08:28:04,2025-11-16 08:28:04,1,1.0,
PER_000067,Person,COMMUNICATES_WITH,PER_000084,Person,2025-10-12 13:33:59,2025-10-12 13:33:59,1,1.0,
PER_000068,Person,COMMUNICATES_WITH,PER_000005,Person,2025-04-14 14:23:42,2025-04-14 14:23:42,1,1.0,
PER_000068,Person,COMMUNICATES_WITH,PER_000017,Person,2025-08-24 15:39:47,2025-08-24 15:39:47,1,1.0,
PER_000068,Person,COMMUNICATES_WITH,PER_000018,Person,2025-03-18 18:17:01,2025-03-18 18:17:01,1,1.0,
PER_000068,Person,COMMUNICATES_WITH,PER_000028,Person,2025-10-04 22:56:03,2025-10-04 22:56:03,1,1.0,
PER_000068,Person,COMMUNICATES_WITH,PER_000060,Person,2025-12-15 05:42:58,2025-12-25 21:50:28,2,2.0,
PER_000068,Person,COMMUNICATES_WITH,PER_000066,Person,2025-05-12 09:13:50,2025-05-12 09:13:50,1,1.0,
PER_000068,Person,COMMUNICATES_WITH,PER_000088,Person,2025-11-08 15:00:51,2025-11-08 15:00:51,1,1.0,
PER_000069,Person,COMMUNICATES_WITH,PER_000002,Person,2025-08-19 10:47:33,2025-08-19 10:47:33,1,1.0,
PER_000069,Person,COMMUNICATES_WITH,PER_000004,Person,2025-01-04 12:31:53,2025-01-04 12:31:53,1,1.0,
PER_000069,Person,COMMUNICATES_WITH,PER_000005,Person,2025-06-17 02:45:25,2025-06-17 02:45:25,1,1.0,
PER_000069,Person,COMMUNICATES_WITH,PER_000009,Person,2025-02-23 03:04:19,2025-02-23 03:04:19,1,1.0,
PER_000069,Person,COMMUNICATES_WITH,PER_000010,Person,2025-07-07 10:19:11,2025-07-07 10:19:11,1,1.0,
PER_000069,Person,COMMUNICATES_WITH,PER_000013,Person,2025-07-02 15:57:54,2025-07-02 15:57:54,1,1.0,
PER_000069,Person,COMMUNICATES_WITH,PER_000014,Person,2025-06-09 07:59:18,2025-06-09 07:59:18,1,1.0,
PER_000069,Person,COMMUNICATES_WITH,PER_000016,Person,2025-11-22 11:56:18,2025-11-22 11:56:18,1,1.0,
PER_000069,Person,COMMUNICATES_WITH,PER_000027,Person,2025-01-10 03:17:50,2025-12-04 12:23:48,3,3.0,
PER_000069,Person,COMMUNICATES_WITH,PER_000041,Person,2025-04-09 17:16:26,2025-04-09 17:16:26,1,1.0,
PER_000069,Person,COMMUNICATES_WITH,PER_000043,Person,2025-08-31 08:19:20,2025-08-31 08:19:20,1,1.0,
PER_000069,Person,COMMUNICATES_WITH,PER_000045,Person,2025-11-13 10:00:29,2025-11-13 10:00:29,1,1.0,
PER_000069,Person,COMMUNICATES_WITH,PER_000054,Person,2025-10-19 14:38:48,2025-10-19 14:38:48,1,1.0,
PER_000069,Person,COMMUNICATES_WITH,PER_000088,Person,2025-05-26 16:22:20,2025-05-26 16:22:20,1,1.0,
PER_000070,Person,COMMUNICATES_WITH,PER_000020,Person,2025-06-06 12:03:27,2025-06-06 12:03:27,1,1.0,
PER_000070,Person,COMMUNICATES_WITH,PER_000023,Person,2025-11-14 06:26:24,2025-11-14 06:26:24,1,1.0,
PER_000070,Person,COMMUNICATES_WITH,PER_000027,Person,2025-02-15 14:22:54,2025-02-15 14:22:54,1,1.0,
PER_000070,Person,COMMUNICATES_WITH,PER_000033,Person,2025-05-27 14:09:11,2025-05-27 14:09:11,1,1.0,
PER_000070,Person,COMMUNICATES_WITH,PER_000035,Person,2025-06-13 06:35:19,2025-06-13 06:35:19,1,1.0,
PER_000070,Person,COMMUNICATES_WITH,PER_000038,Person,2025-09-01 07:30:18,2025-09-01 07:30:18,1,1.0,
PER_000070,Person,COMMUNICATES_WITH,PER_000040,Person,2025-07-07 17:23:28,2025-07-07 17:23:28,1,1.0,
PER_000070,Person,COMMUNICATES_WITH,PER_000049,Person,2025-06-11 07:15:16,2025-06-11 07:15:16,1,1.0,
PER_000070,Person,COMMUNICATES_WITH,PER_000068,Person,2025-04-20 12:49:27,2025-04-20 12:49:27,1,1.0,
PER_000070,Person,COMMUNICATES_WITH,PER_000079,Person,2025-04-28 18:38:15,2025-04-28 18:38:15,1,1.0,
PER_000070,Person,COMMUNICATES_WITH,PER_000089,Person,2025-02-26 07:13:43,2025-02-26 07:13:43,1,1.0,
PER_000070,Person,COMMUNICATES_WITH,PER_000093,Person,2025-05-25 06:36:28,2025-05-25 06:36:28,1,1.0,
PER_000071,Person,COMMUNICATES_WITH,PER_000005,Person,2025-01-21 15:12:37,2025-05-25 19:57:30,2,2.0,
PER_000071,Person,COMMUNICATES_WITH,PER_000011,Person,2025-03-24 10:13:15,2025-03-24 10:13:15,1,1.0,
PER_000071,Person,COMMUNICATES_WITH,PER_000018,Person,2025-01-13 11:07:42,2025-02-18 16:29:06,2,2.0,
PER_000071,Person,COMMUNICATES_WITH,PER_000031,Person,2025-11-08 12:59:14,2025-11-08 12:59:14,1,1.0,
PER_000071,Person,COMMUNICATES_WITH,PER_000032,Person,2025-08-07 15:41:06,2025-08-07 15:41:06,1,1.0,
PER_000071,Person,COMMUNICATES_WITH,PER_000039,Person,2025-02-04 16:38:52,2025-02-04 16:38:52,1,1.0,
PER_000071,Person,COMMUNICATES_WITH,PER_000043,Person,2025-10-17 18:03:45,2025-10-17 18:03:45,1,1.0,
PER_000071,Person,COMMUNICATES_WITH,PER_000049,Person,2025-09-19 11:36:12,2025-09-19 11:36:12,1,1.0,
PER_000071,Person,COMMUNICATES_WITH,PER_000050,Person,2025-10-12 12:57:08,2025-10-12 12:57:08,1,1.0,
PER_000071,Person,COMMUNICATES_WITH,PER_000058,Person,2025-07-13 17:45:26,2025-07-13 17:45:26,1,1.0,
PER_000071,Person,COMMUNICATES_WITH,PER_000064,Person,2025-01-18 07:28:47,2025-01-18 07:28:47,1,1.0,
PER_000071,Person,COMMUNICATES_WITH,PER_000067,Person,2025-01-10 09:40:45,2025-02-14 06:26:54,2,2.0,
PER_000071,Person,COMMUNICATES_WITH,PER_000072,Person,2025-12-11 21:46:45,2025-12-11 21:46:45,1,1.0,
PER_000071,Person,COMMUNICATES_WITH,PER_000082,Person,2025-03-25 09:32:56,2025-03-25 09:32:56,1,1.0,
PER_000071,Person,COMMUNICATES_WITH,PER_000091,Person,2025-02-07 04:41:37,2025-02-07 04:41:37,1,1.0,
PER_000071,Person,COMMUNICATES_WITH,PER_000093,Person,2025-04-13 10:13:39,2025-05-24 15:05:38,2,2.0,
PER_000072,Person,COMMUNICATES_WITH,PER_000004,Person,2025-07-11 14:04:31,2025-07-11 14:04:31,1,1.0,
PER_000072,Person,COMMUNICATES_WITH,PER_000006,Person,2025-07-11 18:31:22,2025-07-11 18:31:22,1,1.0,
PER_000072,Person,COMMUNICATES_WITH,PER_000007,Person,2025-07-12 06:16:48,2025-07-12 19:37:26,2,2.0,
PER_000072,Person,COMMUNICATES_WITH,PER_000008,Person,2025-07-12 23:14:51,2025-07-12 23:14:51,1,1.0,
PER_000072,Person,COMMUNICATES_WITH,PER_000010,Person,2025-07-10 06:22:23,2025-07-12 20:02:16,3,3.0,
PER_000072,Person,COMMUNICATES_WITH,PER_000013,Person,2025-07-10 15:21:21,2025-07-10 15:21:21,1,1.0,
PER_000072,Person,COMMUNICATES_WITH,PER_000015,Person,2025-07-10 06:39:37,2025-07-10 06:39:37,1,1.0,
PER_000072,Person,COMMUNICATES_WITH,PER_000016,Person,2025-07-12 21:29:02,2025-07-12 21:29:02,1,1.0,
PER_000072,Person,COMMUNICATES_WITH,PER_000019,Person,2025-07-10 12:13:03,2025-07-10 12:13:03,1,1.0,
PER_000072,Person,COMMUNICATES_WITH,PER_000022,Person,2025-07-11 13:00:06,2025-07-11 13:00:06,1,1.0,
PER_000072,Person,COMMUNICATES_WITH,PER_000023,Person,2025-07-11 00:24:53,2025-07-11 13:02:36,2,2.0,
PER_000072,Person,COMMUNICATES_WITH,PER_000024,Person,2025-07-11 16:43:33,2025-07-12 02:54:42,2,2.0,
PER_000072,Person,COMMUNICATES_WITH,PER_000025,Person,2025-07-10 20:07:57,2025-07-12 08:24:16,4,4.0,
PER_000072,Person,COMMUNICATES_WITH,PER_000026,Person,2025-07-10 16:51:46,2025-07-11 08:43:12,2,2.0,
PER_000072,Person,COMMUNICATES_WITH,PER_000027,Person,2025-07-10 10:34:09,2025-07-11 17:14:27,2,2.0,
PER_000072,Person,COMMUNICATES_WITH,PER_000028,Person,2025-07-12 20:10:46,2025-07-12 20:10:46,1,1.0,
PER_000072,Person,COMMUNICATES_WITH,PER_000029,Person,2025-07-11 04:14:24,2025-07-12 13:29:37,2,2.0,
PER_000072,Person,COMMUNICATES_WITH,PER_000030,Person,2025-07-11 16:40:07,2025-07-11 16:40:07,1,1.0,
PER_000072,Person,COMMUNICATES_WITH,PER_000031,Person,2025-07-10 05:33:58,2025-07-11 17:11:27,2,2.0,
PER_000072,Person,COMMUNICATES_WITH,PER_000034,Person,2025-07-10 05:25:45,2025-07-12 19:16:40,4,4.0,
PER_000072,Person,COMMUNICATES_WITH,PER_000035,Person,2025-07-10 22:56:48,2025-07-12 12:57:15,2,2.0,
PER_000072,Person,COMMUNICATES_WITH,PER_000036,Person,2025-07-10 04:28:24,2025-07-10 04:28:24,1,1.0,
PER_000072,Person,COMMUNICATES_WITH,PER_000037,Person,2025-07-10 01:03:15,2025-07-11 01:06:41,3,3.0,
PER_000072,Person,COMMUNICATES_WITH,PER_000038,Person,2025-07-10 21:06:24,2025-07-10 21:06:24,1,1.0,
PER_000072,Person,COMMUNICATES_WITH,PER_000040,Person,2025-07-10 19:34:09,2025-07-10 19:34:09,1,1.0,
PER_000072,Person,COMMUNICATES_WITH,PER_000041,Person,2025-07-10 14:00:05,2025-07-11 19:13:19,3,3.0,
PER_000072,Person,COMMUNICATES_WITH,PER_000042,Person,2025-07-10 18:56:17,2025-07-10 18:56:17,1,1.0,
PER_000072,Person,COMMUNICATES_WITH,PER_000043,Person,2025-07-12 11:28:03,2025-07-12 11:28:03,1,1.0,
PER_000072,Person,COMMUNICATES_WITH,PER_000044,Person,2025-07-10 02:21:00,2025-07-11 23:31:20,4,4.0,
PER_000072,Person,COMMUNICATES_WITH,PER_000045,Person,2025-07-12 07:25:28,2025-07-12 07:25:28,1,1.0,
PER_000072,Person,COMMUNICATES_WITH,PER_000047,Person,2025-07-11 06:45:47,2025-07-11 06:45:47,1,1.0,
PER_000072,Person,COMMUNICATES_WITH,PER_000050,Person,2025-07-11 16:54:43,2025-07-11 16:54:43,1,1.0,
PER_000072,Person,COMMUNICATES_WITH,PER_000051,Person,2025-07-12 19:18:02,2025-07-12 19:18:02,1,1.0,
PER_000072,Person,COMMUNICATES_WITH,PER_000053,Person,2025-07-12 22:52:57,2025-07-12 22:52:57,1,1.0,
PER_000072,Person,COMMUNICATES_WITH,PER_000054,Person,2025-07-10 10:04:50,2025-07-10 10:04:50,1,1.0,
PER_000072,Person,COMMUNICATES_WITH,PER_000057,Person,2025-07-10 02:11:49,2025-07-10 02:11:49,1,1.0,
PER_000072,Person,COMMUNICATES_WITH,PER_000061,Person,2025-07-11 18:38:27,2025-07-11 18:38:27,1,1.0,
PER_000072,Person,COMMUNICATES_WITH,PER_000067,Person,2025-07-10 20:17:45,2025-07-10 20:17:45,1,1.0,
PER_000072,Person,COMMUNICATES_WITH,PER_000068,Person,2025-07-10 18:07:44,2025-07-11 08:18:10,3,3.0,
PER_000072,Person,COMMUNICATES_WITH,PER_000070,Person,2025-07-11 22:44:21,2025-07-11 22:44:21,1,1.0,
PER_000072,Person,COMMUNICATES_WITH,PER_000071,Person,2025-07-10 01:34:31,2025-07-12 19:29:48,2,2.0,
PER_000072,Person,COMMUNICATES_WITH,PER_000073,Person,2025-07-12 13:16:16,2025-07-12 13:16:16,1,1.0,
PER_000072,Person,COMMUNICATES_WITH,PER_000075,Person,2025-07-12 07:19:22,2025-07-12 07:19:22,1,1.0,
PER_000072,Person,COMMUNICATES_WITH,PER_000076,Person,2025-07-12 15:03:36,2025-07-12 15:03:36,1,1.0,
PER_000072,Person,COMMUNICATES_WITH,PER_000077,Person,2025-07-10 02:17:52,2025-07-10 23:23:43,2,2.0,
PER_000072,Person,COMMUNICATES_WITH,PER_000078,Person,2025-07-10 03:47:18,2025-07-11 14:52:38,2,2.0,
PER_000072,Person,COMMUNICATES_WITH,PER_000079,Person,2025-07-12 00:44:50,2025-07-12 00:44:50,1,1.0,
PER_000072,Person,COMMUNICATES_WITH,PER_000080,Person,2025-07-10 19:06:12,2025-07-10 19:31:52,2,2.0,
PER_000072,Person,COMMUNICATES_WITH,PER_000082,Person,2025-07-11 14:37:29,2025-07-11 21:51:41,2,2.0,
PER_000072,Person,COMMUNICATES_WITH,PER_000084,Person,2025-07-11 08:59:52,2025-07-11 08:59:52,1,1.0,
PER_000072,Person,COMMUNICATES_WITH,PER_000085,Person,2025-07-11 09:47:08,2025-07-11 12:54:20,2,2.0,
PER_000072,Person,COMMUNICATES_WITH,PER_000086,Person,2025-07-12 05:48:39,2025-07-12 05:48:39,1,1.0,
PER_000072,Person,COMMUNICATES_WITH,PER_000089,Person,2025-07-10 04:01:02,2025-07-11 20:51:41,3,3.0,
PER_000072,Person,COMMUNICATES_WITH,PER_000091,Person,2025-07-11 22:51:20,2025-07-11 22:51:20,1,1.0,
PER_000072,Person,COMMUNICATES_WITH,PER_000093,Person,2025-07-10 16:56:01,2025-07-10 16:56:01,1,1.0,
PER_000072,Person,COMMUNICATES_WITH,PER_000095,Person,2025-07-11 21:04:47,2025-07-11 21:04:47,1,1.0,
PER_000072,Person,COMMUNICATES_WITH,PER_000096,Person,2025-07-11 12:23:25,2025-07-11 12:23:25,1,1.0,
PER_000072,Person,COMMUNICATES_WITH,PER_000097,Person,2025-07-12 18:55:47,2025-07-12 18:55:47,1,1.0,
PER_000072,Person,COMMUNICATES_WITH,PER_000098,Person,2025-07-10 06:44:53,2025-07-10 06:44:53,1,1.0,
PER_000072,Person,COMMUNICATES_WITH,PER_000100,Person,2025-07-10 08:10:53,2025-07-12 08:45:00,2,2.0,
PER_000073,Person,COMMUNICATES_WITH,PER_000001,Person,2025-04-11 16:09:00,2025-04-11 16:09:00,1,1.0,
PER_000073,Person,COMMUNICATES_WITH,PER_000002,Person,2025-01-16 22:03:04,2025-10-26 16:43:02,2,2.0,
PER_000073,Person,COMMUNICATES_WITH,PER_000003,Person,2025-02-24 03:00:03,2025-11-23 15:40:43,2,2.0,
PER_000073,Person,COMMUNICATES_WITH,PER_000005,Person,2025-06-27 11:31:17,2025-06-27 11:31:17,1,1.0,
PER_000073,Person,COMMUNICATES_WITH,PER_000006,Person,2025-03-15 16:58:26,2025-03-15 16:58:26,1,1.0,
PER_000073,Person,COMMUNICATES_WITH,PER_000008,Person,2025-03-10 11:31:44,2025-11-16 17:15:02,2,2.0,
PER_000073,Person,COMMUNICATES_WITH,PER_000009,Person,2025-01-12 11:24:33,2025-11-06 10:43:40,3,3.0,
PER_000073,Person,COMMUNICATES_WITH,PER_000010,Person,2025-09-01 17:13:28,2025-09-01 17:13:28,1,1.0,
PER_000073,Person,COMMUNICATES_WITH,PER_000011,Person,2025-05-31 03:39:36,2025-12-14 19:10:35,3,3.0,
PER_000073,Person,COMMUNICATES_WITH,PER_000012,Person,2025-01-31 07:53:55,2025-11-15 17:40:09,4,4.0,
PER_000073,Person,COMMUNICATES_WITH,PER_000015,Person,2025-05-19 16:28:03,2025-08-31 07:27:01,2,2.0,
PER_000073,Person,COMMUNICATES_WITH,PER_000016,Person,2025-04-05 20:54:11,2025-04-05 20:54:11,1,1.0,
PER_000073,Person,COMMUNICATES_WITH,PER_000017,Person,2025-08-27 10:35:06,2025-08-27 10:35:06,1,1.0,
PER_000073,Person,COMMUNICATES_WITH,PER_000018,Person,2025-07-29 13:22:41,2025-11-20 16:56:36,2,2.0,
PER_000073,Person,COMMUNICATES_WITH,PER_000020,Person,2025-01-17 18:13:35,2025-09-13 17:21:12,2,2.0,
PER_000073,Person,COMMUNICATES_WITH,PER_000021,Person,2025-07-19 13:02:47,2025-07-23 12:06:44,2,2.0,
PER_000073,Person,COMMUNICATES_WITH,PER_000022,Person,2025-05-28 06:04:06,2025-10-25 20:37:56,3,3.0,
PER_000073,Person,COMMUNICATES_WITH,PER_000024,Person,2025-04-25 08:06:55,2025-09-17 05:45:50,2,2.0,
PER_000073,Person,COMMUNICATES_WITH,PER_000025,Person,2025-03-10 15:46:48,2025-08-15 12:49:41,5,5.0,
PER_000073,Person,COMMUNICATES_WITH,PER_000026,Person,2025-03-19 19:37:47,2025-07-20 21:13:00,2,2.0,
PER_000073,Person,COMMUNICATES_WITH,PER_000027,Person,2025-09-11 23:53:08,2025-09-19 07:53:46,2,2.0,
PER_000073,Person,COMMUNICATES_WITH,PER_000028,Person,2025-02-04 12:01:32,2025-02-04 12:01:32,1,1.0,
PER_000073,Person,COMMUNICATES_WITH,PER_000029,Person,2025-06-30 17:20:44,2025-07-14 10:42:24,2,2.0,
PER_000073,Person,COMMUNICATES_WITH,PER_000030,Person,2025-02-02 15:16:23,2025-11-17 14:05:45,2,2.0,
PER_000073,Person,COMMUNICATES_WITH,PER_000031,Person,2025-03-07 21:02:31,2025-10-25 14:03:02,3,3.0,
PER_000073,Person,COMMUNICATES_WITH,PER_000032,Person,2025-04-19 03:04:22,2025-05-12 14:25:19,2,2.0,
PER_000073,Person,COMMUNICATES_WITH,PER_000037,Person,2025-04-26 20:51:09,2025-04-26 20:51:09,1,1.0,
PER_000073,Person,COMMUNICATES_WITH,PER_000038,Person,2025-07-24 13:31:59,2025-07-24 13:31:59,1,1.0,
PER_000073,Person,COMMUNICATES_WITH,PER_000040,Person,2025-05-25 19:58:19,2025-06-30 11:21:12,2,2.0,
PER_000073,Person,COMMUNICATES_WITH,PER_000041,Person,2025-10-27 15:35:14,2025-10-27 15:35:14,1,1.0,
PER_000073,Person,COMMUNICATES_WITH,PER_000042,Person,2025-05-09 19:06:38,2025-12-14 15:19:32,2,2.0,
PER_000073,Person,COMMUNICATES_WITH,PER_000043,Person,2025-06-26 07:42:57,2025-06-26 07:42:57,1,1.0,
PER_000073,Person,COMMUNICATES_WITH,PER_000044,Person,2025-02-14 11:02:56,2025-05-15 09:58:53,4,4.0,
PER_000073,Person,COMMUNICATES_WITH,PER_000045,Person,2025-02-24 14:29:21,2025-02-24 14:29:21,1,1.0,
PER_000073,Person,COMMUNICATES_WITH,PER_000046,Person,2025-09-18 12:59:36,2025-09-18 12:59:36,1,1.0,
PER_000073,Person,COMMUNICATES_WITH,PER_000048,Person,2025-01-08 17:01:09,2025-01-08 17:01:09,1,1.0,
PER_000073,Person,COMMUNICATES_WITH,PER_000050,Person,2025-05-22 16:29:04,2025-05-22 16:29:04,1,1.0,
PER_000073,Person,COMMUNICATES_WITH,PER_000051,Person,2025-05-06 07:46:23,2025-05-06 07:46:23,1,1.0,
PER_000073,Person,COMMUNICATES_WITH,PER_000052,Person,2025-01-09 13:26:05,2025-01-09 13:26:05,1,1.0,
PER_000073,Person,COMMUNICATES_WITH,PER_000053,Person,2025-04-15 17:16:56,2025-04-15 17:16:56,1,1.0,
PER_000073,Person,COMMUNICATES_WITH,PER_000054,Person,2025-08-08 21:35:53,2025-08-08 21:35:53,1,1.0,
PER_000073,Person,COMMUNICATES_WITH,PER_000055,Person,2025-01-05 12:14:20,2025-01-05 12:14:20,1,1.0,
PER_000073,Person,COMMUNICATES_WITH,PER_000056,Person,2025-03-28 13:59:36,2025-03-28 13:59:36,1,1.0,
PER_000073,Person,COMMUNICATES_WITH,PER_000058,Person,2025-06-06 14:56:12,2025-06-06 14:56:12,1,1.0,
PER_000073,Person,COMMUNICATES_WITH,PER_000060,Person,2025-04-25 14:24:55,2025-12-18 14:53:29,6,6.0,
PER_000073,Person,COMMUNICATES_WITH,PER_000061,Person,2025-11-19 03:51:01,2025-11-19 03:51:01,1,1.0,
PER_000073,Person,COMMUNICATES_WITH,PER_000064,Person,2025-06-25 16:26:19,2025-12-26 19:56:05,3,3.0,
PER_000073,Person,COMMUNICATES_WITH,PER_000066,Person,2025-03-06 04:47:24,2025-05-20 18:54:15,2,2.0,
PER_000073,Person,COMMUNICATES_WITH,PER_000067,Person,2025-03-22 04:48:07,2025-10-02 15:29:44,3,3.0,
PER_000073,Person,COMMUNICATES_WITH,PER_000069,Person,2025-10-22 13:42:52,2025-10-22 13:42:52,1,1.0,
PER_000073,Person,COMMUNICATES_WITH,PER_000070,Person,2025-06-14 12:46:02,2025-06-27 13:48:48,2,2.0,
PER_000073,Person,COMMUNICATES_WITH,PER_000071,Person,2025-01-01 14:03:11,2025-01-01 14:03:11,1,1.0,
PER_000073,Person,COMMUNICATES_WITH,PER_000072,Person,2025-03-01 10:19:35,2025-03-01 10:19:35,1,1.0,
PER_000073,Person,COMMUNICATES_WITH,PER_000074,Person,2025-03-04 21:01:46,2025-03-11 08:21:51,2,2.0,
PER_000073,Person,COMMUNICATES_WITH,PER_000075,Person,2025-01-07 11:01:18,2025-01-07 11:01:18,1,1.0,
PER_000073,Person,COMMUNICATES_WITH,PER_000077,Person,2025-02-07 12:34:26,2025-11-21 19:53:43,2,2.0,
PER_000073,Person,COMMUNICATES_WITH,PER_000078,Person,2025-11-12 06:42:01,2025-11-12 06:42:01,1,1.0,
PER_000073,Person,COMMUNICATES_WITH,PER_000079,Person,2025-04-23 08:21:49,2025-04-23 08:21:49,1,1.0,
PER_000073,Person,COMMUNICATES_WITH,PER_000080,Person,2025-11-10 18:12:04,2025-11-10 18:12:04,1,1.0,
PER_000073,Person,COMMUNICATES_WITH,PER_000081,Person,2025-01-06 13:07:21,2025-11-02 16:24:55,2,2.0,
PER_000073,Person,COMMUNICATES_WITH,PER_000082,Person,2025-02-04 13:16:12,2025-11-18 09:11:50,2,2.0,
PER_000073,Person,COMMUNICATES_WITH,PER_000083,Person,2025-04-30 18:34:22,2025-04-30 18:34:22,1,1.0,
PER_000073,Person,COMMUNICATES_WITH,PER_000085,Person,2025-07-30 14:56:24,2025-09-25 06:44:14,3,3.0,
PER_000073,Person,COMMUNICATES_WITH,PER_000087,Person,2025-02-04 16:31:18,2025-04-25 16:46:10,2,2.0,
PER_000073,Person,COMMUNICATES_WITH,PER_000088,Person,2025-09-10 11:59:34,2025-09-10 11:59:34,1,1.0,
PER_000073,Person,COMMUNICATES_WITH,PER_000091,Person,2025-02-06 10:11:05,2025-02-06 10:11:05,1,1.0,
PER_000073,Person,COMMUNICATES_WITH,PER_000092,Person,2025-08-25 19:51:38,2025-11-20 17:10:50,2,2.0,
PER_000073,Person,COMMUNICATES_WITH,PER_000095,Person,2025-05-12 18:09:37,2025-05-12 18:09:37,1,1.0,
PER_000073,Person,COMMUNICATES_WITH,PER_000096,Person,2025-08-22 11:25:11,2025-08-22 11:25:11,1,1.0,
PER_000073,Person,COMMUNICATES_WITH,PER_000097,Person,2025-01-01 15:33:20,2025-12-17 20:39:05,4,4.0,
PER_000073,Person,COMMUNICATES_WITH,PER_000098,Person,2025-03-29 12:45:20,2025-03-29 12:45:20,1,1.0,
PER_000073,Person,COMMUNICATES_WITH,PER_000099,Person,2025-07-25 12:24:45,2025-07-25 12:24:45,1,1.0,
PER_000073,Person,COMMUNICATES_WITH,PER_000100,Person,2025-05-27 02:40:42,2025-05-27 02:40:42,1,1.0,
PER_000074,Person,COMMUNICATES_WITH,PER_000005,Person,2025-03-25 12:28:04,2025-03-25 12:28:04,1,1.0,
PER_000074,Person,COMMUNICATES_WITH,PER_000014,Person,2025-03-17 13:29:56,2025-03-17 13:29:56,1,1.0,
PER_000074,Person,COMMUNICATES_WITH,PER_000015,Person,2025-03-19 14:37:18,2025-03-19 14:37:18,1,1.0,
PER_000074,Person,COMMUNICATES_WITH,PER_000019,Person,2025-12-14 19:50:54,2025-12-14 19:50:54,1,1.0,
PER_000074,Person,COMMUNICATES_WITH,PER_000036,Person,2025-09-16 11:02:53,2025-09-16 11:02:53,1,1.0,
PER_000074,Person,COMMUNICATES_WITH,PER_000041,Person,2025-11-23 13:56:40,2025-11-23 13:56:40,1,1.0,
PER_000074,Person,COMMUNICATES_WITH,PER_000043,Person,2025-05-04 12:14:15,2025-11-16 20:36:48,2,2.0,
PER_000074,Person,COMMUNICATES_WITH,PER_000051,Person,2025-04-16 13:52:44,2025-04-16 13:52:44,1,1.0,
PER_000074,Person,COMMUNICATES_WITH,PER_000058,Person,2025-08-23 11:23:53,2025-08-23 11:23:53,1,1.0,
PER_000074,Person,COMMUNICATES_WITH,PER_000065,Person,2025-05-14 05:11:26,2025-05-14 05:11:26,1,1.0,
PER_000074,Person,COMMUNICATES_WITH,PER_000075,Person,2025-05-14 17:25:53,2025-05-14 17:25:53,1,1.0,
PER_000074,Person,COMMUNICATES_WITH,PER_000076,Person,2025-10-02 06:30:40,2025-10-02 06:30:40,1,1.0,
PER_000074,Person,COMMUNICATES_WITH,PER_000082,Person,2025-01-30 19:05:51,2025-01-30 19:05:51,1,1.0,
PER_000074,Person,COMMUNICATES_WITH,PER_000092,Person,2025-05-21 18:17:39,2025-05-21 18:17:39,1,1.0,
PER_000074,Person,COMMUNICATES_WITH,PER_000094,Person,2025-02-04 17:38:40,2025-02-04 17:38:40,1,1.0,
PER_000074,Person,COMMUNICATES_WITH,PER_000097,Person,2025-10-06 10:47:13,2025-10-06 10:47:13,1,1.0,
PER_000075,Person,COMMUNICATES_WITH,PER_000003,Person,2025-03-27 16:20:05,2025-09-11 16:31:21,2,2.0,
PER_000075,Person,COMMUNICATES_WITH,PER_000005,Person,2025-03-14 15:33:19,2025-03-14 15:33:19,1,1.0,
PER_000075,Person,COMMUNICATES_WITH,PER_000009,Person,2025-05-08 14:39:11,2025-05-08 14:39:11,1,1.0,
PER_000075,Person,COMMUNICATES_WITH,PER_000015,Person,2025-07-02 19:11:40,2025-07-02 19:11:40,1,1.0,
PER_000075,Person,COMMUNICATES_WITH,PER_000030,Person,2025-03-19 09:56:10,2025-03-19 09:56:10,1,1.0,
PER_000075,Person,COMMUNICATES_WITH,PER_000036,Person,2025-03-30 14:27:49,2025-03-30 14:27:49,1,1.0,
PER_000075,Person,COMMUNICATES_WITH,PER_000040,Person,2025-05-02 14:06:15,2025-05-02 14:06:15,1,1.0,
PER_000075,Person,COMMUNICATES_WITH,PER_000050,Person,2025-10-18 11:26:20,2025-10-18 11:26:20,1,1.0,
PER_000075,Person,COMMUNICATES_WITH,PER_000057,Person,2025-04-06 19:36:59,2025-04-06 19:36:59,1,1.0,
PER_000075,Person,COMMUNICATES_WITH,PER_000058,Person,2025-03-21 14:06:10,2025-03-21 14:06:10,1,1.0,
PER_000075,Person,COMMUNICATES_WITH,PER_000070,Person,2025-11-19 06:26:17,2025-11-19 06:26:17,1,1.0,
PER_000075,Person,COMMUNICATES_WITH,PER_000073,Person,2025-05-22 19:08:28,2025-05-22 19:08:28,1,1.0,
PER_000075,Person,COMMUNICATES_WITH,PER_000074,Person,2025-07-17 13:46:54,2025-07-17 13:46:54,1,1.0,
PER_000075,Person,COMMUNICATES_WITH,PER_000084,Person,2025-08-12 23:14:18,2025-09-26 08:38:29,2,2.0,
PER_000075,Person,COMMUNICATES_WITH,PER_000093,Person,2025-12-10 18:15:08,2025-12-10 18:15:08,1,1.0,
PER_000076,Person,COMMUNICATES_WITH,PER_000014,Person,2025-08-26 13:53:34,2025-08-26 13:53:34,1,1.0,
PER_000076,Person,COMMUNICATES_WITH,PER_000027,Person,2025-04-13 19:16:42,2025-04-13 19:16:42,1,1.0,
PER_000076,Person,COMMUNICATES_WITH,PER_000033,Person,2025-08-29 08:07:58,2025-08-29 08:07:58,1,1.0,
PER_000076,Person,COMMUNICATES_WITH,PER_000067,Person,2025-09-11 16:03:12,2025-09-11 16:03:12,1,1.0,
PER_000076,Person,COMMUNICATES_WITH,PER_000071,Person,2025-10-30 16:20:28,2025-10-30 16:20:28,1,1.0,
PER_000076,Person,COMMUNICATES_WITH,PER_000074,Person,2025-04-26 07:40:45,2025-04-26 07:40:45,1,1.0,
PER_000076,Person,COMMUNICATES_WITH,PER_000085,Person,2025-09-24 20:05:42,2025-09-24 20:05:42,1,1.0,
PER_000076,Person,COMMUNICATES_WITH,PER_000089,Person,2025-07-21 18:51:56,2025-07-21 18:51:56,1,1.0,
PER_000076,Person,COMMUNICATES_WITH,PER_000090,Person,2025-04-21 18:21:39,2025-04-21 18:21:39,1,1.0,
PER_000077,Person,COMMUNICATES_WITH,PER_000009,Person,2025-04-04 11:59:45,2025-04-04 11:59:45,1,1.0,
PER_000077,Person,COMMUNICATES_WITH,PER_000021,Person,2025-04-05 18:46:33,2025-04-05 18:46:33,1,1.0,
PER_000077,Person,COMMUNICATES_WITH,PER_000030,Person,2025-04-28 12:03:30,2025-04-28 12:03:30,1,1.0,
PER_000077,Person,COMMUNICATES_WITH,PER_000035,Person,2025-10-11 16:36:27,2025-10-11 16:36:27,1,1.0,
PER_000077,Person,COMMUNICATES_WITH,PER_000036,Person,2025-09-29 06:09:04,2025-09-29 06:09:04,1,1.0,
PER_000077,Person,COMMUNICATES_WITH,PER_000046,Person,2025-10-06 16:53:27,2025-10-06 16:53:27,1,1.0,
PER_000077,Person,COMMUNICATES_WITH,PER_000048,Person,2025-12-14 21:48:43,2025-12-14 21:48:43,1,1.0,
PER_000077,Person,COMMUNICATES_WITH,PER_000054,Person,2025-01-13 08:35:23,2025-01-13 08:35:23,1,1.0,
PER_000077,Person,COMMUNICATES_WITH,PER_000058,Person,2025-05-01 16:37:11,2025-05-01 16:37:11,1,1.0,
PER_000077,Person,COMMUNICATES_WITH,PER_000062,Person,2025-12-05 09:41:10,2025-12-05 09:41:10,1,1.0,
PER_000077,Person,COMMUNICATES_WITH,PER_000069,Person,2025-08-22 12:27:17,2025-08-22 12:27:17,1,1.0,
PER_000077,Person,COMMUNICATES_WITH,PER_000075,Person,2025-02-09 20:46:42,2025-02-09 20:46:42,1,1.0,
PER_000077,Person,COMMUNICATES_WITH,PER_000078,Person,2025-07-01 17:23:22,2025-07-01 17:23:22,1,1.0,
PER_000077,Person,COMMUNICATES_WITH,PER_000080,Person,2025-06-15 15:25:28,2025-06-15 15:25:28,1,1.0,
PER_000077,Person,COMMUNICATES_WITH,PER_000084,Person,2025-09-01 10:57:28,2025-09-01 10:57:28,1,1.0,
PER_000077,Person,COMMUNICATES_WITH,PER_000086,Person,2025-06-29 21:40:02,2025-06-29 21:40:02,1,1.0,
PER_000077,Person,COMMUNICATES_WITH,PER_000088,Person,2025-11-22 15:09:30,2025-11-22 15:09:30,1,1.0,
PER_000077,Person,COMMUNICATES_WITH,PER_000091,Person,2025-06-18 21:57:27,2025-06-18 21:57:27,1,1.0,
PER_000078,Person,COMMUNICATES_WITH,PER_000001,Person,2025-07-10 19:21:57,2025-07-11 00:20:29,2,2.0,
PER_000078,Person,COMMUNICATES_WITH,PER_000004,Person,2025-07-11 21:37:09,2025-07-12 07:51:54,2,2.0,
PER_000078,Person,COMMUNICATES_WITH,PER_000005,Person,2025-07-11 00:34:23,2025-07-12 16:05:05,3,3.0,
PER_000078,Person,COMMUNICATES_WITH,PER_000006,Person,2025-07-11 08:48:37,2025-07-11 08:48:37,1,1.0,
PER_000078,Person,COMMUNICATES_WITH,PER_000007,Person,2025-07-10 19:53:14,2025-07-12 05:00:11,2,2.0,
PER_000078,Person,COMMUNICATES_WITH,PER_000009,Person,2025-07-11 15:59:33,2025-07-11 15:59:33,1,1.0,
PER_000078,Person,COMMUNICATES_WITH,PER_000010,Person,2025-07-12 21:48:21,2025-07-12 21:48:21,1,1.0,
PER_000078,Person,COMMUNICATES_WITH,PER_000011,Person,2025-07-11 07:57:44,2025-07-12 12:17:19,4,4.0,
PER_000078,Person,COMMUNICATES_WITH,PER_000012,Person,2025-07-11 14:55:43,2025-07-11 14:55:43,1,1.0,
PER_000078,Person,COMMUNICATES_WITH,PER_000015,Person,2025-07-10 02:53:18,2025-07-10 02:53:18,1,1.0,
PER_000078,Person,COMMUNICATES_WITH,PER_000017,Person,2025-07-11 17:27:29,2025-07-11 17:27:29,1,1.0,
PER_000078,Person,COMMUNICATES_WITH,PER_000019,Person,2025-07-12 00:11:46,2025-07-12 00:11:46,1,1.0,
PER_000078,Person,COMMUNICATES_WITH,PER_000023,Person,2025-07-10 11:39:29,2025-07-10 11:39:29,1,1.0,
PER_000078,Person,COMMUNICATES_WITH,PER_000024,Person,2025-07-12 19:16:04,2025-07-12 19:16:04,1,1.0,
PER_000078,Person,COMMUNICATES_WITH,PER_000026,Person,2025-07-10 18:05:04,2025-07-12 21:27:08,3,3.0,
PER_000078,Person,COMMUNICATES_WITH,PER_000028,Person,2025-07-10 07:07:23,2025-07-10 07:34:05,2,2.0,
PER_000078,Person,COMMUNICATES_WITH,PER_000032,Person,2025-07-11 21:12:38,2025-07-12 17:21:31,2,2.0,
PER_000078,Person,COMMUNICATES_WITH,PER_000034,Person,2025-07-10 22:34:09,2025-07-10 22:34:09,1,1.0,
PER_000078,Person,COMMUNICATES_WITH,PER_000035,Person,2025-07-11 23:00:44,2025-07-11 23:00:44,1,1.0,
PER_000078,Person,COMMUNICATES_WITH,PER_000038,Person,2025-07-12 12:28:24,2025-07-12 12:28:24,1,1.0,
PER_000078,Person,COMMUNICATES_WITH,PER_000042,Person,2025-07-10 16:49:10,2025-07-11 06:50:45,3,3.0,
PER_000078,Person,COMMUNICATES_WITH,PER_000045,Person,2025-07-10 05:23:01,2025-07-10 05:23:01,1,1.0,
PER_000078,Person,COMMUNICATES_WITH,PER_000046,Person,2025-07-10 04:16:02,2025-07-10 04:16:02,1,1.0,
PER_000078,Person,COMMUNICATES_WITH,PER_000048,Person,2025-07-10 06:17:27,2025-07-10 06:17:27,1,1.0,
PER_000078,Person,COMMUNICATES_WITH,PER_000049,Person,2025-07-11 17:23:27,2025-07-12 19:33:45,2,2.0,
PER_000078,Person,COMMUNICATES_WITH,PER_000050,Person,2025-07-11 19:54:33,2025-07-11 19:54:33,1,1.0,
PER_000078,Person,COMMUNICATES_WITH,PER_000051,Person,2025-07-11 04:20:04,2025-07-11 04:20:04,1,1.0,
PER_000078,Person,COMMUNICATES_WITH,PER_000053,Person,2025-07-11 20:49:59,2025-07-12 16:24:39,2,2.0,
PER_000078,Person,COMMUNICATES_WITH,PER_000054,Person,2025-07-12 15:42:52,2025-07-12 15:42:52,1,1.0,
PER_000078,Person,COMMUNICATES_WITH,PER_000055,Person,2025-07-12 08:49:49,2025-07-12 08:49:49,1,1.0,
PER_000078,Person,COMMUNICATES_WITH,PER_000056,Person,2025-07-10 13:24:52,2025-07-10 13:24:52,1,1.0,
PER_000078,Person,COMMUNICATES_WITH,PER_000057,Person,2025-07-11 07:39:57,2025-07-12 23:50:04,2,2.0,
PER_000078,Person,COMMUNICATES_WITH,PER_000058,Person,2025-07-10 01:20:41,2025-07-10 23:15:41,2,2.0,
PER_000078,Person,COMMUNICATES_WITH,PER_000060,Person,2025-07-10 11:16:11,2025-07-10 11:16:11,1,1.0,
PER_000078,Person,COMMUNICATES_WITH,PER_000065,Person,2025-07-11 09:32:35,2025-07-11 09:32:35,1,1.0,
PER_000078,Person,COMMUNICATES_WITH,PER_000066,Person,2025-07-12 19:18:22,2025-07-12 21:23:35,2,2.0,
PER_000078,Person,COMMUNICATES_WITH,PER_000067,Person,2025-07-10 18:38:55,2025-07-10 18:38:55,1,1.0,
PER_000078,Person,COMMUNICATES_WITH,PER_000068,Person,2025-07-11 22:47:47,2025-07-12 12:33:38,2,2.0,
PER_000078,Person,COMMUNICATES_WITH,PER_000069,Person,2025-07-10 08:53:45,2025-07-10 23:50:50,2,2.0,
PER_000078,Person,COMMUNICATES_WITH,PER_000073,Person,2025-07-11 03:02:01,2025-07-11 09:19:49,2,2.0,
PER_000078,Person,COMMUNICATES_WITH,PER_000075,Person,2025-07-11 19:50:27,2025-07-12 08:10:20,2,2.0,
PER_000078,Person,COMMUNICATES_WITH,PER_000076,Person,2025-07-10 02:59:18,2025-07-12 18:16:25,3,3.0,
PER_000078,Person,COMMUNICATES_WITH,PER_000077,Person,2025-07-10 17:34:25,2025-07-12 14:57:25,3,3.0,
PER_000078,Person,COMMUNICATES_WITH,PER_000080,Person,2025-07-12 02:23:42,2025-07-12 02:23:42,1,1.0,
PER_000078,Person,COMMUNICATES_WITH,PER_000081,Person,2025-07-12 07:41:36,2025-07-12 07:41:36,1,1.0,
PER_000078,Person,COMMUNICATES_WITH,PER_000085,Person,2025-07-10 12:31:20,2025-07-11 15:31:39,5,5.0,
PER_000078,Person,COMMUNICATES_WITH,PER_000086,Person,2025-07-11 22:56:26,2025-07-11 22:56:26,1,1.0,
PER_000078,Person,COMMUNICATES_WITH,PER_000087,Person,2025-07-11 04:37:15,2025-07-11 04:37:15,1,1.0,
PER_000078,Person,COMMUNICATES_WITH,PER_000089,Person,2025-07-10 00:12:36,2025-07-11 21:26:52,2,2.0,
PER_000078,Person,COMMUNICATES_WITH,PER_000090,Person,2025-07-11 10:20:08,2025-07-11 10:20:08,1,1.0,
PER_000078,Person,COMMUNICATES_WITH,PER_000091,Person,2025-07-11 09:19:10,2025-07-11 09:19:10,1,1.0,
PER_000078,Person,COMMUNICATES_WITH,PER_000094,Person,2025-07-10 20:26:14,2025-07-10 20:26:14,1,1.0,
PER_000078,Person,COMMUNICATES_WITH,PER_000095,Person,2025-07-10 18:31:51,2025-07-12 18:05:53,3,3.0,
PER_000078,Person,COMMUNICATES_WITH,PER_000096,Person,2025-07-12 13:16:27,2025-07-12 21:55:32,2,2.0,
PER_000078,Person,COMMUNICATES_WITH,PER_000097,Person,2025-07-11 00:58:00,2025-07-12 15:58:59,3,3.0,
PER_000079,Person,COMMUNICATES_WITH,PER_000002,Person,2025-08-15 13:48:54,2025-08-15 13:48:54,1,1.0,
PER_000079,Person,COMMUNICATES_WITH,PER_000007,Person,2025-02-08 11:17:12,2025-02-08 11:17:12,1,1.0,
PER_000079,Person,COMMUNICATES_WITH,PER_000013,Person,2025-09-27 11:41:25,2025-09-27 11:41:25,1,1.0,
PER_000079,Person,COMMUNICATES_WITH,PER_000014,Person,2025-10-15 10:02:32,2025-10-15 10:02:32,1,1.0,
PER_000079,Person,COMMUNICATES_WITH,PER_000021,Person,2025-01-06 13:41:59,2025-09-21 17:08:28,2,2.0,
PER_000079,Person,COMMUNICATES_WITH,PER_000022,Person,2025-02-27 03:30:22,2025-02-27 03:30:22,1,1.0,
PER_000079,Person,COMMUNICATES_WITH,PER_000027,Person,2025-04-20 22:32:01,2025-04-20 22:32:01,1,1.0,
PER_000079,Person,COMMUNICATES_WITH,PER_000033,Person,2025-02-01 10:44:24,2025-02-01 10:44:24,1,1.0,
PER_000079,Person,COMMUNICATES_WITH,PER_000051,Person,2025-07-09 02:48:16,2025-09-13 12:47:02,2,2.0,
PER_000079,Person,COMMUNICATES_WITH,PER_000054,Person,2025-02-10 15:36:45,2025-02-10 15:36:45,1,1.0,
PER_000079,Person,COMMUNICATES_WITH,PER_000056,Person,2025-03-12 19:15:03,2025-03-12 19:15:03,1,1.0,
PER_000079,Person,COMMUNICATES_WITH,PER_000064,Person,2025-05-22 18:47:20,2025-05-22 18:47:20,1,1.0,
PER_000079,Person,COMMUNICATES_WITH,PER_000068,Person,2025-07-17 12:45:34,2025-07-17 12:45:34,1,1.0,
PER_000079,Person,COMMUNICATES_WITH,PER_000082,Person,2025-02-25 08:36:46,2025-02-25 08:36:46,1,1.0,
PER_000079,Person,COMMUNICATES_WITH,PER_000095,Person,2025-07-07 07:43:36,2025-07-07 07:43:36,1,1.0,
PER_000080,Person,COMMUNICATES_WITH,PER_000001,Person,2025-01-06 11:17:59,2025-01-06 11:17:59,1,1.0,
PER_000080,Person,COMMUNICATES_WITH,PER_000009,Person,2025-03-21 05:08:15,2025-03-21 05:08:15,1,1.0,
PER_000080,Person,COMMUNICATES_WITH,PER_000029,Person,2025-10-14 14:02:15,2025-10-14 14:02:15,1,1.0,
PER_000080,Person,COMMUNICATES_WITH,PER_000034,Person,2025-07-21 09:40:24,2025-10-25 07:50:19,2,2.0,
PER_000080,Person,COMMUNICATES_WITH,PER_000042,Person,2025-06-16 13:12:33,2025-06-16 13:12:33,1,1.0,
PER_000080,Person,COMMUNICATES_WITH,PER_000057,Person,2025-06-12 14:07:25,2025-06-12 14:07:25,1,1.0,
PER_000080,Person,COMMUNICATES_WITH,PER_000067,Person,2025-06-22 15:32:58,2025-06-22 15:32:58,1,1.0,
PER_000080,Person,COMMUNICATES_WITH,PER_000084,Person,2025-09-19 09:54:23,2025-09-19 09:54:23,1,1.0,
PER_000080,Person,COMMUNICATES_WITH,PER_000087,Person,2025-07-17 04:44:48,2025-07-17 04:44:48,1,1.0,
PER_000080,Person,COMMUNICATES_WITH,PER_000088,Person,2025-07-09 17:28:37,2025-07-09 17:28:37,1,1.0,
PER_000080,Person,COMMUNICATES_WITH,PER_000095,Person,2025-08-30 20:13:44,2025-08-30 20:13:44,1,1.0,
PER_000080,Person,COMMUNICATES_WITH,PER_000098,Person,2025-01-13 06:48:53,2025-01-13 06:48:53,1,1.0,
PER_000081,Person,COMMUNICATES_WITH,PER_000017,Person,2025-06-11 17:42:06,2025-08-18 13:16:11,2,2.0,
PER_000081,Person,COMMUNICATES_WITH,PER_000019,Person,2025-02-21 14:43:21,2025-02-21 14:43:21,1,1.0,
PER_000081,Person,COMMUNICATES_WITH,PER_000030,Person,2025-05-01 15:57:38,2025-05-01 15:57:38,1,1.0,
PER_000081,Person,COMMUNICATES_WITH,PER_000045,Person,2025-06-05 15:55:02,2025-06-05 15:55:02,1,1.0,
PER_000081,Person,COMMUNICATES_WITH,PER_000046,Person,2025-12-19 12:35:54,2025-12-19 12:35:54,1,1.0,
PER_000081,Person,COMMUNICATES_WITH,PER_000099,Person,2025-03-31 08:14:33,2025-03-31 08:14:33,1,1.0,
PER_000082,Person,COMMUNICATES_WITH,PER_000011,Person,2025-07-15 21:32:46,2025-07-15 21:32:46,1,1.0,
PER_000082,Person,COMMUNICATES_WITH,PER_000013,Person,2025-06-23 13:28:48,2025-08-06 07:27:28,2,2.0,
PER_000082,Person,COMMUNICATES_WITH,PER_000020,Person,2025-08-23 06:40:27,2025-08-23 06:40:27,1,1.0,
PER_000082,Person,COMMUNICATES_WITH,PER_000037,Person,2025-05-12 22:23:08,2025-05-12 22:23:08,1,1.0,
PER_000082,Person,COMMUNICATES_WITH,PER_000038,Person,2025-08-03 12:21:44,2025-08-03 12:21:44,1,1.0,
PER_000082,Person,COMMUNICATES_WITH,PER_000039,Person,2025-07-02 11:49:09,2025-07-02 11:49:09,1,1.0,
PER_000082,Person,COMMUNICATES_WITH,PER_000058,Person,2025-03-17 14:42:09,2025-03-17 14:42:09,1,1.0,
PER_000082,Person,COMMUNICATES_WITH,PER_000061,Person,2025-09-17 04:37:42,2025-09-17 04:37:42,1,1.0,
PER_000082,Person,COMMUNICATES_WITH,PER_000066,Person,2025-10-02 13:56:44,2025-10-02 13:56:44,1,1.0,
PER_000082,Person,COMMUNICATES_WITH,PER_000086,Person,2025-06-03 17:21:01,2025-06-03 17:21:01,1,1.0,
PER_000082,Person,COMMUNICATES_WITH,PER_000096,Person,2025-10-31 07:00:55,2025-10-31 07:00:55,1,1.0,
PER_000083,Person,COMMUNICATES_WITH,PER_000001,Person,2025-03-19 10:35:14,2025-03-19 10:35:14,1,1.0,
PER_000083,Person,COMMUNICATES_WITH,PER_000003,Person,2025-03-14 06:37:12,2025-03-14 06:37:12,1,1.0,
PER_000083,Person,COMMUNICATES_WITH,PER_000004,Person,2025-04-07 16:57:46,2025-04-07 16:57:46,1,1.0,
PER_000083,Person,COMMUNICATES_WITH,PER_000009,Person,2025-04-29 15:42:48,2025-04-29 15:42:48,1,1.0,
PER_000083,Person,COMMUNICATES_WITH,PER_000010,Person,2025-08-21 16:31:09,2025-10-26 08:37:16,2,2.0,
PER_000083,Person,COMMUNICATES_WITH,PER_000012,Person,2025-11-17 18:19:39,2025-11-17 18:19:39,1,1.0,
PER_000083,Person,COMMUNICATES_WITH,PER_000013,Person,2025-07-18 10:32:19,2025-07-18 10:32:19,1,1.0,
PER_000083,Person,COMMUNICATES_WITH,PER_000015,Person,2025-04-08 08:56:22,2025-04-08 08:56:22,1,1.0,
PER_000083,Person,COMMUNICATES_WITH,PER_000017,Person,2025-11-03 12:33:31,2025-11-03 12:33:31,1,1.0,
PER_000083,Person,COMMUNICATES_WITH,PER_000029,Person,2025-11-05 07:43:50,2025-11-05 07:43:50,1,1.0,
PER_000083,Person,COMMUNICATES_WITH,PER_000040,Person,2025-09-22 15:33:28,2025-09-22 15:33:28,1,1.0,
PER_000083,Person,COMMUNICATES_WITH,PER_000044,Person,2025-07-07 14:34:54,2025-07-07 14:34:54,1,1.0,
PER_000083,Person,COMMUNICATES_WITH,PER_000053,Person,2025-06-15 13:27:54,2025-06-15 13:27:54,1,1.0,
PER_000083,Person,COMMUNICATES_WITH,PER_000057,Person,2025-07-19 18:44:19,2025-07-19 18:44:19,1,1.0,
PER_000083,Person,COMMUNICATES_WITH,PER_000061,Person,2025-01-22 08:17:32,2025-01-22 08:17:32,1,1.0,
PER_000083,Person,COMMUNICATES_WITH,PER_000067,Person,2025-08-03 16:05:45,2025-08-03 16:05:45,1,1.0,
PER_000083,Person,COMMUNICATES_WITH,PER_000069,Person,2025-01-31 19:13:31,2025-01-31 19:13:31,1,1.0,
PER_000083,Person,COMMUNICATES_WITH,PER_000077,Person,2025-09-26 12:17:24,2025-09-26 12:17:24,1,1.0,
PER_000083,Person,COMMUNICATES_WITH,PER_000081,Person,2025-01-02 13:25:12,2025-01-02 13:25:12,1,1.0,
PER_000083,Person,COMMUNICATES_WITH,PER_000090,Person,2025-10-22 12:23:22,2025-10-22 12:23:22,1,1.0,
PER_000083,Person,COMMUNICATES_WITH,PER_000093,Person,2025-01-31 19:39:30,2025-01-31 19:39:30,1,1.0,
PER_000083,Person,COMMUNICATES_WITH,PER_000096,Person,2025-10-07 04:20:54,2025-10-07 04:20:54,1,1.0,
PER_000083,Person,COMMUNICATES_WITH,PER_000099,Person,2025-10-22 08:06:07,2025-10-22 08:06:07,1,1.0,
PER_000084,Person,COMMUNICATES_WITH,PER_000009,Person,2025-05-09 03:43:05,2025-05-09 03:43:05,1,1.0,
PER_000084,Person,COMMUNICATES_WITH,PER_000014,Person,2025-06-13 16:33:00,2025-06-13 16:33:00,1,1.0,
PER_000084,Person,COMMUNICATES_WITH,PER_000024,Person,2025-07-12 14:02:19,2025-07-12 14:02:19,1,1.0,
PER_000084,Person,COMMUNICATES_WITH,PER_000025,Person,2025-01-27 06:58:48,2025-01-27 06:58:48,1,1.0,
PER_000084,Person,COMMUNICATES_WITH,PER_000051,Person,2025-01-25 07:47:41,2025-01-25 07:47:41,1,1.0,
PER_000084,Person,COMMUNICATES_WITH,PER_000059,Person,2025-04-27 10:44:45,2025-04-27 10:44:45,1,1.0,
PER_000084,Person,COMMUNICATES_WITH,PER_000063,Person,2025-03-13 11:33:54,2025-03-13 11:33:54,1,1.0,
PER_000084,Person,COMMUNICATES_WITH,PER_000070,Person,2025-06-15 06:45:19,2025-06-15 06:45:19,1,1.0,
PER_000084,Person,COMMUNICATES_WITH,PER_000073,Person,2025-02-09 05:59:14,2025-02-09 05:59:14,1,1.0,
PER_000084,Person,COMMUNICATES_WITH,PER_000075,Person,2025-01-14 16:17:16,2025-01-14 16:17:16,1,1.0,
PER_000084,Person,COMMUNICATES_WITH,PER_000081,Person,2025-07-22 06:39:51,2025-07-22 06:39:51,1,1.0,
PER_000084,Person,COMMUNICATES_WITH,PER_000092,Person,2025-06-13 09:15:19,2025-06-13 09:15:19,1,1.0,
PER_000085,Person,COMMUNICATES_WITH,PER_000005,Person,2025-08-15 15:04:13,2025-08-15 15:04:13,1,1.0,
PER_000085,Person,COMMUNICATES_WITH,PER_000007,Person,2025-01-14 16:13:29,2025-04-27 10:57:38,2,2.0,
PER_000085,Person,COMMUNICATES_WITH,PER_000012,Person,2025-04-07 20:16:47,2025-04-07 20:16:47,1,1.0,
PER_000085,Person,COMMUNICATES_WITH,PER_000014,Person,2025-06-03 10:44:24,2025-06-03 10:44:24,1,1.0,
PER_000085,Person,COMMUNICATES_WITH,PER_000017,Person,2025-05-29 08:06:23,2025-05-29 08:06:23,1,1.0,
PER_000085,Person,COMMUNICATES_WITH,PER_000018,Person,2025-02-19 19:25:31,2025-02-26 15:07:39,2,2.0,
PER_000085,Person,COMMUNICATES_WITH,PER_000027,Person,2025-02-09 14:16:34,2025-02-09 14:16:34,1,1.0,
PER_000085,Person,COMMUNICATES_WITH,PER_000031,Person,2025-11-05 14:24:22,2025-11-05 14:24:22,1,1.0,
PER_000085,Person,COMMUNICATES_WITH,PER_000034,Person,2025-04-29 17:32:44,2025-04-29 17:32:44,1,1.0,
PER_000085,Person,COMMUNICATES_WITH,PER_000044,Person,2025-02-21 16:20:21,2025-02-21 16:20:21,1,1.0,
PER_000085,Person,COMMUNICATES_WITH,PER_000051,Person,2025-02-12 16:25:21,2025-02-12 16:25:21,1,1.0,
PER_000085,Person,COMMUNICATES_WITH,PER_000054,Person,2025-08-25 14:21:36,2025-08-25 14:21:36,1,1.0,
PER_000085,Person,COMMUNICATES_WITH,PER_000064,Person,2025-01-05 12:27:04,2025-01-05 12:27:04,1,1.0,
PER_000085,Person,COMMUNICATES_WITH,PER_000069,Person,2025-09-12 10:37:13,2025-09-12 10:37:13,1,1.0,
PER_000085,Person,COMMUNICATES_WITH,PER_000077,Person,2025-08-16 12:45:08,2025-08-16 12:45:08,1,1.0,
PER_000085,Person,COMMUNICATES_WITH,PER_000081,Person,2025-11-19 18:51:42,2025-11-19 18:51:42,1,1.0,
PER_000085,Person,COMMUNICATES_WITH,PER_000087,Person,2025-10-22 16:05:29,2025-10-22 16:05:29,1,1.0,
PER_000085,Person,COMMUNICATES_WITH,PER_000089,Person,2025-06-17 22:05:37,2025-06-17 22:05:37,1,1.0,
PER_000085,Person,COMMUNICATES_WITH,PER_000094,Person,2025-08-01 17:51:21,2025-08-01 17:51:21,1,1.0,
PER_000086,Person,COMMUNICATES_WITH,PER_000058,Person,2025-07-31 16:23:45,2025-12-22 16:30:51,2,2.0,
PER_000086,Person,COMMUNICATES_WITH,PER_000059,Person,2025-12-07 02:03:58,2025-12-07 02:03:58,1,1.0,
PER_000086,Person,COMMUNICATES_WITH,PER_000066,Person,2025-12-08 11:58:20,2025-12-08 11:58:20,1,1.0,
PER_000086,Person,COMMUNICATES_WITH,PER_000082,Person,2025-05-14 18:17:41,2025-05-14 18:17:41,1,1.0,
PER_000087,Person,COMMUNICATES_WITH,PER_000002,Person,2025-01-05 20:22:16,2025-08-12 16:47:35,8,8.0,
PER_000087,Person,COMMUNICATES_WITH,PER_000007,Person,2025-04-18 21:36:46,2025-04-18 21:36:46,1,1.0,
PER_000087,Person,COMMUNICATES_WITH,PER_000016,Person,2025-02-06 05:05:19,2025-12-28 05:25:09,13,13.0,
PER_000087,Person,COMMUNICATES_WITH,PER_000018,Person,2025-02-18 11:41:09,2025-11-13 12:45:39,7,7.0,
PER_000087,Person,COMMUNICATES_WITH,PER_000023,Person,2025-02-23 13:47:03,2025-02-23 13:47:03,1,1.0,
PER_000087,Person,COMMUNICATES_WITH,PER_000024,Person,2025-01-01 12:58:02,2025-11-13 15:18:23,6,6.0,
PER_000087,Person,COMMUNICATES_WITH,PER_000027,Person,2025-01-14 09:29:13,2025-11-30 19:49:13,5,5.0,
PER_000087,Person,COMMUNICATES_WITH,PER_000028,Person,2025-03-02 11:06:08,2025-03-02 11:06:08,1,1.0,
PER_000087,Person,COMMUNICATES_WITH,PER_000034,Person,2025-06-16 10:29:44,2025-06-16 10:29:44,1,1.0,
PER_000087,Person,COMMUNICATES_WITH,PER_000042,Person,2025-01-07 22:54:06,2025-10-18 03:11:34,9,9.0,
PER_000087,Person,COMMUNICATES_WITH,PER_000050,Person,2025-01-18 15:36:01,2025-12-15 12:18:50,16,16.0,
PER_000087,Person,COMMUNICATES_WITH,PER_000058,Person,2025-05-25 13:22:07,2025-06-21 13:01:38,2,2.0,
PER_000087,Person,COMMUNICATES_WITH,PER_000069,Person,2025-12-16 19:01:16,2025-12-16 19:01:16,1,1.0,
PER_000087,Person,COMMUNICATES_WITH,PER_000077,Person,2025-01-23 22:28:19,2025-01-23 22:28:19,1,1.0,
PER_000087,Person,COMMUNICATES_WITH,PER_000081,Person,2025-03-30 12:24:39,2025-03-30 12:24:39,1,1.0,
PER_000087,Person,COMMUNICATES_WITH,PER_000094,Person,2025-03-28 17:16:02,2025-03-28 17:16:02,1,1.0,
PER_000088,Person,COMMUNICATES_WITH,PER_000001,Person,2025-08-29 13:23:39,2025-11-08 15:17:10,2,2.0,
PER_000088,Person,COMMUNICATES_WITH,PER_000003,Person,2025-03-20 17:00:09,2025-03-20 17:00:09,1,1.0,
PER_000088,Person,COMMUNICATES_WITH,PER_000005,Person,2025-05-10 06:24:14,2025-05-10 06:24:14,1,1.0,
PER_000088,Person,COMMUNICATES_WITH,PER_000030,Person,2025-03-03 09:46:14,2025-03-03 09:46:14,1,1.0,
PER_000088,Person,COMMUNICATES_WITH,PER_000038,Person,2025-03-14 22:21:51,2025-03-14 22:21:51,1,1.0,
PER_000088,Person,COMMUNICATES_WITH,PER_000057,Person,2025-10-01 14:55:15,2025-10-01 14:55:15,1,1.0,
PER_000088,Person,COMMUNICATES_WITH,PER_000076,Person,2025-12-18 16:52:14,2025-12-18 16:52:14,1,1.0,
PER_000088,Person,COMMUNICATES_WITH,PER_000078,Person,2025-08-29 13:19:24,2025-08-29 13:19:24,1,1.0,
PER_000088,Person,COMMUNICATES_WITH,PER_000091,Person,2025-06-20 11:50:08,2025-06-20 11:50:08,1,1.0,
PER_000088,Person,COMMUNICATES_WITH,PER_000092,Person,2025-06-16 04:58:01,2025-06-16 04:58:01,1,1.0,
PER_000088,Person,COMMUNICATES_WITH,PER_000095,Person,2025-12-20 17:06:41,2025-12-20 17:06:41,1,1.0,
PER_000088,Person,COMMUNICATES_WITH,PER_000096,Person,2025-11-14 08:41:03,2025-11-14 08:41:03,1,1.0,
PER_000089,Person,COMMUNICATES_WITH,PER_000005,Person,2025-01-18 13:17:13,2025-01-18 13:17:13,1,1.0,
PER_000089,Person,COMMUNICATES_WITH,PER_000006,Person,2025-03-24 12:15:07,2025-03-24 12:15:07,1,1.0,
PER_000089,Person,COMMUNICATES_WITH,PER_000015,Person,2025-08-27 17:46:34,2025-08-27 17:46:34,1,1.0,
PER_000089,Person,COMMUNICATES_WITH,PER_000016,Person,2025-07-28 11:45:35,2025-11-04 12:12:20,2,2.0,
PER_000089,Person,COMMUNICATES_WITH,PER_000022,Person,2025-06-06 04:07:21,2025-06-06 04:07:21,1,1.0,
PER_000089,Person,COMMUNICATES_WITH,PER_000028,Person,2025-07-02 20:49:45,2025-07-02 20:49:45,1,1.0,
PER_000089,Person,COMMUNICATES_WITH,PER_000033,Person,2025-08-30 15:07:31,2025-08-30 15:07:31,1,1.0,
PER_000089,Person,COMMUNICATES_WITH,PER_000034,Person,2025-11-28 08:27:56,2025-11-28 08:27:56,1,1.0,
PER_000089,Person,COMMUNICATES_WITH,PER_000035,Person,2025-10-07 16:31:50,2025-10-07 16:31:50,1,1.0,
PER_000089,Person,COMMUNICATES_WITH,PER_000042,Person,2025-02-02 15:07:28,2025-02-02 15:07:28,1,1.0,
PER_000089,Person,COMMUNICATES_WITH,PER_000058,Person,2025-07-27 06:22:09,2025-07-27 06:22:09,1,1.0,
PER_000089,Person,COMMUNICATES_WITH,PER_000063,Person,2025-05-23 02:38:12,2025-05-23 02:38:12,1,1.0,
PER_000089,Person,COMMUNICATES_WITH,PER_000067,Person,2025-09-23 05:23:52,2025-09-23 05:23:52,1,1.0,
PER_000089,Person,COMMUNICATES_WITH,PER_000068,Person,2025-03-14 01:46:46,2025-05-23 09:57:53,2,2.0,
PER_000089,Person,COMMUNICATES_WITH,PER_000075,Person,2025-03-07 06:53:05,2025-03-07 06:53:05,1,1.0,
PER_000089,Person,COMMUNICATES_WITH,PER_000080,Person,2025-05-30 13:56:16,2025-05-30 13:56:16,1,1.0,
PER_000090,Person,COMMUNICATES_WITH,PER_000002,Person,2025-12-12 11:16:56,2025-12-12 11:16:56,1,1.0,
PER_000090,Person,COMMUNICATES_WITH,PER_000007,Person,2025-08-06 18:44:07,2025-08-06 18:44:07,1,1.0,
PER_000090,Person,COMMUNICATES_WITH,PER_000023,Person,2025-01-27 16:00:30,2025-01-27 16:00:30,1,1.0,
PER_000090,Person,COMMUNICATES_WITH,PER_000024,Person,2025-08-02 11:08:30,2025-08-02 11:08:30,1,1.0,
PER_000090,Person,COMMUNICATES_WITH,PER_000030,Person,2025-02-18 08:28:09,2025-02-18 08:28:09,1,1.0,
PER_000090,Person,COMMUNICATES_WITH,PER_000045,Person,2025-03-29 07:39:30,2025-03-29 07:39:30,1,1.0,
PER_000090,Person,COMMUNICATES_WITH,PER_000053,Person,2025-04-09 17:02:22,2025-04-09 17:02:22,1,1.0,
PER_000090,Person,COMMUNICATES_WITH,PER_000059,Person,2025-10-24 11:50:28,2025-10-24 11:50:28,1,1.0,
PER_000090,Person,COMMUNICATES_WITH,PER_000065,Person,2025-11-03 10:20:19,2025-11-03 10:20:19,1,1.0,
PER_000090,Person,COMMUNICATES_WITH,PER_000070,Person,2025-08-14 16:18:19,2025-08-14 16:18:19,1,1.0,
PER_000090,Person,COMMUNICATES_WITH,PER_000076,Person,2025-04-04 16:46:49,2025-04-04 16:46:49,1,1.0,
PER_000090,Person,COMMUNICATES_WITH,PER_000094,Person,2025-12-14 12:27:52,2025-12-14 12:27:52,1,1.0,
PER_000091,Person,COMMUNICATES_WITH,PER_000006,Person,2025-06-12 04:50:11,2025-06-12 04:50:11,1,1.0,
PER_000091,Person,COMMUNICATES_WITH,PER_000012,Person,2025-05-03 15:19:57,2025-05-03 15:19:57,1,1.0,
PER_000091,Person,COMMUNICATES_WITH,PER_000017,Person,2025-02-14 15:54:38,2025-02-14 15:54:38,1,1.0,
PER_000091,Person,COMMUNICATES_WITH,PER_000021,Person,2025-09-07 06:03:15,2025-09-07 06:03:15,1,1.0,
PER_000091,Person,COMMUNICATES_WITH,PER_000029,Person,2025-12-02 10:50:49,2025-12-02 10:50:49,1,1.0,
PER_000091,Person,COMMUNICATES_WITH,PER_000088,Person,2025-10-06 13:15:06,2025-10-06 13:15:06,1,1.0,
PER_000091,Person,COMMUNICATES_WITH,PER_000093,Person,2025-06-03 12:16:57,2025-06-03 12:16:57,1,1.0,
PER_000091,Person,COMMUNICATES_WITH,PER_000098,Person,2025-09-23 04:54:22,2025-09-23 04:54:22,1,1.0,
PER_000091,Person,COMMUNICATES_WITH,PER_000100,Person,2025-10-20 11:40:50,2025-10-20 11:40:50,1,1.0,
PER_000092,Person,COMMUNICATES_WITH,PER_000009,Person,2025-01-29 12:12:34,2025-01-29 12:12:34,1,1.0,
PER_000092,Person,COMMUNICATES_WITH,PER_000015,Person,2025-03-08 13:23:34,2025-03-08 13:23:34,1,1.0,
PER_000092,Person,COMMUNICATES_WITH,PER_000027,Person,2025-02-26 03:31:24,2025-02-26 03:31:24,1,1.0,
PER_000092,Person,COMMUNICATES_WITH,PER_000042,Person,2025-06-12 15:46:44,2025-06-12 15:46:44,1,1.0,
PER_000092,Person,COMMUNICATES_WITH,PER_000045,Person,2025-02-22 14:27:08,2025-02-22 14:27:08,1,1.0,
PER_000092,Person,COMMUNICATES_WITH,PER_000094,Person,2025-08-13 13:30:52,2025-10-30 15:43:38,2,2.0,
PER_000093,Person,COMMUNICATES_WITH,PER_000001,Person,2025-04-17 15:20:11,2025-04-17 15:20:11,1,1.0,
PER_000093,Person,COMMUNICATES_WITH,PER_000003,Person,2025-07-18 04:39:17,2025-07-18 04:39:17,1,1.0,
PER_000093,Person,COMMUNICATES_WITH,PER_000004,Person,2025-05-15 15:36:43,2025-11-19 14:33:23,2,2.0,
PER_000093,Person,COMMUNICATES_WITH,PER_000006,Person,2025-12-25 17:22:54,2025-12-25 17:22:54,1,1.0,
PER_000093,Person,COMMUNICATES_WITH,PER_000007,Person,2025-09-09 18:30:41,2025-09-09 18:30:41,1,1.0,
PER_000093,Person,COMMUNICATES_WITH,PER_000009,Person,2025-03-07 06:34:22,2025-10-19 05:59:26,3,3.0,
PER_000093,Person,COMMUNICATES_WITH,PER_000011,Person,2025-03-21 17:21:23,2025-03-21 17:21:23,1,1.0,
PER_000093,Person,COMMUNICATES_WITH,PER_000012,Person,2025-01-11 20:51:24,2025-01-11 20:51:24,1,1.0,
PER_000093,Person,COMMUNICATES_WITH,PER_000013,Person,2025-07-09 17:12:36,2025-07-09 17:12:36,1,1.0,
PER_000093,Person,COMMUNICATES_WITH,PER_000017,Person,2025-04-03 12:13:37,2025-04-03 12:13:37,1,1.0,
PER_000093,Person,COMMUNICATES_WITH,PER_000018,Person,2025-07-27 09:38:18,2025-07-27 09:38:18,1,1.0,
PER_000093,Person,COMMUNICATES_WITH,PER_000020,Person,2025-01-04 08:30:41,2025-07-27 15:15:07,2,2.0,
PER_000093,Person,COMMUNICATES_WITH,PER_000021,Person,2025-04-02 15:05:21,2025-04-02 15:05:21,1,1.0,
PER_000093,Person,COMMUNICATES_WITH,PER_000022,Person,2025-01-09 17:53:40,2025-08-19 17:39:03,2,2.0,
PER_000093,Person,COMMUNICATES_WITH,PER_000023,Person,2025-01-28 11:40:56,2025-01-28 11:40:56,1,1.0,
PER_000093,Person,COMMUNICATES_WITH,PER_000024,Person,2025-03-22 09:00:52,2025-03-22 09:00:52,1,1.0,
PER_000093,Person,COMMUNICATES_WITH,PER_000025,Person,2025-05-06 10:08:47,2025-06-26 12:40:00,2,2.0,
PER_000093,Person,COMMUNICATES_WITH,PER_000027,Person,2025-04-19 17:34:29,2025-06-12 05:46:38,2,2.0,
PER_000093,Person,COMMUNICATES_WITH,PER_000032,Person,2025-02-05 11:03:47,2025-02-05 11:03:47,1,1.0,
PER_000093,Person,COMMUNICATES_WITH,PER_000033,Person,2025-10-02 18:51:53,2025-10-02 18:51:53,1,1.0,
PER_000093,Person,COMMUNICATES_WITH,PER_000035,Person,2025-07-28 16:00:42,2025-07-28 16:00:42,1,1.0,
PER_000093,Person,COMMUNICATES_WITH,PER_000036,Person,2025-05-15 08:59:12,2025-05-15 08:59:12,1,1.0,
PER_000093,Person,COMMUNICATES_WITH,PER_000037,Person,2025-05-18 18:55:47,2025-05-18 18:55:47,1,1.0,
PER_000093,Person,COMMUNICATES_WITH,PER_000038,Person,2025-05-04 20:19:20,2025-05-04 20:19:20,1,1.0,
PER_000093,Person,COMMUNICATES_WITH,PER_000039,Person,2025-05-28 22:16:03,2025-09-08 03:10:50,2,2.0,
PER_000093,Person,COMMUNICATES_WITH,PER_000040,Person,2025-01-03 19:20:24,2025-07-29 15:14:56,3,3.0,
PER_000093,Person,COMMUNICATES_WITH,PER_000042,Person,2025-08-17 06:22:05,2025-08-17 06:22:05,1,1.0,
PER_000093,Person,COMMUNICATES_WITH,PER_000046,Person,2025-02-21 18:26:51,2025-02-21 18:26:51,1,1.0,
PER_000093,Person,COMMUNICATES_WITH,PER_000047,Person,2025-03-06 15:54:55,2025-03-06 15:54:55,1,1.0,
PER_000093,Person,COMMUNICATES_WITH,PER_000048,Person,2025-06-19 17:00:46,2025-08-14 11:28:34,2,2.0,
PER_000093,Person,COMMUNICATES_WITH,PER_000049,Person,2025-01-07 17:38:06,2025-12-13 02:40:38,3,3.0,
PER_000093,Person,COMMUNICATES_WITH,PER_000050,Person,2025-03-09 22:28:41,2025-03-09 22:28:41,1,1.0,
PER_000093,Person,COMMUNICATES_WITH,PER_000052,Person,2025-10-04 09:30:20,2025-10-04 09:30:20,1,1.0,
PER_000093,Person,COMMUNICATES_WITH,PER_000054,Person,2025-10-21 15:56:09,2025-10-21 15:56:09,1,1.0,
PER_000093,Person,COMMUNICATES_WITH,PER_000055,Person,2025-04-23 16:03:16,2025-06-07 20:08:42,2,2.0,
PER_000093,Person,COMMUNICATES_WITH,PER_000056,Person,2025-03-02 13:11:29,2025-12-04 17:21:24,2,2.0,
PER_000093,Person,COMMUNICATES_WITH,PER_000057,Person,2025-05-10 11:25:27,2025-05-10 11:25:27,1,1.0,
PER_000093,Person,COMMUNICATES_WITH,PER_000058,Person,2025-02-08 07:13:42,2025-02-08 07:13:42,1,1.0,
PER_000093,Person,COMMUNICATES_WITH,PER_000059,Person,2025-08-26 17:10:56,2025-08-26 17:10:56,1,1.0,
PER_000093,Person,COMMUNICATES_WITH,PER_000060,Person,2025-10-18 16:02:44,2025-10-18 16:02:44,1,1.0,
PER_000093,Person,COMMUNICATES_WITH,PER_000062,Person,2025-03-18 14:00:32,2025-07-07 08:43:29,2,2.0,
PER_000093,Person,COMMUNICATES_WITH,PER_000063,Person,2025-01-02 05:27:04,2025-01-02 05:27:04,1,1.0,
PER_000093,Person,COMMUNICATES_WITH,PER_000066,Person,2025-12-19 20:18:13,2025-12-19 20:18:13,1,1.0,
PER_000093,Person,COMMUNICATES_WITH,PER_000067,Person,2025-01-18 14:28:13,2025-12-03 06:46:46,4,4.0,
PER_000093,Person,COMMUNICATES_WITH,PER_000068,Person,2025-06-18 13:07:54,2025-06-18 13:07:54,1,1.0,
PER_000093,Person,COMMUNICATES_WITH,PER_000070,Person,2025-12-25 15:42:36,2025-12-25 15:42:36,1,1.0,
PER_000093,Person,COMMUNICATES_WITH,PER_000071,Person,2025-05-29 21:18:24,2025-05-29 21:18:24,1,1.0,
PER_000093,Person,COMMUNICATES_WITH,PER_000072,Person,2025-07-04 23:50:30,2025-09-29 18:20:16,2,2.0,
PER_000093,Person,COMMUNICATES_WITH,PER_000073,Person,2025-04-24 05:54:23,2025-12-25 13:38:34,4,4.0,
PER_000093,Person,COMMUNICATES_WITH,PER_000077,Person,2025-02-23 19:43:43,2025-08-20 02:52:21,4,4.0,
PER_000093,Person,COMMUNICATES_WITH,PER_000079,Person,2025-02-27 14:43:50,2025-12-25 18:53:49,3,3.0,
PER_000093,Person,COMMUNICATES_WITH,PER_000080,Person,2025-04-12 18:31:04,2025-09-06 14:51:06,3,3.0,
PER_000093,Person,COMMUNICATES_WITH,PER_000082,Person,2025-09-28 17:06:52,2025-09-28 17:06:52,1,1.0,
PER_000093,Person,COMMUNICATES_WITH,PER_000083,Person,2025-01-01 08:48:18,2025-02-24 15:36:15,2,2.0,
PER_000093,Person,COMMUNICATES_WITH,PER_000084,Person,2025-05-22 17:36:07,2025-12-07 10:49:54,2,2.0,
PER_000093,Person,COMMUNICATES_WITH,PER_000086,Person,2025-01-01 19:03:26,2025-08-28 06:30:06,2,2.0,
PER_000093,Person,COMMUNICATES_WITH,PER_000087,Person,2025-03-09 14:23:40,2025-05-15 06:40:16,2,2.0,
PER_000093,Person,COMMUNICATES_WITH,PER_000088,Person,2025-05-20 17:29:27,2025-12-30 02:11:59,2,2.0,
PER_000093,Person,COMMUNICATES_WITH,PER_000089,Person,2025-05-29 12:36:30,2025-12-25 19:02:48,2,2.0,
PER_000093,Person,COMMUNICATES_WITH,PER_000090,Person,2025-10-14 06:41:22,2025-10-14 06:41:22,1,1.0,
PER_000093,Person,COMMUNICATES_WITH,PER_000091,Person,2025-03-30 15:12:12,2025-11-15 15:45:02,3,3.0,
PER_000093,Person,COMMUNICATES_WITH,PER_000095,Person,2025-12-26 20:38:29,2025-12-26 20:38:29,1,1.0,
PER_000093,Person,COMMUNICATES_WITH,PER_000098,Person,2025-12-03 19:12:01,2025-12-03 19:12:01,1,1.0,
PER_000093,Person,COMMUNICATES_WITH,PER_000099,Person,2025-03-31 11:49:55,2025-03-31 11:49:55,1,1.0,
PER_000093,Person,COMMUNICATES_WITH,PER_000100,Person,2025-05-17 07:07:08,2025-12-22 18:53:34,3,3.0,
PER_000094,Person,COMMUNICATES_WITH,PER_000010,Person,2025-02-23 04:27:44,2025-02-23 04:27:44,1,1.0,
PER_000094,Person,COMMUNICATES_WITH,PER_000011,Person,2025-03-11 15:47:14,2025-03-11 15:47:14,1,1.0,
PER_000094,Person,COMMUNICATES_WITH,PER_000016,Person,2025-05-04 11:04:55,2025-05-04 11:04:55,1,1.0,
PER_000094,Person,COMMUNICATES_WITH,PER_000021,Person,2025-08-30 13:59:34,2025-08-30 13:59:34,1,1.0,
PER_000094,Person,COMMUNICATES_WITH,PER_000036,Person,2025-10-12 08:24:00,2025-10-12 08:24:00,1,1.0,
PER_000094,Person,COMMUNICATES_WITH,PER_000041,Person,2025-01-27 18:47:40,2025-10-20 15:17:53,2,2.0,
PER_000094,Person,COMMUNICATES_WITH,PER_000042,Person,2025-11-13 08:22:35,2025-11-13 08:22:35,1,1.0,
PER_000094,Person,COMMUNICATES_WITH,PER_000044,Person,2025-09-14 13:23:17,2025-09-14 13:23:17,1,1.0,
PER_000094,Person,COMMUNICATES_WITH,PER_000052,Person,2025-06-19 14:05:06,2025-06-19 14:05:06,1,1.0,
PER_000094,Person,COMMUNICATES_WITH,PER_000060,Person,2025-06-28 14:57:11,2025-06-28 14:57:11,1,1.0,
PER_000094,Person,COMMUNICATES_WITH,PER_000066,Person,2025-11-04 18:09:31,2025-11-04 18:09:31,1,1.0,
PER_000094,Person,COMMUNICATES_WITH,PER_000067,Person,2025-12-25 02:15:54,2025-12-25 02:15:54,1,1.0,
PER_000094,Person,COMMUNICATES_WITH,PER_000075,Person,2025-07-10 14:25:00,2025-07-10 14:25:00,1,1.0,
PER_000094,Person,COMMUNICATES_WITH,PER_000077,Person,2025-02-23 21:24:42,2025-02-23 21:24:42,1,1.0,
PER_000094,Person,COMMUNICATES_WITH,PER_000089,Person,2025-01-01 15:06:21,2025-04-08 04:21:22,2,2.0,
PER_000094,Person,COMMUNICATES_WITH,PER_000096,Person,2025-03-17 22:56:46,2025-03-17 22:56:46,1,1.0,
PER_000095,Person,COMMUNICATES_WITH,PER_000010,Person,2025-02-09 15:52:07,2025-02-09 15:52:07,1,1.0,
PER_000095,Person,COMMUNICATES_WITH,PER_000011,Person,2025-11-14 17:32:28,2025-11-14 17:32:28,1,1.0,
PER_000095,Person,COMMUNICATES_WITH,PER_000024,Person,2025-11-30 08:21:04,2025-11-30 08:21:04,1,1.0,
PER_000095,Person,COMMUNICATES_WITH,PER_000026,Person,2025-07-21 21:32:51,2025-07-21 21:32:51,1,1.0,
PER_000095,Person,COMMUNICATES_WITH,PER_000050,Person,2025-04-23 11:36:54,2025-04-23 11:36:54,1,1.0,
PER_000095,Person,COMMUNICATES_WITH,PER_000056,Person,2025-01-05 16:55:39,2025-01-05 16:55:39,1,1.0,
PER_000095,Person,COMMUNICATES_WITH,PER_000065,Person,2025-04-25 14:55:38,2025-04-25 14:55:38,1,1.0,
PER_000095,Person,COMMUNICATES_WITH,PER_000075,Person,2025-05-07 06:20:27,2025-05-07 06:20:27,1,1.0,
PER_000095,Person,COMMUNICATES_WITH,PER_000091,Person,2025-05-15 18:51:32,2025-05-15 18:51:32,1,1.0,
PER_000096,Person,COMMUNICATES_WITH,PER_000015,Person,2025-09-23 10:44:06,2025-09-23 10:44:06,1,1.0,
PER_000096,Person,COMMUNICATES_WITH,PER_000018,Person,2025-09-22 11:20:03,2025-09-22 11:20:03,1,1.0,
PER_000096,Person,COMMUNICATES_WITH,PER_000021,Person,2025-02-15 19:02:06,2025-02-15 19:02:06,1,1.0,
PER_000096,Person,COMMUNICATES_WITH,PER_000025,Person,2025-08-10 09:07:50,2025-08-10 09:07:50,1,1.0,
PER_000096,Person,COMMUNICATES_WITH,PER_000034,Person,2025-05-28 13:25:20,2025-05-28 13:25:20,1,1.0,
PER_000096,Person,COMMUNICATES_WITH,PER_000043,Person,2025-04-16 18:58:25,2025-04-16 18:58:25,1,1.0,
PER_000096,Person,COMMUNICATES_WITH,PER_000046,Person,2025-08-25 19:32:04,2025-08-25 19:32:04,1,1.0,
PER_000096,Person,COMMUNICATES_WITH,PER_000049,Person,2025-07-05 16:07:36,2025-07-05 16:07:36,1,1.0,
PER_000096,Person,COMMUNICATES_WITH,PER_000054,Person,2025-06-29 02:25:48,2025-06-29 02:25:48,1,1.0,
PER_000096,Person,COMMUNICATES_WITH,PER_000064,Person,2025-04-27 12:53:42,2025-04-27 12:53:42,1,1.0,
PER_000096,Person,COMMUNICATES_WITH,PER_000070,Person,2025-12-25 09:05:36,2025-12-25 09:05:36,1,1.0,
PER_000096,Person,COMMUNICATES_WITH,PER_000071,Person,2025-11-15 06:22:30,2025-11-15 06:22:30,1,1.0,
PER_000096,Person,COMMUNICATES_WITH,PER_000079,Person,2025-02-22 11:52:37,2025-09-12 21:03:18,2,2.0,
PER_000096,Person,COMMUNICATES_WITH,PER_000089,Person,2025-09-25 18:11:55,2025-09-25 18:11:55,1,1.0,
PER_000097,Person,COMMUNICATES_WITH,PER_000008,Person,2025-09-04 16:42:46,2025-09-04 16:42:46,1,1.0,
PER_000097,Person,COMMUNICATES_WITH,PER_000012,Person,2025-12-22 17:41:28,2025-12-22 17:41:28,1,1.0,
PER_000097,Person,COMMUNICATES_WITH,PER_000021,Person,2025-06-02 17:13:55,2025-06-02 17:13:55,1,1.0,
PER_000097,Person,COMMUNICATES_WITH,PER_000043,Person,2025-04-28 16:54:46,2025-04-28 16:54:46,1,1.0,
PER_000097,Person,COMMUNICATES_WITH,PER_000051,Person,2025-06-21 13:57:39,2025-06-21 13:57:39,1,1.0,
PER_000097,Person,COMMUNICATES_WITH,PER_000056,Person,2025-10-29 13:37:35,2025-10-29 13:37:35,1,1.0,
PER_000097,Person,COMMUNICATES_WITH,PER_000065,Person,2025-11-19 16:40:23,2025-11-19 16:40:23,1,1.0,
PER_000097,Person,COMMUNICATES_WITH,PER_000089,Person,2025-04-09 12:21:26,2025-04-09 12:21:26,1,1.0,
PER_000097,Person,COMMUNICATES_WITH,PER_000093,Person,2025-07-10 16:20:34,2025-07-10 16:20:34,1,1.0,
PER_000098,Person,COMMUNICATES_WITH,PER_000002,Person,2025-12-30 11:16:07,2025-12-30 11:16:07,1,1.0,
PER_000098,Person,COMMUNICATES_WITH,PER_000009,Person,2025-08-03 17:25:32,2025-08-03 17:25:32,1,1.0,
PER_000098,Person,COMMUNICATES_WITH,PER_000016,Person,2025-01-24 12:53:22,2025-01-24 12:53:22,1,1.0,
PER_000098,Person,COMMUNICATES_WITH,PER_000018,Person,2025-03-18 19:42:56,2025-03-18 19:42:56,1,1.0,
PER_000098,Person,COMMUNICATES_WITH,PER_000020,Person,2025-01-31 13:22:41,2025-11-11 14:00:45,2,2.0,
PER_000098,Person,COMMUNICATES_WITH,PER_000021,Person,2025-04-06 11:47:39,2025-04-06 11:47:39,1,1.0,
PER_000098,Person,COMMUNICATES_WITH,PER_000022,Person,2025-04-06 10:58:30,2025-10-12 22:55:45,2,2.0,
PER_000098,Person,COMMUNICATES_WITH,PER_000026,Person,2025-02-24 04:50:42,2025-02-24 04:50:42,1,1.0,
PER_000098,Person,COMMUNICATES_WITH,PER_000033,Person,2025-10-22 18:41:54,2025-10-22 18:41:54,1,1.0,
PER_000098,Person,COMMUNICATES_WITH,PER_000036,Person,2025-03-07 14:12:00,2025-03-07 14:12:00,1,1.0,
PER_000098,Person,COMMUNICATES_WITH,PER_000048,Person,2025-03-03 16:55:51,2025-03-03 16:55:51,1,1.0,
PER_000098,Person,COMMUNICATES_WITH,PER_000058,Person,2025-03-08 14:27:21,2025-03-08 14:27:21,1,1.0,
PER_000098,Person,COMMUNICATES_WITH,PER_000068,Person,2025-05-24 12:50:14,2025-05-24 12:50:14,1,1.0,
PER_000098,Person,COMMUNICATES_WITH,PER_000073,Person,2025-06-07 18:14:59,2025-06-07 18:14:59,1,1.0,
PER_000098,Person,COMMUNICATES_WITH,PER_000075,Person,2025-06-04 09:51:47,2025-06-04 09:51:47,1,1.0,
PER_000098,Person,COMMUNICATES_WITH,PER_000085,Person,2025-10-03 11:31:08,2025-10-03 11:31:08,1,1.0,
PER_000098,Person,COMMUNICATES_WITH,PER_000089,Person,2025-01-27 13:34:36,2025-01-27 13:34:36,1,1.0,
PER_000098,Person,COMMUNICATES_WITH,PER_000092,Person,2025-09-02 06:47:14,2025-09-02 06:47:14,1,1.0,
PER_000099,Person,COMMUNICATES_WITH,PER_000001,Person,2025-05-01 05:28:31,2025-05-01 05:28:31,1,1.0,
PER_000099,Person,COMMUNICATES_WITH,PER_000002,Person,2025-05-01 10:35:40,2025-05-01 22:34:12,2,2.0,
PER_000099,Person,COMMUNICATES_WITH,PER_000004,Person,2025-05-01 15:43:41,2025-05-01 15:43:41,1,1.0,
PER_000099,Person,COMMUNICATES_WITH,PER_000006,Person,2025-05-01 03:04:14,2025-05-01 03:04:14,1,1.0,
PER_000099,Person,COMMUNICATES_WITH,PER_000007,Person,2025-05-01 07:40:56,2025-05-01 07:40:56,1,1.0,
PER_000099,Person,COMMUNICATES_WITH,PER_000008,Person,2025-05-01 16:06:42,2025-05-01 16:06:42,1,1.0,
PER_000099,Person,COMMUNICATES_WITH,PER_000011,Person,2025-05-01 04:04:34,2025-05-01 04:04:34,1,1.0,
PER_000099,Person,COMMUNICATES_WITH,PER_000012,Person,2025-05-01 20:50:01,2025-05-01 20:50:01,1,1.0,
PER_000099,Person,COMMUNICATES_WITH,PER_000014,Person,2025-05-01 21:50:54,2025-05-01 21:50:54,1,1.0,
PER_000099,Person,COMMUNICATES_WITH,PER_000015,Person,2025-05-01 02:37:12,2025-05-01 14:05:30,2,2.0,
PER_000099,Person,COMMUNICATES_WITH,PER_000016,Person,2025-05-01 11:10:26,2025-05-01 11:10:26,1,1.0,
PER_000099,Person,COMMUNICATES_WITH,PER_000017,Person,2025-05-01 03:24:01,2025-05-01 17:15:40,2,2.0,
PER_000099,Person,COMMUNICATES_WITH,PER_000018,Person,2025-05-01 00:50:33,2025-05-01 11:11:33,3,3.0,
PER_000099,Person,COMMUNICATES_WITH,PER_000020,Person,2025-05-01 09:55:37,2025-05-01 15:05:21,2,2.0,
PER_000099,Person,COMMUNICATES_WITH,PER_000021,Person,2025-05-01 11:39:15,2025-05-01 16:21:19,2,2.0,
PER_000099,Person,COMMUNICATES_WITH,PER_000023,Person,2025-05-01 17:01:42,2025-05-01 17:01:42,1,1.0,
PER_000099,Person,COMMUNICATES_WITH,PER_000024,Person,2025-05-01 09:09:51,2025-05-01 18:58:47,2,2.0,
PER_000099,Person,COMMUNICATES_WITH,PER_000025,Person,2025-05-01 23:43:48,2025-05-01 23:43:48,1,1.0,
PER_000099,Person,COMMUNICATES_WITH,PER_000026,Person,2025-05-01 09:59:29,2025-05-01 14:23:49,2,2.0,
PER_000099,Person,COMMUNICATES_WITH,PER_000027,Person,2025-05-01 14:09:46,2025-05-01 14:09:46,1,1.0,
PER_000099,Person,COMMUNICATES_WITH,PER_000028,Person,2025-05-01 06:33:52,2025-05-01 09:44:57,2,2.0,
PER_000099,Person,COMMUNICATES_WITH,PER_000029,Person,2025-05-01 00:02:38,2025-05-01 00:02:38,1,1.0,
PER_000099,Person,COMMUNICATES_WITH,PER_000030,Person,2025-05-01 11:34:30,2025-05-01 11:34:30,1,1.0,
PER_000099,Person,COMMUNICATES_WITH,PER_000031,Person,2025-05-01 04:47:03,2025-05-01 05:49:58,2,2.0,
PER_000099,Person,COMMUNICATES_WITH,PER_000033,Person,2025-05-01 04:52:13,2025-05-01 11:07:59,2,2.0,
PER_000099,Person,COMMUNICATES_WITH,PER_000034,Person,2025-05-01 14:47:45,2025-05-01 14:47:45,1,1.0,
PER_000099,Person,COMMUNICATES_WITH,PER_000035,Person,2025-05-01 02:56:06,2025-05-01 10:41:25,2,2.0,
PER_000099,Person,COMMUNICATES_WITH,PER_000036,Person,2025-05-01 18:32:04,2025-05-01 18:32:04,1,1.0,
PER_000099,Person,COMMUNICATES_WITH,PER_000037,Person,2025-05-01 22:01:39,2025-05-01 22:37:35,3,3.0,
PER_000099,Person,COMMUNICATES_WITH,PER_000039,Person,2025-05-01 10:33:39,2025-05-01 10:33:39,1,1.0,
PER_000099,Person,COMMUNICATES_WITH,PER_000040,Person,2025-05-01 00:52:58,2025-05-01 00:52:58,1,1.0,
PER_000099,Person,COMMUNICATES_WITH,PER_000044,Person,2025-05-01 02:09:07,2025-05-01 08:20:16,3,3.0,
PER_000099,Person,COMMUNICATES_WITH,PER_000046,Person,2025-05-01 05:24:03,2025-05-01 10:46:05,2,2.0,
PER_000099,Person,COMMUNICATES_WITH,PER_000047,Person,2025-05-01 15:30:28,2025-05-01 15:30:28,1,1.0,
PER_000099,Person,COMMUNICATES_WITH,PER_000049,Person,2025-05-01 19:53:26,2025-05-01 19:53:26,1,1.0,
PER_000099,Person,COMMUNICATES_WITH,PER_000050,Person,2025-05-01 20:18:18,2025-05-01 20:18:18,1,1.0,
PER_000099,Person,COMMUNICATES_WITH,PER_000051,Person,2025-05-01 05:26:07,2025-05-01 22:13:08,2,2.0,
PER_000099,Person,COMMUNICATES_WITH,PER_000052,Person,2025-05-01 06:08:18,2025-05-01 18:48:01,2,2.0,
PER_000099,Person,COMMUNICATES_WITH,PER_000053,Person,2025-05-01 21:26:35,2025-05-01 21:26:35,1,1.0,
PER_000099,Person,COMMUNICATES_WITH,PER_000054,Person,2025-05-01 08:13:10,2025-05-01 08:13:10,1,1.0,
PER_000099,Person,COMMUNICATES_WITH,PER_000056,Person,2025-05-01 10:15:11,2025-05-01 20:51:55,2,2.0,
PER_000099,Person,COMMUNICATES_WITH,PER_000057,Person,2025-05-01 14:58:27,2025-05-01 14:58:27,1,1.0,
PER_000099,Person,COMMUNICATES_WITH,PER_000058,Person,2025-05-01 03:30:42,2025-05-01 18:36:37,3,3.0,
PER_000099,Person,COMMUNICATES_WITH,PER_000060,Person,2025-05-01 09:51:55,2025-05-01 09:51:55,1,1.0,
PER_000099,Person,COMMUNICATES_WITH,PER_000064,Person,2025-05-01 03:43:39,2025-05-01 03:43:39,1,1.0,
PER_000099,Person,COMMUNICATES_WITH,PER_000065,Person,2025-05-01 19:32:46,2025-05-01 19:32:46,1,1.0,
PER_000099,Person,COMMUNICATES_WITH,PER_000066,Person,2025-05-01 08:41:06,2025-05-01 11:39:44,2,2.0,
PER_000099,Person,COMMUNICATES_WITH,PER_000067,Person,2025-05-01 00:52:12,2025-05-01 03:50:22,3,3.0,
PER_000099,Person,COMMUNICATES_WITH,PER_000068,Person,2025-05-01 11:34:22,2025-05-01 11:34:22,1,1.0,
PER_000099,Person,COMMUNICATES_WITH,PER_000069,Person,2025-05-01 07:12:09,2025-05-01 21:49:22,2,2.0,
PER_000099,Person,COMMUNICATES_WITH,PER_000070,Person,2025-05-01 00:15:05,2025-05-01 00:15:05,1,1.0,
PER_000099,Person,COMMUNICATES_WITH,PER_000071,Person,2025-05-01 07:45:46,2025-05-01 21:06:31,3,3.0,
PER_000099,Person,COMMUNICATES_WITH,PER_000072,Person,2025-05-01 19:30:58,2025-05-01 19:30:58,1,1.0,
PER_000099,Person,COMMUNICATES_WITH,PER_000074,Person,2025-05-01 05:34:37,2025-05-01 21:07:37,3,3.0,
PER_000099,Person,COMMUNICATES_WITH,PER_000075,Person,2025-05-01 07:12:10,2025-05-01 18:53:33,2,2.0,
PER_000099,Person,COMMUNICATES_WITH,PER_000077,Person,2025-05-01 12:07:15,2025-05-01 12:07:15,1,1.0,
PER_000099,Person,COMMUNICATES_WITH,PER_000078,Person,2025-05-01 22:04:34,2025-05-01 22:04:34,1,1.0,
PER_000099,Person,COMMUNICATES_WITH,PER_000079,Person,2025-05-01 05:03:16,2025-05-01 05:03:16,1,1.0,
PER_000099,Person,COMMUNICATES_WITH,PER_000080,Person,2025-05-01 23:32:45,2025-05-01 23:32:45,1,1.0,
PER_000099,Person,COMMUNICATES_WITH,PER_000082,Person,2025-05-01 13:55:57,2025-05-01 13:55:57,1,1.0,
PER_000099,Person,COMMUNICATES_WITH,PER_000085,Person,2025-05-01 18:30:12,2025-05-01 23:42:00,2,2.0,
PER_000099,Person,COMMUNICATES_WITH,PER_000086,Person,2025-05-01 04:29:35,2025-05-01 14:55:14,2,2.0,
PER_000099,Person,COMMUNICATES_WITH,PER_000087,Person,2025-05-01 00:25:49,2025-05-01 00:25:49,1,1.0,
PER_000099,Person,COMMUNICATES_WITH,PER_000088,Person,2025-05-01 21:37:38,2025-05-01 21:37:38,1,1.0,
PER_000099,Person,COMMUNICATES_WITH,PER_000089,Person,2025-05-01 08:39:43,2025-05-01 08:39:43,1,1.0,
PER_000099,Person,COMMUNICATES_WITH,PER_000091,Person,2025-05-01 03:37:31,2025-05-01 13:08:05,2,2.0,
PER_000099,Person,COMMUNICATES_WITH,PER_000092,Person,2025-05-01 22:48:09,2025-05-01 22:48:09,1,1.0,
PER_000099,Person,COMMUNICATES_WITH,PER_000094,Person,2025-05-01 04:04:11,2025-05-01 04:04:11,1,1.0,
PER_000099,Person,COMMUNICATES_WITH,PER_000098,Person,2025-05-01 19:43:01,2025-05-01 19:43:01,1,1.0,
PER_000099,Person,COMMUNICATES_WITH,PER_000100,Person,2025-05-01 05:18:19,2025-05-01 05:18:19,1,1.0,
PER_000100,Person,COMMUNICATES_WITH,PER_000001,Person,2025-06-11 12:04:59,2025-06-11 12:04:59,1,1.0,
PER_000100,Person,COMMUNICATES_WITH,PER_000014,Person,2025-12-11 15:23:55,2025-12-11 15:23:55,1,1.0,
PER_000100,Person,COMMUNICATES_WITH,PER_000050,Person,2025-10-04 05:14:00,2025-10-04 05:14:00,1,1.0,
PER_000100,Person,COMMUNICATES_WITH,PER_000051,Person,2025-06-21 17:03:26,2025-06-21 17:03:26,1,1.0,
PER_000100,Person,COMMUNICATES_WITH,PER_000052,Person,2025-08-05 19:00:34,2025-08-05 19:00:34,1,1.0,
PER_000100,Person,COMMUNICATES_WITH,PER_000069,Person,2025-06-10 20:01:31,2025-06-10 20:01:31,1,1.0,
PER_000100,Person,COMMUNICATES_WITH,PER_000077,Person,2025-04-14 20:10:15,2025-11-11 18:11:01,2,2.0,
PER_000100,Person,COMMUNICATES_WITH,PER_000088,Person,2025-02-19 18:26:17,2025-02-19 18:26:17,1,1.0,
PER_000100,Person,COMMUNICATES_WITH,PER_000093,Person,2025-06-19 18:27:10,2025-06-19 18:27:10,1,1.0,
PER_000100,Person,COMMUNICATES_WITH,PER_000099,Person,2025-12-19 17:56:35,2025-12-19 17:56:35,1,1.0,
PER_000001,Person,TRANSACTS_WITH,PER_000003,Person,2025-03-15 14:40:38,2025-03-15 14:40:38,1,4017.37,total_amount:4017.37
PER_000001,Person,TRANSACTS_WITH,PER_000005,Person,2025-03-10 17:11:39,2025-12-20 06:48:28,2,3766.27,total_amount:3766.27
PER_000001,Person,TRANSACTS_WITH,PER_000006,Person,2025-04-12 14:31:29,2025-04-12 14:31:29,1,76694.19,total_amount:76694.19
PER_000001,Person,TRANSACTS_WITH,PER_000008,Person,2025-12-19 16:53:33,2025-12-19 16:53:33,1,2053.87,total_amount:2053.87
PER_000001,Person,TRANSACTS_WITH,PER_000013,Person,2025-10-09 08:42:38,2025-10-09 08:42:38,1,1571.79,total_amount:1571.79
PER_000001,Person,TRANSACTS_WITH,PER_000014,Person,2025-06-07 15:43:39,2025-11-24 11:56:04,2,266279.97,total_amount:266279.97
PER_000001,Person,TRANSACTS_WITH,PER_000015,Person,2025-03-05 22:49:28,2025-03-05 22:49:28,1,1588.87,total_amount:1588.87
PER_000001,Person,TRANSACTS_WITH,PER_000016,Person,2025-01-24 16:11:28,2025-01-24 16:11:28,1,3753.13,total_amount:3753.13
PER_000001,Person,TRANSACTS_WITH,PER_000017,Person,2025-06-03 12:59:56,2025-06-03 12:59:56,1,27598.27,total_amount:27598.27
PER_000001,Person,TRANSACTS_WITH,PER_000021,Person,2025-09-07 21:58:31,2025-09-07 21:58:31,1,1560.39,total_amount:1560.39
PER_000001,Person,TRANSACTS_WITH,PER_000022,Person,2025-08-22 15:24:08,2025-08-22 15:24:08,1,3204.68,total_amount:3204.68
PER_000001,Person,TRANSACTS_WITH,PER_000023,Person,2025-12-08 17:30:36,2025-12-08 17:30:36,1,1058.4,total_amount:1058.4
PER_000001,Person,TRANSACTS_WITH,PER_000025,Person,2025-04-20 21:55:46,2025-04-20 21:55:46,1,211.56,total_amount:211.56
PER_000001,Person,TRANSACTS_WITH,PER_000026,Person,2025-02-11 10:47:52,2025-02-11 10:47:52,1,413.86,total_amount:413.86
PER_000001,Person,TRANSACTS_WITH,PER_000028,Person,2025-01-22 19:35:40,2025-02-10 09:32:30,2,6596.56,total_amount:6596.56
PER_000001,Person,TRANSACTS_WITH,PER_000029,Person,2025-07-29 14:06:14,2025-07-29 14:06:14,1,120950.39,total_amount:120950.39
PER_000001,Person,TRANSACTS_WITH,PER_000030,Person,2025-09-05 09:50:04,2025-12-11 06:49:29,2,8437.67,total_amount:8437.67
PER_000001,Person,TRANSACTS_WITH,PER_000038,Person,2025-02-08 05:29:53,2025-09-21 17:23:56,2,142875.52,total_amount:142875.52
PER_000001,Person,TRANSACTS_WITH,PER_000040,Person,2025-01-12 18:42:44,2025-01-12 18:42:44,1,45820.25,total_amount:45820.25
PER_000001,Person,TRANSACTS_WITH,PER_000041,Person,2025-04-28 16:37:21,2025-04-28 16:37:21,1,3755.1,total_amount:3755.1
PER_000001,Person,TRANSACTS_WITH,PER_000043,Person,2025-03-03 11:40:08,2025-03-03 11:40:08,1,27.54,total_amount:27.54
PER_000001,Person,TRANSACTS_WITH,PER_000045,Person,2025-01-14 16:36:57,2025-04-11 22:47:25,2,6776.7,total_amount:6776.7
PER_000001,Person,TRANSACTS_WITH,PER_000047,Person,2025-04-29 23:28:11,2025-04-29 23:28:11,1,2466.84,total_amount:2466.84
PER_000001,Person,TRANSACTS_WITH,PER_000048,Person,2025-03-18 20:00:40,2025-04-21 07:37:15,2,3560.48,total_amount:3560.48
PER_000001,Person,TRANSACTS_WITH,PER_000054,Person,2025-03-08 10:33:34,2025-03-08 10:33:34,1,1937.58,total_amount:1937.58
PER_000001,Person,TRANSACTS_WITH,PER_000055,Person,2025-02-20 08:00:58,2025-12-05 11:13:47,2,5306.0,total_amount:5306.0
PER_000001,Person,TRANSACTS_WITH,PER_000056,Person,2025-04-28 11:25:41,2025-04-28 11:25:41,1,4060.21,total_amount:4060.21
PER_000001,Person,TRANSACTS_WITH,PER_000059,Person,2025-01-13 19:34:05,2025-01-13 19:34:05,1,2013.58,total_amount:2013.58
PER_000001,Person,TRANSACTS_WITH,PER_000061,Person,2025-01-11 09:08:49,2025-01-11 09:08:49,1,100568.5,total_amount:100568.5
PER_000001,Person,TRANSACTS_WITH,PER_000064,Person,2025-11-15 17:22:19,2025-11-15 17:22:19,1,185.98,total_amount:185.98
PER_000001,Person,TRANSACTS_WITH,PER_000067,Person,2025-03-19 03:05:43,2025-03-19 03:05:43,1,35352.76,total_amount:35352.76
PER_000001,Person,TRANSACTS_WITH,PER_000068,Person,2025-03-22 08:18:01,2025-03-22 08:18:01,1,1349.01,total_amount:1349.01
PER_000001,Person,TRANSACTS_WITH,PER_000069,Person,2025-06-22 07:46:30,2025-06-22 07:46:30,1,3329.35,total_amount:3329.35
PER_000001,Person,TRANSACTS_WITH,PER_000073,Person,2025-06-18 19:43:30,2025-09-03 17:40:54,2,75861.5,total_amount:75861.5
PER_000001,Person,TRANSACTS_WITH,PER_000074,Person,2025-11-26 07:23:30,2025-11-26 07:23:30,1,539.64,total_amount:539.64
PER_000001,Person,TRANSACTS_WITH,PER_000075,Person,2025-06-13 04:10:58,2025-06-13 04:10:58,1,3035.97,total_amount:3035.97
PER_000001,Person,TRANSACTS_WITH,PER_000076,Person,2025-08-13 17:05:22,2025-08-13 17:05:22,1,30512.49,total_amount:30512.49
PER_000001,Person,TRANSACTS_WITH,PER_000077,Person,2025-01-15 19:44:56,2025-01-15 19:44:56,1,4157.44,total_amount:4157.44
PER_000001,Person,TRANSACTS_WITH,PER_000085,Person,2025-06-14 19:46:56,2025-06-14 19:46:56,1,415.69,total_amount:415.69
PER_000001,Person,TRANSACTS_WITH,PER_000086,Person,2025-06-16 14:26:24,2025-06-16 14:26:24,1,108232.12,total_amount:108232.12
PER_000001,Person,TRANSACTS_WITH,PER_000087,Person,2025-06-07 21:46:10,2025-06-07 21:46:10,1,104113.2,total_amount:104113.2
PER_000001,Person,TRANSACTS_WITH,PER_000088,Person,2025-12-25 22:22:50,2025-12-25 22:22:50,1,1963.99,total_amount:1963.99
PER_000001,Person,TRANSACTS_WITH,PER_000089,Person,2025-03-29 09:45:46,2025-04-11 11:57:40,2,29683.95,total_amount:29683.95
PER_000001,Person,TRANSACTS_WITH,PER_000093,Person,2025-07-27 20:05:19,2025-07-27 20:05:19,1,137705.22,total_amount:137705.22
PER_000001,Person,TRANSACTS_WITH,PER_000094,Person,2025-01-25 05:41:36,2025-01-25 05:41:36,1,2519.23,total_amount:2519.23
PER_000001,Person,TRANSACTS_WITH,PER_000096,Person,2025-01-25 10:34:39,2025-10-09 12:42:10,2,123056.15,total_amount:123056.15
PER_000001,Person,TRANSACTS_WITH,PER_000097,Person,2025-10-31 15:59:12,2025-10-31 15:59:12,1,2661.42,total_amount:2661.42
PER_000001,Person,TRANSACTS_WITH,PER_000098,Person,2025-05-02 18:47:27,2025-10-06 12:20:55,2,54242.71,total_amount:54242.71
PER_000001,Person,TRANSACTS_WITH,PER_000099,Person,2025-03-06 17:51:03,2025-03-06 17:51:03,1,1501.61,total_amount:1501.61
PER_000001,Person,TRANSACTS_WITH,PER_000100,Person,2025-04-06 14:37:38,2025-09-16 07:37:21,2,2763.06,total_amount:2763.06
PER_000002,Person,TRANSACTS_WITH,PER_000001,Person,2025-01-10 09:41:50,2025-01-10 09:41:50,1,81590.28,total_amount:81590.28
PER_000002,Person,TRANSACTS_WITH,PER_000013,Person,2025-01-21 12:03:17,2025-01-21 12:03:17,1,2610.31,total_amount:2610.31
PER_000002,Person,TRANSACTS_WITH,PER_000016,Person,2025-03-24 14:00:25,2025-10-10 05:56:33,4,843618.14,total_amount:843618.14
PER_000002,Person,TRANSACTS_WITH,PER_000018,Person,2025-04-09 06:25:40,2025-09-28 11:20:38,3,352249.01,total_amount:352249.01
PER_000002,Person,TRANSACTS_WITH,PER_000021,Person,2025-06-01 18:15:41,2025-06-01 18:15:41,1,91991.3,total_amount:91991.3
PER_000002,Person,TRANSACTS_WITH,PER_000024,Person,2025-01-28 07:24:14,2025-10-08 19:49:05,5,1141237.18,total_amount:1141237.18
PER_000002,Person,TRANSACTS_WITH,PER_000027,Person,2025-04-06 08:25:22,2025-12-02 14:11:57,6,818700.08,total_amount:818700.08
PER_000002,Person,TRANSACTS_WITH,PER_000041,Person,2025-03-07 17:11:04,2025-03-07 17:11:04,1,1654.44,total_amount:1654.44
PER_000002,Person,TRANSACTS_WITH,PER_000042,Person,2025-08-18 15:24:43,2025-08-18 15:24:43,1,183170.57,total_amount:183170.57
PER_000002,Person,TRANSACTS_WITH,PER_000050,Person,2025-01-23 16:08:46,2025-11-25 15:17:31,5,262221.81,total_amount:262221.81
PER_000002,Person,TRANSACTS_WITH,PER_000066,Person,2025-07-06 18:01:19,2025-07-06 18:01:19,1,4383.7,total_amount:4383.7
PER_000002,Person,TRANSACTS_WITH,PER_000087,Person,2025-01-04 18:03:15,2025-12-12 10:22:49,6,372633.1,total_amount:372633.1
PER_000003,Person,TRANSACTS_WITH,PER_000018,Person,2025-08-02 19:43:34,2025-08-02 19:43:34,1,297.33,total_amount:297.33
PER_000003,Person,TRANSACTS_WITH,PER_000021,Person,2025-08-17 12:45:15,2025-08-17 12:45:15,1,4320.87,total_amount:4320.87
PER_000003,Person,TRANSACTS_WITH,PER_000031,Person,2025-05-17 14:46:24,2025-05-17 14:46:24,1,4196.96,total_amount:4196.96
PER_000003,Person,TRANSACTS_WITH,PER_000034,Person,2025-12-30 15:10:50,2025-12-30 15:10:50,1,2352.62,total_amount:2352.62
PER_000003,Person,TRANSACTS_WITH,PER_000050,Person,2025-11-29 16:24:14,2025-11-29 16:24:14,1,851.08,total_amount:851.08
PER_000003,Person,TRANSACTS_WITH,PER_000063,Person,2025-10-10 14:27:26,2025-10-10 14:27:26,1,1363.28,total_amount:1363.28
PER_000003,Person,TRANSACTS_WITH,PER_000070,Person,2025-07-03 18:51:57,2025-07-03 18:51:57,1,3599.74,total_amount:3599.74
PER_000003,Person,TRANSACTS_WITH,PER_000093,Person,2025-04-29 18:42:28,2025-04-29 18:42:28,1,2491.48,total_amount:2491.48
PER_000004,Person,TRANSACTS_WITH,PER_000005,Person,2025-05-21 13:26:36,2025-05-21 13:26:36,1,2966.93,total_amount:2966.93
PER_000004,Person,TRANSACTS_WITH,PER_000024,Person,2025-02-26 16:58:02,2025-02-26 16:58:02,1,4222.87,total_amount:4222.87
PER_000004,Person,TRANSACTS_WITH,PER_000053,Person,2025-08-29 11:34:18,2025-08-29 11:34:18,1,430.51,total_amount:430.51
PER_000004,Person,TRANSACTS_WITH,PER_000054,Person,2025-02-20 08:18:58,2025-02-20 08:18:58,1,4381.5,total_amount:4381.5
PER_000004,Person,TRANSACTS_WITH,PER_000060,Person,2025-07-06 17:31:13,2025-07-06 17:31:13,1,990.11,total_amount:990.11
PER_000004,Person,TRANSACTS_WITH,PER_000068,Person,2025-09-22 05:58:59,2025-09-22 05:58:59,1,3501.73,total_amount:3501.73
PER_000004,Person,TRANSACTS_WITH,PER_000074,Person,2025-10-18 17:36:09,2025-10-18 17:36:09,1,419.8,total_amount:419.8
PER_000004,Person,TRANSACTS_WITH,PER_000090,Person,2025-01-20 18:51:47,2025-01-20 18:51:47,1,3429.66,total_amount:3429.66
PER_000005,Person,TRANSACTS_WITH,PER_000011,Person,2025-08-31 06:42:24,2025-08-31 06:42:24,1,1196.97,total_amount:1196.97
PER_000005,Person,TRANSACTS_WITH,PER_000037,Person,2025-06-09 17:28:25,2025-06-09 17:28:25,1,3783.95,total_amount:3783.95
PER_000005,Person,TRANSACTS_WITH,PER_000039,Person,2025-07-09 14:57:27,2025-07-09 14:57:27,1,1888.74,total_amount:1888.74
PER_000005,Person,TRANSACTS_WITH,PER_000041,Person,2025-01-18 01:12:58,2025-01-18 01:12:58,1,4047.59,total_amount:4047.59
PER_000005,Person,TRANSACTS_WITH,PER_000059,Person,2025-06-26 12:09:23,2025-06-26 12:09:23,1,4176.23,total_amount:4176.23
PER_000005,Person,TRANSACTS_WITH,PER_000063,Person,2025-12-04 10:10:22,2025-12-04 10:10:22,1,4110.25,total_amount:4110.25
PER_000005,Person,TRANSACTS_WITH,PER_000074,Person,2025-06-15 16:36:48,2025-06-15 16:36:48,1,301.49,total_amount:301.49
PER_000005,Person,TRANSACTS_WITH,PER_000087,Person,2025-06-01 07:48:45,2025-06-01 07:48:45,1,1270.89,total_amount:1270.89
PER_000005,Person,TRANSACTS_WITH,PER_000093,Person,2025-01-15 22:39:57,2025-01-15 22:39:57,1,266.38,total_amount:266.38
PER_000006,Person,TRANSACTS_WITH,PER_000016,Person,2025-11-04 19:21:27,2025-11-04 19:21:27,1,1752.06,total_amount:1752.06
PER_000006,Person,TRANSACTS_WITH,PER_000035,Person,2025-12-22 10:12:38,2025-12-22 10:12:38,1,2647.56,total_amount:2647.56
PER_000006,Person,TRANSACTS_WITH,PER_000058,Person,2025-06-30 19:36:26,2025-06-30 19:36:26,1,3591.7,total_amount:3591.7
PER_000006,Person,TRANSACTS_WITH,PER_000061,Person,2025-12-23 19:13:55,2025-12-23 19:13:55,1,2849.83,total_amount:2849.83
PER_000006,Person,TRANSACTS_WITH,PER_000064,Person,2025-04-10 11:00:27,2025-04-10 11:00:27,1,1313.45,total_amount:1313.45
PER_000006,Person,TRANSACTS_WITH,PER_000083,Person,2025-04-05 09:17:16,2025-04-05 09:17:16,1,1925.06,total_amount:1925.06
PER_000007,Person,TRANSACTS_WITH,PER_000022,Person,2025-07-03 08:01:22,2025-07-03 08:01:22,1,564.18,total_amount:564.18
PER_000007,Person,TRANSACTS_WITH,PER_000023,Person,2025-05-25 15:15:54,2025-05-25 15:15:54,1,3182.13,total_amount:3182.13
PER_000007,Person,TRANSACTS_WITH,PER_000031,Person,2025-01-23 19:37:22,2025-01-23 19:37:22,1,1930.77,total_amount:1930.77
PER_000007,Person,TRANSACTS_WITH,PER_000038,Person,2025-03-12 09:22:56,2025-03-12 09:22:56,1,1952.75,total_amount:1952.75
PER_000007,Person,TRANSACTS_WITH,PER_000064,Person,2025-10-23 15:48:36,2025-10-24 13:44:26,2,8374.91,total_amount:8374.91
PER_000007,Person,TRANSACTS_WITH,PER_000090,Person,2025-07-08 09:45:58,2025-07-08 09:45:58,1,107.45,total_amount:107.45
PER_000007,Person,TRANSACTS_WITH,PER_000094,Person,2025-01-11 15:30:51,2025-01-11 15:30:51,1,3863.03,total_amount:3863.03
PER_000008,Person,TRANSACTS_WITH,PER_000023,Person,2025-04-20 19:24:33,2025-04-20 19:24:33,1,1485.2,total_amount:1485.2
PER_000008,Person,TRANSACTS_WITH,PER_000037,Person,2025-02-19 16:54:34,2025-02-19 16:54:34,1,4077.18,total_amount:4077.18
PER_000008,Person,TRANSACTS_WITH,PER_000054,Person,2025-03-04 16:37:12,2025-03-04 16:37:12,1,4357.93,total_amount:4357.93
PER_000008,Person,TRANSACTS_WITH,PER_000063,Person,2025-12-08 06:04:29,2025-12-08 06:04:29,1,3033.05,total_amount:3033.05
PER_000008,Person,TRANSACTS_WITH,PER_000074,Person,2025-05-01 07:59:32,2025-05-01 07:59:32,1,1744.5,total_amount:1744.5
PER_000009,Person,TRANSACTS_WITH,PER_000004,Person,2025-03-29 15:43:20,2025-03-29 15:43:20,1,2544.97,total_amount:2544.97
PER_000009,Person,TRANSACTS_WITH,PER_000038,Person,2025-10-26 12:26:40,2025-10-26 12:26:40,1,2745.12,total_amount:2745.12
PER_000009,Person,TRANSACTS_WITH,PER_000065,Person,2025-07-20 09:01:05,2025-07-20 09:01:05,1,3716.05,total_amount:3716.05
PER_000009,Person,TRANSACTS_WITH,PER_000095,Person,2025-10-19 08:16:57,2025-10-19 08:16:57,1,2983.18,total_amount:2983.18
PER_000010,Person,TRANSACTS_WITH,PER_000027,Person,2025-03-11 15:45:30,2025-03-11 15:45:30,1,2219.17,total_amount:2219.17
PER_000010,Person,TRANSACTS_WITH,PER_000056,Person,2025-04-24 18:14:02,2025-04-24 18:14:02,1,3786.49,total_amount:3786.49
PER_000010,Person,TRANSACTS_WITH,PER_000066,Person,2025-04-28 06:56:15,2025-04-28 06:56:15,1,1986.53,total_amount:1986.53
PER_000010,Person,TRANSACTS_WITH,PER_000091,Person,2025-03-25 12:31:20,2025-03-25 12:31:20,1,174.26,total_amount:174.26
PER_000011,Person,TRANSACTS_WITH,PER_000018,Person,2025-04-30 12:57:34,2025-04-30 12:57:34,1,3304.12,total_amount:3304.12
PER_000011,Person,TRANSACTS_WITH,PER_000032,Person,2025-09-12 19:46:10,2025-09-12 19:46:10,1,2930.56,total_amount:2930.56
PER_000011,Person,TRANSACTS_WITH,PER_000036,Person,2025-09-20 16:29:19,2025-09-20 16:29:19,1,1491.77,total_amount:1491.77
PER_000011,Person,TRANSACTS_WITH,PER_000039,Person,2025-12-26 21:39:35,2025-12-26 21:39:35,1,3667.65,total_amount:3667.65
PER_000011,Person,TRANSACTS_WITH,PER_000041,Person,2025-05-25 15:14:49,2025-05-25 15:14:49,1,4372.51,total_amount:4372.51
PER_000011,Person,TRANSACTS_WITH,PER_000054,Person,2025-04-29 19:13:07,2025-04-29 19:13:07,1,2197.24,total_amount:2197.24
PER_000011,Person,TRANSACTS_WITH,PER_000060,Person,2025-01-20 15:56:39,2025-01-20 15:56:39,1,1145.39,total_amount:1145.39
PER_000011,Person,TRANSACTS_WITH,PER_000072,Person,2025-10-19 15:02:44,2025-10-19 15:02:44,1,2502.16,total_amount:2502.16
PER_000011,Person,TRANSACTS_WITH,PER_000083,Person,2025-10-22 09:30:41,2025-10-22 09:30:41,1,3566.58,total_amount:3566.58
PER_000011,Person,TRANSACTS_WITH,PER_000086,Person,2025-03-15 12:42:39,2025-03-15 12:42:39,1,818.45,total_amount:818.45
PER_000012,Person,TRANSACTS_WITH,PER_000002,Person,2025-07-11 15:45:36,2025-07-11 15:45:36,1,4039.58,total_amount:4039.58
PER_000012,Person,TRANSACTS_WITH,PER_000006,Person,2025-07-11 20:15:45,2025-07-12 06:47:44,2,5646.75,total_amount:5646.75
PER_000012,Person,TRANSACTS_WITH,PER_000007,Person,2025-07-12 13:04:29,2025-07-12 18:43:06,2,4253.1,total_amount:4253.1
PER_000012,Person,TRANSACTS_WITH,PER_000009,Person,2025-07-12 23:45:27,2025-07-12 23:45:27,1,4402.51,total_amount:4402.51
PER_000012,Person,TRANSACTS_WITH,PER_000015,Person,2025-07-12 01:22:14,2025-07-12 01:22:14,1,986.34,total_amount:986.34
PER_000012,Person,TRANSACTS_WITH,PER_000018,Person,2025-07-12 22:43:49,2025-07-12 22:43:49,1,2362.43,total_amount:2362.43
PER_000012,Person,TRANSACTS_WITH,PER_000023,Person,2025-07-12 00:36:37,2025-07-12 00:36:37,1,2798.55,total_amount:2798.55
PER_000012,Person,TRANSACTS_WITH,PER_000028,Person,2025-07-12 02:16:23,2025-07-12 02:16:23,1,2322.22,total_amount:2322.22
PER_000012,Person,TRANSACTS_WITH,PER_000031,Person,2025-07-12 04:31:13,2025-07-12 04:31:13,1,3082.54,total_amount:3082.54
PER_000012,Person,TRANSACTS_WITH,PER_000034,Person,2025-07-11 20:51:57,2025-07-11 20:51:57,1,1170.67,total_amount:1170.67
PER_000012,Person,TRANSACTS_WITH,PER_000035,Person,2025-07-10 03:38:55,2025-07-10 03:38:55,1,3216.21,total_amount:3216.21
PER_000012,Person,TRANSACTS_WITH,PER_000037,Person,2025-07-12 17:58:58,2025-07-12 17:58:58,1,3562.52,total_amount:3562.52
PER_000012,Person,TRANSACTS_WITH,PER_000040,Person,2025-07-11 22:13:08,2025-07-12 18:39:39,3,10720.95,total_amount:10720.95
PER_000012,Person,TRANSACTS_WITH,PER_000045,Person,2025-07-12 17:55:09,2025-07-12 22:35:30,2,3693.22,total_amount:3693.22
PER_000012,Person,TRANSACTS_WITH,PER_000060,Person,2025-07-10 21:22:58,2025-07-11 00:24:57,2,3725.44,total_amount:3725.44
PER_000012,Person,TRANSACTS_WITH,PER_000061,Person,2025-07-11 14:22:09,2025-07-12 12:17:19,2,4827.98,total_amount:4827.98
PER_000012,Person,TRANSACTS_WITH,PER_000066,Person,2025-07-10 17:48:46,2025-07-10 17:48:46,1,15.36,total_amount:15.36
PER_000012,Person,TRANSACTS_WITH,PER_000069,Person,2025-07-11 02:38:51,2025-07-12 18:21:44,2,7703.9,total_amount:7703.9
PER_000012,Person,TRANSACTS_WITH,PER_000070,Person,2025-07-10 01:17:36,2025-07-10 01:17:36,1,2896.88,total_amount:2896.88
PER_000012,Person,TRANSACTS_WITH,PER_000071,Person,2025-07-10 10:26:17,2025-07-10 10:26:17,1,1926.63,total_amount:1926.63
PER_000012,Person,TRANSACTS_WITH,PER_000074,Person,2025-07-10 03:40:34,2025-07-10 03:40:34,1,3898.59,total_amount:3898.59
PER_000012,Person,TRANSACTS_WITH,PER_000080,Person,2025-07-11 13:34:07,2025-07-11 13:34:07,1,2765.72,total_amount:2765.72
PER_000012,Person,TRANSACTS_WITH,PER_000081,Person,2025-07-12 20:16:53,2025-07-12 20:16:53,1,3878.33,total_amount:3878.33
PER_000012,Person,TRANSACTS_WITH,PER_000082,Person,2025-07-11 10:13:05,2025-07-11 17:46:18,2,7093.63,total_amount:7093.63
PER_000012,Person,TRANSACTS_WITH,PER_000083,Person,2025-07-10 15:12:07,2025-07-10 15:12:07,1,436.14,total_amount:436.14
PER_000012,Person,TRANSACTS_WITH,PER_000084,Person,2025-07-10 13:32:22,2025-07-11 14:19:42,2,6297.64,total_amount:6297.64
PER_000012,Person,TRANSACTS_WITH,PER_000085,Person,2025-07-11 02:50:22,2025-07-11 02:50:22,1,233.49,total_amount:233.49
PER_000012,Person,TRANSACTS_WITH,PER_000088,Person,2025-07-12 15:22:30,2025-07-12 15:22:30,1,712.46,total_amount:712.46
PER_000012,Person,TRANSACTS_WITH,PER_000090,Person,2025-07-10 23:35:54,2025-07-11 16:53:30,2,2167.09,total_amount:2167.09
PER_000012,Person,TRANSACTS_WITH,PER_000091,Person,2025-07-12 04:24:09,2025-07-12 04:24:09,1,1590.85,total_amount:1590.85
PER_000012,Person,TRANSACTS_WITH,PER_000092,Person,2025-07-10 12:56:31,2025-07-10 12:56:31,1,3929.9,total_amount:3929.9
PER_000012,Person,TRANSACTS_WITH,PER_000098,Person,2025-07-12 08:04:40,2025-07-12 08:04:40,1,564.86,total_amount:564.86
PER_000012,Person,TRANSACTS_WITH,PER_000099,Person,2025-07-11 07:04:31,2025-07-11 07:04:31,1,1856.68,total_amount:1856.68
PER_000013,Person,TRANSACTS_WITH,PER_000039,Person,2025-05-02 19:35:43,2025-05-02 19:35:43,1,4086.22,total_amount:4086.22
PER_000013,Person,TRANSACTS_WITH,PER_000054,Person,2025-12-02 20:06:31,2025-12-02 20:06:31,1,2644.77,total_amount:2644.77
PER_000013,Person,TRANSACTS_WITH,PER_000062,Person,2025-11-26 08:38:14,2025-11-26 08:38:14,1,3426.04,total_amount:3426.04
PER_000013,Person,TRANSACTS_WITH,PER_000100,Person,2025-02-28 06:06:16,2025-02-28 06:06:16,1,1053.36,total_amount:1053.36
PER_000014,Person,TRANSACTS_WITH,PER_000021,Person,2025-05-03 17:33:43,2025-05-03 17:33:43,1,3429.13,total_amount:3429.13
PER_000014,Person,TRANSACTS_WITH,PER_000043,Person,2025-11-27 10:02:17,2025-11-27 10:02:17,1,2257.69,total_amount:2257.69
PER_000014,Person,TRANSACTS_WITH,PER_000060,Person,2025-12-10 19:30:37,2025-12-10 19:30:37,1,1028.67,total_amount:1028.67
PER_000014,Person,TRANSACTS_WITH,PER_000084,Person,2025-10-05 20:50:35,2025-10-05 20:50:35,1,3557.45,total_amount:3557.45
PER_000014,Person,TRANSACTS_WITH,PER_000092,Person,2025-08-22 11:17:12,2025-08-22 11:17:12,1,3906.8,total_amount:3906.8
PER_000014,Person,TRANSACTS_WITH,PER_000094,Person,2025-12-05 06:40:35,2025-12-05 06:40:35,1,1135.37,total_amount:1135.37
PER_000015,Person,TRANSACTS_WITH,PER_000001,Person,2025-06-12 22:04:13,2025-06-12 22:04:13,1,2506.62,total_amount:2506.62
PER_000015,Person,TRANSACTS_WITH,PER_000002,Person,2025-08-27 14:11:01,2025-08-27 14:11:01,1,776.83,total_amount:776.83
PER_000015,Person,TRANSACTS_WITH,PER_000021,Person,2025-08-21 10:02:34,2025-08-21 10:02:34,1,294.87,total_amount:294.87
PER_000015,Person,TRANSACTS_WITH,PER_000083,Person,2025-12-09 13:48:53,2025-12-09 13:48:53,1,1544.95,total_amount:1544.95
PER_000016,Person,TRANSACTS_WITH,PER_000002,Person,2025-05-15 13:11:45,2025-09-22 16:21:54,5,442930.63,total_amount:442930.63
PER_000016,Person,TRANSACTS_WITH,PER_000015,Person,2025-07-07 13:02:14,2025-07-07 13:02:14,1,3549.12,total_amount:3549.12
PER_000016,Person,TRANSACTS_WITH,PER_000018,Person,2025-03-28 17:05:51,2025-03-28 17:05:51,1,198908.31,total_amount:198908.31
PER_000016,Person,TRANSACTS_WITH,PER_000024,Person,2025-01-30 09:01:35,2025-12-22 19:34:30,7,1380193.04,total_amount:1380193.04
PER_000016,Person,TRANSACTS_WITH,PER_000027,Person,2025-02-02 12:27:50,2025-12-20 12:24:39,4,434955.8,total_amount:434955.8
PER_000016,Person,TRANSACTS_WITH,PER_000035,Person,2025-11-20 17:28:02,2025-11-20 17:28:02,1,339371.91,total_amount:339371.91
PER_000016,Person,TRANSACTS_WITH,PER_000038,Person,2025-04-03 06:24:07,2025-04-03 06:24:07,1,203277.63,total_amount:203277.63
PER_000016,Person,TRANSACTS_WITH,PER_000042,Person,2025-01-04 06:20:52,2025-11-21 09:27:45,10,426385.01,total_amount:426385.01
PER_000016,Person,TRANSACTS_WITH,PER_000044,Person,2025-06-28 14:35:51,2025-06-28 14:35:51,1,451950.71,total_amount:451950.71
PER_000016,Person,TRANSACTS_WITH,PER_000050,Person,2025-02-02 05:11:43,2025-10-28 11:12:00,8,1315595.29,total_amount:1315595.29
PER_000016,Person,TRANSACTS_WITH,PER_000087,Person,2025-02-17 14:13:55,2025-11-05 08:53:40,6,696123.02,total_amount:696123.02
PER_000017,Person,TRANSACTS_WITH,PER_000006,Person,2025-10-10 15:12:11,2025-10-10 15:12:11,1,3538.43,total_amount:3538.43
PER_000017,Person,TRANSACTS_WITH,PER_000016,Person,2025-07-06 09:12:05,2025-07-06 09:12:05,1,618.02,total_amount:618.02
PER_000017,Person,TRANSACTS_WITH,PER_000038,Person,2025-03-19 20:23:55,2025-03-30 21:11:14,2,8654.37,total_amount:8654.37
PER_000017,Person,TRANSACTS_WITH,PER_000039,Person,2025-03-22 11:24:51,2025-03-22 11:24:51,1,1300.91,total_amount:1300.91
PER_000017,Person,TRANSACTS_WITH,PER_000066,Person,2025-10-08 19:28:19,2025-10-08 19:28:19,1,1924.39,total_amount:1924.39
PER_000017,Person,TRANSACTS_WITH,PER_000073,Person,2025-01-16 18:32:08,2025-01-16 18:32:08,1,995.35,total_amount:995.35
PER_000018,Person,TRANSACTS_WITH,PER_000002,Person,2025-08-18 12:05:28,2025-12-10 17:47:29,3,186838.62,total_amount:186838.62
PER_000018,Person,TRANSACTS_WITH,PER_000016,Person,2025-05-13 17:38:48,2025-12-29 21:55:41,5,393151.22,total_amount:393151.22
PER_000018,Person,TRANSACTS_WITH,PER_000021,Person,2025-12-21 06:47:16,2025-12-21 06:47:16,1,2435.56,total_amount:2435.56
PER_000018,Person,TRANSACTS_WITH,PER_000024,Person,2025-02-25 19:57:58,2025-10-22 13:42:17,8,1068807.35,total_amount:1068807.35
PER_000018,Person,TRANSACTS_WITH,PER_000026,Person,2025-05-05 11:55:30,2025-05-05 11:55:30,1,333.07,total_amount:333.07
PER_000018,Person,TRANSACTS_WITH,PER_000027,Person,2025-01-03 11:59:25,2025-11-28 20:45:37,8,814410.49,total_amount:814410.49
PER_000018,Person,TRANSACTS_WITH,PER_000037,Person,2025-08-19 06:17:32,2025-08-19 06:17:32,1,257814.0,total_amount:257814.0
PER_000018,Person,TRANSACTS_WITH,PER_000042,Person,2025-01-02 01:24:27,2025-10-18 22:23:51,9,725603.83,total_amount:725603.83
PER_000018,Person,TRANSACTS_WITH,PER_000050,Person,2025-01-22 09:25:20,2025-09-10 20:26:35,5,499036.75,total_amount:499036.75
PER_000018,Person,TRANSACTS_WITH,PER_000061,Person,2025-01-26 05:35:00,2025-01-26 05:35:00,1,215599.45,total_amount:215599.45
PER_000018,Person,TRANSACTS_WITH,PER_000087,Person,2025-06-22 14:01:07,2025-12-04 13:19:59,2,795215.66,total_amount:795215.66
PER_000018,Person,TRANSACTS_WITH,PER_000088,Person,2025-08-10 13:47:11,2025-08-10 13:47:11,1,432806.13,total_amount:432806.13
PER_000018,Person,TRANSACTS_WITH,PER_000095,Person,2025-12-13 17:56:58,2025-12-13 17:56:58,1,296747.81,total_amount:296747.81
PER_000018,Person,TRANSACTS_WITH,PER_000099,Person,2025-06-03 08:41:09,2025-06-03 08:41:09,1,3161.27,total_amount:3161.27
PER_000018,Person,TRANSACTS_WITH,PER_000100,Person,2025-02-01 23:09:39,2025-02-01 23:09:39,1,368224.79,total_amount:368224.79
PER_000019,Person,TRANSACTS_WITH,PER_000003,Person,2025-10-17 16:06:18,2025-10-17 16:06:18,1,3778.75,total_amount:3778.75
PER_000019,Person,TRANSACTS_WITH,PER_000012,Person,2025-10-08 13:55:51,2025-10-08 13:55:51,1,1271.33,total_amount:1271.33
PER_000019,Person,TRANSACTS_WITH,PER_000034,Person,2025-11-21 05:26:31,2025-11-21 05:26:31,1,2476.19,total_amount:2476.19
PER_000019,Person,TRANSACTS_WITH,PER_000041,Person,2025-01-13 16:29:51,2025-01-13 16:29:51,1,3719.93,total_amount:3719.93
PER_000019,Person,TRANSACTS_WITH,PER_000046,Person,2025-08-25 14:51:08,2025-08-25 14:51:08,1,2672.86,total_amount:2672.86
PER_000019,Person,TRANSACTS_WITH,PER_000070,Person,2025-05-28 04:38:28,2025-05-28 04:38:28,1,194.41,total_amount:194.41
PER_000019,Person,TRANSACTS_WITH,PER_000087,Person,2025-09-08 20:03:26,2025-09-08 20:03:26,1,3595.69,total_amount:3595.69
PER_000019,Person,TRANSACTS_WITH,PER_000095,Person,2025-02-01 21:03:33,2025-02-01 21:03:33,1,1141.59,total_amount:1141.59
PER_000020,Person,TRANSACTS_WITH,PER_000028,Person,2025-01-29 10:24:48,2025-01-29 10:24:48,1,4155.87,total_amount:4155.87
PER_000020,Person,TRANSACTS_WITH,PER_000037,Person,2025-02-08 07:07:26,2025-02-08 07:07:26,1,3765.43,total_amount:3765.43
PER_000020,Person,TRANSACTS_WITH,PER_000038,Person,2025-02-09 08:25:41,2025-02-09 08:25:41,1,2706.92,total_amount:2706.92
PER_000020,Person,TRANSACTS_WITH,PER_000049,Person,2025-10-20 19:12:59,2025-10-20 19:12:59,1,1185.4,total_amount:1185.4
PER_000020,Person,TRANSACTS_WITH,PER_000062,Person,2025-04-13 10:46:30,2025-04-13 10:46:30,1,1306.14,total_amount:1306.14
PER_000020,Person,TRANSACTS_WITH,PER_000070,Person,2025-02-22 20:48:01,2025-02-22 20:48:01,1,1462.09,total_amount:1462.09
PER_000020,Person,TRANSACTS_WITH,PER_000077,Person,2025-05-06 13:53:49,2025-05-06 13:53:49,1,2827.52,total_amount:2827.52
PER_000020,Person,TRANSACTS_WITH,PER_000079,Person,2025-12-14 21:23:36,2025-12-14 21:23:36,1,2604.45,total_amount:2604.45
PER_000021,Person,TRANSACTS_WITH,PER_000004,Person,2025-04-15 12:05:05,2025-04-15 12:05:05,1,2579.5,total_amount:2579.5
PER_000021,Person,TRANSACTS_WITH,PER_000010,Person,2025-01-08 15:00:26,2025-01-08 15:00:26,1,4170.53,total_amount:4170.53
PER_000021,Person,TRANSACTS_WITH,PER_000026,Person,2025-04-20 18:36:33,2025-04-20 18:36:33,1,1739.94,total_amount:1739.94
PER_000021,Person,TRANSACTS_WITH,PER_000068,Person,2025-06-15 19:03:41,2025-06-15 19:03:41,1,3764.63,total_amount:3764.63
PER_000021,Person,TRANSACTS_WITH,PER_000083,Person,2025-12-14 03:47:24,2025-12-14 03:47:24,1,2020.93,total_amount:2020.93
PER_000021,Person,TRANSACTS_WITH,PER_000084,Person,2025-07-31 09:30:04,2025-07-31 09:30:04,1,3261.5,total_amount:3261.5
PER_000021,Person,TRANSACTS_WITH,PER_000099,Person,2025-03-01 12:10:20,2025-03-01 12:10:20,1,2144.51,total_amount:2144.51
PER_000022,Person,TRANSACTS_WITH,PER_000015,Person,2025-10-04 17:16:33,2025-10-04 17:16:33,1,2452.25,total_amount:2452.25
PER_000022,Person,TRANSACTS_WITH,PER_000020,Person,2025-01-26 08:53:33,2025-01-26 08:53:33,1,1710.04,total_amount:1710.04
PER_000022,Person,TRANSACTS_WITH,PER_000036,Person,2025-05-04 16:00:15,2025-05-04 16:00:15,1,4162.59,total_amount:4162.59
PER_000022,Person,TRANSACTS_WITH,PER_000056,Person,2025-02-05 14:51:31,2025-02-05 14:51:31,1,917.93,total_amount:917.93
PER_000022,Person,TRANSACTS_WITH,PER_000071,Person,2025-09-11 18:39:51,2025-09-11 18:39:51,1,2566.52,total_amount:2566.52
PER_000022,Person,TRANSACTS_WITH,PER_000076,Person,2025-01-09 23:07:12,2025-01-09 23:07:12,1,1799.9,total_amount:1799.9
PER_000022,Person,TRANSACTS_WITH,PER_000086,Person,2025-07-18 04:33:28,2025-07-18 04:33:28,1,2780.47,total_amount:2780.47
PER_000022,Person,TRANSACTS_WITH,PER_000087,Person,2025-02-13 08:47:38,2025-09-25 16:34:21,2,7009.62,total_amount:7009.62
PER_000022,Person,TRANSACTS_WITH,PER_000088,Person,2025-09-24 07:45:35,2025-09-24 07:45:35,1,981.91,total_amount:981.91
PER_000022,Person,TRANSACTS_WITH,PER_000097,Person,2025-10-05 09:11:49,2025-10-05 09:11:49,1,2081.18,total_amount:2081.18
PER_000023,Person,TRANSACTS_WITH,PER_000038,Person,2025-05-16 19:36:43,2025-05-16 19:36:43,1,265.82,total_amount:265.82
PER_000023,Person,TRANSACTS_WITH,PER_000048,Person,2025-03-10 12:35:43,2025-03-10 12:35:43,1,2601.95,total_amount:2601.95
PER_000023,Person,TRANSACTS_WITH,PER_000059,Person,2025-11-21 06:03:00,2025-11-21 06:03:00,1,595.39,total_amount:595.39
PER_000023,Person,TRANSACTS_WITH,PER_000070,Person,2025-06-14 11:51:44,2025-06-14 11:51:44,1,208.75,total_amount:208.75
PER_000023,Person,TRANSACTS_WITH,PER_000071,Person,2025-06-21 05:58:33,2025-06-21 05:58:33,1,456.78,total_amount:456.78
PER_000023,Person,TRANSACTS_WITH,PER_000075,Person,2025-03-23 07:55:09,2025-03-23 07:55:09,1,2231.99,total_amount:2231.99
PER_000023,Person,TRANSACTS_WITH,PER_000076,Person,2025-01-09 10:34:42,2025-01-09 10:34:42,1,2485.69,total_amount:2485.69
PER_000023,Person,TRANSACTS_WITH,PER_000084,Person,2025-08-17 11:16:13,2025-08-17 11:16:13,1,2611.93,total_amount:2611.93
PER_000023,Person,TRANSACTS_WITH,PER_000099,Person,2025-02-03 17:18:10,2025-02-03 17:18:10,1,314.43,total_amount:314.43
PER_000024,Person,TRANSACTS_WITH,PER_000002,Person,2025-02-14 14:55:20,2025-04-29 08:43:36,3,4773.91,total_amount:4773.91
PER_000024,Person,TRANSACTS_WITH,PER_000014,Person,2025-07-29 04:28:40,2025-07-29 04:28:40,1,170085.95,total_amount:170085.95
PER_000024,Person,TRANSACTS_WITH,PER_000016,Person,2025-03-31 15:21:54,2025-12-29 16:17:35,4,831392.61,total_amount:831392.61
PER_000024,Person,TRANSACTS_WITH,PER_000017,Person,2025-08-06 11:11:12,2025-08-06 11:11:12,1,3180.15,total_amount:3180.15
PER_000024,Person,TRANSACTS_WITH,PER_000018,Person,2025-01-17 17:50:03,2025-12-11 13:18:22,8,684281.65,total_amount:684281.65
PER_000024,Person,TRANSACTS_WITH,PER_000027,Person,2025-07-30 08:35:21,2025-12-16 17:40:31,4,310407.1,total_amount:310407.1
PER_000024,Person,TRANSACTS_WITH,PER_000036,Person,2025-07-15 10:36:58,2025-07-15 10:36:58,1,315913.0,total_amount:315913.0
PER_000024,Person,TRANSACTS_WITH,PER_000037,Person,2025-10-03 07:54:16,2025-10-03 07:54:16,1,867.42,total_amount:867.42
PER_000024,Person,TRANSACTS_WITH,PER_000042,Person,2025-07-21 07:06:37,2025-12-19 21:34:20,5,273746.36,total_amount:273746.36
PER_000024,Person,TRANSACTS_WITH,PER_000050,Person,2025-03-07 07:02:25,2025-12-06 14:09:15,5,366283.6,total_amount:366283.6
PER_000024,Person,TRANSACTS_WITH,PER_000059,Person,2025-04-02 17:08:14,2025-04-02 17:08:14,1,3838.59,total_amount:3838.59
PER_000024,Person,TRANSACTS_WITH,PER_000064,Person,2025-06-21 03:33:43,2025-06-21 03:33:43,1,341339.92,total_amount:341339.92
PER_000024,Person,TRANSACTS_WITH,PER_000078,Person,2025-02-19 04:55:43,2025-02-19 04:55:43,1,2011.3,total_amount:2011.3
PER_000024,Person,TRANSACTS_WITH,PER_000081,Person,2025-06-14 17:15:24,2025-06-14 17:15:24,1,2062.51,total_amount:2062.51
PER_000024,Person,TRANSACTS_WITH,PER_000086,Person,2025-08-22 09:15:23,2025-08-22 09:15:23,1,874.69,total_amount:874.69
PER_000024,Person,TRANSACTS_WITH,PER_000087,Person,2025-01-07 18:37:41,2025-08-21 03:16:37,4,458722.33,total_amount:458722.33
PER_000024,Person,TRANSACTS_WITH,PER_000098,Person,2025-01-18 07:56:52,2025-01-18 07:56:52,1,262877.19,total_amount:262877.19
PER_000024,Person,TRANSACTS_WITH,PER_000100,Person,2025-04-18 16:02:47,2025-04-18 16:02:47,1,343402.27,total_amount:343402.27
PER_000025,Person,TRANSACTS_WITH,PER_000010,Person,2025-08-18 08:11:43,2025-08-18 08:11:43,1,1200.11,total_amount:1200.11
PER_000025,Person,TRANSACTS_WITH,PER_000021,Person,2025-10-25 17:29:40,2025-10-25 17:29:40,1,2730.1,total_amount:2730.1
PER_000025,Person,TRANSACTS_WITH,PER_000024,Person,2025-07-28 16:54:15,2025-07-28 16:54:15,1,2277.05,total_amount:2277.05
PER_000025,Person,TRANSACTS_WITH,PER_000037,Person,2025-09-23 21:43:26,2025-09-23 21:43:26,1,867.0,total_amount:867.0
PER_000025,Person,TRANSACTS_WITH,PER_000044,Person,2025-03-04 09:14:50,2025-03-04 09:14:50,1,4462.89,total_amount:4462.89
PER_000025,Person,TRANSACTS_WITH,PER_000051,Person,2025-12-23 13:20:25,2025-12-23 13:20:25,1,1345.36,total_amount:1345.36
PER_000025,Person,TRANSACTS_WITH,PER_000070,Person,2025-01-10 03:09:03,2025-01-10 03:09:03,1,1059.16,total_amount:1059.16
PER_000025,Person,TRANSACTS_WITH,PER_000087,Person,2025-08-31 06:08:08,2025-08-31 06:08:08,1,1630.32,total_amount:1630.32
PER_000026,Person,TRANSACTS_WITH,PER_000007,Person,2025-12-26 17:54:10,2025-12-26 17:54:10,1,541.32,total_amount:541.32
PER_000026,Person,TRANSACTS_WITH,PER_000014,Person,2025-03-21 05:18:38,2025-03-21 05:18:38,1,3191.29,total_amount:3191.29
PER_000026,Person,TRANSACTS_WITH,PER_000020,Person,2025-09-27 20:38:49,2025-09-27 20:38:49,1,1694.51,total_amount:1694.51
PER_000026,Person,TRANSACTS_WITH,PER_000041,Person,2025-11-23 11:48:09,2025-11-23 11:48:09,1,3227.6,total_amount:3227.6
PER_000026,Person,TRANSACTS_WITH,PER_000052,Person,2025-10-19 08:53:53,2025-10-19 08:53:53,1,3821.04,total_amount:3821.04
PER_000026,Person,TRANSACTS_WITH,PER_000071,Person,2025-07-25 18:06:29,2025-07-25 18:06:29,1,367.5,total_amount:367.5
PER_000026,Person,TRANSACTS_WITH,PER_000077,Person,2025-09-14 15:24:30,2025-09-14 15:24:30,1,244.01,total_amount:244.01
PER_000026,Person,TRANSACTS_WITH,PER_000080,Person,2025-07-04 09:17:29,2025-07-04 09:17:29,1,709.49,total_amount:709.49
PER_000026,Person,TRANSACTS_WITH,PER_000089,Person,2025-12-13 16:17:40,2025-12-13 16:17:40,1,1050.44,total_amount:1050.44
PER_000026,Person,TRANSACTS_WITH,PER_000098,Person,2025-01-10 17:25:36,2025-01-10 17:25:36,1,735.46,total_amount:735.46
PER_000027,Person,TRANSACTS_WITH,PER_000002,Person,2025-02-26 04:58:47,2025-12-31 03:26:15,5,14849.67,total_amount:14849.67
PER_000027,Person,TRANSACTS_WITH,PER_000015,Person,2025-12-01 11:38:17,2025-12-01 11:38:17,1,3016.06,total_amount:3016.06
PER_000027,Person,TRANSACTS_WITH,PER_000016,Person,2025-02-02 13:26:19,2025-11-17 20:30:25,8,870918.53,total_amount:870918.53
PER_000027,Person,TRANSACTS_WITH,PER_000018,Person,2025-03-07 13:43:46,2025-12-27 21:39:54,7,322411.49,total_amount:322411.49
PER_000027,Person,TRANSACTS_WITH,PER_000024,Person,2025-02-19 16:25:59,2025-10-19 10:16:06,4,171154.85,total_amount:171154.85
PER_000027,Person,TRANSACTS_WITH,PER_000042,Person,2025-04-25 11:07:13,2025-12-24 13:50:13,7,1344933.7,total_amount:1344933.7
PER_000027,Person,TRANSACTS_WITH,PER_000043,Person,2025-09-05 10:45:44,2025-09-05 10:45:44,1,279634.3,total_amount:279634.3
PER_000027,Person,TRANSACTS_WITH,PER_000047,Person,2025-01-09 17:43:54,2025-01-09 17:43:54,1,1077.85,total_amount:1077.85
PER_000027,Person,TRANSACTS_WITH,PER_000050,Person,2025-01-22 15:55:13,2025-08-26 14:54:28,4,657185.41,total_amount:657185.41
PER_000027,Person,TRANSACTS_WITH,PER_000054,Person,2025-04-30 15:36:51,2025-11-29 10:47:34,2,4724.69,total_amount:4724.69
PER_000027,Person,TRANSACTS_WITH,PER_000061,Person,2025-03-14 08:50:38,2025-03-14 08:50:38,1,1152.99,total_amount:1152.99
PER_000027,Person,TRANSACTS_WITH,PER_000071,Person,2025-02-25 21:55:43,2025-02-25 21:55:43,1,1807.97,total_amount:1807.97
PER_000027,Person,TRANSACTS_WITH,PER_000078,Person,2025-07-23 16:25:10,2025-07-23 16:25:10,1,170067.17,total_amount:170067.17
PER_000027,Person,TRANSACTS_WITH,PER_000087,Person,2025-02-18 16:29:05,2025-05-14 18:30:10,2,360363.64,total_amount:360363.64
PER_000027,Person,TRANSACTS_WITH,PER_000094,Person,2025-11-23 08:58:09,2025-11-23 08:58:09,1,3875.3,total_amount:3875.3
PER_000027,Person,TRANSACTS_WITH,PER_000100,Person,2025-12-19 02:57:03,2025-12-19 02:57:03,1,3851.08,total_amount:3851.08
PER_000028,Person,TRANSACTS_WITH,PER_000004,Person,2025-08-03 12:29:09,2025-08-03 12:29:09,1,1228.65,total_amount:1228.65
PER_000028,Person,TRANSACTS_WITH,PER_000018,Person,2025-12-17 15:56:17,2025-12-17 15:56:17,1,849.42,total_amount:849.42
PER_000028,Person,TRANSACTS_WITH,PER_000027,Person,2025-01-26 10:05:02,2025-01-26 10:05:02,1,908.54,total_amount:908.54
PER_000028,Person,TRANSACTS_WITH,PER_000033,Person,2025-01-19 08:39:47,2025-01-19 08:39:47,1,903.47,total_amount:903.47
PER_000028,Person,TRANSACTS_WITH,PER_000051,Person,2025-09-11 20:21:57,2025-09-11 20:21:57,1,2842.56,total_amount:2842.56
PER_000028,Person,TRANSACTS_WITH,PER_000080,Person,2025-05-26 16:47:46,2025-05-26 16:47:46,1,2613.57,total_amount:2613.57
PER_000028,Person,TRANSACTS_WITH,PER_000086,Person,2025-01-27 08:26:38,2025-01-27 08:26:38,1,1527.05,total_amount:1527.05
PER_000029,Person,TRANSACTS_WITH,PER_000016,Person,2025-01-17 12:15:03,2025-01-17 12:15:03,1,1913.0,total_amount:1913.0
PER_000029,Person,TRANSACTS_WITH,PER_000030,Person,2025-01-06 10:06:24,2025-02-12 12:45:44,2,6233.96,total_amount:6233.96
PER_000029,Person,TRANSACTS_WITH,PER_000042,Person,2025-03-21 07:42:06,2025-03-21 07:42:06,1,1390.22,total_amount:1390.22
PER_000029,Person,TRANSACTS_WITH,PER_000049,Person,2025-06-12 05:04:40,2025-06-12 05:04:40,1,4357.74,total_amount:4357.74
PER_000029,Person,TRANSACTS_WITH,PER_000053,Person,2025-03-14 10:49:27,2025-03-14 10:49:27,1,2065.46,total_amount:2065.46
PER_000029,Person,TRANSACTS_WITH,PER_000059,Person,2025-08-22 16:56:31,2025-08-22 16:56:31,1,1733.89,total_amount:1733.89
PER_000029,Person,TRANSACTS_WITH,PER_000065,Person,2025-05-19 12:01:57,2025-05-19 12:01:57,1,3986.18,total_amount:3986.18
PER_000029,Person,TRANSACTS_WITH,PER_000068,Person,2025-11-14 15:20:56,2025-11-14 15:20:56,1,3551.99,total_amount:3551.99
PER_000029,Person,TRANSACTS_WITH,PER_000076,Person,2025-06-12 15:01:05,2025-06-12 15:01:05,1,2307.54,total_amount:2307.54
PER_000029,Person,TRANSACTS_WITH,PER_000082,Person,2025-05-18 15:13:37,2025-05-18 15:13:37,1,4061.22,total_amount:4061.22
PER_000029,Person,TRANSACTS_WITH,PER_000094,Person,2025-05-08 18:26:58,2025-05-08 18:26:58,1,819.36,total_amount:819.36
PER_000030,Person,TRANSACTS_WITH,PER_000016,Person,2025-07-24 14:50:12,2025-07-24 14:50:12,1,2850.71,total_amount:2850.71
PER_000030,Person,TRANSACTS_WITH,PER_000029,Person,2025-04-07 15:14:25,2025-04-07 15:14:25,1,1206.69,total_amount:1206.69
PER_000030,Person,TRANSACTS_WITH,PER_000039,Person,2025-09-14 06:55:42,2025-09-14 06:55:42,1,4151.28,total_amount:4151.28
PER_000030,Person,TRANSACTS_WITH,PER_000046,Person,2025-01-16 21:27:58,2025-01-16 21:27:58,1,2885.35,total_amount:2885.35
PER_000030,Person,TRANSACTS_WITH,PER_000064,Person,2025-09-19 15:56:24,2025-09-19 15:56:24,1,3581.03,total_amount:3581.03
PER_000030,Person,TRANSACTS_WITH,PER_000065,Person,2025-03-23 15:04:41,2025-03-23 15:04:41,1,2484.53,total_amount:2484.53
PER_000030,Person,TRANSACTS_WITH,PER_000070,Person,2025-01-26 20:12:25,2025-01-26 20:12:25,1,3350.29,total_amount:3350.29
PER_000030,Person,TRANSACTS_WITH,PER_000072,Person,2025-09-26 12:03:20,2025-09-26 12:03:20,1,4294.29,total_amount:4294.29
PER_000030,Person,TRANSACTS_WITH,PER_000088,Person,2025-02-11 19:40:35,2025-02-11 19:40:35,1,2867.3,total_amount:2867.3
PER_000031,Person,TRANSACTS_WITH,PER_000015,Person,2025-02-13 11:34:33,2025-02-13 11:34:33,1,1691.47,total_amount:1691.47
PER_000031,Person,TRANSACTS_WITH,PER_000030,Person,2025-04-07 16:36:51,2025-04-07 16:36:51,1,1279.21,total_amount:1279.21
PER_000031,Person,TRANSACTS_WITH,PER_000032,Person,2025-12-08 14:20:13,2025-12-08 14:20:13,1,677.34,total_amount:677.34
PER_000031,Person,TRANSACTS_WITH,PER_000048,Person,2025-08-30 15:39:21,2025-08-30 15:39:21,1,1269.14,total_amount:1269.14
PER_000031,Person,TRANSACTS_WITH,PER_000060,Person,2025-10-03 04:47:57,2025-10-03 04:47:57,1,3630.11,total_amount:3630.11
PER_000032,Person,TRANSACTS_WITH,PER_000007,Person,2025-08-06 07:35:39,2025-08-06 07:35:39,1,1656.4,total_amount:1656.4
PER_000032,Person,TRANSACTS_WITH,PER_000025,Person,2025-09-08 18:37:00,2025-09-08 18:37:00,1,57.79,total_amount:57.79
PER_000032,Person,TRANSACTS_WITH,PER_000051,Person,2025-08-09 09:01:02,2025-08-09 09:01:02,1,3928.41,total_amount:3928.41
PER_000032,Person,TRANSACTS_WITH,PER_000070,Person,2025-06-23 03:13:04,2025-06-23 03:13:04,1,2704.55,total_amount:2704.55
PER_000032,Person,TRANSACTS_WITH,PER_000071,Person,2025-06-29 14:49:09,2025-06-29 14:49:09,1,3869.61,total_amount:3869.61
PER_000032,Person,TRANSACTS_WITH,PER_000083,Person,2025-12-05 10:36:35,2025-12-05 10:36:35,1,1515.72,total_amount:1515.72
PER_000032,Person,TRANSACTS_WITH,PER_000086,Person,2025-12-04 03:08:54,2025-12-04 03:08:54,1,592.98,total_amount:592.98
PER_000032,Person,TRANSACTS_WITH,PER_000100,Person,2025-03-15 09:07:54,2025-03-15 09:07:54,1,954.74,total_amount:954.74
PER_000033,Person,TRANSACTS_WITH,PER_000014,Person,2025-08-09 06:26:25,2025-08-09 06:26:25,1,2467.61,total_amount:2467.61
PER_000033,Person,TRANSACTS_WITH,PER_000018,Person,2025-07-04 16:09:45,2025-07-04 16:09:45,1,4491.42,total_amount:4491.42
PER_000033,Person,TRANSACTS_WITH,PER_000048,Person,2025-10-02 18:27:36,2025-10-02 18:27:36,1,1675.41,total_amount:1675.41
PER_000033,Person,TRANSACTS_WITH,PER_000049,Person,2025-03-28 16:14:20,2025-03-28 16:14:20,1,1272.3,total_amount:1272.3
PER_000033,Person,TRANSACTS_WITH,PER_000050,Person,2025-09-14 18:34:42,2025-09-14 18:34:42,1,1221.56,total_amount:1221.56
PER_000033,Person,TRANSACTS_WITH,PER_000058,Person,2025-03-29 14:59:23,2025-03-29 14:59:23,1,1033.54,total_amount:1033.54
PER_000033,Person,TRANSACTS_WITH,PER_000092,Person,2025-10-23 11:22:49,2025-10-23 11:22:49,1,464.75,total_amount:464.75
PER_000034,Person,TRANSACTS_WITH,PER_000033,Person,2025-07-04 06:35:35,2025-07-04 06:35:35,1,2602.19,total_amount:2602.19
PER_000034,Person,TRANSACTS_WITH,PER_000073,Person,2025-07-23 10:27:38,2025-07-23 10:27:38,1,650.34,total_amount:650.34
PER_000034,Person,TRANSACTS_WITH,PER_000076,Person,2025-07-17 10:43:18,2025-07-17 10:43:18,1,1817.82,total_amount:1817.82
PER_000034,Person,TRANSACTS_WITH,PER_000083,Person,2025-09-29 19:43:03,2025-09-29 19:43:03,1,4403.11,total_amount:4403.11
PER_000034,Person,TRANSACTS_WITH,PER_000092,Person,2025-04-19 10:37:58,2025-04-19 10:37:58,1,1367.64,total_amount:1367.64
PER_000035,Person,TRANSACTS_WITH,PER_000022,Person,2025-07-07 12:36:50,2025-07-07 12:36:50,1,3267.18,total_amount:3267.18
PER_000035,Person,TRANSACTS_WITH,PER_000038,Person,2025-10-07 08:31:37,2025-10-07 08:31:37,1,1844.48,total_amount:1844.48
PER_000035,Person,TRANSACTS_WITH,PER_000047,Person,2025-05-31 09:05:51,2025-05-31 09:05:51,1,1061.32,total_amount:1061.32
PER_000035,Person,TRANSACTS_WITH,PER_000051,Person,2025-09-15 20:04:55,2025-09-15 20:04:55,1,2418.76,total_amount:2418.76
PER_000035,Person,TRANSACTS_WITH,PER_000077,Person,2025-11-01 13:31:41,2025-11-01 13:31:41,1,3372.3,total_amount:3372.3
PER_000036,Person,TRANSACTS_WITH,PER_000005,Person,2025-08-17 11:56:09,2025-08-17 11:56:09,1,408.43,total_amount:408.43
PER_000036,Person,TRANSACTS_WITH,PER_000023,Person,2025-10-02 17:19:03,2025-10-02 17:19:03,1,2499.72,total_amount:2499.72
PER_000036,Person,TRANSACTS_WITH,PER_000068,Person,2025-04-08 20:02:37,2025-04-08 20:02:37,1,1308.51,total_amount:1308.51
PER_000036,Person,TRANSACTS_WITH,PER_000076,Person,2025-07-30 13:22:54,2025-07-30 13:22:54,1,3745.22,total_amount:3745.22
PER_000037,Person,TRANSACTS_WITH,PER_000009,Person,2025-12-17 11:06:30,2025-12-17 11:06:30,1,859.79,total_amount:859.79
PER_000037,Person,TRANSACTS_WITH,PER_000029,Person,2025-12-16 11:57:02,2025-12-16 11:57:02,1,3401.41,total_amount:3401.41
PER_000037,Person,TRANSACTS_WITH,PER_000054,Person,2025-06-10 19:07:05,2025-06-10 19:07:05,1,84.57,total_amount:84.57
PER_000037,Person,TRANSACTS_WITH,PER_000061,Person,2025-10-29 20:20:56,2025-10-29 20:20:56,1,136.68,total_amount:136.68
PER_000037,Person,TRANSACTS_WITH,PER_000072,Person,2025-01-29 15:47:04,2025-01-29 15:47:04,1,3837.77,total_amount:3837.77
PER_000038,Person,TRANSACTS_WITH,PER_000007,Person,2025-05-01 16:54:13,2025-05-01 16:54:13,1,3327.35,total_amount:3327.35
PER_000038,Person,TRANSACTS_WITH,PER_000008,Person,2025-05-01 03:18:02,2025-05-01 03:18:02,1,408.73,total_amount:408.73
PER_000038,Person,TRANSACTS_WITH,PER_000009,Person,2025-05-01 22:49:50,2025-05-01 22:49:50,1,4234.32,total_amount:4234.32
PER_000038,Person,TRANSACTS_WITH,PER_000013,Person,2025-05-01 08:17:30,2025-05-01 08:17:30,1,1136.36,total_amount:1136.36
PER_000038,Person,TRANSACTS_WITH,PER_000016,Person,2025-05-01 06:16:46,2025-05-01 06:16:46,1,3145.88,total_amount:3145.88
PER_000038,Person,TRANSACTS_WITH,PER_000018,Person,2025-05-01 21:19:38,2025-05-01 21:19:38,1,4326.13,total_amount:4326.13
PER_000038,Person,TRANSACTS_WITH,PER_000019,Person,2025-05-01 14:28:28,2025-05-01 14:28:28,1,4399.19,total_amount:4399.19
PER_000038,Person,TRANSACTS_WITH,PER_000021,Person,2025-05-01 21:06:12,2025-05-01 21:06:12,1,156.07,total_amount:156.07
PER_000038,Person,TRANSACTS_WITH,PER_000023,Person,2025-05-01 07:36:10,2025-05-01 07:36:10,1,498.4,total_amount:498.4
PER_000038,Person,TRANSACTS_WITH,PER_000033,Person,2025-05-01 05:43:38,2025-05-01 05:43:38,1,3866.22,total_amount:3866.22
PER_000038,Person,TRANSACTS_WITH,PER_000034,Person,2025-05-01 13:11:24,2025-05-01 13:11:24,1,1033.47,total_amount:1033.47
PER_000038,Person,TRANSACTS_WITH,PER_000035,Person,2025-05-01 22:54:20,2025-05-01 22:54:20,1,872.83,total_amount:872.83
PER_000038,Person,TRANSACTS_WITH,PER_000042,Person,2025-05-01 04:15:14,2025-05-01 19:17:24,2,5427.0,total_amount:5427.0
PER_000038,Person,TRANSACTS_WITH,PER_000045,Person,2025-05-01 03:45:34,2025-05-01 03:45:34,1,4191.52,total_amount:4191.52
PER_000038,Person,TRANSACTS_WITH,PER_000049,Person,2025-05-01 16:40:38,2025-05-01 16:40:38,1,1738.8,total_amount:1738.8
PER_000038,Person,TRANSACTS_WITH,PER_000052,Person,2025-05-01 06:11:39,2025-05-01 06:11:39,1,4488.17,total_amount:4488.17
PER_000038,Person,TRANSACTS_WITH,PER_000053,Person,2025-05-01 17:23:31,2025-05-01 17:23:31,1,1381.88,total_amount:1381.88
PER_000038,Person,TRANSACTS_WITH,PER_000054,Person,2025-05-01 12:10:25,2025-05-01 12:10:25,1,3509.96,total_amount:3509.96
PER_000038,Person,TRANSACTS_WITH,PER_000060,Person,2025-05-01 07:53:35,2025-05-01 07:53:35,1,4439.51,total_amount:4439.51
PER_000038,Person,TRANSACTS_WITH,PER_000062,Person,2025-05-01 10:11:50,2025-05-01 10:11:50,1,844.96,total_amount:844.96
PER_000038,Person,TRANSACTS_WITH,PER_000063,Person,2025-05-01 18:28:11,2025-05-01 23:45:23,3,7204.0,total_amount:7204.0
PER_000038,Person,TRANSACTS_WITH,PER_000065,Person,2025-05-01 22:19:32,2025-05-01 22:19:32,1,626.77,total_amount:626.77
PER_000038,Person,TRANSACTS_WITH,PER_000067,Person,2025-05-01 23:34:23,2025-05-01 23:49:31,2,3057.21,total_amount:3057.21
PER_000038,Person,TRANSACTS_WITH,PER_000069,Person,2025-05-01 04:50:04,2025-05-01 20:45:48,2,3426.96,total_amount:3426.96
PER_000038,Person,TRANSACTS_WITH,PER_000070,Person,2025-05-01 07:36:14,2025-05-01 07:36:14,1,4245.15,total_amount:4245.15
PER_000038,Person,TRANSACTS_WITH,PER_000073,Person,2025-05-01 04:16:55,2025-05-01 04:16:55,1,1869.81,total_amount:1869.81
PER_000038,Person,TRANSACTS_WITH,PER_000074,Person,2025-05-01 16:54:35,2025-05-01 16:54:35,1,205.23,total_amount:205.23
PER_000038,Person,TRANSACTS_WITH,PER_000076,Person,2025-05-01 05:55:44,2025-05-01 10:41:27,2,1659.95,total_amount:1659.95
PER_000038,Person,TRANSACTS_WITH,PER_000088,Person,2025-05-01 03:04:52,2025-05-01 19:26:58,3,5092.79,total_amount:5092.79
PER_000038,Person,TRANSACTS_WITH,PER_000092,Person,2025-05-01 15:08:40,2025-05-01 15:08:40,1,73.94,total_amount:73.94
PER_000038,Person,TRANSACTS_WITH,PER_000093,Person,2025-05-01 19:11:54,2025-05-01 19:11:54,1,2025.77,total_amount:2025.77
PER_000038,Person,TRANSACTS_WITH,PER_000097,Person,2025-05-01 13:03:18,2025-05-01 13:03:18,1,378.06,total_amount:378.06
PER_000039,Person,TRANSACTS_WITH,PER_000009,Person,2025-07-28 17:54:23,2025-07-28 17:54:23,1,4421.49,total_amount:4421.49
PER_000039,Person,TRANSACTS_WITH,PER_000031,Person,2025-08-03 10:00:35,2025-08-03 10:00:35,1,2097.01,total_amount:2097.01
PER_000039,Person,TRANSACTS_WITH,PER_000056,Person,2025-01-23 14:09:25,2025-01-23 14:09:25,1,3846.23,total_amount:3846.23
PER_000039,Person,TRANSACTS_WITH,PER_000071,Person,2025-11-27 13:22:46,2025-11-27 13:22:46,1,2103.12,total_amount:2103.12
PER_000039,Person,TRANSACTS_WITH,PER_000077,Person,2025-12-30 13:29:42,2025-12-30 13:29:42,1,2613.47,total_amount:2613.47
PER_000039,Person,TRANSACTS_WITH,PER_000090,Person,2025-11-17 11:21:01,2025-11-17 11:21:01,1,1705.89,total_amount:1705.89
PER_000039,Person,TRANSACTS_WITH,PER_000093,Person,2025-05-11 09:14:46,2025-05-11 09:14:46,1,2797.85,total_amount:2797.85
PER_000039,Person,TRANSACTS_WITH,PER_000095,Person,2025-03-16 10:19:21,2025-03-16 10:19:21,1,3435.69,total_amount:3435.69
PER_000039,Person,TRANSACTS_WITH,PER_000096,Person,2025-12-05 08:31:11,2025-12-05 08:31:11,1,2409.39,total_amount:2409.39
PER_000040,Person,TRANSACTS_WITH,PER_000008,Person,2025-09-03 16:09:15,2025-09-03 16:09:15,1,1345.87,total_amount:1345.87
PER_000040,Person,TRANSACTS_WITH,PER_000012,Person,2025-09-04 11:34:14,2025-09-04 11:34:14,1,2362.07,total_amount:2362.07
PER_000040,Person,TRANSACTS_WITH,PER_000015,Person,2025-10-24 11:32:56,2025-10-24 11:32:56,1,2546.95,total_amount:2546.95
PER_000040,Person,TRANSACTS_WITH,PER_000058,Person,2025-08-02 11:40:36,2025-08-02 11:40:36,1,1521.94,total_amount:1521.94
PER_000040,Person,TRANSACTS_WITH,PER_000069,Person,2025-12-02 12:55:58,2025-12-02 12:55:58,1,1761.78,total_amount:1761.78
PER_000040,Person,TRANSACTS_WITH,PER_000091,Person,2025-03-14 05:26:50,2025-03-14 05:26:50,1,4370.95,total_amount:4370.95
PER_000041,Person,TRANSACTS_WITH,PER_000010,Person,2025-08-02 09:45:22,2025-08-02 09:45:22,1,502.29,total_amount:502.29
PER_000041,Person,TRANSACTS_WITH,PER_000025,Person,2025-06-15 09:27:06,2025-06-15 09:27:06,1,2912.56,total_amount:2912.56
PER_000041,Person,TRANSACTS_WITH,PER_000029,Person,2025-08-25 06:05:15,2025-08-25 06:05:15,1,951.43,total_amount:951.43
PER_000041,Person,TRANSACTS_WITH,PER_000052,Person,2025-09-12 10:07:57,2025-09-12 10:07:57,1,4413.27,total_amount:4413.27
PER_000042,Person,TRANSACTS_WITH,PER_000002,Person,2025-03-03 17:44:26,2025-11-03 16:27:40,5,480771.94,total_amount:480771.94
PER_000042,Person,TRANSACTS_WITH,PER_000016,Person,2025-01-27 12:15:23,2025-12-05 18:03:23,6,1077537.66,total_amount:1077537.66
PER_000042,Person,TRANSACTS_WITH,PER_000018,Person,2025-02-01 03:49:27,2025-11-22 03:16:48,5,696007.38,total_amount:696007.38
PER_000042,Person,TRANSACTS_WITH,PER_000024,Person,2025-01-08 14:58:12,2025-12-12 13:20:26,9,566631.12,total_amount:566631.12
PER_000042,Person,TRANSACTS_WITH,PER_000027,Person,2025-01-03 16:48:35,2025-12-22 08:52:34,6,1632763.99,total_amount:1632763.99
PER_000042,Person,TRANSACTS_WITH,PER_000031,Person,2025-08-09 11:23:23,2025-08-09 11:23:23,1,2611.63,total_amount:2611.63
PER_000042,Person,TRANSACTS_WITH,PER_000043,Person,2025-04-11 05:54:03,2025-04-11 05:54:03,1,409.46,total_amount:409.46
PER_000042,Person,TRANSACTS_WITH,PER_000050,Person,2025-03-08 16:29:37,2025-10-30 02:38:39,3,394370.2,total_amount:394370.2
PER_000042,Person,TRANSACTS_WITH,PER_000054,Person,2025-02-20 21:16:08,2025-02-20 21:16:08,1,204368.54,total_amount:204368.54
PER_000042,Person,TRANSACTS_WITH,PER_000056,Person,2025-08-11 06:51:11,2025-08-11 06:51:11,1,407250.73,total_amount:407250.73
PER_000042,Person,TRANSACTS_WITH,PER_000065,Person,2025-10-31 02:57:10,2025-10-31 02:57:10,1,233404.8,total_amount:233404.8
PER_000042,Person,TRANSACTS_WITH,PER_000072,Person,2025-01-31 19:15:50,2025-01-31 19:15:50,1,3609.33,total_amount:3609.33
PER_000042,Person,TRANSACTS_WITH,PER_000088,Person,2025-12-12 20:10:05,2025-12-12 20:10:05,1,689.28,total_amount:689.28
PER_000043,Person,TRANSACTS_WITH,PER_000009,Person,2025-08-21 10:31:01,2025-08-21 10:31:01,1,3459.22,total_amount:3459.22
PER_000043,Person,TRANSACTS_WITH,PER_000022,Person,2025-09-08 10:02:35,2025-09-08 10:02:35,1,1193.0,total_amount:1193.0
PER_000043,Person,TRANSACTS_WITH,PER_000030,Person,2025-11-12 13:34:47,2025-11-12 13:34:47,1,1418.47,total_amount:1418.47
PER_000043,Person,TRANSACTS_WITH,PER_000031,Person,2025-03-07 12:42:41,2025-03-07 12:42:41,1,2036.15,total_amount:2036.15
PER_000043,Person,TRANSACTS_WITH,PER_000032,Person,2025-08-17 11:43:31,2025-08-17 11:43:31,1,321.29,total_amount:321.29
PER_000043,Person,TRANSACTS_WITH,PER_000036,Person,2025-01-01 13:39:12,2025-01-01 13:39:12,1,2584.27,total_amount:2584.27
PER_000043,Person,TRANSACTS_WITH,PER_000056,Person,2025-08-14 05:33:04,2025-08-14 05:33:04,1,2425.34,total_amount:2425.34
PER_000043,Person,TRANSACTS_WITH,PER_000090,Person,2025-06-28 05:10:21,2025-06-28 05:10:21,1,3228.19,total_amount:3228.19
PER_000043,Person,TRANSACTS_WITH,PER_000096,Person,2025-03-11 17:09:16,2025-03-11 17:09:16,1,1053.01,total_amount:1053.01
PER_000044,Person,TRANSACTS_WITH,PER_000074,Person,2025-11-29 15:45:37,2025-11-29 15:45:37,1,2740.99,total_amount:2740.99
PER_000044,Person,TRANSACTS_WITH,PER_000085,Person,2025-12-12 13:45:50,2025-12-12 13:45:50,1,3286.39,total_amount:3286.39
PER_000044,Person,TRANSACTS_WITH,PER_000092,Person,2025-02-26 15:40:52,2025-02-26 15:40:52,1,1753.79,total_amount:1753.79
PER_000044,Person,TRANSACTS_WITH,PER_000093,Person,2025-09-03 09:13:33,2025-09-03 09:13:33,1,4177.56,total_amount:4177.56
PER_000045,Person,TRANSACTS_WITH,PER_000006,Person,2025-07-06 19:51:06,2025-07-06 19:51:06,1,2537.38,total_amount:2537.38
PER_000045,Person,TRANSACTS_WITH,PER_000041,Person,2025-09-02 07:05:03,2025-09-02 07:05:03,1,483.79,total_amount:483.79
PER_000045,Person,TRANSACTS_WITH,PER_000068,Person,2025-08-20 20:44:11,2025-08-20 20:44:11,1,744.0,total_amount:744.0
PER_000045,Person,TRANSACTS_WITH,PER_000082,Person,2025-10-22 11:21:39,2025-10-22 11:21:39,1,3313.3,total_amount:3313.3
PER_000045,Person,TRANSACTS_WITH,PER_000098,Person,2025-09-13 12:25:39,2025-09-13 12:25:39,1,3666.71,total_amount:3666.71
PER_000046,Person,TRANSACTS_WITH,PER_000007,Person,2025-09-23 21:16:00,2025-09-23 21:16:00,1,1158.09,total_amount:1158.09
PER_000046,Person,TRANSACTS_WITH,PER_000017,Person,2025-11-29 18:32:33,2025-11-29 18:32:33,1,3652.9,total_amount:3652.9
PER_000046,Person,TRANSACTS_WITH,PER_000035,Person,2025-01-05 09:27:45,2025-01-05 09:27:45,1,2186.33,total_amount:2186.33
PER_000046,Person,TRANSACTS_WITH,PER_000057,Person,2025-06-08 09:53:04,2025-06-08 09:53:04,1,4281.62,total_amount:4281.62
PER_000046,Person,TRANSACTS_WITH,PER_000060,Person,2025-06-24 18:21:08,2025-06-24 18:21:08,1,1493.85,total_amount:1493.85
PER_000046,Person,TRANSACTS_WITH,PER_000077,Person,2025-06-14 10:03:01,2025-06-14 10:03:01,1,3446.9,total_amount:3446.9
PER_000046,Person,TRANSACTS_WITH,PER_000090,Person,2025-06-04 12:46:53,2025-06-04 12:46:53,1,2798.95,total_amount:2798.95
PER_000046,Person,TRANSACTS_WITH,PER_000100,Person,2025-02-27 06:13:39,2025-02-27 06:13:39,1,3880.76,total_amount:3880.76
PER_000047,Person,TRANSACTS_WITH,PER_000033,Person,2025-05-10 03:23:14,2025-05-10 03:23:14,1,2987.03,total_amount:2987.03
PER_000047,Person,TRANSACTS_WITH,PER_000069,Person,2025-02-02 17:00:33,2025-02-02 17:00:33,1,1241.4,total_amount:1241.4
PER_000047,Person,TRANSACTS_WITH,PER_000071,Person,2025-09-08 06:16:20,2025-09-08 06:16:20,1,1115.62,total_amount:1115.62
PER_000047,Person,TRANSACTS_WITH,PER_000076,Person,2025-11-14 11:39:48,2025-11-14 11:39:48,1,633.53,total_amount:633.53
PER_000047,Person,TRANSACTS_WITH,PER_000085,Person,2025-12-04 09:16:50,2025-12-04 09:16:50,1,92.44,total_amount:92.44
PER_000047,Person,TRANSACTS_WITH,PER_000095,Person,2025-03-31 16:18:15,2025-03-31 16:18:15,1,1221.41,total_amount:1221.41
PER_000048,Person,TRANSACTS_WITH,PER_000006,Person,2025-11-29 10:33:42,2025-11-29 10:33:42,1,309.72,total_amount:309.72
PER_000048,Person,TRANSACTS_WITH,PER_000015,Person,2025-09-19 23:42:58,2025-12-30 17:17:30,2,1557.44,total_amount:1557.44
PER_000048,Person,TRANSACTS_WITH,PER_000030,Person,2025-09-05 08:49:22,2025-09-05 08:49:22,1,432.15,total_amount:432.15
PER_000048,Person,TRANSACTS_WITH,PER_000036,Person,2025-05-02 16:39:02,2025-05-02 16:39:02,1,4307.68,total_amount:4307.68
PER_000048,Person,TRANSACTS_WITH,PER_000056,Person,2025-03-17 14:35:55,2025-09-05 16:08:19,2,7099.54,total_amount:7099.54
PER_000048,Person,TRANSACTS_WITH,PER_000062,Person,2025-01-26 12:03:16,2025-01-26 12:03:16,1,2197.08,total_amount:2197.08
PER_000048,Person,TRANSACTS_WITH,PER_000094,Person,2025-09-10 19:28:12,2025-09-10 19:28:12,1,3627.43,total_amount:3627.43
PER_000048,Person,TRANSACTS_WITH,PER_000097,Person,2025-07-26 03:00:47,2025-07-26 03:00:47,1,992.08,total_amount:992.08
PER_000049,Person,TRANSACTS_WITH,PER_000011,Person,2025-11-17 17:33:06,2025-12-04 15:03:17,2,5706.3,total_amount:5706.3
PER_000049,Person,TRANSACTS_WITH,PER_000054,Person,2025-07-17 18:17:46,2025-07-17 18:17:46,1,775.54,total_amount:775.54
PER_000049,Person,TRANSACTS_WITH,PER_000060,Person,2025-03-06 19:51:03,2025-03-06 19:51:03,1,1600.55,total_amount:1600.55
PER_000049,Person,TRANSACTS_WITH,PER_000064,Person,2025-04-08 09:52:49,2025-04-08 09:52:49,1,593.06,total_amount:593.06
PER_000049,Person,TRANSACTS_WITH,PER_000068,Person,2025-11-26 15:31:01,2025-11-26 15:31:01,1,4177.42,total_amount:4177.42
PER_000049,Person,TRANSACTS_WITH,PER_000070,Person,2025-01-29 09:57:49,2025-01-29 09:57:49,1,324.98,total_amount:324.98
PER_000049,Person,TRANSACTS_WITH,PER_000082,Person,2025-01-18 16:40:59,2025-01-18 16:40:59,1,1679.41,total_amount:1679.41
PER_000049,Person,TRANSACTS_WITH,PER_000094,Person,2025-08-13 12:11:32,2025-08-13 12:11:32,1,2545.13,total_amount:2545.13
PER_000050,Person,TRANSACTS_WITH,PER_000002,Person,2025-01-04 15:10:52,2025-07-02 20:09:33,5,636120.65,total_amount:636120.65
PER_000050,Person,TRANSACTS_WITH,PER_000015,Person,2025-09-09 06:16:00,2025-09-09 06:16:00,1,75490.32,total_amount:75490.32
PER_000050,Person,TRANSACTS_WITH,PER_000016,Person,2025-02-19 06:07:30,2025-09-12 23:52:03,4,333262.56,total_amount:333262.56
PER_000050,Person,TRANSACTS_WITH,PER_000018,Person,2025-01-14 17:39:16,2025-10-04 07:40:23,8,1407662.4,total_amount:1407662.4
PER_000050,Person,TRANSACTS_WITH,PER_000020,Person,2025-06-11 11:30:08,2025-06-11 11:30:08,1,161991.8,total_amount:161991.8
PER_000050,Person,TRANSACTS_WITH,PER_000024,Person,2025-03-08 14:44:43,2025-12-25 10:57:57,9,667643.24,total_amount:667643.24
PER_000050,Person,TRANSACTS_WITH,PER_000027,Person,2025-01-08 12:45:36,2025-11-06 18:52:56,8,1391462.69,total_amount:1391462.69
PER_000050,Person,TRANSACTS_WITH,PER_000041,Person,2025-01-31 10:41:14,2025-01-31 10:41:14,1,1692.03,total_amount:1692.03
PER_000050,Person,TRANSACTS_WITH,PER_000042,Person,2025-08-11 09:24:14,2025-11-08 18:24:19,3,5101.46,total_amount:5101.46
PER_000050,Person,TRANSACTS_WITH,PER_000051,Person,2025-02-13 17:03:17,2025-02-13 17:03:17,1,342269.91,total_amount:342269.91
PER_000050,Person,TRANSACTS_WITH,PER_000058,Person,2025-08-14 18:46:18,2025-08-14 18:46:18,1,483.28,total_amount:483.28
PER_000050,Person,TRANSACTS_WITH,PER_000068,Person,2025-08-04 15:33:57,2025-08-04 15:33:57,1,269729.5,total_amount:269729.5
PER_000050,Person,TRANSACTS_WITH,PER_000072,Person,2025-05-19 05:36:02,2025-05-19 05:36:02,1,434186.32,total_amount:434186.32
PER_000050,Person,TRANSACTS_WITH,PER_000087,Person,2025-05-13 18:19:43,2025-08-08 18:12:54,3,294527.9,total_amount:294527.9
PER_000051,Person,TRANSACTS_WITH,PER_000009,Person,2025-03-04 06:30:24,2025-03-04 06:30:24,1,2739.86,total_amount:2739.86
PER_000051,Person,TRANSACTS_WITH,PER_000056,Person,2025-02-18 07:11:59,2025-02-18 07:11:59,1,3618.28,total_amount:3618.28
PER_000051,Person,TRANSACTS_WITH,PER_000062,Person,2025-08-15 14:08:27,2025-08-15 14:08:27,1,2267.12,total_amount:2267.12
PER_000051,Person,TRANSACTS_WITH,PER_000065,Person,2025-05-18 02:19:29,2025-05-18 02:19:29,1,3351.6,total_amount:3351.6
PER_000051,Person,TRANSACTS_WITH,PER_000073,Person,2025-09-15 14:45:00,2025-09-15 14:45:00,1,3286.36,total_amount:3286.36
PER_000051,Person,TRANSACTS_WITH,PER_000084,Person,2025-07-16 06:31:19,2025-07-16 06:31:19,1,886.11,total_amount:886.11
PER_000052,Person,TRANSACTS_WITH,PER_000009,Person,2025-01-20 14:36:49,2025-01-20 14:36:49,1,3693.92,total_amount:3693.92
PER_000052,Person,TRANSACTS_WITH,PER_000019,Person,2025-07-16 13:06:57,2025-07-16 13:06:57,1,2576.3,total_amount:2576.3
PER_000052,Person,TRANSACTS_WITH,PER_000021,Person,2025-06-05 08:34:08,2025-06-05 08:34:08,1,4423.11,total_amount:4423.11
PER_000052,Person,TRANSACTS_WITH,PER_000037,Person,2025-10-20 12:41:05,2025-10-20 12:41:05,1,568.83,total_amount:568.83
PER_000052,Person,TRANSACTS_WITH,PER_000040,Person,2025-07-09 08:44:17,2025-07-09 08:44:17,1,861.87,total_amount:861.87
PER_000052,Person,TRANSACTS_WITH,PER_000042,Person,2025-05-09 08:32:34,2025-05-09 08:32:34,1,703.36,total_amount:703.36
PER_000052,Person,TRANSACTS_WITH,PER_000054,Person,2025-06-29 17:35:50,2025-06-29 17:35:50,1,3548.41,total_amount:3548.41
PER_000052,Person,TRANSACTS_WITH,PER_000086,Person,2025-10-15 05:34:41,2025-10-15 05:34:41,1,1194.28,total_amount:1194.28
PER_000053,Person,TRANSACTS_WITH,PER_000007,Person,2025-01-22 21:28:56,2025-01-22 21:28:56,1,1818.47,total_amount:1818.47
PER_000053,Person,TRANSACTS_WITH,PER_000009,Person,2025-01-17 21:34:07,2025-01-17 21:34:07,1,3675.87,total_amount:3675.87
PER_000053,Person,TRANSACTS_WITH,PER_000030,Person,2025-09-30 07:36:56,2025-09-30 07:36:56,1,2826.72,total_amount:2826.72
PER_000053,Person,TRANSACTS_WITH,PER_000088,Person,2025-01-09 09:33:48,2025-01-09 09:33:48,1,2259.76,total_amount:2259.76
PER_000054,Person,TRANSACTS_WITH,PER_000014,Person,2025-01-21 20:15:04,2025-01-21 20:15:04,1,445.06,total_amount:445.06
PER_000054,Person,TRANSACTS_WITH,PER_000025,Person,2025-08-20 16:57:59,2025-08-20 16:57:59,1,1829.29,total_amount:1829.29
PER_000054,Person,TRANSACTS_WITH,PER_000030,Person,2025-04-14 18:23:48,2025-04-14 18:23:48,1,284.3,total_amount:284.3
PER_000054,Person,TRANSACTS_WITH,PER_000036,Person,2025-01-26 15:50:01,2025-01-26 15:50:01,1,3543.35,total_amount:3543.35
PER_000054,Person,TRANSACTS_WITH,PER_000078,Person,2025-11-05 05:20:01,2025-11-05 05:20:01,1,4358.64,total_amount:4358.64
PER_000054,Person,TRANSACTS_WITH,PER_000089,Person,2025-09-09 11:14:33,2025-09-09 11:14:33,1,68.43,total_amount:68.43
PER_000054,Person,TRANSACTS_WITH,PER_000093,Person,2025-03-10 04:17:38,2025-03-10 04:17:38,1,3649.19,total_amount:3649.19
PER_000055,Person,TRANSACTS_WITH,PER_000003,Person,2025-07-09 15:14:17,2025-07-09 15:14:17,1,322.99,total_amount:322.99
PER_000055,Person,TRANSACTS_WITH,PER_000016,Person,2025-04-12 13:12:07,2025-04-12 13:12:07,1,3455.12,total_amount:3455.12
PER_000055,Person,TRANSACTS_WITH,PER_000022,Person,2025-09-09 09:43:05,2025-09-09 09:43:05,1,382.18,total_amount:382.18
PER_000055,Person,TRANSACTS_WITH,PER_000026,Person,2025-05-06 10:21:11,2025-05-06 10:21:11,1,1182.12,total_amount:1182.12
PER_000055,Person,TRANSACTS_WITH,PER_000028,Person,2025-01-12 20:04:27,2025-01-12 20:04:27,1,3910.69,total_amount:3910.69
PER_000055,Person,TRANSACTS_WITH,PER_000046,Person,2025-08-02 22:18:59,2025-08-02 22:18:59,1,2198.94,total_amount:2198.94
PER_000055,Person,TRANSACTS_WITH,PER_000068,Person,2025-11-14 15:34:11,2025-11-14 15:34:11,1,2010.56,total_amount:2010.56
PER_000055,Person,TRANSACTS_WITH,PER_000081,Person,2025-02-16 14:32:28,2025-12-27 18:42:08,3,6621.2,total_amount:6621.2
PER_000056,Person,TRANSACTS_WITH,PER_000001,Person,2025-08-12 14:10:35,2025-08-12 14:10:35,1,3857.24,total_amount:3857.24
PER_000056,Person,TRANSACTS_WITH,PER_000006,Person,2025-11-08 18:57:29,2025-11-08 18:57:29,1,2769.61,total_amount:2769.61
PER_000056,Person,TRANSACTS_WITH,PER_000013,Person,2025-06-07 10:57:00,2025-06-07 10:57:00,1,3928.68,total_amount:3928.68
PER_000056,Person,TRANSACTS_WITH,PER_000043,Person,2025-04-22 17:32:48,2025-04-22 17:32:48,1,3138.24,total_amount:3138.24
PER_000056,Person,TRANSACTS_WITH,PER_000046,Person,2025-01-01 10:09:53,2025-01-01 10:09:53,1,1472.2,total_amount:1472.2
PER_000056,Person,TRANSACTS_WITH,PER_000069,Person,2025-06-13 14:19:30,2025-06-13 14:19:30,1,3215.31,total_amount:3215.31
PER_000056,Person,TRANSACTS_WITH,PER_000083,Person,2025-11-03 11:43:57,2025-11-03 11:43:57,1,1856.49,total_amount:1856.49
PER_000057,Person,TRANSACTS_WITH,PER_000025,Person,2025-02-02 19:29:16,2025-02-02 19:29:16,1,4263.41,total_amount:4263.41
PER_000057,Person,TRANSACTS_WITH,PER_000026,Person,2025-03-15 14:09:48,2025-03-15 14:09:48,1,69.33,total_amount:69.33
PER_000057,Person,TRANSACTS_WITH,PER_000040,Person,2025-01-24 10:02:02,2025-01-24 10:02:02,1,2823.48,total_amount:2823.48
PER_000057,Person,TRANSACTS_WITH,PER_000070,Person,2025-02-01 10:39:24,2025-02-01 10:39:24,1,435.91,total_amount:435.91
PER_000057,Person,TRANSACTS_WITH,PER_000071,Person,2025-02-11 21:26:12,2025-02-11 21:26:12,1,73.41,total_amount:73.41
PER_000057,Person,TRANSACTS_WITH,PER_000072,Person,2025-04-06 06:47:13,2025-11-10 11:49:48,2,2888.61,total_amount:2888.61
PER_000057,Person,TRANSACTS_WITH,PER_000076,Person,2025-09-29 13:50:24,2025-09-29 13:50:24,1,3717.88,total_amount:3717.88
PER_000058,Person,TRANSACTS_WITH,PER_000028,Person,2025-01-07 17:03:00,2025-01-07 17:03:00,1,4000.39,total_amount:4000.39
PER_000058,Person,TRANSACTS_WITH,PER_000034,Person,2025-02-24 13:39:58,2025-02-24 13:39:58,1,1736.5,total_amount:1736.5
PER_000058,Person,TRANSACTS_WITH,PER_000076,Person,2025-05-13 08:39:40,2025-05-13 08:39:40,1,1778.43,total_amount:1778.43
PER_000058,Person,TRANSACTS_WITH,PER_000096,Person,2025-10-03 15:39:48,2025-10-03 15:39:48,1,2995.27,total_amount:2995.27
PER_000059,Person,TRANSACTS_WITH,PER_000001,Person,2025-10-23 17:23:15,2025-10-23 17:23:15,1,123950.44,total_amount:123950.44
PER_000059,Person,TRANSACTS_WITH,PER_000004,Person,2025-02-09 14:42:08,2025-03-09 06:18:04,2,7088.07,total_amount:7088.07
PER_000059,Person,TRANSACTS_WITH,PER_000005,Person,2025-11-18 14:08:35,2025-11-18 14:08:35,1,2523.22,total_amount:2523.22
PER_000059,Person,TRANSACTS_WITH,PER_000007,Person,2025-01-17 13:49:51,2025-01-17 13:49:51,1,132594.33,total_amount:132594.33
PER_000059,Person,TRANSACTS_WITH,PER_000009,Person,2025-07-22 15:38:25,2025-07-22 15:38:25,1,3153.24,total_amount:3153.24
PER_000059,Person,TRANSACTS_WITH,PER_000011,Person,2025-03-06 14:13:08,2025-07-24 18:46:42,2,32794.51,total_amount:32794.51
PER_000059,Person,TRANSACTS_WITH,PER_000014,Person,2025-12-09 21:57:50,2025-12-09 21:57:50,1,2926.15,total_amount:2926.15
PER_000059,Person,TRANSACTS_WITH,PER_000015,Person,2025-02-19 20:57:50,2025-10-22 15:13:56,3,6735.96,total_amount:6735.96
PER_000059,Person,TRANSACTS_WITH,PER_000016,Person,2025-12-04 12:17:55,2025-12-04 12:17:55,1,4483.61,total_amount:4483.61
PER_000059,Person,TRANSACTS_WITH,PER_000017,Person,2025-05-25 23:59:49,2025-05-25 23:59:49,1,1223.16,total_amount:1223.16
PER_000059,Person,TRANSACTS_WITH,PER_000018,Person,2025-08-11 07:47:01,2025-08-11 07:47:01,1,1894.86,total_amount:1894.86
PER_000059,Person,TRANSACTS_WITH,PER_000019,Person,2025-09-27 19:55:09,2025-09-27 19:55:09,1,1078.4,total_amount:1078.4
PER_000059,Person,TRANSACTS_WITH,PER_000022,Person,2025-01-24 12:47:48,2025-01-24 12:47:48,1,1278.49,total_amount:1278.49
PER_000059,Person,TRANSACTS_WITH,PER_000023,Person,2025-03-11 03:38:14,2025-06-17 03:37:45,2,2271.7,total_amount:2271.7
PER_000059,Person,TRANSACTS_WITH,PER_000025,Person,2025-02-09 06:32:43,2025-02-09 06:32:43,1,1581.44,total_amount:1581.44
PER_000059,Person,TRANSACTS_WITH,PER_000028,Person,2025-08-20 19:53:19,2025-08-20 19:53:19,1,3598.63,total_amount:3598.63
PER_000059,Person,TRANSACTS_WITH,PER_000030,Person,2025-04-01 13:24:52,2025-04-01 13:24:52,1,1172.96,total_amount:1172.96
PER_000059,Person,TRANSACTS_WITH,PER_000031,Person,2025-10-19 22:15:07,2025-10-19 22:15:07,1,1122.97,total_amount:1122.97
PER_000059,Person,TRANSACTS_WITH,PER_000033,Person,2025-11-25 17:25:50,2025-11-25 17:25:50,1,4102.08,total_amount:4102.08
PER_000059,Person,TRANSACTS_WITH,PER_000035,Person,2025-07-16 16:20:39,2025-07-16 16:20:39,1,1726.5,total_amount:1726.5
PER_000059,Person,TRANSACTS_WITH,PER_000036,Person,2025-04-15 22:58:16,2025-04-15 22:58:16,1,985.8,total_amount:985.8
PER_000059,Person,TRANSACTS_WITH,PER_000039,Person,2025-09-09 11:23:21,2025-09-09 11:23:21,1,1635.81,total_amount:1635.81
PER_000059,Person,TRANSACTS_WITH,PER_000043,Person,2025-06-29 02:12:38,2025-11-01 17:42:00,2,133903.47,total_amount:133903.47
PER_000059,Person,TRANSACTS_WITH,PER_000053,Person,2025-08-16 14:09:45,2025-08-16 14:09:45,1,33203.51,total_amount:33203.51
PER_000059,Person,TRANSACTS_WITH,PER_000054,Person,2025-04-26 09:25:03,2025-08-11 07:20:43,2,120764.63,total_amount:120764.63
PER_000059,Person,TRANSACTS_WITH,PER_000056,Person,2025-05-31 14:53:24,2025-05-31 14:53:24,1,1850.42,total_amount:1850.42
PER_000059,Person,TRANSACTS_WITH,PER_000057,Person,2025-01-27 16:01:13,2025-01-27 16:01:13,1,94435.93,total_amount:94435.93
PER_000059,Person,TRANSACTS_WITH,PER_000060,Person,2025-06-14 12:59:33,2025-06-14 12:59:33,1,133147.68,total_amount:133147.68
PER_000059,Person,TRANSACTS_WITH,PER_000064,Person,2025-06-12 08:08:58,2025-06-12 08:08:58,1,3872.94,total_amount:3872.94
PER_000059,Person,TRANSACTS_WITH,PER_000066,Person,2025-01-10 12:17:24,2025-09-14 14:54:55,2,6055.9,total_amount:6055.9
PER_000059,Person,TRANSACTS_WITH,PER_000068,Person,2025-10-23 16:33:58,2025-10-23 16:33:58,1,922.9,total_amount:922.9
PER_000059,Person,TRANSACTS_WITH,PER_000070,Person,2025-05-11 18:03:21,2025-05-11 18:03:21,1,3496.52,total_amount:3496.52
PER_000059,Person,TRANSACTS_WITH,PER_000071,Person,2025-01-01 19:51:28,2025-12-21 10:24:02,2,38373.36,total_amount:38373.36
PER_000059,Person,TRANSACTS_WITH,PER_000075,Person,2025-03-15 12:56:34,2025-03-15 12:56:34,1,3764.64,total_amount:3764.64
PER_000059,Person,TRANSACTS_WITH,PER_000082,Person,2025-01-16 14:21:24,2025-01-16 14:21:24,1,1232.67,total_amount:1232.67
PER_000059,Person,TRANSACTS_WITH,PER_000083,Person,2025-12-16 13:09:56,2025-12-16 13:09:56,1,649.83,total_amount:649.83
PER_000059,Person,TRANSACTS_WITH,PER_000084,Person,2025-04-19 07:26:57,2025-10-17 15:20:04,2,125617.96,total_amount:125617.96
PER_000059,Person,TRANSACTS_WITH,PER_000087,Person,2025-04-21 13:50:26,2025-04-21 13:50:26,1,469.83,total_amount:469.83
PER_000059,Person,TRANSACTS_WITH,PER_000088,Person,2025-03-14 05:12:18,2025-03-14 05:12:18,1,436.3,total_amount:436.3
PER_000059,Person,TRANSACTS_WITH,PER_000089,Person,2025-11-30 21:45:14,2025-11-30 21:45:14,1,3462.19,total_amount:3462.19
PER_000059,Person,TRANSACTS_WITH,PER_000090,Person,2025-07-07 14:44:30,2025-07-07 14:44:30,1,25726.9,total_amount:25726.9
PER_000059,Person,TRANSACTS_WITH,PER_000091,Person,2025-11-07 12:40:53,2025-11-07 12:40:53,1,43842.92,total_amount:43842.92
PER_000059,Person,TRANSACTS_WITH,PER_000092,Person,2025-06-12 14:41:18,2025-06-12 14:41:18,1,2034.54,total_amount:2034.54
PER_000059,Person,TRANSACTS_WITH,PER_000093,Person,2025-05-24 09:14:51,2025-12-30 19:16:41,2,111390.43,total_amount:111390.43
PER_000059,Person,TRANSACTS_WITH,PER_000094,Person,2025-05-31 06:51:20,2025-06-09 12:05:55,2,2064.95,total_amount:2064.95
PER_000059,Person,TRANSACTS_WITH,PER_000095,Person,2025-09-05 21:47:53,2025-09-05 21:47:53,1,3931.6,total_amount:3931.6
PER_000059,Person,TRANSACTS_WITH,PER_000096,Person,2025-10-16 12:50:19,2025-10-16 12:50:19,1,1114.39,total_amount:1114.39
PER_000059,Person,TRANSACTS_WITH,PER_000099,Person,2025-09-12 21:32:51,2025-11-18 13:48:56,2,5167.49,total_amount:5167.49
PER_000060,Person,TRANSACTS_WITH,PER_000003,Person,2025-06-06 17:29:29,2025-06-06 17:29:29,1,4390.71,total_amount:4390.71
PER_000060,Person,TRANSACTS_WITH,PER_000073,Person,2025-08-06 02:13:39,2025-08-06 02:13:39,1,2374.12,total_amount:2374.12
PER_000060,Person,TRANSACTS_WITH,PER_000086,Person,2025-04-23 15:36:14,2025-04-23 15:36:14,1,3879.91,total_amount:3879.91
PER_000061,Person,TRANSACTS_WITH,PER_000003,Person,2025-08-01 09:57:06,2025-08-01 09:57:06,1,820.11,total_amount:820.11
PER_000061,Person,TRANSACTS_WITH,PER_000011,Person,2025-05-27 18:32:10,2025-05-27 18:32:10,1,3393.13,total_amount:3393.13
PER_000061,Person,TRANSACTS_WITH,PER_000042,Person,2025-04-15 10:49:50,2025-04-15 10:49:50,1,920.7,total_amount:920.7
PER_000061,Person,TRANSACTS_WITH,PER_000043,Person,2025-10-12 19:21:36,2025-10-12 19:21:36,1,2748.1,total_amount:2748.1
PER_000061,Person,TRANSACTS_WITH,PER_000071,Person,2025-04-24 14:53:44,2025-04-24 14:53:44,1,3178.87,total_amount:3178.87
PER_000061,Person,TRANSACTS_WITH,PER_000093,Person,2025-02-10 04:25:57,2025-02-10 04:25:57,1,4375.16,total_amount:4375.16
PER_000062,Person,TRANSACTS_WITH,PER_000001,Person,2025-03-11 11:52:28,2025-03-11 11:52:28,1,65536.93,total_amount:65536.93
PER_000062,Person,TRANSACTS_WITH,PER_000002,Person,2025-02-20 16:35:42,2025-02-20 16:35:42,1,3639.34,total_amount:3639.34
PER_000062,Person,TRANSACTS_WITH,PER_000006,Person,2025-03-30 05:27:02,2025-03-30 05:27:02,1,2089.31,total_amount:2089.31
PER_000062,Person,TRANSACTS_WITH,PER_000008,Person,2025-03-14 07:39:43,2025-03-14 07:39:43,1,26494.18,total_amount:26494.18
PER_000062,Person,TRANSACTS_WITH,PER_000010,Person,2025-07-12 10:04:08,2025-09-10 11:22:23,2,5472.34,total_amount:5472.34
PER_000062,Person,TRANSACTS_WITH,PER_000011,Person,2025-03-27 22:48:52,2025-10-13 09:46:02,2,42494.87,total_amount:42494.87
PER_000062,Person,TRANSACTS_WITH,PER_000017,Person,2025-02-04 14:54:47,2025-02-04 14:54:47,1,1198.89,total_amount:1198.89
PER_000062,Person,TRANSACTS_WITH,PER_000019,Person,2025-03-13 12:18:29,2025-03-13 12:18:29,1,111972.59,total_amount:111972.59
PER_000062,Person,TRANSACTS_WITH,PER_000020,Person,2025-03-24 14:11:37,2025-03-24 14:11:37,1,113279.02,total_amount:113279.02
PER_000062,Person,TRANSACTS_WITH,PER_000023,Person,2025-03-14 14:01:23,2025-03-14 14:01:23,1,2525.84,total_amount:2525.84
PER_000062,Person,TRANSACTS_WITH,PER_000024,Person,2025-09-17 05:43:27,2025-09-17 05:43:27,1,2650.21,total_amount:2650.21
PER_000062,Person,TRANSACTS_WITH,PER_000031,Person,2025-07-01 16:40:19,2025-11-18 02:38:33,2,2071.28,total_amount:2071.28
PER_000062,Person,TRANSACTS_WITH,PER_000033,Person,2025-02-18 18:58:23,2025-02-18 18:58:23,1,4480.88,total_amount:4480.88
PER_000062,Person,TRANSACTS_WITH,PER_000034,Person,2025-04-04 12:53:56,2025-04-04 12:53:56,1,70238.34,total_amount:70238.34
PER_000062,Person,TRANSACTS_WITH,PER_000035,Person,2025-02-24 10:28:51,2025-02-24 10:28:51,1,3906.39,total_amount:3906.39
PER_000062,Person,TRANSACTS_WITH,PER_000036,Person,2025-04-11 14:42:47,2025-04-11 14:42:47,1,101412.6,total_amount:101412.6
PER_000062,Person,TRANSACTS_WITH,PER_000037,Person,2025-10-30 19:01:47,2025-10-30 19:01:47,1,135366.55,total_amount:135366.55
PER_000062,Person,TRANSACTS_WITH,PER_000039,Person,2025-10-18 11:27:54,2025-10-18 11:27:54,1,649.34,total_amount:649.34
PER_000062,Person,TRANSACTS_WITH,PER_000040,Person,2025-07-31 14:54:51,2025-07-31 14:54:51,1,1414.44,total_amount:1414.44
PER_000062,Person,TRANSACTS_WITH,PER_000042,Person,2025-02-20 09:13:04,2025-12-07 22:44:28,2,74475.38,total_amount:74475.38
PER_000062,Person,TRANSACTS_WITH,PER_000045,Person,2025-05-01 11:10:24,2025-05-01 11:10:24,1,97409.35,total_amount:97409.35
PER_000062,Person,TRANSACTS_WITH,PER_000047,Person,2025-01-05 17:55:26,2025-01-05 17:55:26,1,4449.27,total_amount:4449.27
PER_000062,Person,TRANSACTS_WITH,PER_000048,Person,2025-08-22 15:32:50,2025-08-22 15:32:50,1,144.82,total_amount:144.82
PER_000062,Person,TRANSACTS_WITH,PER_000049,Person,2025-03-18 05:09:07,2025-03-18 05:09:07,1,877.72,total_amount:877.72
PER_000062,Person,TRANSACTS_WITH,PER_000052,Person,2025-09-02 22:16:28,2025-09-02 22:16:28,1,4374.65,total_amount:4374.65
PER_000062,Person,TRANSACTS_WITH,PER_000054,Person,2025-03-18 11:45:51,2025-03-18 11:45:51,1,4014.29,total_amount:4014.29
PER_000062,Person,TRANSACTS_WITH,PER_000055,Person,2025-08-01 09:10:57,2025-08-01 09:10:57,1,2881.02,total_amount:2881.02
PER_000062,Person,TRANSACTS_WITH,PER_000056,Person,2025-10-20 13:29:34,2025-10-20 13:29:34,1,32418.84,total_amount:32418.84
PER_000062,Person,TRANSACTS_WITH,PER_000058,Person,2025-12-12 03:48:57,2025-12-12 03:48:57,1,2263.9,total_amount:2263.9
PER_000062,Person,TRANSACTS_WITH,PER_000064,Person,2025-03-16 21:28:32,2025-03-16 21:28:32,1,56073.04,total_amount:56073.04
PER_000062,Person,TRANSACTS_WITH,PER_000067,Person,2025-12-11 17:37:14,2025-12-11 17:37:14,1,115720.93,total_amount:115720.93
PER_000062,Person,TRANSACTS_WITH,PER_000068,Person,2025-10-20 19:21:02,2025-10-20 19:21:02,1,871.47,total_amount:871.47
PER_000062,Person,TRANSACTS_WITH,PER_000069,Person,2025-08-20 13:31:32,2025-08-20 13:31:32,1,135497.37,total_amount:135497.37
PER_000062,Person,TRANSACTS_WITH,PER_000070,Person,2025-08-30 04:48:15,2025-08-30 04:48:15,1,629.43,total_amount:629.43
PER_000062,Person,TRANSACTS_WITH,PER_000071,Person,2025-01-25 11:54:35,2025-01-25 11:54:35,1,97412.77,total_amount:97412.77
PER_000062,Person,TRANSACTS_WITH,PER_000073,Person,2025-08-18 06:49:49,2025-08-18 06:49:49,1,4228.41,total_amount:4228.41
PER_000062,Person,TRANSACTS_WITH,PER_000074,Person,2025-11-07 20:29:58,2025-11-07 20:29:58,1,133.32,total_amount:133.32
PER_000062,Person,TRANSACTS_WITH,PER_000076,Person,2025-02-16 04:10:56,2025-02-16 04:10:56,1,615.53,total_amount:615.53
PER_000062,Person,TRANSACTS_WITH,PER_000077,Person,2025-02-08 14:13:15,2025-02-08 14:13:15,1,110001.18,total_amount:110001.18
PER_000062,Person,TRANSACTS_WITH,PER_000078,Person,2025-01-17 16:05:10,2025-01-17 16:05:10,1,1982.26,total_amount:1982.26
PER_000062,Person,TRANSACTS_WITH,PER_000079,Person,2025-07-31 11:31:27,2025-07-31 11:31:27,1,1031.21,total_amount:1031.21
PER_000062,Person,TRANSACTS_WITH,PER_000083,Person,2025-04-26 09:08:26,2025-04-26 09:08:26,1,43669.64,total_amount:43669.64
PER_000062,Person,TRANSACTS_WITH,PER_000087,Person,2025-02-21 20:27:58,2025-03-03 20:36:06,2,5297.99,total_amount:5297.99
PER_000062,Person,TRANSACTS_WITH,PER_000090,Person,2025-07-09 05:16:42,2025-07-09 05:16:42,1,3766.3,total_amount:3766.3
PER_000062,Person,TRANSACTS_WITH,PER_000091,Person,2025-02-21 14:00:29,2025-12-12 09:48:35,3,6282.62,total_amount:6282.62
PER_000062,Person,TRANSACTS_WITH,PER_000092,Person,2025-09-20 18:40:37,2025-09-20 18:40:37,1,2225.85,total_amount:2225.85
PER_000062,Person,TRANSACTS_WITH,PER_000093,Person,2025-09-22 14:37:37,2025-09-22 14:37:37,1,4188.06,total_amount:4188.06
PER_000062,Person,TRANSACTS_WITH,PER_000095,Person,2025-04-13 19:04:38,2025-04-13 19:04:38,1,1084.17,total_amount:1084.17
PER_000062,Person,TRANSACTS_WITH,PER_000096,Person,2025-07-03 07:45:33,2025-07-03 07:45:33,1,35058.14,total_amount:35058.14
PER_000062,Person,TRANSACTS_WITH,PER_000097,Person,2025-01-19 13:21:42,2025-10-30 08:02:32,3,96653.33,total_amount:96653.33
PER_000062,Person,TRANSACTS_WITH,PER_000098,Person,2025-02-02 05:33:20,2025-03-28 21:11:32,2,7650.66,total_amount:7650.66
PER_000062,Person,TRANSACTS_WITH,PER_000099,Person,2025-06-04 17:58:57,2025-06-04 17:58:57,1,868.74,total_amount:868.74
PER_000063,Person,TRANSACTS_WITH,PER_000003,Person,2025-07-12 18:03:24,2025-07-12 18:03:24,1,1134.45,total_amount:1134.45
PER_000063,Person,TRANSACTS_WITH,PER_000009,Person,2025-07-11 04:57:33,2025-07-11 04:57:33,1,3498.94,total_amount:3498.94
PER_000063,Person,TRANSACTS_WITH,PER_000011,Person,2025-07-10 19:29:49,2025-07-11 06:01:17,2,4975.39,total_amount:4975.39
PER_000063,Person,TRANSACTS_WITH,PER_000013,Person,2025-07-11 01:57:41,2025-07-11 01:57:41,1,1443.13,total_amount:1443.13
PER_000063,Person,TRANSACTS_WITH,PER_000015,Person,2025-07-10 19:07:48,2025-07-10 19:07:48,1,3620.77,total_amount:3620.77
PER_000063,Person,TRANSACTS_WITH,PER_000017,Person,2025-07-10 00:40:28,2025-07-11 19:57:47,2,4502.79,total_amount:4502.79
PER_000063,Person,TRANSACTS_WITH,PER_000022,Person,2025-07-12 21:36:26,2025-07-12 21:36:26,1,635.69,total_amount:635.69
PER_000063,Person,TRANSACTS_WITH,PER_000023,Person,2025-07-11 20:13:42,2025-07-11 20:13:42,1,2151.8,total_amount:2151.8
PER_000063,Person,TRANSACTS_WITH,PER_000025,Person,2025-07-10 18:20:33,2025-07-12 14:46:18,2,6679.48,total_amount:6679.48
PER_000063,Person,TRANSACTS_WITH,PER_000026,Person,2025-07-11 12:53:42,2025-07-11 12:53:42,1,4251.98,total_amount:4251.98
PER_000063,Person,TRANSACTS_WITH,PER_000027,Person,2025-07-10 13:34:26,2025-07-10 13:34:26,1,3554.55,total_amount:3554.55
PER_000063,Person,TRANSACTS_WITH,PER_000029,Person,2025-07-11 04:34:51,2025-07-11 04:34:51,1,3818.2,total_amount:3818.2
PER_000063,Person,TRANSACTS_WITH,PER_000030,Person,2025-07-12 17:25:23,2025-07-12 17:25:23,1,2043.32,total_amount:2043.32
PER_000063,Person,TRANSACTS_WITH,PER_000033,Person,2025-07-12 07:43:20,2025-07-12 07:43:20,1,3099.41,total_amount:3099.41
PER_000063,Person,TRANSACTS_WITH,PER_000038,Person,2025-07-12 09:17:26,2025-07-12 09:17:26,1,648.94,total_amount:648.94
PER_000063,Person,TRANSACTS_WITH,PER_000045,Person,2025-07-10 20:18:32,2025-07-10 20:18:32,1,1883.37,total_amount:1883.37
PER_000063,Person,TRANSACTS_WITH,PER_000046,Person,2025-07-10 14:22:56,2025-07-10 14:22:56,1,4177.79,total_amount:4177.79
PER_000063,Person,TRANSACTS_WITH,PER_000050,Person,2025-07-10 10:05:57,2025-07-10 10:05:57,1,1225.45,total_amount:1225.45
PER_000063,Person,TRANSACTS_WITH,PER_000051,Person,2025-07-11 20:19:30,2025-07-11 20:19:30,1,3791.18,total_amount:3791.18
PER_000063,Person,TRANSACTS_WITH,PER_000055,Person,2025-07-10 14:24:49,2025-07-10 14:24:49,1,2208.39,total_amount:2208.39
PER_000063,Person,TRANSACTS_WITH,PER_000058,Person,2025-07-10 09:19:30,2025-07-10 09:19:30,1,2856.89,total_amount:2856.89
PER_000063,Person,TRANSACTS_WITH,PER_000059,Person,2025-07-12 15:06:59,2025-07-12 15:06:59,1,1782.77,total_amount:1782.77
PER_000063,Person,TRANSACTS_WITH,PER_000062,Person,2025-07-12 13:53:32,2025-07-12 13:53:32,1,2539.11,total_amount:2539.11
PER_000063,Person,TRANSACTS_WITH,PER_000066,Person,2025-07-12 00:18:22,2025-07-12 00:18:22,1,3075.88,total_amount:3075.88
PER_000063,Person,TRANSACTS_WITH,PER_000068,Person,2025-07-10 09:43:32,2025-07-10 09:43:32,1,451.87,total_amount:451.87
PER_000063,Person,TRANSACTS_WITH,PER_000071,Person,2025-07-11 13:16:58,2025-07-11 13:16:58,1,4378.38,total_amount:4378.38
PER_000063,Person,TRANSACTS_WITH,PER_000076,Person,2025-07-10 23:09:48,2025-07-10 23:09:48,1,2671.69,total_amount:2671.69
PER_000063,Person,TRANSACTS_WITH,PER_000077,Person,2025-07-11 21:16:10,2025-07-11 21:16:10,1,3860.86,total_amount:3860.86
PER_000063,Person,TRANSACTS_WITH,PER_000078,Person,2025-07-10 15:17:10,2025-07-10 15:17:10,1,1817.49,total_amount:1817.49
PER_000063,Person,TRANSACTS_WITH,PER_000079,Person,2025-07-11 09:40:43,2025-07-11 09:40:43,1,3143.22,total_amount:3143.22
PER_000063,Person,TRANSACTS_WITH,PER_000080,Person,2025-07-12 12:10:53,2025-07-12 18:32:44,2,7621.58,total_amount:7621.58
PER_000063,Person,TRANSACTS_WITH,PER_000082,Person,2025-07-12 18:29:13,2025-07-12 18:29:13,1,1025.6,total_amount:1025.6
PER_000063,Person,TRANSACTS_WITH,PER_000085,Person,2025-07-12 09:21:32,2025-07-12 09:21:32,1,3911.01,total_amount:3911.01
PER_000063,Person,TRANSACTS_WITH,PER_000086,Person,2025-07-12 21:51:22,2025-07-12 21:51:22,1,3030.33,total_amount:3030.33
PER_000063,Person,TRANSACTS_WITH,PER_000088,Person,2025-07-10 19:21:44,2025-07-10 19:21:44,1,3474.55,total_amount:3474.55
PER_000063,Person,TRANSACTS_WITH,PER_000093,Person,2025-07-11 10:56:12,2025-07-11 12:48:30,2,3347.98,total_amount:3347.98
PER_000063,Person,TRANSACTS_WITH,PER_000096,Person,2025-07-12 03:44:05,2025-07-12 03:44:05,1,2231.67,total_amount:2231.67
PER_000063,Person,TRANSACTS_WITH,PER_000099,Person,2025-07-11 20:26:41,2025-07-11 20:26:41,1,3838.92,total_amount:3838.92
PER_000064,Person,TRANSACTS_WITH,PER_000004,Person,2025-12-28 07:08:57,2025-12-28 07:08:57,1,3620.49,total_amount:3620.49
PER_000064,Person,TRANSACTS_WITH,PER_000013,Person,2025-12-10 19:31:55,2025-12-10 19:31:55,1,394.77,total_amount:394.77
PER_000064,Person,TRANSACTS_WITH,PER_000069,Person,2025-10-23 14:29:17,2025-10-23 14:29:17,1,921.42,total_amount:921.42
PER_000064,Person,TRANSACTS_WITH,PER_000081,Person,2025-05-14 16:26:06,2025-05-14 16:26:06,1,2422.65,total_amount:2422.65
PER_000064,Person,TRANSACTS_WITH,PER_000085,Person,2025-02-20 07:20:48,2025-02-20 07:20:48,1,2607.33,total_amount:2607.33
PER_000064,Person,TRANSACTS_WITH,PER_000089,Person,2025-04-18 19:41:49,2025-11-09 08:04:29,2,4847.77,total_amount:4847.77
PER_000064,Person,TRANSACTS_WITH,PER_000097,Person,2025-08-31 17:09:50,2025-08-31 17:09:50,1,1913.03,total_amount:1913.03
PER_000064,Person,TRANSACTS_WITH,PER_000099,Person,2025-11-16 18:38:40,2025-11-16 18:38:40,1,4088.53,total_amount:4088.53
PER_000065,Person,TRANSACTS_WITH,PER_000005,Person,2025-08-25 22:45:27,2025-08-25 22:45:27,1,253.61,total_amount:253.61
PER_000065,Person,TRANSACTS_WITH,PER_000006,Person,2025-05-14 09:17:56,2025-05-14 09:17:56,1,2083.34,total_amount:2083.34
PER_000065,Person,TRANSACTS_WITH,PER_000015,Person,2025-01-05 15:00:33,2025-01-05 15:00:33,1,108.5,total_amount:108.5
PER_000065,Person,TRANSACTS_WITH,PER_000021,Person,2025-12-30 11:14:27,2025-12-30 11:14:27,1,2791.41,total_amount:2791.41
PER_000065,Person,TRANSACTS_WITH,PER_000037,Person,2025-01-20 13:53:00,2025-01-20 13:53:00,1,2196.02,total_amount:2196.02
PER_000065,Person,TRANSACTS_WITH,PER_000047,Person,2025-07-23 19:20:35,2025-07-23 19:20:35,1,2210.98,total_amount:2210.98
PER_000065,Person,TRANSACTS_WITH,PER_000063,Person,2025-09-25 18:23:24,2025-09-25 18:23:24,1,1550.52,total_amount:1550.52
PER_000066,Person,TRANSACTS_WITH,PER_000004,Person,2025-03-20 17:11:57,2025-03-20 17:11:57,1,4334.86,total_amount:4334.86
PER_000066,Person,TRANSACTS_WITH,PER_000011,Person,2025-07-25 17:38:55,2025-07-25 17:38:55,1,1102.09,total_amount:1102.09
PER_000066,Person,TRANSACTS_WITH,PER_000037,Person,2025-05-31 07:20:29,2025-05-31 07:20:29,1,3323.26,total_amount:3323.26
PER_000066,Person,TRANSACTS_WITH,PER_000039,Person,2025-01-08 14:09:43,2025-01-08 14:09:43,1,434.84,total_amount:434.84
PER_000066,Person,TRANSACTS_WITH,PER_000064,Person,2025-01-24 05:18:41,2025-01-24 05:18:41,1,1369.43,total_amount:1369.43
PER_000066,Person,TRANSACTS_WITH,PER_000065,Person,2025-10-23 15:43:10,2025-10-23 15:43:10,1,1458.59,total_amount:1458.59
PER_000066,Person,TRANSACTS_WITH,PER_000096,Person,2025-08-13 08:21:14,2025-08-13 08:21:14,1,3223.24,total_amount:3223.24
PER_000067,Person,TRANSACTS_WITH,PER_000001,Person,2025-08-24 09:26:45,2025-08-24 09:26:45,1,2581.78,total_amount:2581.78
PER_000067,Person,TRANSACTS_WITH,PER_000061,Person,2025-01-24 07:53:17,2025-01-24 07:53:17,1,3959.97,total_amount:3959.97
PER_000067,Person,TRANSACTS_WITH,PER_000077,Person,2025-11-15 14:02:41,2025-11-15 14:02:41,1,623.22,total_amount:623.22
PER_000068,Person,TRANSACTS_WITH,PER_000008,Person,2025-01-03 16:41:28,2025-01-03 16:41:28,1,4220.58,total_amount:4220.58
PER_000068,Person,TRANSACTS_WITH,PER_000021,Person,2025-02-03 13:43:17,2025-02-03 13:43:17,1,2203.05,total_amount:2203.05
PER_000068,Person,TRANSACTS_WITH,PER_000037,Person,2025-04-06 10:05:06,2025-04-15 12:26:07,2,2935.07,total_amount:2935.07
PER_000068,Person,TRANSACTS_WITH,PER_000042,Person,2025-10-14 15:07:37,2025-10-14 15:07:37,1,3301.27,total_amount:3301.27
PER_000068,Person,TRANSACTS_WITH,PER_000053,Person,2025-09-29 09:13:02,2025-09-29 09:13:02,1,2002.06,total_amount:2002.06
PER_000068,Person,TRANSACTS_WITH,PER_000077,Person,2025-09-13 16:18:24,2025-09-13 16:18:24,1,1244.36,total_amount:1244.36
PER_000069,Person,TRANSACTS_WITH,PER_000058,Person,2025-02-13 07:13:24,2025-02-13 07:13:24,1,464.7,total_amount:464.7
PER_000069,Person,TRANSACTS_WITH,PER_000097,Person,2025-12-28 18:31:27,2025-12-28 18:31:27,1,3426.25,total_amount:3426.25
PER_000070,Person,TRANSACTS_WITH,PER_000001,Person,2025-08-17 10:19:24,2025-08-17 10:19:24,1,4136.05,total_amount:4136.05
PER_000070,Person,TRANSACTS_WITH,PER_000002,Person,2025-03-17 22:18:24,2025-03-17 22:18:24,1,2442.98,total_amount:2442.98
PER_000070,Person,TRANSACTS_WITH,PER_000012,Person,2025-11-27 15:43:01,2025-11-27 15:43:01,1,3787.87,total_amount:3787.87
PER_000070,Person,TRANSACTS_WITH,PER_000016,Person,2025-04-22 16:08:52,2025-04-22 16:08:52,1,2550.09,total_amount:2550.09
PER_000070,Person,TRANSACTS_WITH,PER_000017,Person,2025-04-09 20:30:30,2025-04-09 20:30:30,1,4374.5,total_amount:4374.5
PER_000070,Person,TRANSACTS_WITH,PER_000023,Person,2025-12-02 13:50:45,2025-12-02 13:50:45,1,895.49,total_amount:895.49
PER_000070,Person,TRANSACTS_WITH,PER_000026,Person,2025-04-29 08:06:11,2025-04-29 08:06:11,1,2608.58,total_amount:2608.58
PER_000070,Person,TRANSACTS_WITH,PER_000060,Person,2025-12-26 10:55:21,2025-12-26 10:55:21,1,372.26,total_amount:372.26
PER_000070,Person,TRANSACTS_WITH,PER_000086,Person,2025-11-10 08:43:28,2025-11-10 08:43:28,1,780.93,total_amount:780.93
PER_000070,Person,TRANSACTS_WITH,PER_000091,Person,2025-10-08 22:28:08,2025-10-08 22:28:08,1,2362.72,total_amount:2362.72
PER_000070,Person,TRANSACTS_WITH,PER_000098,Person,2025-11-21 19:36:14,2025-11-21 19:36:14,1,447.38,total_amount:447.38
PER_000071,Person,TRANSACTS_WITH,PER_000007,Person,2025-01-25 09:52:50,2025-01-25 09:52:50,1,1846.24,total_amount:1846.24
PER_000071,Person,TRANSACTS_WITH,PER_000037,Person,2025-05-19 14:09:45,2025-05-19 14:09:45,1,242.51,total_amount:242.51
PER_000071,Person,TRANSACTS_WITH,PER_000048,Person,2025-06-26 17:58:31,2025-06-26 17:58:31,1,4028.15,total_amount:4028.15
PER_000071,Person,TRANSACTS_WITH,PER_000050,Person,2025-01-14 11:30:23,2025-01-14 11:30:23,1,2493.55,total_amount:2493.55
PER_000071,Person,TRANSACTS_WITH,PER_000072,Person,2025-05-02 12:09:01,2025-05-02 12:09:01,1,2779.09,total_amount:2779.09
PER_000071,Person,TRANSACTS_WITH,PER_000081,Person,2025-10-03 09:11:04,2025-10-03 09:11:04,1,2461.69,total_amount:2461.69
PER_000072,Person,TRANSACTS_WITH,PER_000002,Person,2025-07-10 06:03:02,2025-07-10 06:03:02,1,1960.45,total_amount:1960.45
PER_000072,Person,TRANSACTS_WITH,PER_000003,Person,2025-07-11 04:51:12,2025-07-11 04:51:12,1,57.74,total_amount:57.74
PER_000072,Person,TRANSACTS_WITH,PER_000004,Person,2025-07-11 00:33:25,2025-07-11 00:33:25,1,4418.0,total_amount:4418.0
PER_000072,Person,TRANSACTS_WITH,PER_000008,Person,2025-07-10 11:07:09,2025-07-10 11:07:09,1,1895.79,total_amount:1895.79
PER_000072,Person,TRANSACTS_WITH,PER_000013,Person,2025-07-10 23:54:13,2025-07-10 23:54:13,1,3660.57,total_amount:3660.57
PER_000072,Person,TRANSACTS_WITH,PER_000014,Person,2025-07-10 06:30:46,2025-07-10 06:30:46,1,2308.28,total_amount:2308.28
PER_000072,Person,TRANSACTS_WITH,PER_000017,Person,2025-07-10 23:58:46,2025-07-10 23:58:46,1,3107.43,total_amount:3107.43
PER_000072,Person,TRANSACTS_WITH,PER_000023,Person,2025-07-11 15:23:28,2025-07-11 15:23:28,1,3611.83,total_amount:3611.83
PER_000072,Person,TRANSACTS_WITH,PER_000027,Person,2025-07-10 07:58:28,2025-07-11 18:56:27,2,5894.17,total_amount:5894.17
PER_000072,Person,TRANSACTS_WITH,PER_000033,Person,2025-07-10 16:36:03,2025-07-10 16:36:03,1,631.56,total_amount:631.56
PER_000072,Person,TRANSACTS_WITH,PER_000036,Person,2025-07-11 19:05:00,2025-07-11 19:05:00,1,2765.96,total_amount:2765.96
PER_000072,Person,TRANSACTS_WITH,PER_000037,Person,2025-07-12 01:30:58,2025-07-12 01:30:58,1,1058.34,total_amount:1058.34
PER_000072,Person,TRANSACTS_WITH,PER_000042,Person,2025-07-11 11:03:24,2025-07-11 11:03:24,1,3913.38,total_amount:3913.38
PER_000072,Person,TRANSACTS_WITH,PER_000045,Person,2025-07-11 08:38:18,2025-07-11 08:38:18,1,3176.09,total_amount:3176.09
PER_000072,Person,TRANSACTS_WITH,PER_000046,Person,2025-07-12 09:04:42,2025-07-12 19:06:56,2,6026.37,total_amount:6026.37
PER_000072,Person,TRANSACTS_WITH,PER_000049,Person,2025-07-10 07:02:03,2025-07-10 07:02:03,1,2327.38,total_amount:2327.38
PER_000072,Person,TRANSACTS_WITH,PER_000051,Person,2025-07-10 10:28:46,2025-07-10 10:28:46,1,2492.23,total_amount:2492.23
PER_000072,Person,TRANSACTS_WITH,PER_000054,Person,2025-07-10 10:54:26,2025-07-10 10:54:26,1,3367.04,total_amount:3367.04
PER_000072,Person,TRANSACTS_WITH,PER_000055,Person,2025-07-11 02:32:30,2025-07-11 02:32:30,1,740.83,total_amount:740.83
PER_000072,Person,TRANSACTS_WITH,PER_000057,Person,2025-07-10 10:07:21,2025-07-10 10:07:21,1,3857.82,total_amount:3857.82
PER_000072,Person,TRANSACTS_WITH,PER_000059,Person,2025-07-10 15:27:27,2025-07-12 22:46:05,2,4628.12,total_amount:4628.12
PER_000072,Person,TRANSACTS_WITH,PER_000070,Person,2025-07-11 05:36:11,2025-07-11 05:36:11,1,1245.92,total_amount:1245.92
PER_000072,Person,TRANSACTS_WITH,PER_000074,Person,2025-07-10 19:45:17,2025-07-10 19:45:17,1,205.52,total_amount:205.52
PER_000072,Person,TRANSACTS_WITH,PER_000076,Person,2025-07-12 10:35:06,2025-07-12 10:35:06,1,3330.7,total_amount:3330.7
PER_000072,Person,TRANSACTS_WITH,PER_000079,Person,2025-07-10 13:50:57,2025-07-10 13:50:57,1,1856.63,total_amount:1856.63
PER_000072,Person,TRANSACTS_WITH,PER_000083,Person,2025-07-12 19:31:23,2025-07-12 19:31:23,1,2671.27,total_amount:2671.27
PER_000072,Person,TRANSACTS_WITH,PER_000085,Person,2025-07-12 17:46:11,2025-07-12 17:46:11,1,114.29,total_amount:114.29
PER_000072,Person,TRANSACTS_WITH,PER_000091,Person,2025-07-12 12:59:57,2025-07-12 12:59:57,1,3778.26,total_amount:3778.26
PER_000072,Person,TRANSACTS_WITH,PER_000092,Person,2025-07-11 13:06:30,2025-07-11 13:06:30,1,3314.45,total_amount:3314.45
PER_000072,Person,TRANSACTS_WITH,PER_000097,Person,2025-07-10 13:44:57,2025-07-10 13:44:57,1,4176.87,total_amount:4176.87
PER_000072,Person,TRANSACTS_WITH,PER_000099,Person,2025-07-12 12:32:30,2025-07-12 12:32:30,1,3015.24,total_amount:3015.24
PER_000073,Person,TRANSACTS_WITH,PER_000001,Person,2025-03-16 12:24:04,2025-12-25 13:56:20,2,107567.72,total_amount:107567.72
PER_000073,Person,TRANSACTS_WITH,PER_000002,Person,2025-03-15 13:11:18,2025-09-22 16:03:19,2,319.8,total_amount:319.8
PER_000073,Person,TRANSACTS_WITH,PER_000003,Person,2025-01-03 01:53:50,2025-08-11 18:19:18,2,4529.6,total_amount:4529.6
PER_000073,Person,TRANSACTS_WITH,PER_000004,Person,2025-10-23 17:25:37,2025-10-23 17:25:37,1,597.56,total_amount:597.56
PER_000073,Person,TRANSACTS_WITH,PER_000008,Person,2025-05-25 11:38:16,2025-10-11 16:38:57,2,53393.32,total_amount:53393.32
PER_000073,Person,TRANSACTS_WITH,PER_000009,Person,2025-02-11 16:54:57,2025-02-11 16:54:57,1,3560.54,total_amount:3560.54
PER_000073,Person,TRANSACTS_WITH,PER_000010,Person,2025-02-03 12:00:13,2025-02-03 12:00:13,1,645.38,total_amount:645.38
PER_000073,Person,TRANSACTS_WITH,PER_000020,Person,2025-03-25 09:57:12,2025-11-28 17:48:41,3,112064.36,total_amount:112064.36
PER_000073,Person,TRANSACTS_WITH,PER_000026,Person,2025-01-30 09:50:35,2025-12-17 17:20:18,2,5194.53,total_amount:5194.53
PER_000073,Person,TRANSACTS_WITH,PER_000028,Person,2025-04-17 14:04:43,2025-04-17 14:04:43,1,107083.37,total_amount:107083.37
PER_000073,Person,TRANSACTS_WITH,PER_000031,Person,2025-10-22 16:55:11,2025-10-22 16:55:11,1,1233.46,total_amount:1233.46
PER_000073,Person,TRANSACTS_WITH,PER_000034,Person,2025-01-19 01:54:16,2025-01-30 21:24:37,2,3986.5,total_amount:3986.5
PER_000073,Person,TRANSACTS_WITH,PER_000037,Person,2025-06-06 14:41:23,2025-11-10 18:25:22,3,6129.11,total_amount:6129.11
PER_000073,Person,TRANSACTS_WITH,PER_000039,Person,2025-09-01 09:27:03,2025-09-01 09:27:03,1,710.05,total_amount:710.05
PER_000073,Person,TRANSACTS_WITH,PER_000040,Person,2025-04-22 06:32:01,2025-11-13 05:44:28,2,93046.66,total_amount:93046.66
PER_000073,Person,TRANSACTS_WITH,PER_000041,Person,2025-02-06 15:08:20,2025-02-06 15:08:20,1,229.35,total_amount:229.35
PER_000073,Person,TRANSACTS_WITH,PER_000043,Person,2025-05-07 13:01:36,2025-05-07 13:01:36,1,2722.18,total_amount:2722.18
PER_000073,Person,TRANSACTS_WITH,PER_000044,Person,2025-04-29 05:16:08,2025-04-29 05:16:08,1,63291.07,total_amount:63291.07
PER_000073,Person,TRANSACTS_WITH,PER_000045,Person,2025-05-23 10:28:54,2025-05-23 10:28:54,1,82214.83,total_amount:82214.83
PER_000073,Person,TRANSACTS_WITH,PER_000046,Person,2025-10-29 15:18:11,2025-10-29 15:18:11,1,2353.6,total_amount:2353.6
PER_000073,Person,TRANSACTS_WITH,PER_000050,Person,2025-01-23 08:24:16,2025-02-12 08:24:55,2,41614.44,total_amount:41614.44
PER_000073,Person,TRANSACTS_WITH,PER_000052,Person,2025-03-08 18:48:24,2025-03-08 18:48:24,1,25975.2,total_amount:25975.2
PER_000073,Person,TRANSACTS_WITH,PER_000055,Person,2025-01-09 18:27:08,2025-03-09 12:42:24,3,58357.58,total_amount:58357.58
PER_000073,Person,TRANSACTS_WITH,PER_000058,Person,2025-11-20 15:34:34,2025-11-20 15:34:34,1,3340.76,total_amount:3340.76
PER_000073,Person,TRANSACTS_WITH,PER_000060,Person,2025-08-01 09:11:35,2025-11-07 19:42:43,2,102427.89,total_amount:102427.89
PER_000073,Person,TRANSACTS_WITH,PER_000061,Person,2025-11-16 14:50:38,2025-11-16 14:50:38,1,3371.89,total_amount:3371.89
PER_000073,Person,TRANSACTS_WITH,PER_000065,Person,2025-07-23 21:22:46,2025-07-23 21:22:46,1,3605.2,total_amount:3605.2
PER_000073,Person,TRANSACTS_WITH,PER_000069,Person,2025-02-26 22:45:47,2025-09-08 15:45:33,2,2848.62,total_amount:2848.62
PER_000073,Person,TRANSACTS_WITH,PER_000070,Person,2025-05-16 19:44:39,2025-05-16 19:44:39,1,3941.04,total_amount:3941.04
PER_000073,Person,TRANSACTS_WITH,PER_000071,Person,2025-01-04 16:46:35,2025-01-04 16:46:35,1,3174.01,total_amount:3174.01
PER_000073,Person,TRANSACTS_WITH,PER_000075,Person,2025-03-04 17:02:08,2025-03-04 17:02:08,1,1645.56,total_amount:1645.56
PER_000073,Person,TRANSACTS_WITH,PER_000077,Person,2025-11-16 17:53:37,2025-11-16 17:53:37,1,2525.77,total_amount:2525.77
PER_000073,Person,TRANSACTS_WITH,PER_000079,Person,2025-01-21 04:28:49,2025-02-16 14:50:04,2,8445.7,total_amount:8445.7
PER_000073,Person,TRANSACTS_WITH,PER_000080,Person,2025-06-13 07:32:57,2025-06-25 06:35:20,2,89798.63,total_amount:89798.63
PER_000073,Person,TRANSACTS_WITH,PER_000082,Person,2025-01-07 15:29:42,2025-01-07 15:29:42,1,1763.7,total_amount:1763.7
PER_000073,Person,TRANSACTS_WITH,PER_000085,Person,2025-05-11 20:24:45,2025-05-11 20:24:45,1,788.49,total_amount:788.49
PER_000073,Person,TRANSACTS_WITH,PER_000087,Person,2025-09-30 18:43:12,2025-09-30 18:43:12,1,3062.36,total_amount:3062.36
PER_000073,Person,TRANSACTS_WITH,PER_000089,Person,2025-10-14 17:02:04,2025-10-14 17:02:04,1,34.29,total_amount:34.29
PER_000073,Person,TRANSACTS_WITH,PER_000091,Person,2025-11-24 03:53:50,2025-11-24 03:53:50,1,3029.96,total_amount:3029.96
PER_000073,Person,TRANSACTS_WITH,PER_000092,Person,2025-04-09 11:56:23,2025-04-09 11:56:23,1,34694.46,total_amount:34694.46
PER_000073,Person,TRANSACTS_WITH,PER_000093,Person,2025-04-23 16:47:42,2025-04-23 16:47:42,1,34663.4,total_amount:34663.4
PER_000073,Person,TRANSACTS_WITH,PER_000096,Person,2025-08-05 11:07:26,2025-11-02 10:55:41,2,82542.57,total_amount:82542.57
PER_000073,Person,TRANSACTS_WITH,PER_000098,Person,2025-02-06 07:40:01,2025-02-06 07:40:01,1,1846.46,total_amount:1846.46
PER_000073,Person,TRANSACTS_WITH,PER_000099,Person,2025-02-17 16:57:59,2025-02-17 16:57:59,1,729.27,total_amount:729.27
PER_000074,Person,TRANSACTS_WITH,PER_000012,Person,2025-02-05 20:03:56,2025-02-05 20:03:56,1,3074.05,total_amount:3074.05
PER_000074,Person,TRANSACTS_WITH,PER_000027,Person,2025-08-29 17:16:38,2025-08-29 17:16:38,1,966.87,total_amount:966.87
PER_000074,Person,TRANSACTS_WITH,PER_000032,Person,2025-03-27 18:04:39,2025-03-27 18:04:39,1,1524.0,total_amount:1524.0
PER_000074,Person,TRANSACTS_WITH,PER_000038,Person,2025-02-17 01:33:17,2025-02-17 01:33:17,1,1526.62,total_amount:1526.62
PER_000074,Person,TRANSACTS_WITH,PER_000054,Person,2025-05-05 16:36:17,2025-05-05 16:36:17,1,1480.33,total_amount:1480.33
PER_000074,Person,TRANSACTS_WITH,PER_000060,Person,2025-04-02 12:25:56,2025-04-02 12:25:56,1,423.78,total_amount:423.78
PER_000074,Person,TRANSACTS_WITH,PER_000070,Person,2025-12-25 09:48:13,2025-12-25 09:48:13,1,1005.61,total_amount:1005.61
PER_000074,Person,TRANSACTS_WITH,PER_000073,Person,2025-12-22 07:28:24,2025-12-22 07:28:24,1,3881.17,total_amount:3881.17
PER_000074,Person,TRANSACTS_WITH,PER_000082,Person,2025-05-20 10:59:08,2025-05-20 10:59:08,1,2272.38,total_amount:2272.38
PER_000075,Person,TRANSACTS_WITH,PER_000007,Person,2025-11-10 12:54:57,2025-11-10 12:54:57,1,1629.34,total_amount:1629.34
PER_000075,Person,TRANSACTS_WITH,PER_000024,Person,2025-09-15 16:31:41,2025-09-15 16:31:41,1,1475.25,total_amount:1475.25
PER_000075,Person,TRANSACTS_WITH,PER_000039,Person,2025-10-24 18:45:56,2025-10-24 18:45:56,1,2134.86,total_amount:2134.86
PER_000075,Person,TRANSACTS_WITH,PER_000052,Person,2025-10-27 10:39:53,2025-10-27 10:39:53,1,4205.04,total_amount:4205.04
PER_000075,Person,TRANSACTS_WITH,PER_000054,Person,2025-09-20 21:11:17,2025-09-20 21:11:17,1,3787.04,total_amount:3787.04
PER_000076,Person,TRANSACTS_WITH,PER_000037,Person,2025-06-15 08:17:14,2025-06-15 08:17:14,1,1818.45,total_amount:1818.45
PER_000076,Person,TRANSACTS_WITH,PER_000040,Person,2025-06-23 10:12:51,2025-06-23 10:12:51,1,3462.41,total_amount:3462.41
PER_000076,Person,TRANSACTS_WITH,PER_000042,Person,2025-08-15 20:25:11,2025-08-15 20:25:11,1,1757.87,total_amount:1757.87
PER_000076,Person,TRANSACTS_WITH,PER_000057,Person,2025-04-09 17:49:19,2025-04-09 17:49:19,1,4186.05,total_amount:4186.05
PER_000076,Person,TRANSACTS_WITH,PER_000059,Person,2025-10-08 16:04:20,2025-10-08 16:04:20,1,1390.83,total_amount:1390.83
PER_000076,Person,TRANSACTS_WITH,PER_000062,Person,2025-12-15 14:00:00,2025-12-15 14:00:00,1,3150.58,total_amount:3150.58
PER_000076,Person,TRANSACTS_WITH,PER_000072,Person,2025-10-04 06:15:46,2025-10-04 06:15:46,1,2140.69,total_amount:2140.69
PER_000076,Person,TRANSACTS_WITH,PER_000074,Person,2025-01-06 10:13:25,2025-01-06 10:13:25,1,3165.78,total_amount:3165.78
PER_000077,Person,TRANSACTS_WITH,PER_000021,Person,2025-02-02 18:49:23,2025-02-02 18:49:23,1,2853.24,total_amount:2853.24
PER_000077,Person,TRANSACTS_WITH,PER_000063,Person,2025-01-16 09:53:14,2025-01-16 09:53:14,1,711.52,total_amount:711.52
PER_000077,Person,TRANSACTS_WITH,PER_000088,Person,2025-03-30 10:36:27,2025-03-30 10:36:27,1,1882.16,total_amount:1882.16
PER_000077,Person,TRANSACTS_WITH,PER_000089,Person,2025-12-17 09:43:43,2025-12-17 09:43:43,1,3591.73,total_amount:3591.73
PER_000077,Person,TRANSACTS_WITH,PER_000090,Person,2025-01-27 17:47:34,2025-01-27 17:47:34,1,1111.78,total_amount:1111.78
PER_000077,Person,TRANSACTS_WITH,PER_000093,Person,2025-03-15 08:08:35,2025-03-15 08:08:35,1,309.86,total_amount:309.86
PER_000078,Person,TRANSACTS_WITH,PER_000003,Person,2025-07-12 16:46:15,2025-07-12 16:46:15,1,1885.64,total_amount:1885.64
PER_000078,Person,TRANSACTS_WITH,PER_000006,Person,2025-07-10 18:57:23,2025-07-10 18:57:23,1,3261.71,total_amount:3261.71
PER_000078,Person,TRANSACTS_WITH,PER_000008,Person,2025-07-11 01:03:28,2025-07-11 01:03:28,1,1217.52,total_amount:1217.52
PER_000078,Person,TRANSACTS_WITH,PER_000010,Person,2025-07-10 14:26:45,2025-07-10 14:26:45,1,85.42,total_amount:85.42
PER_000078,Person,TRANSACTS_WITH,PER_000012,Person,2025-07-12 03:24:51,2025-07-12 16:25:48,2,6895.98,total_amount:6895.98
PER_000078,Person,TRANSACTS_WITH,PER_000014,Person,2025-07-10 04:54:11,2025-07-11 20:12:37,2,5133.87,total_amount:5133.87
PER_000078,Person,TRANSACTS_WITH,PER_000015,Person,2025-07-11 21:39:39,2025-07-12 02:40:49,2,3029.9,total_amount:3029.9
PER_000078,Person,TRANSACTS_WITH,PER_000016,Person,2025-07-10 02:54:04,2025-07-10 02:54:04,1,1528.52,total_amount:1528.52
PER_000078,Person,TRANSACTS_WITH,PER_000027,Person,2025-07-11 14:37:33,2025-07-11 14:37:33,1,809.38,total_amount:809.38
PER_000078,Person,TRANSACTS_WITH,PER_000031,Person,2025-07-11 20:18:11,2025-07-11 20:18:11,1,15.88,total_amount:15.88
PER_000078,Person,TRANSACTS_WITH,PER_000032,Person,2025-07-10 00:40:24,2025-07-11 23:20:43,2,6082.75,total_amount:6082.75
PER_000078,Person,TRANSACTS_WITH,PER_000033,Person,2025-07-11 09:25:23,2025-07-12 07:27:40,2,5938.74,total_amount:5938.74
PER_000078,Person,TRANSACTS_WITH,PER_000036,Person,2025-07-10 12:22:40,2025-07-12 22:38:42,3,7724.8,total_amount:7724.8
PER_000078,Person,TRANSACTS_WITH,PER_000037,Person,2025-07-12 05:06:11,2025-07-12 05:06:11,1,1772.05,total_amount:1772.05
PER_000078,Person,TRANSACTS_WITH,PER_000038,Person,2025-07-11 06:30:32,2025-07-11 06:30:32,1,4319.27,total_amount:4319.27
PER_000078,Person,TRANSACTS_WITH,PER_000039,Person,2025-07-11 08:27:57,2025-07-11 08:27:57,1,530.33,total_amount:530.33
PER_000078,Person,TRANSACTS_WITH,PER_000041,Person,2025-07-10 20:00:04,2025-07-10 20:00:04,1,3138.61,total_amount:3138.61
PER_000078,Person,TRANSACTS_WITH,PER_000045,Person,2025-07-11 10:02:28,2025-07-11 10:02:28,1,402.71,total_amount:402.71
PER_000078,Person,TRANSACTS_WITH,PER_000048,Person,2025-07-12 19:22:27,2025-07-12 19:22:27,1,1197.56,total_amount:1197.56
PER_000078,Person,TRANSACTS_WITH,PER_000049,Person,2025-07-10 19:52:50,2025-07-12 22:51:52,3,6652.08,total_amount:6652.08
PER_000078,Person,TRANSACTS_WITH,PER_000051,Person,2025-07-11 23:05:51,2025-07-11 23:05:51,1,3008.75,total_amount:3008.75
PER_000078,Person,TRANSACTS_WITH,PER_000056,Person,2025-07-10 04:49:38,2025-07-10 04:49:38,1,261.31,total_amount:261.31
PER_000078,Person,TRANSACTS_WITH,PER_000057,Person,2025-07-12 06:58:19,2025-07-12 06:58:19,1,4426.01,total_amount:4426.01
PER_000078,Person,TRANSACTS_WITH,PER_000060,Person,2025-07-10 13:03:04,2025-07-10 13:03:04,1,3982.89,total_amount:3982.89
PER_000078,Person,TRANSACTS_WITH,PER_000063,Person,2025-07-10 08:10:50,2025-07-10 08:10:50,1,1463.66,total_amount:1463.66
PER_000078,Person,TRANSACTS_WITH,PER_000065,Person,2025-07-12 13:45:38,2025-07-12 13:57:40,2,4740.88,total_amount:4740.88
PER_000078,Person,TRANSACTS_WITH,PER_000066,Person,2025-07-12 20:18:55,2025-07-12 20:18:55,1,550.71,total_amount:550.71
PER_000078,Person,TRANSACTS_WITH,PER_000070,Person,2025-07-10 03:46:21,2025-07-10 03:46:21,1,815.47,total_amount:815.47
PER_000078,Person,TRANSACTS_WITH,PER_000072,Person,2025-07-10 01:52:20,2025-07-10 01:52:20,1,1394.4,total_amount:1394.4
PER_000078,Person,TRANSACTS_WITH,PER_000073,Person,2025-07-12 03:14:13,2025-07-12 18:27:32,2,7571.11,total_amount:7571.11
PER_000078,Person,TRANSACTS_WITH,PER_000074,Person,2025-07-10 06:43:44,2025-07-10 06:43:44,1,2449.23,total_amount:2449.23
PER_000078,Person,TRANSACTS_WITH,PER_000079,Person,2025-07-12 05:27:28,2025-07-12 05:27:28,1,3974.82,total_amount:3974.82
PER_000078,Person,TRANSACTS_WITH,PER_000080,Person,2025-07-11 21:02:15,2025-07-11 21:02:15,1,77.23,total_amount:77.23
PER_000078,Person,TRANSACTS_WITH,PER_000086,Person,2025-07-10 18:00:53,2025-07-10 18:00:53,1,3176.11,total_amount:3176.11
PER_000078,Person,TRANSACTS_WITH,PER_000088,Person,2025-07-10 16:17:27,2025-07-10 16:17:27,1,4101.6,total_amount:4101.6
PER_000078,Person,TRANSACTS_WITH,PER_000090,Person,2025-07-12 06:23:07,2025-07-12 06:23:07,1,1237.97,total_amount:1237.97
PER_000078,Person,TRANSACTS_WITH,PER_000093,Person,2025-07-12 13:00:54,2025-07-12 13:00:54,1,3672.77,total_amount:3672.77
PER_000078,Person,TRANSACTS_WITH,PER_000096,Person,2025-07-11 23:20:54,2025-07-11 23:20:54,1,2021.21,total_amount:2021.21
PER_000078,Person,TRANSACTS_WITH,PER_000099,Person,2025-07-12 00:47:15,2025-07-12 00:47:15,1,1047.19,total_amount:1047.19
PER_000079,Person,TRANSACTS_WITH,PER_000012,Person,2025-04-30 09:19:35,2025-05-01 15:36:40,2,3188.43,total_amount:3188.43
PER_000079,Person,TRANSACTS_WITH,PER_000018,Person,2025-10-22 09:53:06,2025-10-22 09:53:06,1,1555.28,total_amount:1555.28
PER_000079,Person,TRANSACTS_WITH,PER_000022,Person,2025-06-26 17:41:10,2025-06-26 17:41:10,1,3540.39,total_amount:3540.39
PER_000079,Person,TRANSACTS_WITH,PER_000054,Person,2025-02-16 19:42:54,2025-02-16 19:42:54,1,2603.13,total_amount:2603.13
PER_000079,Person,TRANSACTS_WITH,PER_000066,Person,2025-06-16 16:48:25,2025-06-16 16:48:25,1,3001.5,total_amount:3001.5
PER_000079,Person,TRANSACTS_WITH,PER_000082,Person,2025-02-15 10:11:52,2025-02-15 10:11:52,1,1928.42,total_amount:1928.42
PER_000079,Person,TRANSACTS_WITH,PER_000087,Person,2025-07-15 16:21:01,2025-07-15 16:21:01,1,2574.29,total_amount:2574.29
PER_000079,Person,TRANSACTS_WITH,PER_000089,Person,2025-05-22 10:20:29,2025-05-22 10:20:29,1,2623.16,total_amount:2623.16
PER_000080,Person,TRANSACTS_WITH,PER_000004,Person,2025-04-29 13:58:09,2025-04-29 13:58:09,1,3462.57,total_amount:3462.57
PER_000080,Person,TRANSACTS_WITH,PER_000025,Person,2025-11-10 07:41:24,2025-11-10 07:41:24,1,3668.7,total_amount:3668.7
PER_000080,Person,TRANSACTS_WITH,PER_000037,Person,2025-11-09 19:03:43,2025-11-09 19:03:43,1,1639.92,total_amount:1639.92
PER_000080,Person,TRANSACTS_WITH,PER_000064,Person,2025-03-08 20:39:36,2025-03-08 20:39:36,1,22.09,total_amount:22.09
PER_000080,Person,TRANSACTS_WITH,PER_000065,Person,2025-01-21 18:22:17,2025-01-21 18:22:17,1,2639.8,total_amount:2639.8
PER_000080,Person,TRANSACTS_WITH,PER_000092,Person,2025-11-10 13:16:38,2025-11-10 13:16:38,1,2149.24,total_amount:2149.24
PER_000080,Person,TRANSACTS_WITH,PER_000097,Person,2025-05-04 13:46:04,2025-05-04 13:46:04,1,2007.31,total_amount:2007.31
PER_000081,Person,TRANSACTS_WITH,PER_000016,Person,2025-07-27 10:46:02,2025-07-27 10:46:02,1,2377.32,total_amount:2377.32
PER_000081,Person,TRANSACTS_WITH,PER_000070,Person,2025-02-15 08:35:56,2025-02-15 08:35:56,1,3672.42,total_amount:3672.42
PER_000081,Person,TRANSACTS_WITH,PER_000087,Person,2025-10-22 19:17:02,2025-10-22 19:17:02,1,2069.6,total_amount:2069.6
PER_000081,Person,TRANSACTS_WITH,PER_000091,Person,2025-07-13 04:58:23,2025-07-13 04:58:23,1,452.54,total_amount:452.54
PER_000081,Person,TRANSACTS_WITH,PER_000094,Person,2025-04-18 14:09:11,2025-04-18 14:09:11,1,1285.31,total_amount:1285.31
PER_000082,Person,TRANSACTS_WITH,PER_000007,Person,2025-08-12 13:53:26,2025-08-12 13:53:26,1,180.92,total_amount:180.92
PER_000082,Person,TRANSACTS_WITH,PER_000013,Person,2025-12-26 08:39:59,2025-12-26 08:39:59,1,479.98,total_amount:479.98
PER_000082,Person,TRANSACTS_WITH,PER_000015,Person,2025-11-17 12:06:50,2025-11-17 12:06:50,1,4403.38,total_amount:4403.38
PER_000082,Person,TRANSACTS_WITH,PER_000019,Person,2025-11-11 17:19:21,2025-11-11 17:19:21,1,761.1,total_amount:761.1
PER_000082,Person,TRANSACTS_WITH,PER_000040,Person,2025-12-14 14:19:19,2025-12-14 14:19:19,1,270.39,total_amount:270.39
PER_000082,Person,TRANSACTS_WITH,PER_000046,Person,2025-12-30 18:07:48,2025-12-30 18:07:48,1,3640.25,total_amount:3640.25
PER_000082,Person,TRANSACTS_WITH,PER_000056,Person,2025-04-13 13:23:15,2025-12-31 02:09:53,2,2543.04,total_amount:2543.04
PER_000082,Person,TRANSACTS_WITH,PER_000065,Person,2025-04-18 09:33:26,2025-04-18 09:33:26,1,2613.08,total_amount:2613.08
PER_000083,Person,TRANSACTS_WITH,PER_000010,Person,2025-12-23 13:15:39,2025-12-23 13:15:39,1,1948.86,total_amount:1948.86
PER_000083,Person,TRANSACTS_WITH,PER_000012,Person,2025-06-27 06:17:48,2025-06-27 06:17:48,1,3391.14,total_amount:3391.14
PER_000083,Person,TRANSACTS_WITH,PER_000021,Person,2025-12-10 09:24:19,2025-12-10 09:24:19,1,4363.75,total_amount:4363.75
PER_000083,Person,TRANSACTS_WITH,PER_000030,Person,2025-07-04 06:31:00,2025-07-04 06:31:00,1,3263.48,total_amount:3263.48
PER_000083,Person,TRANSACTS_WITH,PER_000047,Person,2025-07-05 20:16:59,2025-07-05 20:16:59,1,3704.82,total_amount:3704.82
PER_000083,Person,TRANSACTS_WITH,PER_000070,Person,2025-12-16 06:28:21,2025-12-16 06:28:21,1,2950.37,total_amount:2950.37
PER_000083,Person,TRANSACTS_WITH,PER_000085,Person,2025-04-19 18:37:40,2025-04-19 18:37:40,1,770.99,total_amount:770.99
PER_000084,Person,TRANSACTS_WITH,PER_000004,Person,2025-08-29 10:18:39,2025-08-29 10:18:39,1,2746.54,total_amount:2746.54
PER_000084,Person,TRANSACTS_WITH,PER_000019,Person,2025-12-30 12:45:57,2025-12-30 12:45:57,1,2915.15,total_amount:2915.15
PER_000084,Person,TRANSACTS_WITH,PER_000023,Person,2025-11-12 11:39:57,2025-11-12 11:39:57,1,219.99,total_amount:219.99
PER_000084,Person,TRANSACTS_WITH,PER_000038,Person,2025-04-15 16:17:55,2025-04-15 16:17:55,1,1329.23,total_amount:1329.23
PER_000084,Person,TRANSACTS_WITH,PER_000050,Person,2025-10-30 13:48:12,2025-10-30 13:48:12,1,1876.58,total_amount:1876.58
PER_000084,Person,TRANSACTS_WITH,PER_000069,Person,2025-07-21 08:18:11,2025-07-21 08:18:11,1,2315.45,total_amount:2315.45
PER_000084,Person,TRANSACTS_WITH,PER_000086,Person,2025-05-05 13:23:44,2025-05-05 13:23:44,1,2965.31,total_amount:2965.31
PER_000084,Person,TRANSACTS_WITH,PER_000095,Person,2025-06-03 17:15:55,2025-06-03 17:15:55,1,1446.29,total_amount:1446.29
PER_000085,Person,TRANSACTS_WITH,PER_000018,Person,2025-02-13 13:38:24,2025-02-13 13:38:24,1,144.98,total_amount:144.98
PER_000085,Person,TRANSACTS_WITH,PER_000019,Person,2025-08-17 10:20:43,2025-08-17 10:20:43,1,1219.38,total_amount:1219.38
PER_000085,Person,TRANSACTS_WITH,PER_000021,Person,2025-07-10 03:39:26,2025-07-10 03:39:26,1,3957.66,total_amount:3957.66
PER_000085,Person,TRANSACTS_WITH,PER_000033,Person,2025-07-16 09:16:30,2025-07-16 09:16:30,1,4271.1,total_amount:4271.1
PER_000085,Person,TRANSACTS_WITH,PER_000046,Person,2025-03-02 18:46:39,2025-03-02 18:46:39,1,170.03,total_amount:170.03
PER_000085,Person,TRANSACTS_WITH,PER_000099,Person,2025-10-10 14:41:38,2025-10-10 14:41:38,1,2870.94,total_amount:2870.94
PER_000086,Person,TRANSACTS_WITH,PER_000007,Person,2025-08-10 09:28:36,2025-08-10 09:28:36,1,1873.79,total_amount:1873.79
PER_000086,Person,TRANSACTS_WITH,PER_000018,Person,2025-04-10 13:51:49,2025-04-10 13:51:49,1,185.66,total_amount:185.66
PER_000086,Person,TRANSACTS_WITH,PER_000022,Person,2025-09-17 14:19:54,2025-09-17 14:19:54,1,3436.69,total_amount:3436.69
PER_000086,Person,TRANSACTS_WITH,PER_000028,Person,2025-12-02 15:35:19,2025-12-02 15:35:19,1,3482.0,total_amount:3482.0
PER_000086,Person,TRANSACTS_WITH,PER_000032,Person,2025-09-01 20:25:32,2025-09-01 20:25:32,1,2015.77,total_amount:2015.77
PER_000086,Person,TRANSACTS_WITH,PER_000041,Person,2025-08-19 16:38:56,2025-08-19 16:38:56,1,2731.67,total_amount:2731.67
PER_000086,Person,TRANSACTS_WITH,PER_000078,Person,2025-11-13 09:37:06,2025-11-13 09:37:06,1,4191.31,total_amount:4191.31
PER_000086,Person,TRANSACTS_WITH,PER_000084,Person,2025-08-20 08:46:18,2025-08-20 08:46:18,1,3677.67,total_amount:3677.67
PER_000086,Person,TRANSACTS_WITH,PER_000091,Person,2025-09-23 13:33:44,2025-09-23 13:33:44,1,681.72,total_amount:681.72
PER_000086,Person,TRANSACTS_WITH,PER_000095,Person,2025-05-06 15:47:41,2025-05-06 15:47:41,1,4133.05,total_amount:4133.05
PER_000087,Person,TRANSACTS_WITH,PER_000001,Person,2025-06-04 09:14:31,2025-06-04 09:14:31,1,372965.47,total_amount:372965.47
PER_000087,Person,TRANSACTS_WITH,PER_000002,Person,2025-03-20 12:54:07,2025-12-07 22:42:37,5,388751.2,total_amount:388751.2
PER_000087,Person,TRANSACTS_WITH,PER_000016,Person,2025-01-12 12:40:36,2025-06-13 10:41:02,4,135648.38,total_amount:135648.38
PER_000087,Person,TRANSACTS_WITH,PER_000018,Person,2025-04-03 14:58:50,2025-12-25 16:31:04,3,472173.81,total_amount:472173.81
PER_000087,Person,TRANSACTS_WITH,PER_000019,Person,2025-05-30 15:42:25,2025-05-30 15:42:25,1,3972.15,total_amount:3972.15
PER_000087,Person,TRANSACTS_WITH,PER_000024,Person,2025-04-12 21:46:53,2025-09-02 16:30:30,3,447864.12,total_amount:447864.12
PER_000087,Person,TRANSACTS_WITH,PER_000025,Person,2025-11-23 09:43:34,2025-11-23 09:43:34,1,3086.09,total_amount:3086.09
PER_000087,Person,TRANSACTS_WITH,PER_000027,Person,2025-01-11 20:22:48,2025-12-31 18:34:44,7,1543469.98,total_amount:1543469.98
PER_000087,Person,TRANSACTS_WITH,PER_000034,Person,2025-08-29 14:31:35,2025-08-29 14:31:35,1,252.07,total_amount:252.07
PER_000087,Person,TRANSACTS_WITH,PER_000042,Person,2025-04-08 16:44:17,2025-12-14 05:06:07,5,319211.54,total_amount:319211.54
PER_000087,Person,TRANSACTS_WITH,PER_000050,Person,2025-02-20 19:35:59,2025-12-28 18:50:22,4,783053.55,total_amount:783053.55
PER_000087,Person,TRANSACTS_WITH,PER_000063,Person,2025-06-10 01:15:29,2025-06-10 01:15:29,1,1647.01,total_amount:1647.01
PER_000088,Person,TRANSACTS_WITH,PER_000009,Person,2025-05-25 11:48:10,2025-05-25 11:48:10,1,3038.05,total_amount:3038.05
PER_000088,Person,TRANSACTS_WITH,PER_000056,Person,2025-10-13 07:39:27,2025-10-13 07:39:27,1,3693.56,total_amount:3693.56
PER_000088,Person,TRANSACTS_WITH,PER_000065,Person,2025-11-04 19:40:10,2025-11-04 19:40:10,1,4368.74,total_amount:4368.74
PER_000088,Person,TRANSACTS_WITH,PER_000076,Person,2025-07-05 15:57:52,2025-07-05 15:57:52,1,2656.03,total_amount:2656.03
PER_000088,Person,TRANSACTS_WITH,PER_000085,Person,2025-12-12 05:49:28,2025-12-12 05:49:28,1,2533.88,total_amount:2533.88
PER_000089,Person,TRANSACTS_WITH,PER_000011,Person,2025-02-06 11:54:14,2025-02-06 11:54:14,1,3507.15,total_amount:3507.15
PER_000089,Person,TRANSACTS_WITH,PER_000014,Person,2025-11-20 06:56:01,2025-11-20 06:56:01,1,3633.34,total_amount:3633.34
PER_000089,Person,TRANSACTS_WITH,PER_000015,Person,2025-10-27 18:34:22,2025-10-27 18:34:22,1,4298.55,total_amount:4298.55
PER_000089,Person,TRANSACTS_WITH,PER_000022,Person,2025-07-09 12:44:55,2025-07-09 12:44:55,1,1516.79,total_amount:1516.79
PER_000089,Person,TRANSACTS_WITH,PER_000023,Person,2025-11-03 14:04:54,2025-11-03 14:04:54,1,3356.72,total_amount:3356.72
PER_000089,Person,TRANSACTS_WITH,PER_000072,Person,2025-08-21 15:34:06,2025-08-21 15:34:06,1,3961.41,total_amount:3961.41
PER_000089,Person,TRANSACTS_WITH,PER_000074,Person,2025-10-11 08:32:35,2025-10-11 08:32:35,1,4004.97,total_amount:4004.97
PER_000090,Person,TRANSACTS_WITH,PER_000012,Person,2025-07-29 16:31:41,2025-07-29 16:31:41,1,526.0,total_amount:526.0
PER_000090,Person,TRANSACTS_WITH,PER_000021,Person,2025-01-18 15:17:26,2025-01-18 15:17:26,1,2494.38,total_amount:2494.38
PER_000090,Person,TRANSACTS_WITH,PER_000024,Person,2025-01-17 21:42:52,2025-01-17 21:42:52,1,1030.56,total_amount:1030.56
PER_000090,Person,TRANSACTS_WITH,PER_000029,Person,2025-11-21 19:31:41,2025-11-21 19:31:41,1,484.03,total_amount:484.03
PER_000090,Person,TRANSACTS_WITH,PER_000033,Person,2025-12-24 15:46:16,2025-12-24 15:46:16,1,77.71,total_amount:77.71
PER_000090,Person,TRANSACTS_WITH,PER_000040,Person,2025-02-18 18:44:47,2025-02-18 18:44:47,1,4376.94,total_amount:4376.94
PER_000090,Person,TRANSACTS_WITH,PER_000045,Person,2025-08-23 15:54:00,2025-08-23 15:54:00,1,4261.75,total_amount:4261.75
PER_000090,Person,TRANSACTS_WITH,PER_000058,Person,2025-11-07 17:42:32,2025-11-07 17:42:32,1,2124.22,total_amount:2124.22
PER_000090,Person,TRANSACTS_WITH,PER_000068,Person,2025-11-21 14:22:43,2025-11-21 14:22:43,1,456.83,total_amount:456.83
PER_000090,Person,TRANSACTS_WITH,PER_000081,Person,2025-07-19 15:34:19,2025-07-19 15:34:19,1,2971.2,total_amount:2971.2
PER_000090,Person,TRANSACTS_WITH,PER_000083,Person,2025-11-04 10:31:19,2025-11-04 10:31:19,1,496.02,total_amount:496.02
PER_000091,Person,TRANSACTS_WITH,PER_000008,Person,2025-02-18 20:41:21,2025-02-18 20:41:21,1,3336.34,total_amount:3336.34
PER_000091,Person,TRANSACTS_WITH,PER_000014,Person,2025-04-07 16:29:19,2025-04-07 16:29:19,1,1210.2,total_amount:1210.2
PER_000091,Person,TRANSACTS_WITH,PER_000033,Person,2025-11-03 08:50:04,2025-11-03 08:50:04,1,3665.2,total_amount:3665.2
PER_000091,Person,TRANSACTS_WITH,PER_000062,Person,2025-12-18 11:43:07,2025-12-18 11:43:07,1,1341.63,total_amount:1341.63
PER_000091,Person,TRANSACTS_WITH,PER_000064,Person,2025-01-28 05:08:57,2025-07-28 07:50:07,2,4340.65,total_amount:4340.65
PER_000091,Person,TRANSACTS_WITH,PER_000082,Person,2025-07-31 21:01:00,2025-07-31 21:01:00,1,3837.85,total_amount:3837.85
PER_000092,Person,TRANSACTS_WITH,PER_000018,Person,2025-01-16 21:32:36,2025-01-16 21:32:36,1,4198.5,total_amount:4198.5
PER_000092,Person,TRANSACTS_WITH,PER_000020,Person,2025-08-15 21:55:12,2025-08-15 21:55:12,1,3364.4,total_amount:3364.4
PER_000092,Person,TRANSACTS_WITH,PER_000023,Person,2025-07-20 18:39:52,2025-07-20 18:39:52,1,443.47,total_amount:443.47
PER_000092,Person,TRANSACTS_WITH,PER_000039,Person,2025-12-08 14:24:04,2025-12-08 14:24:04,1,18.81,total_amount:18.81
PER_000092,Person,TRANSACTS_WITH,PER_000045,Person,2025-10-21 21:19:10,2025-10-21 21:19:10,1,1363.22,total_amount:1363.22
PER_000092,Person,TRANSACTS_WITH,PER_000051,Person,2025-08-08 20:19:26,2025-08-08 20:19:26,1,3298.48,total_amount:3298.48
PER_000092,Person,TRANSACTS_WITH,PER_000064,Person,2025-02-07 13:45:13,2025-02-07 13:45:13,1,4160.54,total_amount:4160.54
PER_000092,Person,TRANSACTS_WITH,PER_000097,Person,2025-04-05 15:10:58,2025-04-05 15:10:58,1,3114.41,total_amount:3114.41
PER_000092,Person,TRANSACTS_WITH,PER_000099,Person,2025-04-23 16:14:07,2025-04-23 16:14:07,1,812.01,total_amount:812.01
PER_000093,Person,TRANSACTS_WITH,PER_000004,Person,2025-02-26 17:55:18,2025-02-26 17:55:18,1,2459.86,total_amount:2459.86
PER_000093,Person,TRANSACTS_WITH,PER_000006,Person,2025-03-13 07:43:59,2025-10-07 17:25:30,2,981.04,total_amount:981.04
PER_000093,Person,TRANSACTS_WITH,PER_000007,Person,2025-01-25 10:20:24,2025-01-25 10:20:24,1,112711.77,total_amount:112711.77
PER_000093,Person,TRANSACTS_WITH,PER_000011,Person,2025-03-20 18:32:49,2025-03-20 18:32:49,1,117711.0,total_amount:117711.0
PER_000093,Person,TRANSACTS_WITH,PER_000013,Person,2025-09-15 12:03:03,2025-09-15 12:03:03,1,33115.36,total_amount:33115.36
PER_000093,Person,TRANSACTS_WITH,PER_000015,Person,2025-04-19 05:05:25,2025-05-07 15:12:53,2,5363.1,total_amount:5363.1
PER_000093,Person,TRANSACTS_WITH,PER_000016,Person,2025-05-04 08:41:38,2025-05-04 08:41:38,1,4446.95,total_amount:4446.95
PER_000093,Person,TRANSACTS_WITH,PER_000020,Person,2025-08-02 16:44:11,2025-09-14 15:29:16,2,6567.41,total_amount:6567.41
PER_000093,Person,TRANSACTS_WITH,PER_000025,Person,2025-05-18 09:38:39,2025-05-18 09:38:39,1,1183.94,total_amount:1183.94
PER_000093,Person,TRANSACTS_WITH,PER_000026,Person,2025-04-24 18:05:05,2025-09-05 13:32:50,3,8647.58,total_amount:8647.58
PER_000093,Person,TRANSACTS_WITH,PER_000027,Person,2025-04-07 12:35:43,2025-04-07 12:35:43,1,114938.28,total_amount:114938.28
PER_000093,Person,TRANSACTS_WITH,PER_000032,Person,2025-12-25 12:09:32,2025-12-25 12:09:32,1,3934.14,total_amount:3934.14
PER_000093,Person,TRANSACTS_WITH,PER_000033,Person,2025-07-27 03:56:09,2025-07-27 03:56:09,1,1213.22,total_amount:1213.22
PER_000093,Person,TRANSACTS_WITH,PER_000035,Person,2025-03-17 13:41:09,2025-12-22 19:01:50,3,125897.9,total_amount:125897.9
PER_000093,Person,TRANSACTS_WITH,PER_000037,Person,2025-01-29 06:42:47,2025-01-29 06:42:47,1,77193.43,total_amount:77193.43
PER_000093,Person,TRANSACTS_WITH,PER_000046,Person,2025-12-25 13:36:56,2025-12-25 13:36:56,1,1434.18,total_amount:1434.18
PER_000093,Person,TRANSACTS_WITH,PER_000047,Person,2025-06-12 14:10:13,2025-06-12 14:10:13,1,3066.04,total_amount:3066.04
PER_000093,Person,TRANSACTS_WITH,PER_000048,Person,2025-09-25 15:20:39,2025-09-25 15:20:39,1,1680.07,total_amount:1680.07
PER_000093,Person,TRANSACTS_WITH,PER_000052,Person,2025-01-30 17:31:24,2025-01-30 17:31:24,1,808.16,total_amount:808.16
PER_000093,Person,TRANSACTS_WITH,PER_000053,Person,2025-03-28 13:07:18,2025-03-28 13:07:18,1,2088.8,total_amount:2088.8
PER_000093,Person,TRANSACTS_WITH,PER_000054,Person,2025-10-10 09:41:26,2025-10-10 09:41:26,1,1499.4,total_amount:1499.4
PER_000093,Person,TRANSACTS_WITH,PER_000055,Person,2025-11-04 15:11:43,2025-11-04 15:11:43,1,2254.14,total_amount:2254.14
PER_000093,Person,TRANSACTS_WITH,PER_000057,Person,2025-03-13 20:07:54,2025-10-05 08:23:02,2,148967.1,total_amount:148967.1
PER_000093,Person,TRANSACTS_WITH,PER_000060,Person,2025-03-23 10:01:49,2025-03-23 10:01:49,1,2445.58,total_amount:2445.58
PER_000093,Person,TRANSACTS_WITH,PER_000061,Person,2025-07-31 16:48:05,2025-07-31 16:48:05,1,71075.18,total_amount:71075.18
PER_000093,Person,TRANSACTS_WITH,PER_000062,Person,2025-01-21 12:07:28,2025-01-21 12:07:28,1,1674.87,total_amount:1674.87
PER_000093,Person,TRANSACTS_WITH,PER_000063,Person,2025-08-24 09:13:31,2025-08-24 09:13:31,1,1598.56,total_amount:1598.56
PER_000093,Person,TRANSACTS_WITH,PER_000065,Person,2025-10-05 16:38:04,2025-10-05 16:38:04,1,1255.27,total_amount:1255.27
PER_000093,Person,TRANSACTS_WITH,PER_000068,Person,2025-04-06 16:02:37,2025-04-06 16:02:37,1,131580.93,total_amount:131580.93
PER_000093,Person,TRANSACTS_WITH,PER_000071,Person,2025-07-31 03:51:55,2025-07-31 03:51:55,1,2093.21,total_amount:2093.21
PER_000093,Person,TRANSACTS_WITH,PER_000076,Person,2025-02-14 05:05:37,2025-02-14 05:05:37,1,3034.7,total_amount:3034.7
PER_000093,Person,TRANSACTS_WITH,PER_000077,Person,2025-10-12 15:13:24,2025-10-12 15:13:24,1,3320.72,total_amount:3320.72
PER_000093,Person,TRANSACTS_WITH,PER_000082,Person,2025-03-18 10:01:12,2025-10-31 15:29:13,2,3571.8,total_amount:3571.8
PER_000093,Person,TRANSACTS_WITH,PER_000083,Person,2025-06-25 03:49:09,2025-10-11 16:04:17,2,73672.58,total_amount:73672.58
PER_000093,Person,TRANSACTS_WITH,PER_000084,Person,2025-01-02 15:30:26,2025-07-11 18:30:29,3,65301.42,total_amount:65301.42
PER_000093,Person,TRANSACTS_WITH,PER_000085,Person,2025-07-10 06:36:24,2025-07-10 06:36:24,1,84436.99,total_amount:84436.99
PER_000093,Person,TRANSACTS_WITH,PER_000087,Person,2025-03-01 11:39:28,2025-06-27 17:29:07,2,2481.88,total_amount:2481.88
PER_000093,Person,TRANSACTS_WITH,PER_000089,Person,2025-03-13 16:20:08,2025-03-13 16:20:08,1,387.0,total_amount:387.0
PER_000093,Person,TRANSACTS_WITH,PER_000092,Person,2025-10-28 11:12:32,2025-10-28 11:12:32,1,2373.47,total_amount:2373.47
PER_000093,Person,TRANSACTS_WITH,PER_000094,Person,2025-08-05 13:30:53,2025-08-05 13:30:53,1,1322.28,total_amount:1322.28
PER_000093,Person,TRANSACTS_WITH,PER_000098,Person,2025-08-22 14:44:43,2025-08-22 14:44:43,1,3833.12,total_amount:3833.12
PER_000093,Person,TRANSACTS_WITH,PER_000099,Person,2025-03-24 07:22:03,2025-03-24 07:22:03,1,4440.55,total_amount:4440.55
PER_000094,Person,TRANSACTS_WITH,PER_000011,Person,2025-09-08 17:59:38,2025-09-08 17:59:38,1,2436.6,total_amount:2436.6
PER_000094,Person,TRANSACTS_WITH,PER_000017,Person,2025-03-16 15:05:20,2025-03-16 15:05:20,1,2713.82,total_amount:2713.82
PER_000094,Person,TRANSACTS_WITH,PER_000027,Person,2025-08-17 09:00:16,2025-08-17 09:00:16,1,230.94,total_amount:230.94
PER_000094,Person,TRANSACTS_WITH,PER_000036,Person,2025-07-14 00:04:35,2025-07-14 00:04:35,1,4053.14,total_amount:4053.14
PER_000094,Person,TRANSACTS_WITH,PER_000063,Person,2025-11-04 04:41:32,2025-11-04 04:41:32,1,648.37,total_amount:648.37
PER_000094,Person,TRANSACTS_WITH,PER_000088,Person,2025-01-28 21:23:15,2025-01-28 21:23:15,1,2506.84,total_amount:2506.84
PER_000094,Person,TRANSACTS_WITH,PER_000092,Person,2025-06-20 12:12:34,2025-06-20 12:12:34,1,2298.03,total_amount:2298.03
PER_000094,Person,TRANSACTS_WITH,PER_000097,Person,2025-05-26 13:16:30,2025-12-17 20:50:18,2,7219.4,total_amount:7219.4
PER_000095,Person,TRANSACTS_WITH,PER_000036,Person,2025-12-21 15:38:50,2025-12-21 15:38:50,1,4465.17,total_amount:4465.17
PER_000095,Person,TRANSACTS_WITH,PER_000045,Person,2025-05-13 07:19:06,2025-05-13 07:19:06,1,2382.71,total_amount:2382.71
PER_000095,Person,TRANSACTS_WITH,PER_000052,Person,2025-07-09 13:28:41,2025-07-09 13:28:41,1,3242.3,total_amount:3242.3
PER_000095,Person,TRANSACTS_WITH,PER_000057,Person,2025-12-06 07:35:38,2025-12-06 07:35:38,1,3734.36,total_amount:3734.36
PER_000095,Person,TRANSACTS_WITH,PER_000074,Person,2025-04-09 22:02:32,2025-04-09 22:02:32,1,3875.67,total_amount:3875.67
PER_000095,Person,TRANSACTS_WITH,PER_000084,Person,2025-02-08 17:17:26,2025-02-08 17:17:26,1,4186.61,total_amount:4186.61
PER_000095,Person,TRANSACTS_WITH,PER_000093,Person,2025-03-27 17:02:32,2025-03-27 17:02:32,1,501.77,total_amount:501.77
PER_000096,Person,TRANSACTS_WITH,PER_000012,Person,2025-08-01 19:12:13,2025-08-01 19:12:13,1,1810.38,total_amount:1810.38
PER_000096,Person,TRANSACTS_WITH,PER_000027,Person,2025-10-24 18:01:09,2025-10-24 18:01:09,1,3414.15,total_amount:3414.15
PER_000096,Person,TRANSACTS_WITH,PER_000053,Person,2025-06-13 19:29:30,2025-06-13 19:29:30,1,88.8,total_amount:88.8
PER_000096,Person,TRANSACTS_WITH,PER_000081,Person,2025-10-16 09:16:03,2025-10-16 09:16:03,1,137.43,total_amount:137.43
PER_000096,Person,TRANSACTS_WITH,PER_000086,Person,2025-12-08 14:26:24,2025-12-08 14:26:24,1,3852.24,total_amount:3852.24
PER_000096,Person,TRANSACTS_WITH,PER_000087,Person,2025-10-11 08:09:17,2025-10-11 08:09:17,1,3161.97,total_amount:3161.97
PER_000096,Person,TRANSACTS_WITH,PER_000088,Person,2025-03-06 14:55:00,2025-03-06 14:55:00,1,2045.11,total_amount:2045.11
PER_000096,Person,TRANSACTS_WITH,PER_000100,Person,2025-12-26 16:15:57,2025-12-26 16:15:57,1,263.3,total_amount:263.3
PER_000097,Person,TRANSACTS_WITH,PER_000002,Person,2025-10-25 15:50:20,2025-10-25 15:50:20,1,3114.27,total_amount:3114.27
PER_000097,Person,TRANSACTS_WITH,PER_000011,Person,2025-07-18 03:39:24,2025-07-18 03:39:24,1,177.93,total_amount:177.93
PER_000097,Person,TRANSACTS_WITH,PER_000055,Person,2025-08-16 10:59:23,2025-08-16 10:59:23,1,2072.34,total_amount:2072.34
PER_000097,Person,TRANSACTS_WITH,PER_000079,Person,2025-11-26 11:24:57,2025-11-26 11:24:57,1,1699.7,total_amount:1699.7
PER_000097,Person,TRANSACTS_WITH,PER_000082,Person,2025-11-06 10:48:24,2025-11-06 10:48:24,1,2782.28,total_amount:2782.28
PER_000097,Person,TRANSACTS_WITH,PER_000091,Person,2025-07-26 15:52:04,2025-07-26 15:52:04,1,365.02,total_amount:365.02
PER_000098,Person,TRANSACTS_WITH,PER_000004,Person,2025-12-10 14:45:07,2025-12-10 14:45:07,1,993.24,total_amount:993.24
PER_000098,Person,TRANSACTS_WITH,PER_000044,Person,2025-09-06 10:30:48,2025-09-06 10:30:48,1,1712.28,total_amount:1712.28
PER_000098,Person,TRANSACTS_WITH,PER_000046,Person,2025-12-15 15:58:45,2025-12-15 15:58:45,1,4353.32,total_amount:4353.32
PER_000098,Person,TRANSACTS_WITH,PER_000047,Person,2025-01-22 04:59:33,2025-01-22 04:59:33,1,81.9,total_amount:81.9
PER_000098,Person,TRANSACTS_WITH,PER_000077,Person,2025-06-06 10:25:42,2025-06-06 10:25:42,1,4065.93,total_amount:4065.93
PER_000099,Person,TRANSACTS_WITH,PER_000004,Person,2025-05-01 18:58:54,2025-05-01 18:58:54,1,2981.57,total_amount:2981.57
PER_000099,Person,TRANSACTS_WITH,PER_000006,Person,2025-05-01 12:24:25,2025-05-01 12:24:25,1,4432.56,total_amount:4432.56
PER_000099,Person,TRANSACTS_WITH,PER_000007,Person,2025-05-01 01:05:48,2025-05-01 01:05:48,1,2693.36,total_amount:2693.36
PER_000099,Person,TRANSACTS_WITH,PER_000009,Person,2025-05-01 05:16:22,2025-05-01 05:16:22,1,459.1,total_amount:459.1
PER_000099,Person,TRANSACTS_WITH,PER_000010,Person,2025-05-01 04:32:49,2025-05-01 04:32:49,1,4069.61,total_amount:4069.61
PER_000099,Person,TRANSACTS_WITH,PER_000011,Person,2025-05-01 13:12:33,2025-05-01 13:12:33,1,1830.47,total_amount:1830.47
PER_000099,Person,TRANSACTS_WITH,PER_000016,Person,2025-05-01 11:36:54,2025-05-01 11:36:54,1,3901.82,total_amount:3901.82
PER_000099,Person,TRANSACTS_WITH,PER_000017,Person,2025-05-01 08:03:12,2025-05-01 20:48:17,2,5057.47,total_amount:5057.47
PER_000099,Person,TRANSACTS_WITH,PER_000021,Person,2025-05-01 09:16:22,2025-05-01 09:16:22,1,3805.18,total_amount:3805.18
PER_000099,Person,TRANSACTS_WITH,PER_000023,Person,2025-05-01 09:53:38,2025-05-01 09:53:38,1,2751.89,total_amount:2751.89
PER_000099,Person,TRANSACTS_WITH,PER_000025,Person,2025-05-01 04:26:10,2025-05-01 16:17:26,2,6167.81,total_amount:6167.81
PER_000099,Person,TRANSACTS_WITH,PER_000033,Person,2025-05-01 12:55:14,2025-05-01 12:55:14,1,1860.08,total_amount:1860.08
PER_000099,Person,TRANSACTS_WITH,PER_000034,Person,2025-05-01 05:26:31,2025-05-01 05:26:31,1,3737.39,total_amount:3737.39
PER_000099,Person,TRANSACTS_WITH,PER_000040,Person,2025-05-01 17:13:55,2025-05-01 17:13:55,1,1081.8,total_amount:1081.8
PER_000099,Person,TRANSACTS_WITH,PER_000042,Person,2025-05-01 08:43:06,2025-05-01 14:17:09,2,4848.61,total_amount:4848.61
PER_000099,Person,TRANSACTS_WITH,PER_000044,Person,2025-05-01 10:39:05,2025-05-01 10:39:05,1,2636.93,total_amount:2636.93
PER_000099,Person,TRANSACTS_WITH,PER_000045,Person,2025-05-01 08:47:20,2025-05-01 08:47:20,1,1533.49,total_amount:1533.49
PER_000099,Person,TRANSACTS_WITH,PER_000047,Person,2025-05-01 02:06:46,2025-05-01 02:06:46,1,2840.57,total_amount:2840.57
PER_000099,Person,TRANSACTS_WITH,PER_000050,Person,2025-05-01 16:40:41,2025-05-01 16:40:41,1,2720.44,total_amount:2720.44
PER_000099,Person,TRANSACTS_WITH,PER_000053,Person,2025-05-01 14:35:51,2025-05-01 14:35:51,1,2033.66,total_amount:2033.66
PER_000099,Person,TRANSACTS_WITH,PER_000054,Person,2025-05-01 08:12:35,2025-05-01 08:12:35,1,1477.47,total_amount:1477.47
PER_000099,Person,TRANSACTS_WITH,PER_000058,Person,2025-05-01 02:22:07,2025-05-01 02:22:07,1,1224.69,total_amount:1224.69
PER_000099,Person,TRANSACTS_WITH,PER_000060,Person,2025-05-01 01:01:02,2025-05-01 01:01:02,1,2111.83,total_amount:2111.83
PER_000099,Person,TRANSACTS_WITH,PER_000061,Person,2025-05-01 23:02:34,2025-05-01 23:02:34,1,2652.13,total_amount:2652.13
PER_000099,Person,TRANSACTS_WITH,PER_000062,Person,2025-05-01 06:53:34,2025-05-01 06:53:34,1,127.19,total_amount:127.19
PER_000099,Person,TRANSACTS_WITH,PER_000065,Person,2025-05-01 17:37:42,2025-05-01 17:37:42,1,2163.8,total_amount:2163.8
PER_000099,Person,TRANSACTS_WITH,PER_000069,Person,2025-05-01 18:01:09,2025-05-01 23:26:39,2,7407.98,total_amount:7407.98
PER_000099,Person,TRANSACTS_WITH,PER_000072,Person,2025-05-01 08:57:40,2025-05-01 15:44:32,2,3766.72,total_amount:3766.72
PER_000099,Person,TRANSACTS_WITH,PER_000073,Person,2025-05-01 07:36:00,2025-05-01 07:36:00,1,4201.8,total_amount:4201.8
PER_000099,Person,TRANSACTS_WITH,PER_000075,Person,2025-05-01 09:58:21,2025-05-01 09:58:21,1,2273.12,total_amount:2273.12
PER_000099,Person,TRANSACTS_WITH,PER_000077,Person,2025-05-01 06:24:20,2025-05-01 13:15:34,2,4778.63,total_amount:4778.63
PER_000099,Person,TRANSACTS_WITH,PER_000079,Person,2025-05-01 21:55:38,2025-05-01 21:55:38,1,3575.93,total_amount:3575.93
PER_000099,Person,TRANSACTS_WITH,PER_000082,Person,2025-05-01 18:36:25,2025-05-01 18:36:25,1,1150.54,total_amount:1150.54
PER_000099,Person,TRANSACTS_WITH,PER_000084,Person,2025-05-01 05:40:48,2025-05-01 05:40:48,1,1978.38,total_amount:1978.38
PER_000099,Person,TRANSACTS_WITH,PER_000086,Person,2025-05-01 09:53:15,2025-05-01 19:53:31,2,3703.37,total_amount:3703.37
PER_000099,Person,TRANSACTS_WITH,PER_000090,Person,2025-05-01 07:06:11,2025-05-01 07:06:11,1,2067.03,total_amount:2067.03
PER_000099,Person,TRANSACTS_WITH,PER_000091,Person,2025-05-01 06:56:27,2025-05-01 06:56:27,1,3527.33,total_amount:3527.33
PER_000099,Person,TRANSACTS_WITH,PER_000094,Person,2025-05-01 05:22:21,2025-05-01 05:22:21,1,2750.79,total_amount:2750.79
PER_000099,Person,TRANSACTS_WITH,PER_000095,Person,2025-05-01 00:56:25,2025-05-01 00:56:25,1,4370.35,total_amount:4370.35
PER_000099,Person,TRANSACTS_WITH,PER_000097,Person,2025-05-01 09:24:12,2025-05-01 09:24:12,1,4004.25,total_amount:4004.25
PER_000100,Person,TRANSACTS_WITH,PER_000009,Person,2025-07-02 18:52:39,2025-07-02 18:52:39,1,254.38,total_amount:254.38
PER_000100,Person,TRANSACTS_WITH,PER_000028,Person,2025-10-25 12:56:54,2025-10-25 12:56:54,1,2142.78,total_amount:2142.78
PER_000100,Person,TRANSACTS_WITH,PER_000034,Person,2025-06-22 15:28:15,2025-06-22 15:28:15,1,1724.45,total_amount:1724.45
PER_000100,Person,TRANSACTS_WITH,PER_000056,Person,2025-12-28 03:10:31,2025-12-28 03:10:31,1,2975.45,total_amount:2975.45
PER_000100,Person,TRANSACTS_WITH,PER_000057,Person,2025-06-03 09:41:02,2025-06-03 09:41:02,1,2560.47,total_amount:2560.47
PER_000100,Person,TRANSACTS_WITH,PER_000062,Person,2025-05-24 06:37:14,2025-05-24 06:37:14,1,4014.11,total_amount:4014.11
PER_000100,Person,TRANSACTS_WITH,PER_000065,Person,2025-01-18 12:56:14,2025-01-18 12:56:14,1,837.1,total_amount:837.1
PER_000100,Person,TRANSACTS_WITH,PER_000070,Person,2025-07-22 19:20:04,2025-07-22 19:20:04,1,214.96,total_amount:214.96
PER_000001,Person,AFFILIATED_WITH,ORG_000001,Organization,2025-01-01,2025-12-31,1,1.0,
PER_000002,Person,AFFILIATED_WITH,ORG_000002,Organization,2025-01-01,2025-12-31,1,1.0,
PER_000003,Person,AFFILIATED_WITH,ORG_000003,Organization,2025-01-01,2025-12-31,1,1.0,
PER_000004,Person,AFFILIATED_WITH,ORG_000004,Organization,2025-01-01,2025-12-31,1,1.0,
PER_000005,Person,AFFILIATED_WITH,ORG_000005,Organization,2025-01-01,2025-12-31,1,1.0,
PER_000006,Person,AFFILIATED_WITH,ORG_000006,Organization,2025-01-01,2025-12-31,1,1.0,
PER_000007,Person,AFFILIATED_WITH,ORG_000007,Organization,2025-01-01,2025-12-31,1,1.0,
PER_000008,Person,AFFILIATED_WITH,ORG_000008,Organization,2025-01-01,2025-12-31,1,1.0,
PER_000009,Person,AFFILIATED_WITH,ORG_000009,Organization,2025-01-01,2025-12-31,1,1.0,
PER_000010,Person,AFFILIATED_WITH,ORG_000010,Organization,2025-01-01,2025-12-31,1,1.0,
PER_000011,Person,AFFILIATED_WITH,ORG_000011,Organization,2025-01-01,2025-12-31,1,1.0,
PER_000012,Person,AFFILIATED_WITH,ORG_000012,Organization,2025-01-01,2025-12-31,1,1.0,
PER_000013,Person,AFFILIATED_WITH,ORG_000013,Organization,2025-01-01,2025-12-31,1,1.0,
PER_000014,Person,AFFILIATED_WITH,ORG_000014,Organization,2025-01-01,2025-12-31,1,1.0,
PER_000015,Person,AFFILIATED_WITH,ORG_000015,Organization,2025-01-01,2025-12-31,1,1.0,
PER_000016,Person,AFFILIATED_WITH,ORG_000016,Organization,2025-01-01,2025-12-31,1,1.0,
PER_000017,Person,AFFILIATED_WITH,ORG_000017,Organization,2025-01-01,2025-12-31,1,1.0,
PER_000018,Person,AFFILIATED_WITH,ORG_000018,Organization,2025-01-01,2025-12-31,1,1.0,
PER_000019,Person,AFFILIATED_WITH,ORG_000019,Organization,2025-01-01,2025-12-31,1,1.0,
PER_000020,Person,AFFILIATED_WITH,ORG_000020,Organization,2025-01-01,2025-12-31,1,1.0,
PER_000021,Person,AFFILIATED_WITH,ORG_000001,Organization,2025-01-01,2025-12-31,1,1.0,
PER_000022,Person,AFFILIATED_WITH,ORG_000002,Organization,2025-01-01,2025-12-31,1,1.0,
PER_000023,Person,AFFILIATED_WITH,ORG_000003,Organization,2025-01-01,2025-12-31,1,1.0,
PER_000024,Person,AFFILIATED_WITH,ORG_000004,Organization,2025-01-01,2025-12-31,1,1.0,
PER_000025,Person,AFFILIATED_WITH,ORG_000005,Organization,2025-01-01,2025-12-31,1,1.0,
PER_000026,Person,AFFILIATED_WITH,ORG_000006,Organization,2025-01-01,2025-12-31,1,1.0,
PER_000027,Person,AFFILIATED_WITH,ORG_000007,Organization,2025-01-01,2025-12-31,1,1.0,
PER_000028,Person,AFFILIATED_WITH,ORG_000008,Organization,2025-01-01,2025-12-31,1,1.0,
PER_000029,Person,AFFILIATED_WITH,ORG_000009,Organization,2025-01-01,2025-12-31,1,1.0,
PER_000030,Person,AFFILIATED_WITH,ORG_000010,Organization,2025-01-01,2025-12-31,1,1.0,
PER_000031,Person,AFFILIATED_WITH,ORG_000011,Organization,2025-01-01,2025-12-31,1,1.0,
PER_000032,Person,AFFILIATED_WITH,ORG_000012,Organization,2025-01-01,2025-12-31,1,1.0,
PER_000033,Person,AFFILIATED_WITH,ORG_000013,Organization,2025-01-01,2025-12-31,1,1.0,
PER_000034,Person,AFFILIATED_WITH,ORG_000014,Organization,2025-01-01,2025-12-31,1,1.0,
PER_000035,Person,AFFILIATED_WITH,ORG_000015,Organization,2025-01-01,2025-12-31,1,1.0,
PER_000036,Person,AFFILIATED_WITH,ORG_000016,Organization,2025-01-01,2025-12-31,1,1.0,
PER_000037,Person,AFFILIATED_WITH,ORG_000017,Organization,2025-01-01,2025-12-31,1,1.0,
PER_000038,Person,AFFILIATED_WITH,ORG_000018,Organization,2025-01-01,2025-12-31,1,1.0,
PER_000039,Person,AFFILIATED_WITH,ORG_000019,Organization,2025-01-01,2025-12-31,1,1.0,
PER_000040,Person,AFFILIATED_WITH,ORG_000020,Organization,2025-01-01,2025-12-31,1,1.0,
PER_000041,Person,AFFILIATED_WITH,ORG_000001,Organization,2025-01-01,2025-12-31,1,1.0,
PER_000042,Person,AFFILIATED_WITH,ORG_000002,Organization,2025-01-01,2025-12-31,1,1.0,
PER_000043,Person,AFFILIATED_WITH,ORG_000003,Organization,2025-01-01,2025-12-31,1,1.0,
PER_000044,Person,AFFILIATED_WITH,ORG_000004,Organization,2025-01-01,2025-12-31,1,1.0,
PER_000045,Person,AFFILIATED_WITH,ORG_000005,Organization,2025-01-01,2025-12-31,1,1.0,
PER_000046,Person,AFFILIATED_WITH,ORG_000006,Organization,2025-01-01,2025-12-31,1,1.0,
PER_000047,Person,AFFILIATED_WITH,ORG_000007,Organization,2025-01-01,2025-12-31,1,1.0,
PER_000048,Person,AFFILIATED_WITH,ORG_000008,Organization,2025-01-01,2025-12-31,1,1.0,
PER_000049,Person,AFFILIATED_WITH,ORG_000009,Organization,2025-01-01,2025-12-31,1,1.0,
PER_000050,Person,AFFILIATED_WITH,ORG_000010,Organization,2025-01-01,2025-12-31,1,1.0,
PER_000051,Person,AFFILIATED_WITH,ORG_000011,Organization,2025-01-01,2025-12-31,1,1.0,
PER_000052,Person,AFFILIATED_WITH,ORG_000012,Organization,2025-01-01,2025-12-31,1,1.0,
PER_000053,Person,AFFILIATED_WITH,ORG_000013,Organization,2025-01-01,2025-12-31,1,1.0,
PER_000054,Person,AFFILIATED_WITH,ORG_000014,Organization,2025-01-01,2025-12-31,1,1.0,
PER_000055,Person,AFFILIATED_WITH,ORG_000015,Organization,2025-01-01,2025-12-31,1,1.0,
PER_000056,Person,AFFILIATED_WITH,ORG_000016,Organization,2025-01-01,2025-12-31,1,1.0,
PER_000057,Person,AFFILIATED_WITH,ORG_000017,Organization,2025-01-01,2025-12-31,1,1.0,
PER_000058,Person,AFFILIATED_WITH,ORG_000018,Organization,2025-01-01,2025-12-31,1,1.0,
PER_000059,Person,AFFILIATED_WITH,ORG_000019,Organization,2025-01-01,2025-12-31,1,1.0,
PER_000060,Person,AFFILIATED_WITH,ORG_000020,Organization,2025-01-01,2025-12-31,1,1.0,
PER_000061,Person,AFFILIATED_WITH,ORG_000001,Organization,2025-01-01,2025-12-31,1,1.0,
PER_000062,Person,AFFILIATED_WITH,ORG_000002,Organization,2025-01-01,2025-12-31,1,1.0,
PER_000063,Person,AFFILIATED_WITH,ORG_000003,Organization,2025-01-01,2025-12-31,1,1.0,
PER_000064,Person,AFFILIATED_WITH,ORG_000004,Organization,2025-01-01,2025-12-31,1,1.0,
PER_000065,Person,AFFILIATED_WITH,ORG_000005,Organization,2025-01-01,2025-12-31,1,1.0,
PER_000066,Person,AFFILIATED_WITH,ORG_000006,Organization,2025-01-01,2025-12-31,1,1.0,
PER_000067,Person,AFFILIATED_WITH,ORG_000007,Organization,2025-01-01,2025-12-31,1,1.0,
PER_000068,Person,AFFILIATED_WITH,ORG_000008,Organization,2025-01-01,2025-12-31,1,1.0,
PER_000069,Person,AFFILIATED_WITH,ORG_000009,Organization,2025-01-01,2025-12-31,1,1.0,
PER_000070,Person,AFFILIATED_WITH,ORG_000010,Organization,2025-01-01,2025-12-31,1,1.0,
PER_000071,Person,AFFILIATED_WITH,ORG_000011,Organization,2025-01-01,2025-12-31,1,1.0,
PER_000072,Person,AFFILIATED_WITH,ORG_000012,Organization,2025-01-01,2025-12-31,1,1.0,
PER_000073,Person,AFFILIATED_WITH,ORG_000013,Organization,2025-01-01,2025-12-31,1,1.0,
PER_000074,Person,AFFILIATED_WITH,ORG_000014,Organization,2025-01-01,2025-12-31,1,1.0,
PER_000075,Person,AFFILIATED_WITH,ORG_000015,Organization,2025-01-01,2025-12-31,1,1.0,
PER_000076,Person,AFFILIATED_WITH,ORG_000016,Organization,2025-01-01,2025-12-31,1,1.0,
PER_000077,Person,AFFILIATED_WITH,ORG_000017,Organization,2025-01-01,2025-12-31,1,1.0,
PER_000078,Person,AFFILIATED_WITH,ORG_000018,Organization,2025-01-01,2025-12-31,1,1.0,
PER_000079,Person,AFFILIATED_WITH,ORG_000019,Organization,2025-01-01,2025-12-31,1,1.0,
PER_000080,Person,AFFILIATED_WITH,ORG_000020,Organization,2025-01-01,2025-12-31,1,1.0,
PER_000081,Person,AFFILIATED_WITH,ORG_000001,Organization,2025-01-01,2025-12-31,1,1.0,
PER_000082,Person,AFFILIATED_WITH,ORG_000002,Organization,2025-01-01,2025-12-31,1,1.0,
PER_000083,Person,AFFILIATED_WITH,ORG_000003,Organization,2025-01-01,2025-12-31,1,1.0,
PER_000084,Person,AFFILIATED_WITH,ORG_000004,Organization,2025-01-01,2025-12-31,1,1.0,
PER_000085,Person,AFFILIATED_WITH,ORG_000005,Organization,2025-01-01,2025-12-31,1,1.0,
PER_000086,Person,AFFILIATED_WITH,ORG_000006,Organization,2025-01-01,2025-12-31,1,1.0,
PER_000087,Person,AFFILIATED_WITH,ORG_000007,Organization,2025-01-01,2025-12-31,1,1.0,
PER_000088,Person,AFFILIATED_WITH,ORG_000008,Organization,2025-01-01,2025-12-31,1,1.0,
PER_000089,Person,AFFILIATED_WITH,ORG_000009,Organization,2025-01-01,2025-12-31,1,1.0,
PER_000090,Person,AFFILIATED_WITH,ORG_000010,Organization,2025-01-01,2025-12-31,1,1.0,
PER_000091,Person,AFFILIATED_WITH,ORG_000011,Organization,2025-01-01,2025-12-31,1,1.0,
PER_000092,Person,AFFILIATED_WITH,ORG_000012,Organization,2025-01-01,2025-12-31,1,1.0,
PER_000093,Person,AFFILIATED_WITH,ORG_000013,Organization,2025-01-01,2025-12-31,1,1.0,
PER_000094,Person,AFFILIATED_WITH,ORG_000014,Organization,2025-01-01,2025-12-31,1,1.0,
PER_000095,Person,AFFILIATED_WITH,ORG_000015,Organization,2025-01-01,2025-12-31,1,1.0,
PER_000096,Person,AFFILIATED_WITH,ORG_000016,Organization,2025-01-01,2025-12-31,1,1.0,
PER_000097,Person,AFFILIATED_WITH,ORG_000017,Organization,2025-01-01,2025-12-31,1,1.0,
PER_000098,Person,AFFILIATED_WITH,ORG_000018,Organization,2025-01-01,2025-12-31,1,1.0,
PER_000099,Person,AFFILIATED_WITH,ORG_000019,Organization,2025-01-01,2025-12-31,1,1.0,
PER_000100,Person,AFFILIATED_WITH,ORG_000020,Organization,2025-01-01,2025-12-31,1,1.0,
PER_000001,Person,LINKED_TO,CASE_000001,Case,2025-02-08,2025-12-31,1,1.0,status:closed
PER_000002,Person,LINKED_TO,CASE_000002,Case,2025-06-23,2025-12-31,1,1.0,status:under_review
PER_000003,Person,LINKED_TO,CASE_000003,Case,2025-07-23,2025-12-31,1,1.0,status:open
PER_000004,Person,LINKED_TO,CASE_000004,Case,2025-06-18,2025-12-31,1,1.0,status:under_review
PER_000005,Person,LINKED_TO,CASE_000005,Case,2025-07-14,2025-12-31,1,1.0,status:under_review
PER_000006,Person,LINKED_TO,CASE_000006,Case,2025-09-07,2025-12-31,1,1.0,status:open
PER_000007,Person,LINKED_TO,CASE_000007,Case,2025-11-13,2025-12-31,1,1.0,status:open
PER_000008,Person,LINKED_TO,CASE_000008,Case,2025-11-20,2025-12-31,1,1.0,status:closed
PER_000009,Person,LINKED_TO,CASE_000009,Case,2025-04-27,2025-12-31,1,1.0,status:open
PER_000010,Person,LINKED_TO,CASE_000010,Case,2025-08-11,2025-12-31,1,1.0,status:under_review
PER_000011,Person,LINKED_TO,CASE_000011,Case,2025-12-27,2025-12-31,1,1.0,status:closed
PER_000012,Person,LINKED_TO,CASE_000012,Case,2025-03-27,2025-12-31,1,1.0,status:closed
PER_000013,Person,LINKED_TO,CASE_000013,Case,2025-01-15,2025-12-31,1,1.0,status:closed
PER_000014,Person,LINKED_TO,CASE_000014,Case,2025-01-29,2025-12-31,1,1.0,status:closed
PER_000015,Person,LINKED_TO,CASE_000015,Case,2025-07-11,2025-12-31,1,1.0,status:open
PER_000016,Person,LINKED_TO,CASE_000016,Case,2025-05-06,2025-12-31,1,1.0,status:closed
PER_000017,Person,LINKED_TO,CASE_000017,Case,2025-10-17,2025-12-31,1,1.0,status:open
PER_000018,Person,LINKED_TO,CASE_000018,Case,2025-03-29,2025-12-31,1,1.0,status:open
PER_000019,Person,LINKED_TO,CASE_000019,Case,2025-11-09,2025-12-31,1,1.0,status:under_review
PER_000020,Person,LINKED_TO,CASE_000020,Case,2025-12-16,2025-12-31,1,1.0,status:closed
